ISO-10303-21;
HEADER;
FILE_DESCRIPTION(('Open CASCADE Model'),'2;1');
FILE_NAME('Open CASCADE Shape Model','2026-08-05T11:25:12',('Author'),(
    'Open CASCADE'),'Open CASCADE STEP processor 7.9','Open CASCADE 7.9'
  ,'Unknown');
FILE_SCHEMA(('AUTOMOTIVE_DESIGN { 1 0 10303 214 1 1 1 1 }'));
ENDSEC;
DATA;
#1 = APPLICATION_PROTOCOL_DEFINITION('international standard',
  'automotive_design',2000,#2);
#2 = APPLICATION_CONTEXT(
  'core data for automotive mechanical design processes');
#3 = SHAPE_DEFINITION_REPRESENTATION(#4,#10);
#4 = PRODUCT_DEFINITION_SHAPE('','',#5);
#5 = PRODUCT_DEFINITION('design','',#6,#9);
#6 = PRODUCT_DEFINITION_FORMATION('','',#7);
#7 = PRODUCT('Open CASCADE STEP translator 7.9 1',
  'Open CASCADE STEP translator 7.9 1','',(#8));
#8 = PRODUCT_CONTEXT('',#2,'mechanical');
#9 = PRODUCT_DEFINITION_CONTEXT('part definition',#2,'design');
#10 = ADVANCED_BREP_SHAPE_REPRESENTATION('',(#11,#15),#2187);
#11 = AXIS2_PLACEMENT_3D('',#12,#13,#14);
#12 = CARTESIAN_POINT('',(0.,0.,0.));
#13 = DIRECTION('',(0.,0.,1.));
#14 = DIRECTION('',(1.,0.,-0.));
#15 = MANIFOLD_SOLID_BREP('',#16);
#16 = CLOSED_SHELL('',(#17,#470,#634,#827,#972,#1029,#1078,#1187,#1519,
    #1592,#1620,#1672,#1699,#1735,#1790,#1845,#2027,#2062,#2091,#2126,
    #2160));
#17 = ADVANCED_FACE('',(#18),#32,.T.);
#18 = FACE_BOUND('',#19,.T.);
#19 = EDGE_LOOP('',(#20,#55,#313,#363,#386,#415,#443));
#20 = ORIENTED_EDGE('',*,*,#21,.T.);
#21 = EDGE_CURVE('',#22,#24,#26,.T.);
#22 = VERTEX_POINT('',#23);
#23 = CARTESIAN_POINT('',(-15.,25.,56.));
#24 = VERTEX_POINT('',#25);
#25 = CARTESIAN_POINT('',(-4.908156476723,25.,56.));
#26 = SURFACE_CURVE('',#27,(#31,#43),.PCURVE_S1.);
#27 = LINE('',#28,#29);
#28 = CARTESIAN_POINT('',(-15.,25.,56.));
#29 = VECTOR('',#30,1.);
#30 = DIRECTION('',(1.,0.,0.));
#31 = PCURVE('',#32,#37);
#32 = CYLINDRICAL_SURFACE('',#33,10.);
#33 = AXIS2_PLACEMENT_3D('',#34,#35,#36);
#34 = CARTESIAN_POINT('',(-15.,25.,46.));
#35 = DIRECTION('',(1.,0.,0.));
#36 = DIRECTION('',(-0.,1.,0.));
#37 = DEFINITIONAL_REPRESENTATION('',(#38),#42);
#38 = LINE('',#39,#40);
#39 = CARTESIAN_POINT('',(1.570796326795,0.));
#40 = VECTOR('',#41,1.);
#41 = DIRECTION('',(0.,1.));
#42 = ( GEOMETRIC_REPRESENTATION_CONTEXT(2) 
PARAMETRIC_REPRESENTATION_CONTEXT() REPRESENTATION_CONTEXT('2D SPACE',''
  ) );
#43 = PCURVE('',#44,#49);
#44 = PLANE('',#45);
#45 = AXIS2_PLACEMENT_3D('',#46,#47,#48);
#46 = CARTESIAN_POINT('',(-15.,-35.,56.));
#47 = DIRECTION('',(0.,0.,1.));
#48 = DIRECTION('',(1.,0.,0.));
#49 = DEFINITIONAL_REPRESENTATION('',(#50),#54);
#50 = LINE('',#51,#52);
#51 = CARTESIAN_POINT('',(0.,60.));
#52 = VECTOR('',#53,1.);
#53 = DIRECTION('',(1.,0.));
#54 = ( GEOMETRIC_REPRESENTATION_CONTEXT(2) 
PARAMETRIC_REPRESENTATION_CONTEXT() REPRESENTATION_CONTEXT('2D SPACE',''
  ) );
#55 = ORIENTED_EDGE('',*,*,#56,.T.);
#56 = EDGE_CURVE('',#24,#57,#59,.T.);
#57 = VERTEX_POINT('',#58);
#58 = CARTESIAN_POINT('',(5.295235298988,27.172061277844,55.76125759343)
  );
#59 = SURFACE_CURVE('',#60,(#107,#213),.PCURVE_S1.);
#60 = B_SPLINE_CURVE_WITH_KNOTS('',12,(#61,#62,#63,#64,#65,#66,#67,#68,
    #69,#70,#71,#72,#73,#74,#75,#76,#77,#78,#79,#80,#81,#82,#83,#84,#85,
    #86,#87,#88,#89,#90,#91,#92,#93,#94,#95,#96,#97,#98,#99,#100,#101,
    #102,#103,#104,#105,#106),.UNSPECIFIED.,.F.,.F.,(13,11,11,11,13),(
    39.372489632146,42.23279170966,46.99617176551,51.984702992979,
    56.113691983295),.UNSPECIFIED.);
#61 = CARTESIAN_POINT('',(-4.908156476723,25.,56.));
#62 = CARTESIAN_POINT('',(-5.026110071334,25.289467349669,
    55.999999999988));
#63 = CARTESIAN_POINT('',(-5.127546872374,25.591364585319,
    55.990939000856));
#64 = CARTESIAN_POINT('',(-5.210256373708,25.905569051817,
    55.970961137359));
#65 = CARTESIAN_POINT('',(-5.271906531666,26.222067152788,
    55.940434979041));
#66 = CARTESIAN_POINT('',(-5.312756579703,26.548344907388,
    55.896968629138));
#67 = CARTESIAN_POINT('',(-5.330750582305,26.877219887082,
    55.840507825663));
#68 = CARTESIAN_POINT('',(-5.325002247599,27.196806862614,
    55.772875165851));
#69 = CARTESIAN_POINT('',(-5.298433895856,27.506970057547,
    55.695382467626));
#70 = CARTESIAN_POINT('',(-5.254000976103,27.810015204172,
    55.609131353643));
#71 = CARTESIAN_POINT('',(-5.191572570932,28.097888778337,
    55.516272352848));
#72 = CARTESIAN_POINT('',(-5.114202313861,28.374153779674,55.41778265017
    ));
#73 = CARTESIAN_POINT('',(-4.871829964255,29.074396540747,
    55.144391536033));
#74 = CARTESIAN_POINT('',(-4.683072337736,29.474341540183,
    54.962391464376));
#75 = CARTESIAN_POINT('',(-4.464470364116,29.837618386285,
    54.774579590259));
#76 = CARTESIAN_POINT('',(-4.220861419498,30.166854835101,54.58482465746
    ));
#77 = CARTESIAN_POINT('',(-3.956382392147,30.464099389599,
    54.396863014208));
#78 = CARTESIAN_POINT('',(-3.673617276296,30.731662464752,
    54.213481621069));
#79 = CARTESIAN_POINT('',(-3.373277606105,30.972157868435,
    54.036494979643));
#80 = CARTESIAN_POINT('',(-3.05506362956,31.187383988514,53.867785886245
    ));
#81 = CARTESIAN_POINT('',(-2.718880485506,31.377436591463,
    53.710307661051));
#82 = CARTESIAN_POINT('',(-2.365311595147,31.541370851232,
    53.567910514715));
#83 = CARTESIAN_POINT('',(-1.995181020163,31.678829240293,
    53.444157143057));
#84 = CARTESIAN_POINT('',(-1.206955846048,31.902994535651,
    53.236922946552));
#85 = CARTESIAN_POINT('',(-0.787586797981,31.986912366754,
    53.155716472672));
#86 = CARTESIAN_POINT('',(-0.353066878171,32.039965638195,
    53.102451205238));
#87 = CARTESIAN_POINT('',(8.763300432409E-02,32.052646280114,
    53.088343073534));
#88 = CARTESIAN_POINT('',(0.525512609755,32.045874900628,53.096206214519
    ));
#89 = CARTESIAN_POINT('',(0.986330825803,31.974097130183,53.167363418704
    ));
#90 = CARTESIAN_POINT('',(1.373822349177,31.905995122438,53.237438161847
    ));
#91 = CARTESIAN_POINT('',(1.812366735045,31.772216096536,53.364262935135
    ));
#92 = CARTESIAN_POINT('',(2.178256739169,31.633449624876,53.4912454122)
  );
#93 = CARTESIAN_POINT('',(2.552287869075,31.456166141786,53.644557932559
    ));
#94 = CARTESIAN_POINT('',(2.900186030795,31.25280222015,53.8094370828));
#95 = CARTESIAN_POINT('',(3.501215602142,30.827716890598,54.129934827206
    ));
#96 = CARTESIAN_POINT('',(3.759843663155,30.615528671845,54.28209652818)
  );
#97 = CARTESIAN_POINT('',(4.004573866366,30.380946488249,54.439893742046
    ));
#98 = CARTESIAN_POINT('',(4.235268833779,30.13428152864,54.599427331883)
  );
#99 = CARTESIAN_POINT('',(4.453161179339,29.83487272979,54.768900267857)
  );
#100 = CARTESIAN_POINT('',(4.645469510666,29.575543086007,
    54.919813281825));
#101 = CARTESIAN_POINT('',(4.836341861522,29.192016674575,
    55.100278456573));
#102 = CARTESIAN_POINT('',(4.983055564834,28.886495354021,
    55.240676879761));
#103 = CARTESIAN_POINT('',(5.122329451073,28.474069644457,
    55.402072616195));
#104 = CARTESIAN_POINT('',(5.219079782577,28.06430333466,55.538463487326
    ));
#105 = CARTESIAN_POINT('',(5.278815289309,27.6251886804,55.660428322656)
  );
#106 = CARTESIAN_POINT('',(5.295235298988,27.172061277844,55.76125759343
    ));
#107 = PCURVE('',#32,#108);
#108 = DEFINITIONAL_REPRESENTATION('',(#109),#212);
#109 = B_SPLINE_CURVE_WITH_KNOTS('',11,(#110,#111,#112,#113,#114,#115,
    #116,#117,#118,#119,#120,#121,#122,#123,#124,#125,#126,#127,#128,
    #129,#130,#131,#132,#133,#134,#135,#136,#137,#138,#139,#140,#141,
    #142,#143,#144,#145,#146,#147,#148,#149,#150,#151,#152,#153,#154,
    #155,#156,#157,#158,#159,#160,#161,#162,#163,#164,#165,#166,#167,
    #168,#169,#170,#171,#172,#173,#174,#175,#176,#177,#178,#179,#180,
    #181,#182,#183,#184,#185,#186,#187,#188,#189,#190,#191,#192,#193,
    #194,#195,#196,#197,#198,#199,#200,#201,#202,#203,#204,#205,#206,
    #207,#208,#209,#210,#211),.UNSPECIFIED.,.F.,.F.,(12,10,10,10,10,10,
    10,10,10,10,12),(39.372489632146,41.46513992604,41.988302499513,
    42.511465072987,43.557790219933,45.650440513827,46.696765660774,
    47.743090807721,51.928391395508,54.021041689402,56.113691983295),
  .UNSPECIFIED.);
#110 = CARTESIAN_POINT('',(1.570796326795,10.091843523277));
#111 = CARTESIAN_POINT('',(1.54769308609,9.997701289571));
#112 = CARTESIAN_POINT('',(1.523789310341,9.91416241327));
#113 = CARTESIAN_POINT('',(1.499089851246,9.842419184503));
#114 = CARTESIAN_POINT('',(1.47395879867,9.783566545804));
#115 = CARTESIAN_POINT('',(1.44832251413,9.738067178025));
#116 = CARTESIAN_POINT('',(1.422241474405,9.706497623293));
#117 = CARTESIAN_POINT('',(1.396059185203,9.689408200498));
#118 = CARTESIAN_POINT('',(1.370067685821,9.6866435286));
#119 = CARTESIAN_POINT('',(1.344336532103,9.697299230966));
#120 = CARTESIAN_POINT('',(1.31903561706,9.720633848095));
#121 = CARTESIAN_POINT('',(1.288043303304,9.764482961481));
#122 = CARTESIAN_POINT('',(1.281876654638,9.773987114312));
#123 = CARTESIAN_POINT('',(1.275743341759,9.78421164964));
#124 = CARTESIAN_POINT('',(1.269644765262,9.795142472453));
#125 = CARTESIAN_POINT('',(1.263582204621,9.806765340305));
#126 = CARTESIAN_POINT('',(1.257556818211,9.819065863448));
#127 = CARTESIAN_POINT('',(1.251569643275,9.832029504661));
#128 = CARTESIAN_POINT('',(1.245621595964,9.84564157943));
#129 = CARTESIAN_POINT('',(1.239713471299,9.859887255792));
#130 = CARTESIAN_POINT('',(1.2338459432,9.874751554444));
#131 = CARTESIAN_POINT('',(1.222193185737,9.905687142924));
#132 = CARTESIAN_POINT('',(1.21640766349,9.92175979603));
#133 = CARTESIAN_POINT('',(1.210665135773,9.938416426734));
#134 = CARTESIAN_POINT('',(1.20496299145,9.955648741906));
#135 = CARTESIAN_POINT('',(1.199303290699,9.973443700546));
#136 = CARTESIAN_POINT('',(1.193689633379,9.991783367439));
#137 = CARTESIAN_POINT('',(1.188122680586,10.010650402302));
#138 = CARTESIAN_POINT('',(1.182599978065,10.030031887896));
#139 = CARTESIAN_POINT('',(1.177120173094,10.049918456826));
#140 = CARTESIAN_POINT('',(1.171686159821,10.070299934386));
#141 = CARTESIAN_POINT('',(1.155516073402,10.13288904515));
#142 = CARTESIAN_POINT('',(1.144913411668,10.176542773704));
#143 = CARTESIAN_POINT('',(1.134486804506,10.222037205468));
#144 = CARTESIAN_POINT('',(1.124234877873,10.269290693956));
#145 = CARTESIAN_POINT('',(1.114156224975,10.318226897686));
#146 = CARTESIAN_POINT('',(1.104249406294,10.368774780208));
#147 = CARTESIAN_POINT('',(1.094512949554,10.420868610051));
#148 = CARTESIAN_POINT('',(1.084945349754,10.474447960797));
#149 = CARTESIAN_POINT('',(1.075545069141,10.529457711002));
#150 = CARTESIAN_POINT('',(1.066310537229,10.585848044262));
#151 = CARTESIAN_POINT('',(1.039099377906,10.759027258981));
#152 = CARTESIAN_POINT('',(1.021615356019,10.879822480941));
#153 = CARTESIAN_POINT('',(1.004776939947,11.005593059049));
#154 = CARTESIAN_POINT('',(0.988572446799,11.136053874398));
#155 = CARTESIAN_POINT('',(0.972991303346,11.270993554697));
#156 = CARTESIAN_POINT('',(0.958025499763,11.410264296257));
#157 = CARTESIAN_POINT('',(0.943670849557,11.553769696661));
#158 = CARTESIAN_POINT('',(0.929928055921,11.701450600383));
#159 = CARTESIAN_POINT('',(0.916803584257,11.853268954968));
#160 = CARTESIAN_POINT('',(0.904310341095,12.009189679856));
#161 = CARTESIAN_POINT('',(0.886547068313,12.249145979606));
#162 = CARTESIAN_POINT('',(0.880788557447,12.330143369145));
#163 = CARTESIAN_POINT('',(0.875195187986,12.412148094206));
#164 = CARTESIAN_POINT('',(0.869769783274,12.49515401665));
#165 = CARTESIAN_POINT('',(0.864515428658,12.579153481125));
#166 = CARTESIAN_POINT('',(0.859435471478,12.664137314794));
#167 = CARTESIAN_POINT('',(0.854533521082,12.750094827692));
#168 = CARTESIAN_POINT('',(0.84981344881,12.837013812352));
#169 = CARTESIAN_POINT('',(0.845279388007,12.924880544122));
#170 = CARTESIAN_POINT('',(0.840935734015,13.013679780947));
#171 = CARTESIAN_POINT('',(0.83263855434,13.193109746031));
#172 = CARTESIAN_POINT('',(0.828685135114,13.283736917068));
#173 = CARTESIAN_POINT('',(0.824930129384,13.375271705854));
#174 = CARTESIAN_POINT('',(0.821381051322,13.467672571089));
#175 = CARTESIAN_POINT('',(0.818041808256,13.560923058695));
#176 = CARTESIAN_POINT('',(0.81491532776,13.655009781987));
#177 = CARTESIAN_POINT('',(0.812007087047,13.749891522982));
#178 = CARTESIAN_POINT('',(0.809324811692,13.845497749907));
#179 = CARTESIAN_POINT('',(0.806874480243,13.941757935602));
#180 = CARTESIAN_POINT('',(0.804657641219,14.03862615834));
#181 = CARTESIAN_POINT('',(0.794769028148,14.525638151119));
#182 = CARTESIAN_POINT('',(0.790672810731,14.923755819573));
#183 = CARTESIAN_POINT('',(0.790699047182,15.326853446855));
#184 = CARTESIAN_POINT('',(0.794709229892,15.727193543894));
#185 = CARTESIAN_POINT('',(0.803601523867,16.129509998474));
#186 = CARTESIAN_POINT('',(0.815040030991,16.498675545125));
#187 = CARTESIAN_POINT('',(0.831310386405,16.880778665664));
#188 = CARTESIAN_POINT('',(0.849355025027,17.222665696304));
#189 = CARTESIAN_POINT('',(0.870682959633,17.561309192268));
#190 = CARTESIAN_POINT('',(0.894520673188,17.881144203727));
#191 = CARTESIAN_POINT('',(0.934006072567,18.335914445695));
#192 = CARTESIAN_POINT('',(0.947790303891,18.483427780901));
#193 = CARTESIAN_POINT('',(0.962188148382,18.626504178734));
#194 = CARTESIAN_POINT('',(0.977217970499,18.765673920595));
#195 = CARTESIAN_POINT('',(0.992780621949,18.900142158873));
#196 = CARTESIAN_POINT('',(1.009117036356,19.03062538355));
#197 = CARTESIAN_POINT('',(1.025937715512,19.156013487295));
#198 = CARTESIAN_POINT('',(1.043475965153,19.276727908788));
#199 = CARTESIAN_POINT('',(1.061640670228,19.392131194953));
#200 = CARTESIAN_POINT('',(1.080486059551,19.501934740403));
#201 = CARTESIAN_POINT('',(1.119540733951,19.709287871562));
#202 = CARTESIAN_POINT('',(1.139750575792,19.806839399615));
#203 = CARTESIAN_POINT('',(1.160657710321,19.897773374896));
#204 = CARTESIAN_POINT('',(1.18225489327,19.981464844768));
#205 = CARTESIAN_POINT('',(1.204585966989,20.057296968276));
#206 = CARTESIAN_POINT('',(1.227616218936,20.124401434522));
#207 = CARTESIAN_POINT('',(1.25142668927,20.182032214417));
#208 = CARTESIAN_POINT('',(1.275947932647,20.229033358032));
#209 = CARTESIAN_POINT('',(1.300793501046,20.263727810525));
#210 = CARTESIAN_POINT('',(1.326179104044,20.286156782148));
#211 = CARTESIAN_POINT('',(1.351844977444,20.295235298988));
#212 = ( GEOMETRIC_REPRESENTATION_CONTEXT(2) 
PARAMETRIC_REPRESENTATION_CONTEXT() REPRESENTATION_CONTEXT('2D SPACE',''
  ) );
#213 = PCURVE('',#214,#307);
#214 = B_SPLINE_SURFACE_WITH_KNOTS('',1,12,(
    (#215,#216,#217,#218,#219,#220,#221,#222,#223,#224,#225,#226,#227
      ,#228,#229,#230,#231,#232,#233,#234,#235,#236,#237,#238,#239,#240
      ,#241,#242,#243,#244,#245,#246,#247,#248,#249,#250,#251,#252,#253
      ,#254,#255,#256,#257,#258,#259,#260)
    ,(#261,#262,#263,#264,#265,#266,#267,#268,#269,#270,#271,#272,#273
      ,#274,#275,#276,#277,#278,#279,#280,#281,#282,#283,#284,#285,#286
      ,#287,#288,#289,#290,#291,#292,#293,#294,#295,#296,#297,#298,#299
      ,#300,#301,#302,#303,#304,#305,#306
    )),.UNSPECIFIED.,.F.,.F.,.F.,(2,2),(13,11,11,11,13),(0.,
    16.741202351149),(39.372489632146,42.23279170966,46.99617176551,
    51.984702992979,56.113691983295),.UNSPECIFIED.);
#215 = CARTESIAN_POINT('',(-4.167302668916,25.301886792453,55.2));
#216 = CARTESIAN_POINT('',(-4.260011562324,25.529401670265,
    55.199999999987));
#217 = CARTESIAN_POINT('',(-4.340386029906,25.765170447037,
    55.193435678453));
#218 = CARTESIAN_POINT('',(-4.406961465815,26.009009897833,
    55.179242795202));
#219 = CARTESIAN_POINT('',(-4.458882565248,26.254257556256,
    55.157667005878));
#220 = CARTESIAN_POINT('',(-4.496041687847,26.507687667948,
    55.127133627426));
#221 = CARTESIAN_POINT('',(-4.517261302041,26.763927923292,
    55.087713795237));
#222 = CARTESIAN_POINT('',(-4.522011471421,27.014922207776,
    55.040443155146));
#223 = CARTESIAN_POINT('',(-4.511560574317,27.26239919631,
    54.985781975766));
#224 = CARTESIAN_POINT('',(-4.4873179498,27.508096458871,54.924341617074
    ));
#225 = CARTESIAN_POINT('',(-4.449409964294,27.744051611747,
    54.85773078167));
#226 = CARTESIAN_POINT('',(-4.39920507982,27.975002490093,
    54.786084481639));
#227 = CARTESIAN_POINT('',(-4.234840986058,28.569990973328,
    54.584941302278));
#228 = CARTESIAN_POINT('',(-4.100518213763,28.92074680663,
    54.448682696263));
#229 = CARTESIAN_POINT('',(-3.938547939617,29.250192337379,
    54.305203830487));
#230 = CARTESIAN_POINT('',(-3.751515630265,29.558592989333,
    54.157260486009));
#231 = CARTESIAN_POINT('',(-3.541953160003,29.845703470526,
    54.007912499126));
#232 = CARTESIAN_POINT('',(-3.311521267145,30.111750391165,
    53.859711997926));
#233 = CARTESIAN_POINT('',(-3.060560023874,30.357466654428,
    53.71455469411));
#234 = CARTESIAN_POINT('',(-2.788596393459,30.583014082719,
    53.574433966332));
#235 = CARTESIAN_POINT('',(-2.49528881823,30.787030607442,
    53.442233364859));
#236 = CARTESIAN_POINT('',(-2.181006293956,30.966985330864,
    53.321629548289));
#237 = CARTESIAN_POINT('',(-1.846783546553,31.120518913184,
    53.216154658725));
#238 = CARTESIAN_POINT('',(-1.126107005543,31.37431675057,
    53.038717974657));
#239 = CARTESIAN_POINT('',(-0.738124440814,31.471683101781,
    52.968648361495));
#240 = CARTESIAN_POINT('',(-0.332027350704,31.533904880559,
    52.922524774214));
#241 = CARTESIAN_POINT('',(8.049980912272E-02,31.551990968355,
    52.909719923214));
#242 = CARTESIAN_POINT('',(0.496648093199,31.53873814063,52.917602238964
    ));
#243 = CARTESIAN_POINT('',(0.920884915385,31.460635754496,
    52.977696868151));
#244 = CARTESIAN_POINT('',(1.288846435008,31.372815370198,
    53.040552707051));
#245 = CARTESIAN_POINT('',(1.683449071086,31.223388513748,53.14812675185
    ));
#246 = CARTESIAN_POINT('',(2.016723453641,31.066004134171,
    53.257432050915));
#247 = CARTESIAN_POINT('',(2.34736217849,30.872023206583,53.386933979638
    ));
#248 = CARTESIAN_POINT('',(2.649847582761,30.65572186966,53.524786909331
    ));
#249 = CARTESIAN_POINT('',(3.161438699418,30.216904209917,
    53.789139448738));
#250 = CARTESIAN_POINT('',(3.377250072707,30.002317405659,
    53.913346913751));
#251 = CARTESIAN_POINT('',(3.577171728111,29.769537193858,
    54.040936789669));
#252 = CARTESIAN_POINT('',(3.760699248053,29.532998736891,
    54.167077989219));
#253 = CARTESIAN_POINT('',(3.930775823743,29.245470428163,54.30215234795
    ));
#254 = CARTESIAN_POINT('',(4.073460993699,29.015174657847,
    54.414976824571));
#255 = CARTESIAN_POINT('',(4.215815896908,28.661781251699,
    54.555822539022));
#256 = CARTESIAN_POINT('',(4.314703020739,28.403008247366,
    54.657251195624));
#257 = CARTESIAN_POINT('',(4.4097070394,28.050386644289,54.776132485204)
  );
#258 = CARTESIAN_POINT('',(4.468419755064,27.712865334176,
    54.874000603704));
#259 = CARTESIAN_POINT('',(4.5,27.359411296923,54.960535431526));
#260 = CARTESIAN_POINT('',(4.5,27.,55.031723155697));
#261 = CARTESIAN_POINT('',(-4.908156476723,25.,56.));
#262 = CARTESIAN_POINT('',(-5.026110071334,25.289467349669,
    55.999999999988));
#263 = CARTESIAN_POINT('',(-5.127546872374,25.591364585319,
    55.990939000856));
#264 = CARTESIAN_POINT('',(-5.210256373708,25.905569051817,
    55.970961137359));
#265 = CARTESIAN_POINT('',(-5.271906531666,26.222067152788,
    55.940434979041));
#266 = CARTESIAN_POINT('',(-5.312756579703,26.548344907388,
    55.896968629138));
#267 = CARTESIAN_POINT('',(-5.330750582305,26.877219887082,
    55.840507825663));
#268 = CARTESIAN_POINT('',(-5.325002247599,27.196806862614,
    55.772875165851));
#269 = CARTESIAN_POINT('',(-5.298433895856,27.506970057547,
    55.695382467626));
#270 = CARTESIAN_POINT('',(-5.254000976103,27.810015204172,
    55.609131353643));
#271 = CARTESIAN_POINT('',(-5.191572570932,28.097888778337,
    55.516272352848));
#272 = CARTESIAN_POINT('',(-5.114202313861,28.374153779674,
    55.41778265017));
#273 = CARTESIAN_POINT('',(-4.871829964255,29.074396540747,
    55.144391536033));
#274 = CARTESIAN_POINT('',(-4.683072337736,29.474341540183,
    54.962391464376));
#275 = CARTESIAN_POINT('',(-4.464470364116,29.837618386285,
    54.774579590259));
#276 = CARTESIAN_POINT('',(-4.220861419498,30.166854835101,
    54.58482465746));
#277 = CARTESIAN_POINT('',(-3.956382392147,30.464099389599,
    54.396863014208));
#278 = CARTESIAN_POINT('',(-3.673617276296,30.731662464752,
    54.213481621069));
#279 = CARTESIAN_POINT('',(-3.373277606105,30.972157868435,
    54.036494979643));
#280 = CARTESIAN_POINT('',(-3.05506362956,31.187383988514,
    53.867785886245));
#281 = CARTESIAN_POINT('',(-2.718880485506,31.377436591463,
    53.710307661051));
#282 = CARTESIAN_POINT('',(-2.365311595147,31.541370851232,
    53.567910514715));
#283 = CARTESIAN_POINT('',(-1.995181020163,31.678829240293,
    53.444157143057));
#284 = CARTESIAN_POINT('',(-1.206955846048,31.902994535651,
    53.236922946552));
#285 = CARTESIAN_POINT('',(-0.787586797981,31.986912366754,
    53.155716472672));
#286 = CARTESIAN_POINT('',(-0.353066878171,32.039965638195,
    53.102451205238));
#287 = CARTESIAN_POINT('',(8.763300432409E-02,32.052646280114,
    53.088343073534));
#288 = CARTESIAN_POINT('',(0.525512609755,32.045874900628,
    53.096206214519));
#289 = CARTESIAN_POINT('',(0.986330825803,31.974097130183,
    53.167363418704));
#290 = CARTESIAN_POINT('',(1.373822349177,31.905995122438,
    53.237438161847));
#291 = CARTESIAN_POINT('',(1.812366735045,31.772216096536,
    53.364262935135));
#292 = CARTESIAN_POINT('',(2.178256739169,31.633449624876,53.4912454122)
  );
#293 = CARTESIAN_POINT('',(2.552287869075,31.456166141786,
    53.644557932559));
#294 = CARTESIAN_POINT('',(2.900186030795,31.25280222015,53.8094370828)
  );
#295 = CARTESIAN_POINT('',(3.501215602142,30.827716890598,
    54.129934827206));
#296 = CARTESIAN_POINT('',(3.759843663155,30.615528671845,54.28209652818
    ));
#297 = CARTESIAN_POINT('',(4.004573866366,30.380946488249,
    54.439893742046));
#298 = CARTESIAN_POINT('',(4.235268833779,30.13428152864,54.599427331883
    ));
#299 = CARTESIAN_POINT('',(4.453161179339,29.83487272979,54.768900267857
    ));
#300 = CARTESIAN_POINT('',(4.645469510666,29.575543086007,
    54.919813281825));
#301 = CARTESIAN_POINT('',(4.836341861522,29.192016674575,
    55.100278456573));
#302 = CARTESIAN_POINT('',(4.983055564834,28.886495354021,
    55.240676879761));
#303 = CARTESIAN_POINT('',(5.122329451073,28.474069644457,
    55.402072616195));
#304 = CARTESIAN_POINT('',(5.219079782577,28.06430333466,55.538463487326
    ));
#305 = CARTESIAN_POINT('',(5.278815289309,27.6251886804,55.660428322656)
  );
#306 = CARTESIAN_POINT('',(5.295235298988,27.172061277844,55.76125759343
    ));
#307 = DEFINITIONAL_REPRESENTATION('',(#308),#312);
#308 = LINE('',#309,#310);
#309 = CARTESIAN_POINT('',(16.741202351149,0.));
#310 = VECTOR('',#311,1.);
#311 = DIRECTION('',(0.,1.));
#312 = ( GEOMETRIC_REPRESENTATION_CONTEXT(2) 
PARAMETRIC_REPRESENTATION_CONTEXT() REPRESENTATION_CONTEXT('2D SPACE',''
  ) );
#313 = ORIENTED_EDGE('',*,*,#314,.T.);
#314 = EDGE_CURVE('',#57,#315,#317,.T.);
#315 = VERTEX_POINT('',#316);
#316 = CARTESIAN_POINT('',(4.908156476723,25.,56.));
#317 = SURFACE_CURVE('',#318,(#327,#339),.PCURVE_S1.);
#318 = B_SPLINE_CURVE_WITH_KNOTS('',7,(#319,#320,#321,#322,#323,#324,
    #325,#326),.UNSPECIFIED.,.F.,.F.,(8,8),(56.113691983295,
    57.766732090649),.PIECEWISE_BEZIER_KNOTS.);
#319 = CARTESIAN_POINT('',(5.295235298988,27.172061277844,55.76125759343
    ));
#320 = CARTESIAN_POINT('',(5.306504581874,26.861073587671,
    55.830458135803));
#321 = CARTESIAN_POINT('',(5.296156066335,26.542347067921,
    55.889263362968));
#322 = CARTESIAN_POINT('',(5.262194837345,26.219801751863,
    55.935960321269));
#323 = CARTESIAN_POINT('',(5.205061216365,25.901324407905,
    55.969375321365));
#324 = CARTESIAN_POINT('',(5.124996433677,25.588328062535,
    55.990373456833));
#325 = CARTESIAN_POINT('',(5.025342274162,25.287583115339,56.));
#326 = CARTESIAN_POINT('',(4.908156476723,25.,56.));
#327 = PCURVE('',#32,#328);
#328 = DEFINITIONAL_REPRESENTATION('',(#329),#338);
#329 = B_SPLINE_CURVE_WITH_KNOTS('',7,(#330,#331,#332,#333,#334,#335,
    #336,#337),.UNSPECIFIED.,.F.,.F.,(8,8),(56.113691983295,
    57.766732090649),.PIECEWISE_BEZIER_KNOTS.);
#330 = CARTESIAN_POINT('',(1.351844977444,20.295235298988));
#331 = CARTESIAN_POINT('',(1.383704365151,20.306504581874));
#332 = CARTESIAN_POINT('',(1.416093328025,20.296155964655));
#333 = CARTESIAN_POINT('',(1.448645099104,20.262195145381));
#334 = CARTESIAN_POINT('',(1.480624614024,20.205060851333));
#335 = CARTESIAN_POINT('',(1.511963647955,20.124996602142));
#336 = CARTESIAN_POINT('',(1.542038015261,20.025342274162));
#337 = CARTESIAN_POINT('',(1.570796326795,19.908156476723));
#338 = ( GEOMETRIC_REPRESENTATION_CONTEXT(2) 
PARAMETRIC_REPRESENTATION_CONTEXT() REPRESENTATION_CONTEXT('2D SPACE',''
  ) );
#339 = PCURVE('',#340,#357);
#340 = B_SPLINE_SURFACE_WITH_KNOTS('',1,7,(
    (#341,#342,#343,#344,#345,#346,#347,#348)
    ,(#349,#350,#351,#352,#353,#354,#355,#356
  )),.UNSPECIFIED.,.F.,.F.,.F.,(2,2),(8,8),(0.,1.653040107354),(
    56.113691983295,57.766732090649),.PIECEWISE_BEZIER_KNOTS.);
#341 = CARTESIAN_POINT('',(4.5,27.,55.031723155697));
#342 = CARTESIAN_POINT('',(4.5,26.753330987219,55.080580289001));
#343 = CARTESIAN_POINT('',(4.484257263473,26.503324507969,
    55.121861732201));
#344 = CARTESIAN_POINT('',(4.451778518551,26.252381258051,
    55.154526714991));
#345 = CARTESIAN_POINT('',(4.403128873111,26.005525427741,
    55.178113275861));
#346 = CARTESIAN_POINT('',(4.338389506876,25.762631767299,55.19303409671
    ));
#347 = CARTESIAN_POINT('',(4.259413076228,25.527932938564,55.2));
#348 = CARTESIAN_POINT('',(4.167302668916,25.301886792453,55.2));
#349 = CARTESIAN_POINT('',(5.295235298988,27.172061277844,55.76125759343
    ));
#350 = CARTESIAN_POINT('',(5.306504581874,26.861073587671,
    55.830458135803));
#351 = CARTESIAN_POINT('',(5.296156066335,26.542347067921,
    55.889263362968));
#352 = CARTESIAN_POINT('',(5.262194837345,26.219801751863,
    55.935960321269));
#353 = CARTESIAN_POINT('',(5.205061216365,25.901324407905,
    55.969375321365));
#354 = CARTESIAN_POINT('',(5.124996433677,25.588328062535,
    55.990373456833));
#355 = CARTESIAN_POINT('',(5.025342274162,25.287583115339,56.));
#356 = CARTESIAN_POINT('',(4.908156476723,25.,56.));
#357 = DEFINITIONAL_REPRESENTATION('',(#358),#362);
#358 = LINE('',#359,#360);
#359 = CARTESIAN_POINT('',(1.653040107354,0.));
#360 = VECTOR('',#361,1.);
#361 = DIRECTION('',(0.,1.));
#362 = ( GEOMETRIC_REPRESENTATION_CONTEXT(2) 
PARAMETRIC_REPRESENTATION_CONTEXT() REPRESENTATION_CONTEXT('2D SPACE',''
  ) );
#363 = ORIENTED_EDGE('',*,*,#364,.T.);
#364 = EDGE_CURVE('',#315,#365,#367,.T.);
#365 = VERTEX_POINT('',#366);
#366 = CARTESIAN_POINT('',(15.,25.,56.));
#367 = SURFACE_CURVE('',#368,(#372,#379),.PCURVE_S1.);
#368 = LINE('',#369,#370);
#369 = CARTESIAN_POINT('',(-15.,25.,56.));
#370 = VECTOR('',#371,1.);
#371 = DIRECTION('',(1.,0.,0.));
#372 = PCURVE('',#32,#373);
#373 = DEFINITIONAL_REPRESENTATION('',(#374),#378);
#374 = LINE('',#375,#376);
#375 = CARTESIAN_POINT('',(1.570796326795,0.));
#376 = VECTOR('',#377,1.);
#377 = DIRECTION('',(0.,1.));
#378 = ( GEOMETRIC_REPRESENTATION_CONTEXT(2) 
PARAMETRIC_REPRESENTATION_CONTEXT() REPRESENTATION_CONTEXT('2D SPACE',''
  ) );
#379 = PCURVE('',#44,#380);
#380 = DEFINITIONAL_REPRESENTATION('',(#381),#385);
#381 = LINE('',#382,#383);
#382 = CARTESIAN_POINT('',(0.,60.));
#383 = VECTOR('',#384,1.);
#384 = DIRECTION('',(1.,0.));
#385 = ( GEOMETRIC_REPRESENTATION_CONTEXT(2) 
PARAMETRIC_REPRESENTATION_CONTEXT() REPRESENTATION_CONTEXT('2D SPACE',''
  ) );
#386 = ORIENTED_EDGE('',*,*,#387,.F.);
#387 = EDGE_CURVE('',#388,#365,#390,.T.);
#388 = VERTEX_POINT('',#389);
#389 = CARTESIAN_POINT('',(15.,35.,46.));
#390 = SURFACE_CURVE('',#391,(#396,#403),.PCURVE_S1.);
#391 = CIRCLE('',#392,10.);
#392 = AXIS2_PLACEMENT_3D('',#393,#394,#395);
#393 = CARTESIAN_POINT('',(15.,25.,46.));
#394 = DIRECTION('',(1.,0.,0.));
#395 = DIRECTION('',(-0.,0.,1.));
#396 = PCURVE('',#32,#397);
#397 = DEFINITIONAL_REPRESENTATION('',(#398),#402);
#398 = LINE('',#399,#400);
#399 = CARTESIAN_POINT('',(-4.712388980385,30.));
#400 = VECTOR('',#401,1.);
#401 = DIRECTION('',(1.,0.));
#402 = ( GEOMETRIC_REPRESENTATION_CONTEXT(2) 
PARAMETRIC_REPRESENTATION_CONTEXT() REPRESENTATION_CONTEXT('2D SPACE',''
  ) );
#403 = PCURVE('',#404,#409);
#404 = PLANE('',#405);
#405 = AXIS2_PLACEMENT_3D('',#406,#407,#408);
#406 = CARTESIAN_POINT('',(15.,-35.,0.));
#407 = DIRECTION('',(1.,0.,0.));
#408 = DIRECTION('',(0.,0.,1.));
#409 = DEFINITIONAL_REPRESENTATION('',(#410),#414);
#410 = CIRCLE('',#411,10.);
#411 = AXIS2_PLACEMENT_2D('',#412,#413);
#412 = CARTESIAN_POINT('',(46.,-60.));
#413 = DIRECTION('',(1.,0.));
#414 = ( GEOMETRIC_REPRESENTATION_CONTEXT(2) 
PARAMETRIC_REPRESENTATION_CONTEXT() REPRESENTATION_CONTEXT('2D SPACE',''
  ) );
#415 = ORIENTED_EDGE('',*,*,#416,.F.);
#416 = EDGE_CURVE('',#417,#388,#419,.T.);
#417 = VERTEX_POINT('',#418);
#418 = CARTESIAN_POINT('',(-15.,35.,46.));
#419 = SURFACE_CURVE('',#420,(#424,#431),.PCURVE_S1.);
#420 = LINE('',#421,#422);
#421 = CARTESIAN_POINT('',(-15.,35.,46.));
#422 = VECTOR('',#423,1.);
#423 = DIRECTION('',(1.,0.,0.));
#424 = PCURVE('',#32,#425);
#425 = DEFINITIONAL_REPRESENTATION('',(#426),#430);
#426 = LINE('',#427,#428);
#427 = CARTESIAN_POINT('',(0.,0.));
#428 = VECTOR('',#429,1.);
#429 = DIRECTION('',(0.,1.));
#430 = ( GEOMETRIC_REPRESENTATION_CONTEXT(2) 
PARAMETRIC_REPRESENTATION_CONTEXT() REPRESENTATION_CONTEXT('2D SPACE',''
  ) );
#431 = PCURVE('',#432,#437);
#432 = PLANE('',#433);
#433 = AXIS2_PLACEMENT_3D('',#434,#435,#436);
#434 = CARTESIAN_POINT('',(-15.,35.,0.));
#435 = DIRECTION('',(0.,1.,0.));
#436 = DIRECTION('',(0.,0.,1.));
#437 = DEFINITIONAL_REPRESENTATION('',(#438),#442);
#438 = LINE('',#439,#440);
#439 = CARTESIAN_POINT('',(46.,0.));
#440 = VECTOR('',#441,1.);
#441 = DIRECTION('',(0.,1.));
#442 = ( GEOMETRIC_REPRESENTATION_CONTEXT(2) 
PARAMETRIC_REPRESENTATION_CONTEXT() REPRESENTATION_CONTEXT('2D SPACE',''
  ) );
#443 = ORIENTED_EDGE('',*,*,#444,.T.);
#444 = EDGE_CURVE('',#417,#22,#445,.T.);
#445 = SURFACE_CURVE('',#446,(#451,#458),.PCURVE_S1.);
#446 = CIRCLE('',#447,10.);
#447 = AXIS2_PLACEMENT_3D('',#448,#449,#450);
#448 = CARTESIAN_POINT('',(-15.,25.,46.));
#449 = DIRECTION('',(1.,0.,0.));
#450 = DIRECTION('',(-0.,0.,1.));
#451 = PCURVE('',#32,#452);
#452 = DEFINITIONAL_REPRESENTATION('',(#453),#457);
#453 = LINE('',#454,#455);
#454 = CARTESIAN_POINT('',(-4.712388980385,0.));
#455 = VECTOR('',#456,1.);
#456 = DIRECTION('',(1.,0.));
#457 = ( GEOMETRIC_REPRESENTATION_CONTEXT(2) 
PARAMETRIC_REPRESENTATION_CONTEXT() REPRESENTATION_CONTEXT('2D SPACE',''
  ) );
#458 = PCURVE('',#459,#464);
#459 = PLANE('',#460);
#460 = AXIS2_PLACEMENT_3D('',#461,#462,#463);
#461 = CARTESIAN_POINT('',(-15.,-35.,0.));
#462 = DIRECTION('',(1.,0.,0.));
#463 = DIRECTION('',(0.,0.,1.));
#464 = DEFINITIONAL_REPRESENTATION('',(#465),#469);
#465 = CIRCLE('',#466,10.);
#466 = AXIS2_PLACEMENT_2D('',#467,#468);
#467 = CARTESIAN_POINT('',(46.,-60.));
#468 = DIRECTION('',(1.,0.));
#469 = ( GEOMETRIC_REPRESENTATION_CONTEXT(2) 
PARAMETRIC_REPRESENTATION_CONTEXT() REPRESENTATION_CONTEXT('2D SPACE',''
  ) );
#470 = ADVANCED_FACE('',(#471),#44,.T.);
#471 = FACE_BOUND('',#472,.T.);
#472 = EDGE_LOOP('',(#473,#503,#536,#559,#580,#581,#612,#613));
#473 = ORIENTED_EDGE('',*,*,#474,.T.);
#474 = EDGE_CURVE('',#475,#477,#479,.T.);
#475 = VERTEX_POINT('',#476);
#476 = CARTESIAN_POINT('',(-15.,-25.,56.));
#477 = VERTEX_POINT('',#478);
#478 = CARTESIAN_POINT('',(-4.908156476723,-25.,56.));
#479 = SURFACE_CURVE('',#480,(#484,#491),.PCURVE_S1.);
#480 = LINE('',#481,#482);
#481 = CARTESIAN_POINT('',(-15.,-25.,56.));
#482 = VECTOR('',#483,1.);
#483 = DIRECTION('',(1.,0.,0.));
#484 = PCURVE('',#44,#485);
#485 = DEFINITIONAL_REPRESENTATION('',(#486),#490);
#486 = LINE('',#487,#488);
#487 = CARTESIAN_POINT('',(0.,10.));
#488 = VECTOR('',#489,1.);
#489 = DIRECTION('',(1.,0.));
#490 = ( GEOMETRIC_REPRESENTATION_CONTEXT(2) 
PARAMETRIC_REPRESENTATION_CONTEXT() REPRESENTATION_CONTEXT('2D SPACE',''
  ) );
#491 = PCURVE('',#492,#497);
#492 = CYLINDRICAL_SURFACE('',#493,10.);
#493 = AXIS2_PLACEMENT_3D('',#494,#495,#496);
#494 = CARTESIAN_POINT('',(-15.,-25.,46.));
#495 = DIRECTION('',(1.,0.,0.));
#496 = DIRECTION('',(0.,-1.,0.));
#497 = DEFINITIONAL_REPRESENTATION('',(#498),#502);
#498 = LINE('',#499,#500);
#499 = CARTESIAN_POINT('',(-1.570796326795,0.));
#500 = VECTOR('',#501,1.);
#501 = DIRECTION('',(-0.,1.));
#502 = ( GEOMETRIC_REPRESENTATION_CONTEXT(2) 
PARAMETRIC_REPRESENTATION_CONTEXT() REPRESENTATION_CONTEXT('2D SPACE',''
  ) );
#503 = ORIENTED_EDGE('',*,*,#504,.T.);
#504 = EDGE_CURVE('',#477,#505,#507,.T.);
#505 = VERTEX_POINT('',#506);
#506 = CARTESIAN_POINT('',(4.908156476723,-25.,56.));
#507 = SURFACE_CURVE('',#508,(#513,#524),.PCURVE_S1.);
#508 = CIRCLE('',#509,5.3);
#509 = AXIS2_PLACEMENT_3D('',#510,#511,#512);
#510 = CARTESIAN_POINT('',(0.,-27.,56.));
#511 = DIRECTION('',(-0.,0.,-1.));
#512 = DIRECTION('',(-0.895806416478,0.444444444444,0.));
#513 = PCURVE('',#44,#514);
#514 = DEFINITIONAL_REPRESENTATION('',(#515),#523);
#515 = ( BOUNDED_CURVE() B_SPLINE_CURVE(2,(#516,#517,#518,#519,#520,#521
,#522),.UNSPECIFIED.,.T.,.F.) B_SPLINE_CURVE_WITH_KNOTS((1,2,2,2,2,1),(
    -2.094395102393,0.,2.094395102393,4.188790204786,6.28318530718,
8.377580409573),.UNSPECIFIED.) CURVE() GEOMETRIC_REPRESENTATION_ITEM() 
RATIONAL_B_SPLINE_CURVE((1.,0.5,1.,0.5,1.,0.5,1.)) REPRESENTATION_ITEM(
  '') );
#516 = CARTESIAN_POINT('',(10.252225992669,10.355555555556));
#517 = CARTESIAN_POINT('',(14.332167894942,18.578941359108));
#518 = CARTESIAN_POINT('',(19.413857954802,10.933915123999));
#519 = CARTESIAN_POINT('',(24.495548014663,3.288888888889));
#520 = CARTESIAN_POINT('',(15.333916052529,2.710529320446));
#521 = CARTESIAN_POINT('',(6.172284090395,2.132169752003));
#522 = CARTESIAN_POINT('',(10.252225992669,10.355555555556));
#523 = ( GEOMETRIC_REPRESENTATION_CONTEXT(2) 
PARAMETRIC_REPRESENTATION_CONTEXT() REPRESENTATION_CONTEXT('2D SPACE',''
  ) );
#524 = PCURVE('',#525,#530);
#525 = CONICAL_SURFACE('',#526,4.5,0.785398163397);
#526 = AXIS2_PLACEMENT_3D('',#527,#528,#529);
#527 = CARTESIAN_POINT('',(0.,-27.,55.2));
#528 = DIRECTION('',(0.,0.,1.));
#529 = DIRECTION('',(-0.895806416478,0.444444444444,0.));
#530 = DEFINITIONAL_REPRESENTATION('',(#531),#535);
#531 = LINE('',#532,#533);
#532 = CARTESIAN_POINT('',(0.,0.8));
#533 = VECTOR('',#534,1.);
#534 = DIRECTION('',(-1.,-0.));
#535 = ( GEOMETRIC_REPRESENTATION_CONTEXT(2) 
PARAMETRIC_REPRESENTATION_CONTEXT() REPRESENTATION_CONTEXT('2D SPACE',''
  ) );
#536 = ORIENTED_EDGE('',*,*,#537,.T.);
#537 = EDGE_CURVE('',#505,#538,#540,.T.);
#538 = VERTEX_POINT('',#539);
#539 = CARTESIAN_POINT('',(15.,-25.,56.));
#540 = SURFACE_CURVE('',#541,(#545,#552),.PCURVE_S1.);
#541 = LINE('',#542,#543);
#542 = CARTESIAN_POINT('',(-15.,-25.,56.));
#543 = VECTOR('',#544,1.);
#544 = DIRECTION('',(1.,0.,0.));
#545 = PCURVE('',#44,#546);
#546 = DEFINITIONAL_REPRESENTATION('',(#547),#551);
#547 = LINE('',#548,#549);
#548 = CARTESIAN_POINT('',(0.,10.));
#549 = VECTOR('',#550,1.);
#550 = DIRECTION('',(1.,0.));
#551 = ( GEOMETRIC_REPRESENTATION_CONTEXT(2) 
PARAMETRIC_REPRESENTATION_CONTEXT() REPRESENTATION_CONTEXT('2D SPACE',''
  ) );
#552 = PCURVE('',#492,#553);
#553 = DEFINITIONAL_REPRESENTATION('',(#554),#558);
#554 = LINE('',#555,#556);
#555 = CARTESIAN_POINT('',(-1.570796326795,0.));
#556 = VECTOR('',#557,1.);
#557 = DIRECTION('',(-0.,1.));
#558 = ( GEOMETRIC_REPRESENTATION_CONTEXT(2) 
PARAMETRIC_REPRESENTATION_CONTEXT() REPRESENTATION_CONTEXT('2D SPACE',''
  ) );
#559 = ORIENTED_EDGE('',*,*,#560,.T.);
#560 = EDGE_CURVE('',#538,#365,#561,.T.);
#561 = SURFACE_CURVE('',#562,(#566,#573),.PCURVE_S1.);
#562 = LINE('',#563,#564);
#563 = CARTESIAN_POINT('',(15.,-35.,56.));
#564 = VECTOR('',#565,1.);
#565 = DIRECTION('',(0.,1.,0.));
#566 = PCURVE('',#44,#567);
#567 = DEFINITIONAL_REPRESENTATION('',(#568),#572);
#568 = LINE('',#569,#570);
#569 = CARTESIAN_POINT('',(30.,0.));
#570 = VECTOR('',#571,1.);
#571 = DIRECTION('',(0.,1.));
#572 = ( GEOMETRIC_REPRESENTATION_CONTEXT(2) 
PARAMETRIC_REPRESENTATION_CONTEXT() REPRESENTATION_CONTEXT('2D SPACE',''
  ) );
#573 = PCURVE('',#404,#574);
#574 = DEFINITIONAL_REPRESENTATION('',(#575),#579);
#575 = LINE('',#576,#577);
#576 = CARTESIAN_POINT('',(56.,0.));
#577 = VECTOR('',#578,1.);
#578 = DIRECTION('',(0.,-1.));
#579 = ( GEOMETRIC_REPRESENTATION_CONTEXT(2) 
PARAMETRIC_REPRESENTATION_CONTEXT() REPRESENTATION_CONTEXT('2D SPACE',''
  ) );
#580 = ORIENTED_EDGE('',*,*,#364,.F.);
#581 = ORIENTED_EDGE('',*,*,#582,.T.);
#582 = EDGE_CURVE('',#315,#24,#583,.T.);
#583 = SURFACE_CURVE('',#584,(#589,#600),.PCURVE_S1.);
#584 = CIRCLE('',#585,5.3);
#585 = AXIS2_PLACEMENT_3D('',#586,#587,#588);
#586 = CARTESIAN_POINT('',(0.,27.,56.));
#587 = DIRECTION('',(0.,-0.,-1.));
#588 = DIRECTION('',(0.895806416478,-0.444444444444,0.));
#589 = PCURVE('',#44,#590);
#590 = DEFINITIONAL_REPRESENTATION('',(#591),#599);
#591 = ( BOUNDED_CURVE() B_SPLINE_CURVE(2,(#592,#593,#594,#595,#596,#597
,#598),.UNSPECIFIED.,.T.,.F.) B_SPLINE_CURVE_WITH_KNOTS((1,2,2,2,2,1),(
    -2.094395102393,0.,2.094395102393,4.188790204786,6.28318530718,
8.377580409573),.UNSPECIFIED.) CURVE() GEOMETRIC_REPRESENTATION_ITEM() 
RATIONAL_B_SPLINE_CURVE((1.,0.5,1.,0.5,1.,0.5,1.)) REPRESENTATION_ITEM(
  '') );
#592 = CARTESIAN_POINT('',(19.747774007331,59.644444444444));
#593 = CARTESIAN_POINT('',(15.667832105058,51.421058640892));
#594 = CARTESIAN_POINT('',(10.586142045198,59.066084876001));
#595 = CARTESIAN_POINT('',(5.504451985337,66.711111111111));
#596 = CARTESIAN_POINT('',(14.666083947471,67.289470679554));
#597 = CARTESIAN_POINT('',(23.827715909605,67.867830247997));
#598 = CARTESIAN_POINT('',(19.747774007331,59.644444444444));
#599 = ( GEOMETRIC_REPRESENTATION_CONTEXT(2) 
PARAMETRIC_REPRESENTATION_CONTEXT() REPRESENTATION_CONTEXT('2D SPACE',''
  ) );
#600 = PCURVE('',#601,#606);
#601 = CONICAL_SURFACE('',#602,4.5,0.785398163397);
#602 = AXIS2_PLACEMENT_3D('',#603,#604,#605);
#603 = CARTESIAN_POINT('',(0.,27.,55.2));
#604 = DIRECTION('',(0.,0.,1.));
#605 = DIRECTION('',(0.895806416478,-0.444444444444,0.));
#606 = DEFINITIONAL_REPRESENTATION('',(#607),#611);
#607 = LINE('',#608,#609);
#608 = CARTESIAN_POINT('',(-0.,0.8));
#609 = VECTOR('',#610,1.);
#610 = DIRECTION('',(-1.,0.));
#611 = ( GEOMETRIC_REPRESENTATION_CONTEXT(2) 
PARAMETRIC_REPRESENTATION_CONTEXT() REPRESENTATION_CONTEXT('2D SPACE',''
  ) );
#612 = ORIENTED_EDGE('',*,*,#21,.F.);
#613 = ORIENTED_EDGE('',*,*,#614,.F.);
#614 = EDGE_CURVE('',#475,#22,#615,.T.);
#615 = SURFACE_CURVE('',#616,(#620,#627),.PCURVE_S1.);
#616 = LINE('',#617,#618);
#617 = CARTESIAN_POINT('',(-15.,-35.,56.));
#618 = VECTOR('',#619,1.);
#619 = DIRECTION('',(0.,1.,0.));
#620 = PCURVE('',#44,#621);
#621 = DEFINITIONAL_REPRESENTATION('',(#622),#626);
#622 = LINE('',#623,#624);
#623 = CARTESIAN_POINT('',(0.,0.));
#624 = VECTOR('',#625,1.);
#625 = DIRECTION('',(0.,1.));
#626 = ( GEOMETRIC_REPRESENTATION_CONTEXT(2) 
PARAMETRIC_REPRESENTATION_CONTEXT() REPRESENTATION_CONTEXT('2D SPACE',''
  ) );
#627 = PCURVE('',#459,#628);
#628 = DEFINITIONAL_REPRESENTATION('',(#629),#633);
#629 = LINE('',#630,#631);
#630 = CARTESIAN_POINT('',(56.,0.));
#631 = VECTOR('',#632,1.);
#632 = DIRECTION('',(0.,-1.));
#633 = ( GEOMETRIC_REPRESENTATION_CONTEXT(2) 
PARAMETRIC_REPRESENTATION_CONTEXT() REPRESENTATION_CONTEXT('2D SPACE',''
  ) );
#634 = ADVANCED_FACE('',(#635),#214,.F.);
#635 = FACE_BOUND('',#636,.F.);
#636 = EDGE_LOOP('',(#637,#658,#659,#679));
#637 = ORIENTED_EDGE('',*,*,#638,.T.);
#638 = EDGE_CURVE('',#639,#24,#641,.T.);
#639 = VERTEX_POINT('',#640);
#640 = CARTESIAN_POINT('',(-4.167302668916,25.301886792453,55.2));
#641 = SURFACE_CURVE('',#642,(#646,#652),.PCURVE_S1.);
#642 = LINE('',#643,#644);
#643 = CARTESIAN_POINT('',(-4.167302668916,25.301886792453,55.2));
#644 = VECTOR('',#645,1.);
#645 = DIRECTION('',(-0.654828439211,-0.266832747618,0.707106781187));
#646 = PCURVE('',#214,#647);
#647 = DEFINITIONAL_REPRESENTATION('',(#648),#651);
#648 = B_SPLINE_CURVE_WITH_KNOTS('',1,(#649,#650),.UNSPECIFIED.,.F.,.F.,
  (2,2),(0.,1.131370849898),.PIECEWISE_BEZIER_KNOTS.);
#649 = CARTESIAN_POINT('',(0.,39.372489632146));
#650 = CARTESIAN_POINT('',(16.741202351149,39.372489632146));
#651 = ( GEOMETRIC_REPRESENTATION_CONTEXT(2) 
PARAMETRIC_REPRESENTATION_CONTEXT() REPRESENTATION_CONTEXT('2D SPACE',''
  ) );
#652 = PCURVE('',#601,#653);
#653 = DEFINITIONAL_REPRESENTATION('',(#654),#657);
#654 = B_SPLINE_CURVE_WITH_KNOTS('',1,(#655,#656),.UNSPECIFIED.,.F.,.F.,
  (2,2),(0.,1.131370849898),.PIECEWISE_BEZIER_KNOTS.);
#655 = CARTESIAN_POINT('',(-2.29409642372,0.));
#656 = CARTESIAN_POINT('',(-2.29409642372,0.8));
#657 = ( GEOMETRIC_REPRESENTATION_CONTEXT(2) 
PARAMETRIC_REPRESENTATION_CONTEXT() REPRESENTATION_CONTEXT('2D SPACE',''
  ) );
#658 = ORIENTED_EDGE('',*,*,#56,.T.);
#659 = ORIENTED_EDGE('',*,*,#660,.F.);
#660 = EDGE_CURVE('',#661,#57,#663,.T.);
#661 = VERTEX_POINT('',#662);
#662 = CARTESIAN_POINT('',(4.5,27.,55.031723155697));
#663 = SURFACE_CURVE('',#664,(#667,#673),.PCURVE_S1.);
#664 = B_SPLINE_CURVE_WITH_KNOTS('',1,(#665,#666),.UNSPECIFIED.,.F.,.F.,
  (2,2),(0.,16.741202351149),.PIECEWISE_BEZIER_KNOTS.);
#665 = CARTESIAN_POINT('',(4.5,27.,55.031723155697));
#666 = CARTESIAN_POINT('',(5.295235298988,27.172061277844,55.76125759343
    ));
#667 = PCURVE('',#214,#668);
#668 = DEFINITIONAL_REPRESENTATION('',(#669),#672);
#669 = B_SPLINE_CURVE_WITH_KNOTS('',1,(#670,#671),.UNSPECIFIED.,.F.,.F.,
  (2,2),(0.,16.741202351149),.PIECEWISE_BEZIER_KNOTS.);
#670 = CARTESIAN_POINT('',(0.,56.113691983295));
#671 = CARTESIAN_POINT('',(16.741202351149,56.113691983295));
#672 = ( GEOMETRIC_REPRESENTATION_CONTEXT(2) 
PARAMETRIC_REPRESENTATION_CONTEXT() REPRESENTATION_CONTEXT('2D SPACE',''
  ) );
#673 = PCURVE('',#340,#674);
#674 = DEFINITIONAL_REPRESENTATION('',(#675),#678);
#675 = B_SPLINE_CURVE_WITH_KNOTS('',1,(#676,#677),.UNSPECIFIED.,.F.,.F.,
  (2,2),(0.,16.741202351149),.PIECEWISE_BEZIER_KNOTS.);
#676 = CARTESIAN_POINT('',(0.,56.113691983295));
#677 = CARTESIAN_POINT('',(1.653040107354,56.113691983295));
#678 = ( GEOMETRIC_REPRESENTATION_CONTEXT(2) 
PARAMETRIC_REPRESENTATION_CONTEXT() REPRESENTATION_CONTEXT('2D SPACE',''
  ) );
#679 = ORIENTED_EDGE('',*,*,#680,.F.);
#680 = EDGE_CURVE('',#639,#661,#681,.T.);
#681 = SURFACE_CURVE('',#682,(#729,#736),.PCURVE_S1.);
#682 = B_SPLINE_CURVE_WITH_KNOTS('',12,(#683,#684,#685,#686,#687,#688,
    #689,#690,#691,#692,#693,#694,#695,#696,#697,#698,#699,#700,#701,
    #702,#703,#704,#705,#706,#707,#708,#709,#710,#711,#712,#713,#714,
    #715,#716,#717,#718,#719,#720,#721,#722,#723,#724,#725,#726,#727,
    #728),.UNSPECIFIED.,.F.,.F.,(13,11,11,11,13),(39.372489632146,
    42.23279170966,46.99617176551,51.984702992979,56.113691983295),
  .UNSPECIFIED.);
#683 = CARTESIAN_POINT('',(-4.167302668916,25.301886792453,55.2));
#684 = CARTESIAN_POINT('',(-4.260011562324,25.529401670265,
    55.199999999987));
#685 = CARTESIAN_POINT('',(-4.340386029906,25.765170447037,
    55.193435678453));
#686 = CARTESIAN_POINT('',(-4.406961465815,26.009009897833,
    55.179242795202));
#687 = CARTESIAN_POINT('',(-4.458882565248,26.254257556256,
    55.157667005878));
#688 = CARTESIAN_POINT('',(-4.496041687847,26.507687667948,
    55.127133627426));
#689 = CARTESIAN_POINT('',(-4.517261302041,26.763927923292,
    55.087713795237));
#690 = CARTESIAN_POINT('',(-4.522011471421,27.014922207776,
    55.040443155146));
#691 = CARTESIAN_POINT('',(-4.511560574317,27.26239919631,
    54.985781975766));
#692 = CARTESIAN_POINT('',(-4.4873179498,27.508096458871,54.924341617074
    ));
#693 = CARTESIAN_POINT('',(-4.449409964294,27.744051611747,
    54.85773078167));
#694 = CARTESIAN_POINT('',(-4.39920507982,27.975002490093,
    54.786084481639));
#695 = CARTESIAN_POINT('',(-4.234840986058,28.569990973328,
    54.584941302278));
#696 = CARTESIAN_POINT('',(-4.100518213763,28.92074680663,
    54.448682696263));
#697 = CARTESIAN_POINT('',(-3.938547939617,29.250192337379,
    54.305203830487));
#698 = CARTESIAN_POINT('',(-3.751515630265,29.558592989333,
    54.157260486009));
#699 = CARTESIAN_POINT('',(-3.541953160003,29.845703470526,
    54.007912499126));
#700 = CARTESIAN_POINT('',(-3.311521267145,30.111750391165,
    53.859711997926));
#701 = CARTESIAN_POINT('',(-3.060560023874,30.357466654428,
    53.71455469411));
#702 = CARTESIAN_POINT('',(-2.788596393459,30.583014082719,
    53.574433966332));
#703 = CARTESIAN_POINT('',(-2.49528881823,30.787030607442,
    53.442233364859));
#704 = CARTESIAN_POINT('',(-2.181006293956,30.966985330864,
    53.321629548289));
#705 = CARTESIAN_POINT('',(-1.846783546553,31.120518913184,
    53.216154658725));
#706 = CARTESIAN_POINT('',(-1.126107005543,31.37431675057,
    53.038717974657));
#707 = CARTESIAN_POINT('',(-0.738124440814,31.471683101781,
    52.968648361495));
#708 = CARTESIAN_POINT('',(-0.332027350704,31.533904880559,
    52.922524774214));
#709 = CARTESIAN_POINT('',(8.049980912272E-02,31.551990968355,
    52.909719923214));
#710 = CARTESIAN_POINT('',(0.496648093199,31.53873814063,52.917602238964
    ));
#711 = CARTESIAN_POINT('',(0.920884915385,31.460635754496,
    52.977696868151));
#712 = CARTESIAN_POINT('',(1.288846435008,31.372815370198,
    53.040552707051));
#713 = CARTESIAN_POINT('',(1.683449071086,31.223388513748,53.14812675185
    ));
#714 = CARTESIAN_POINT('',(2.016723453641,31.066004134171,
    53.257432050915));
#715 = CARTESIAN_POINT('',(2.34736217849,30.872023206583,53.386933979638
    ));
#716 = CARTESIAN_POINT('',(2.649847582761,30.65572186966,53.524786909331
    ));
#717 = CARTESIAN_POINT('',(3.161438699418,30.216904209917,
    53.789139448738));
#718 = CARTESIAN_POINT('',(3.377250072707,30.002317405659,
    53.913346913751));
#719 = CARTESIAN_POINT('',(3.577171728111,29.769537193858,
    54.040936789669));
#720 = CARTESIAN_POINT('',(3.760699248053,29.532998736891,
    54.167077989219));
#721 = CARTESIAN_POINT('',(3.930775823743,29.245470428163,54.30215234795
    ));
#722 = CARTESIAN_POINT('',(4.073460993699,29.015174657847,
    54.414976824571));
#723 = CARTESIAN_POINT('',(4.215815896908,28.661781251699,
    54.555822539022));
#724 = CARTESIAN_POINT('',(4.314703020739,28.403008247366,
    54.657251195624));
#725 = CARTESIAN_POINT('',(4.4097070394,28.050386644289,54.776132485204)
  );
#726 = CARTESIAN_POINT('',(4.468419755064,27.712865334176,
    54.874000603704));
#727 = CARTESIAN_POINT('',(4.5,27.359411296923,54.960535431526));
#728 = CARTESIAN_POINT('',(4.5,27.,55.031723155697));
#729 = PCURVE('',#214,#730);
#730 = DEFINITIONAL_REPRESENTATION('',(#731),#735);
#731 = LINE('',#732,#733);
#732 = CARTESIAN_POINT('',(0.,0.));
#733 = VECTOR('',#734,1.);
#734 = DIRECTION('',(0.,1.));
#735 = ( GEOMETRIC_REPRESENTATION_CONTEXT(2) 
PARAMETRIC_REPRESENTATION_CONTEXT() REPRESENTATION_CONTEXT('2D SPACE',''
  ) );
#736 = PCURVE('',#737,#742);
#737 = CYLINDRICAL_SURFACE('',#738,4.5);
#738 = AXIS2_PLACEMENT_3D('',#739,#740,#741);
#739 = CARTESIAN_POINT('',(0.,27.,-14.0000002));
#740 = DIRECTION('',(-0.,-0.,-1.));
#741 = DIRECTION('',(1.,0.,0.));
#742 = DEFINITIONAL_REPRESENTATION('',(#743),#826);
#743 = B_SPLINE_CURVE_WITH_KNOTS('',11,(#744,#745,#746,#747,#748,#749,
    #750,#751,#752,#753,#754,#755,#756,#757,#758,#759,#760,#761,#762,
    #763,#764,#765,#766,#767,#768,#769,#770,#771,#772,#773,#774,#775,
    #776,#777,#778,#779,#780,#781,#782,#783,#784,#785,#786,#787,#788,
    #789,#790,#791,#792,#793,#794,#795,#796,#797,#798,#799,#800,#801,
    #802,#803,#804,#805,#806,#807,#808,#809,#810,#811,#812,#813,#814,
    #815,#816,#817,#818,#819,#820,#821,#822,#823,#824,#825),
  .UNSPECIFIED.,.F.,.F.,(12,10,10,10,10,10,10,10,12),(39.372489632146,
    41.46513992604,42.511465072987,43.557790219933,45.650440513827,
    47.743090807721,51.928391395508,54.021041689402,56.113691983295),
  .UNSPECIFIED.);
#744 = CARTESIAN_POINT('',(-3.528534891778,-69.2000002));
#745 = CARTESIAN_POINT('',(-3.484960826915,-69.20000019998));
#746 = CARTESIAN_POINT('',(-3.440957688887,-69.19578123416));
#747 = CARTESIAN_POINT('',(-3.396517988638,-69.1868048315));
#748 = CARTESIAN_POINT('',(-3.352085715175,-69.17302791576));
#749 = CARTESIAN_POINT('',(-3.307384339226,-69.15397652254));
#750 = CARTESIAN_POINT('',(-3.262383457362,-69.12936605088));
#751 = CARTESIAN_POINT('',(-3.217499182742,-69.0993441091));
#752 = CARTESIAN_POINT('',(-3.173016178741,-69.0642101438));
#753 = CARTESIAN_POINT('',(-3.128855420168,-69.02422354547));
#754 = CARTESIAN_POINT('',(-3.085191351402,-68.97984877647));
#755 = CARTESIAN_POINT('',(-3.020471965103,-68.9073290604));
#756 = CARTESIAN_POINT('',(-2.999034837935,-68.8821681456));
#757 = CARTESIAN_POINT('',(-2.97769311963,-68.85603336068));
#758 = CARTESIAN_POINT('',(-2.9566572621,-68.82915148615));
#759 = CARTESIAN_POINT('',(-2.935378537125,-68.80112849967));
#760 = CARTESIAN_POINT('',(-2.914879854797,-68.77282457218));
#761 = CARTESIAN_POINT('',(-2.89382949835,-68.74329051229));
#762 = CARTESIAN_POINT('',(-2.873370603223,-68.71339539428));
#763 = CARTESIAN_POINT('',(-2.852912685596,-68.68284077585));
#764 = CARTESIAN_POINT('',(-2.832624126437,-68.65174312667));
#765 = CARTESIAN_POINT('',(-2.792311489668,-68.58854287748));
#766 = CARTESIAN_POINT('',(-2.772289475937,-68.5564396313));
#767 = CARTESIAN_POINT('',(-2.752394700436,-68.52387727915));
#768 = CARTESIAN_POINT('',(-2.732620177756,-68.49089903496));
#769 = CARTESIAN_POINT('',(-2.712959003465,-68.45754731009));
#770 = CARTESIAN_POINT('',(-2.693404354178,-68.42386371494));
#771 = CARTESIAN_POINT('',(-2.673949487457,-68.38988905666));
#772 = CARTESIAN_POINT('',(-2.654587741925,-68.35566334176));
#773 = CARTESIAN_POINT('',(-2.63531253716,-68.32122577369));
#774 = CARTESIAN_POINT('',(-2.616117373775,-68.28661475468));
#775 = CARTESIAN_POINT('',(-2.558752752563,-68.18237414443));
#776 = CARTESIAN_POINT('',(-2.520802369832,-68.11233570338));
#777 = CARTESIAN_POINT('',(-2.483093701569,-68.04205654765));
#778 = CARTESIAN_POINT('',(-2.445571169185,-67.97182118206));
#779 = CARTESIAN_POINT('',(-2.408176147303,-67.90190188359));
#780 = CARTESIAN_POINT('',(-2.370848512122,-67.83256596066));
#781 = CARTESIAN_POINT('',(-2.333528189547,-67.76408300417));
#782 = CARTESIAN_POINT('',(-2.296156703583,-67.6967321482));
#783 = CARTESIAN_POINT('',(-2.258678724487,-67.63080932139));
#784 = CARTESIAN_POINT('',(-2.221043617096,-67.56663450573));
#785 = CARTESIAN_POINT('',(-2.145370361014,-67.44248347535));
#786 = CARTESIAN_POINT('',(-2.107329487966,-67.38250226501));
#787 = CARTESIAN_POINT('',(-2.069055081674,-67.32497685826));
#788 = CARTESIAN_POINT('',(-2.030482242623,-67.27025051187));
#789 = CARTESIAN_POINT('',(-1.991592298857,-67.2187267788));
#790 = CARTESIAN_POINT('',(-1.95237823472,-67.17082995905));
#791 = CARTESIAN_POINT('',(-1.912808836179,-67.12696469366));
#792 = CARTESIAN_POINT('',(-1.872844625041,-67.08752525322));
#793 = CARTESIAN_POINT('',(-1.832496599817,-67.05293837581));
#794 = CARTESIAN_POINT('',(-1.791856746583,-67.02365683146));
#795 = CARTESIAN_POINT('',(-1.669188192932,-66.95254892458));
#796 = CARTESIAN_POINT('',(-1.586427510738,-66.92744643524));
#797 = CARTESIAN_POINT('',(-1.50300656,-66.92734542306));
#798 = CARTESIAN_POINT('',(-1.419995909992,-66.95215269946));
#799 = CARTESIAN_POINT('',(-1.336317975446,-67.00603716696));
#800 = CARTESIAN_POINT('',(-1.257858332112,-67.07613291613));
#801 = CARTESIAN_POINT('',(-1.176099525034,-67.17128083347));
#802 = CARTESIAN_POINT('',(-1.10037201972,-67.27499094189));
#803 = CARTESIAN_POINT('',(-1.023502513386,-67.39259033421));
#804 = CARTESIAN_POINT('',(-0.947980945314,-67.51829249669));
#805 = CARTESIAN_POINT('',(-0.835395748242,-67.7156878167));
#806 = CARTESIAN_POINT('',(-0.797984221259,-67.78296486651));
#807 = CARTESIAN_POINT('',(-0.760609299863,-67.85143865987));
#808 = CARTESIAN_POINT('',(-0.72328784325,-67.92074231181));
#809 = CARTESIAN_POINT('',(-0.685883298422,-67.99071038795));
#810 = CARTESIAN_POINT('',(-0.648319744976,-68.06108176795));
#811 = CARTESIAN_POINT('',(-0.610606833045,-68.13148413931));
#812 = CARTESIAN_POINT('',(-0.572701064077,-68.20163106905));
#813 = CARTESIAN_POINT('',(-0.534478386004,-68.2713378103));
#814 = CARTESIAN_POINT('',(-0.4959129786,-68.3402466831));
#815 = CARTESIAN_POINT('',(-0.417981805001,-68.47584740955));
#816 = CARTESIAN_POINT('',(-0.378609740817,-68.54254704131));
#817 = CARTESIAN_POINT('',(-0.338829745074,-68.60775083851));
#818 = CARTESIAN_POINT('',(-0.298468152469,-68.67128952607));
#819 = CARTESIAN_POINT('',(-0.257665167967,-68.73253357559));
#820 = CARTESIAN_POINT('',(-0.216240242943,-68.79128740906));
#821 = CARTESIAN_POINT('',(-0.173941951956,-68.84742243533));
#822 = CARTESIAN_POINT('',(-0.131017035006,-68.90009827524));
#823 = CARTESIAN_POINT('',(-8.790304685584E-02,-68.94828786644));
#824 = CARTESIAN_POINT('',(-4.415914993706E-02,-68.99236412477));
#825 = CARTESIAN_POINT('',(4.589062177955E-16,-69.03172335569));
#826 = ( GEOMETRIC_REPRESENTATION_CONTEXT(2) 
PARAMETRIC_REPRESENTATION_CONTEXT() REPRESENTATION_CONTEXT('2D SPACE',''
  ) );
#827 = ADVANCED_FACE('',(#828,#937),#459,.F.);
#828 = FACE_BOUND('',#829,.F.);
#829 = EDGE_LOOP('',(#830,#860,#888,#909,#910,#911));
#830 = ORIENTED_EDGE('',*,*,#831,.F.);
#831 = EDGE_CURVE('',#832,#834,#836,.T.);
#832 = VERTEX_POINT('',#833);
#833 = CARTESIAN_POINT('',(-15.,-35.,0.));
#834 = VERTEX_POINT('',#835);
#835 = CARTESIAN_POINT('',(-15.,-35.,46.));
#836 = SURFACE_CURVE('',#837,(#841,#848),.PCURVE_S1.);
#837 = LINE('',#838,#839);
#838 = CARTESIAN_POINT('',(-15.,-35.,0.));
#839 = VECTOR('',#840,1.);
#840 = DIRECTION('',(0.,0.,1.));
#841 = PCURVE('',#459,#842);
#842 = DEFINITIONAL_REPRESENTATION('',(#843),#847);
#843 = LINE('',#844,#845);
#844 = CARTESIAN_POINT('',(0.,0.));
#845 = VECTOR('',#846,1.);
#846 = DIRECTION('',(1.,0.));
#847 = ( GEOMETRIC_REPRESENTATION_CONTEXT(2) 
PARAMETRIC_REPRESENTATION_CONTEXT() REPRESENTATION_CONTEXT('2D SPACE',''
  ) );
#848 = PCURVE('',#849,#854);
#849 = PLANE('',#850);
#850 = AXIS2_PLACEMENT_3D('',#851,#852,#853);
#851 = CARTESIAN_POINT('',(-15.,-35.,0.));
#852 = DIRECTION('',(0.,1.,0.));
#853 = DIRECTION('',(0.,0.,1.));
#854 = DEFINITIONAL_REPRESENTATION('',(#855),#859);
#855 = LINE('',#856,#857);
#856 = CARTESIAN_POINT('',(0.,0.));
#857 = VECTOR('',#858,1.);
#858 = DIRECTION('',(1.,0.));
#859 = ( GEOMETRIC_REPRESENTATION_CONTEXT(2) 
PARAMETRIC_REPRESENTATION_CONTEXT() REPRESENTATION_CONTEXT('2D SPACE',''
  ) );
#860 = ORIENTED_EDGE('',*,*,#861,.T.);
#861 = EDGE_CURVE('',#832,#862,#864,.T.);
#862 = VERTEX_POINT('',#863);
#863 = CARTESIAN_POINT('',(-15.,35.,0.));
#864 = SURFACE_CURVE('',#865,(#869,#876),.PCURVE_S1.);
#865 = LINE('',#866,#867);
#866 = CARTESIAN_POINT('',(-15.,-35.,0.));
#867 = VECTOR('',#868,1.);
#868 = DIRECTION('',(0.,1.,0.));
#869 = PCURVE('',#459,#870);
#870 = DEFINITIONAL_REPRESENTATION('',(#871),#875);
#871 = LINE('',#872,#873);
#872 = CARTESIAN_POINT('',(0.,0.));
#873 = VECTOR('',#874,1.);
#874 = DIRECTION('',(0.,-1.));
#875 = ( GEOMETRIC_REPRESENTATION_CONTEXT(2) 
PARAMETRIC_REPRESENTATION_CONTEXT() REPRESENTATION_CONTEXT('2D SPACE',''
  ) );
#876 = PCURVE('',#877,#882);
#877 = PLANE('',#878);
#878 = AXIS2_PLACEMENT_3D('',#879,#880,#881);
#879 = CARTESIAN_POINT('',(-15.,-35.,0.));
#880 = DIRECTION('',(0.,0.,1.));
#881 = DIRECTION('',(1.,0.,0.));
#882 = DEFINITIONAL_REPRESENTATION('',(#883),#887);
#883 = LINE('',#884,#885);
#884 = CARTESIAN_POINT('',(0.,0.));
#885 = VECTOR('',#886,1.);
#886 = DIRECTION('',(0.,1.));
#887 = ( GEOMETRIC_REPRESENTATION_CONTEXT(2) 
PARAMETRIC_REPRESENTATION_CONTEXT() REPRESENTATION_CONTEXT('2D SPACE',''
  ) );
#888 = ORIENTED_EDGE('',*,*,#889,.T.);
#889 = EDGE_CURVE('',#862,#417,#890,.T.);
#890 = SURFACE_CURVE('',#891,(#895,#902),.PCURVE_S1.);
#891 = LINE('',#892,#893);
#892 = CARTESIAN_POINT('',(-15.,35.,0.));
#893 = VECTOR('',#894,1.);
#894 = DIRECTION('',(0.,0.,1.));
#895 = PCURVE('',#459,#896);
#896 = DEFINITIONAL_REPRESENTATION('',(#897),#901);
#897 = LINE('',#898,#899);
#898 = CARTESIAN_POINT('',(0.,-70.));
#899 = VECTOR('',#900,1.);
#900 = DIRECTION('',(1.,0.));
#901 = ( GEOMETRIC_REPRESENTATION_CONTEXT(2) 
PARAMETRIC_REPRESENTATION_CONTEXT() REPRESENTATION_CONTEXT('2D SPACE',''
  ) );
#902 = PCURVE('',#432,#903);
#903 = DEFINITIONAL_REPRESENTATION('',(#904),#908);
#904 = LINE('',#905,#906);
#905 = CARTESIAN_POINT('',(0.,0.));
#906 = VECTOR('',#907,1.);
#907 = DIRECTION('',(1.,0.));
#908 = ( GEOMETRIC_REPRESENTATION_CONTEXT(2) 
PARAMETRIC_REPRESENTATION_CONTEXT() REPRESENTATION_CONTEXT('2D SPACE',''
  ) );
#909 = ORIENTED_EDGE('',*,*,#444,.T.);
#910 = ORIENTED_EDGE('',*,*,#614,.F.);
#911 = ORIENTED_EDGE('',*,*,#912,.F.);
#912 = EDGE_CURVE('',#834,#475,#913,.T.);
#913 = SURFACE_CURVE('',#914,(#919,#930),.PCURVE_S1.);
#914 = CIRCLE('',#915,10.);
#915 = AXIS2_PLACEMENT_3D('',#916,#917,#918);
#916 = CARTESIAN_POINT('',(-15.,-25.,46.));
#917 = DIRECTION('',(-1.,0.,-0.));
#918 = DIRECTION('',(-0.,0.,1.));
#919 = PCURVE('',#459,#920);
#920 = DEFINITIONAL_REPRESENTATION('',(#921),#929);
#921 = ( BOUNDED_CURVE() B_SPLINE_CURVE(2,(#922,#923,#924,#925,#926,#927
,#928),.UNSPECIFIED.,.T.,.F.) B_SPLINE_CURVE_WITH_KNOTS((1,2,2,2,2,1),(
    -2.094395102393,0.,2.094395102393,4.188790204786,6.28318530718,
8.377580409573),.UNSPECIFIED.) CURVE() GEOMETRIC_REPRESENTATION_ITEM() 
RATIONAL_B_SPLINE_CURVE((1.,0.5,1.,0.5,1.,0.5,1.)) REPRESENTATION_ITEM(
  '') );
#922 = CARTESIAN_POINT('',(56.,-10.));
#923 = CARTESIAN_POINT('',(56.,-27.32050807568));
#924 = CARTESIAN_POINT('',(41.,-18.66025403784));
#925 = CARTESIAN_POINT('',(26.,-10.));
#926 = CARTESIAN_POINT('',(41.,-1.339745962156));
#927 = CARTESIAN_POINT('',(56.,7.320508075689));
#928 = CARTESIAN_POINT('',(56.,-10.));
#929 = ( GEOMETRIC_REPRESENTATION_CONTEXT(2) 
PARAMETRIC_REPRESENTATION_CONTEXT() REPRESENTATION_CONTEXT('2D SPACE',''
  ) );
#930 = PCURVE('',#492,#931);
#931 = DEFINITIONAL_REPRESENTATION('',(#932),#936);
#932 = LINE('',#933,#934);
#933 = CARTESIAN_POINT('',(4.712388980385,-0.));
#934 = VECTOR('',#935,1.);
#935 = DIRECTION('',(-1.,0.));
#936 = ( GEOMETRIC_REPRESENTATION_CONTEXT(2) 
PARAMETRIC_REPRESENTATION_CONTEXT() REPRESENTATION_CONTEXT('2D SPACE',''
  ) );
#937 = FACE_BOUND('',#938,.F.);
#938 = EDGE_LOOP('',(#939));
#939 = ORIENTED_EDGE('',*,*,#940,.T.);
#940 = EDGE_CURVE('',#941,#941,#943,.T.);
#941 = VERTEX_POINT('',#942);
#942 = CARTESIAN_POINT('',(-15.,0.,55.));
#943 = SURFACE_CURVE('',#944,(#949,#960),.PCURVE_S1.);
#944 = CIRCLE('',#945,21.);
#945 = AXIS2_PLACEMENT_3D('',#946,#947,#948);
#946 = CARTESIAN_POINT('',(-15.,0.,34.));
#947 = DIRECTION('',(-1.,0.,1.110223024625E-16));
#948 = DIRECTION('',(1.110223024625E-16,0.,1.));
#949 = PCURVE('',#459,#950);
#950 = DEFINITIONAL_REPRESENTATION('',(#951),#959);
#951 = ( BOUNDED_CURVE() B_SPLINE_CURVE(2,(#952,#953,#954,#955,#956,#957
,#958),.UNSPECIFIED.,.T.,.F.) B_SPLINE_CURVE_WITH_KNOTS((1,2,2,2,2,1),(
    -2.094395102393,0.,2.094395102393,4.188790204786,6.28318530718,
8.377580409573),.UNSPECIFIED.) CURVE() GEOMETRIC_REPRESENTATION_ITEM() 
RATIONAL_B_SPLINE_CURVE((1.,0.5,1.,0.5,1.,0.5,1.)) REPRESENTATION_ITEM(
  '') );
#952 = CARTESIAN_POINT('',(55.,-35.));
#953 = CARTESIAN_POINT('',(55.,-71.37306695894));
#954 = CARTESIAN_POINT('',(23.5,-53.18653347947));
#955 = CARTESIAN_POINT('',(-8.,-35.));
#956 = CARTESIAN_POINT('',(23.5,-16.81346652052));
#957 = CARTESIAN_POINT('',(55.,1.373066958946));
#958 = CARTESIAN_POINT('',(55.,-35.));
#959 = ( GEOMETRIC_REPRESENTATION_CONTEXT(2) 
PARAMETRIC_REPRESENTATION_CONTEXT() REPRESENTATION_CONTEXT('2D SPACE',''
  ) );
#960 = PCURVE('',#961,#966);
#961 = CYLINDRICAL_SURFACE('',#962,21.);
#962 = AXIS2_PLACEMENT_3D('',#963,#964,#965);
#963 = CARTESIAN_POINT('',(-3.,0.,34.));
#964 = DIRECTION('',(1.,-0.,-1.110223024625E-16));
#965 = DIRECTION('',(1.110223024625E-16,0.,1.));
#966 = DEFINITIONAL_REPRESENTATION('',(#967),#971);
#967 = LINE('',#968,#969);
#968 = CARTESIAN_POINT('',(-0.,-12.));
#969 = VECTOR('',#970,1.);
#970 = DIRECTION('',(-1.,0.));
#971 = ( GEOMETRIC_REPRESENTATION_CONTEXT(2) 
PARAMETRIC_REPRESENTATION_CONTEXT() REPRESENTATION_CONTEXT('2D SPACE',''
  ) );
#972 = ADVANCED_FACE('',(#973),#340,.F.);
#973 = FACE_BOUND('',#974,.F.);
#974 = EDGE_LOOP('',(#975,#976,#977,#998));
#975 = ORIENTED_EDGE('',*,*,#660,.T.);
#976 = ORIENTED_EDGE('',*,*,#314,.T.);
#977 = ORIENTED_EDGE('',*,*,#978,.F.);
#978 = EDGE_CURVE('',#979,#315,#981,.T.);
#979 = VERTEX_POINT('',#980);
#980 = CARTESIAN_POINT('',(4.167302668916,25.301886792453,55.2));
#981 = SURFACE_CURVE('',#982,(#986,#992),.PCURVE_S1.);
#982 = LINE('',#983,#984);
#983 = CARTESIAN_POINT('',(4.167302668916,25.301886792453,55.2));
#984 = VECTOR('',#985,1.);
#985 = DIRECTION('',(0.654828439211,-0.266832747618,0.707106781187));
#986 = PCURVE('',#340,#987);
#987 = DEFINITIONAL_REPRESENTATION('',(#988),#991);
#988 = B_SPLINE_CURVE_WITH_KNOTS('',1,(#989,#990),.UNSPECIFIED.,.F.,.F.,
  (2,2),(0.,1.131370849898),.PIECEWISE_BEZIER_KNOTS.);
#989 = CARTESIAN_POINT('',(0.,57.766732090649));
#990 = CARTESIAN_POINT('',(1.653040107354,57.766732090649));
#991 = ( GEOMETRIC_REPRESENTATION_CONTEXT(2) 
PARAMETRIC_REPRESENTATION_CONTEXT() REPRESENTATION_CONTEXT('2D SPACE',''
  ) );
#992 = PCURVE('',#601,#993);
#993 = DEFINITIONAL_REPRESENTATION('',(#994),#997);
#994 = B_SPLINE_CURVE_WITH_KNOTS('',1,(#995,#996),.UNSPECIFIED.,.F.,.F.,
  (2,2),(0.,1.131370849898),.PIECEWISE_BEZIER_KNOTS.);
#995 = CARTESIAN_POINT('',(7.361175349294E-02,0.));
#996 = CARTESIAN_POINT('',(7.361175349294E-02,0.8));
#997 = ( GEOMETRIC_REPRESENTATION_CONTEXT(2) 
PARAMETRIC_REPRESENTATION_CONTEXT() REPRESENTATION_CONTEXT('2D SPACE',''
  ) );
#998 = ORIENTED_EDGE('',*,*,#999,.F.);
#999 = EDGE_CURVE('',#661,#979,#1000,.T.);
#1000 = SURFACE_CURVE('',#1001,(#1010,#1017),.PCURVE_S1.);
#1001 = B_SPLINE_CURVE_WITH_KNOTS('',7,(#1002,#1003,#1004,#1005,#1006,
    #1007,#1008,#1009),.UNSPECIFIED.,.F.,.F.,(8,8),(56.113691983295,
    57.766732090649),.PIECEWISE_BEZIER_KNOTS.);
#1002 = CARTESIAN_POINT('',(4.5,27.,55.031723155697));
#1003 = CARTESIAN_POINT('',(4.5,26.753330987219,55.080580289001));
#1004 = CARTESIAN_POINT('',(4.484257263473,26.503324507969,
    55.121861732201));
#1005 = CARTESIAN_POINT('',(4.451778518551,26.252381258051,
    55.154526714991));
#1006 = CARTESIAN_POINT('',(4.403128873111,26.005525427741,
    55.178113275861));
#1007 = CARTESIAN_POINT('',(4.338389506876,25.762631767299,
    55.19303409671));
#1008 = CARTESIAN_POINT('',(4.259413076228,25.527932938564,55.2));
#1009 = CARTESIAN_POINT('',(4.167302668916,25.301886792453,55.2));
#1010 = PCURVE('',#340,#1011);
#1011 = DEFINITIONAL_REPRESENTATION('',(#1012),#1016);
#1012 = LINE('',#1013,#1014);
#1013 = CARTESIAN_POINT('',(0.,0.));
#1014 = VECTOR('',#1015,1.);
#1015 = DIRECTION('',(0.,1.));
#1016 = ( GEOMETRIC_REPRESENTATION_CONTEXT(2) 
PARAMETRIC_REPRESENTATION_CONTEXT() REPRESENTATION_CONTEXT('2D SPACE',''
  ) );
#1017 = PCURVE('',#737,#1018);
#1018 = DEFINITIONAL_REPRESENTATION('',(#1019),#1028);
#1019 = B_SPLINE_CURVE_WITH_KNOTS('',7,(#1020,#1021,#1022,#1023,#1024,
    #1025,#1026,#1027),.UNSPECIFIED.,.F.,.F.,(8,8),(56.113691983295,
    57.766732090649),.PIECEWISE_BEZIER_KNOTS.);
#1020 = CARTESIAN_POINT('',(-6.28318530718,-69.03172335569));
#1021 = CARTESIAN_POINT('',(-6.228369971006,-69.080580489));
#1022 = CARTESIAN_POINT('',(-6.172813690686,-69.12186215577));
#1023 = CARTESIAN_POINT('',(-6.116776396908,-69.15452642862));
#1024 = CARTESIAN_POINT('',(-6.061083826221,-69.17811389106));
#1025 = CARTESIAN_POINT('',(-6.005407786238,-69.19303415656));
#1026 = CARTESIAN_POINT('',(-5.950485864408,-69.2000002));
#1027 = CARTESIAN_POINT('',(-5.896243068991,-69.2000002));
#1028 = ( GEOMETRIC_REPRESENTATION_CONTEXT(2) 
PARAMETRIC_REPRESENTATION_CONTEXT() REPRESENTATION_CONTEXT('2D SPACE',''
  ) );
#1029 = ADVANCED_FACE('',(#1030),#432,.T.);
#1030 = FACE_BOUND('',#1031,.T.);
#1031 = EDGE_LOOP('',(#1032,#1055,#1076,#1077));
#1032 = ORIENTED_EDGE('',*,*,#1033,.F.);
#1033 = EDGE_CURVE('',#1034,#388,#1036,.T.);
#1034 = VERTEX_POINT('',#1035);
#1035 = CARTESIAN_POINT('',(15.,35.,0.));
#1036 = SURFACE_CURVE('',#1037,(#1041,#1048),.PCURVE_S1.);
#1037 = LINE('',#1038,#1039);
#1038 = CARTESIAN_POINT('',(15.,35.,0.));
#1039 = VECTOR('',#1040,1.);
#1040 = DIRECTION('',(0.,0.,1.));
#1041 = PCURVE('',#432,#1042);
#1042 = DEFINITIONAL_REPRESENTATION('',(#1043),#1047);
#1043 = LINE('',#1044,#1045);
#1044 = CARTESIAN_POINT('',(0.,30.));
#1045 = VECTOR('',#1046,1.);
#1046 = DIRECTION('',(1.,0.));
#1047 = ( GEOMETRIC_REPRESENTATION_CONTEXT(2) 
PARAMETRIC_REPRESENTATION_CONTEXT() REPRESENTATION_CONTEXT('2D SPACE',''
  ) );
#1048 = PCURVE('',#404,#1049);
#1049 = DEFINITIONAL_REPRESENTATION('',(#1050),#1054);
#1050 = LINE('',#1051,#1052);
#1051 = CARTESIAN_POINT('',(0.,-70.));
#1052 = VECTOR('',#1053,1.);
#1053 = DIRECTION('',(1.,0.));
#1054 = ( GEOMETRIC_REPRESENTATION_CONTEXT(2) 
PARAMETRIC_REPRESENTATION_CONTEXT() REPRESENTATION_CONTEXT('2D SPACE',''
  ) );
#1055 = ORIENTED_EDGE('',*,*,#1056,.F.);
#1056 = EDGE_CURVE('',#862,#1034,#1057,.T.);
#1057 = SURFACE_CURVE('',#1058,(#1062,#1069),.PCURVE_S1.);
#1058 = LINE('',#1059,#1060);
#1059 = CARTESIAN_POINT('',(-15.,35.,0.));
#1060 = VECTOR('',#1061,1.);
#1061 = DIRECTION('',(1.,0.,0.));
#1062 = PCURVE('',#432,#1063);
#1063 = DEFINITIONAL_REPRESENTATION('',(#1064),#1068);
#1064 = LINE('',#1065,#1066);
#1065 = CARTESIAN_POINT('',(0.,0.));
#1066 = VECTOR('',#1067,1.);
#1067 = DIRECTION('',(0.,1.));
#1068 = ( GEOMETRIC_REPRESENTATION_CONTEXT(2) 
PARAMETRIC_REPRESENTATION_CONTEXT() REPRESENTATION_CONTEXT('2D SPACE',''
  ) );
#1069 = PCURVE('',#877,#1070);
#1070 = DEFINITIONAL_REPRESENTATION('',(#1071),#1075);
#1071 = LINE('',#1072,#1073);
#1072 = CARTESIAN_POINT('',(0.,70.));
#1073 = VECTOR('',#1074,1.);
#1074 = DIRECTION('',(1.,0.));
#1075 = ( GEOMETRIC_REPRESENTATION_CONTEXT(2) 
PARAMETRIC_REPRESENTATION_CONTEXT() REPRESENTATION_CONTEXT('2D SPACE',''
  ) );
#1076 = ORIENTED_EDGE('',*,*,#889,.T.);
#1077 = ORIENTED_EDGE('',*,*,#416,.T.);
#1078 = ADVANCED_FACE('',(#1079,#1156),#404,.T.);
#1079 = FACE_BOUND('',#1080,.T.);
#1080 = EDGE_LOOP('',(#1081,#1106,#1127,#1128,#1129,#1130));
#1081 = ORIENTED_EDGE('',*,*,#1082,.F.);
#1082 = EDGE_CURVE('',#1083,#1085,#1087,.T.);
#1083 = VERTEX_POINT('',#1084);
#1084 = CARTESIAN_POINT('',(15.,-35.,0.));
#1085 = VERTEX_POINT('',#1086);
#1086 = CARTESIAN_POINT('',(15.,-35.,46.));
#1087 = SURFACE_CURVE('',#1088,(#1092,#1099),.PCURVE_S1.);
#1088 = LINE('',#1089,#1090);
#1089 = CARTESIAN_POINT('',(15.,-35.,0.));
#1090 = VECTOR('',#1091,1.);
#1091 = DIRECTION('',(0.,0.,1.));
#1092 = PCURVE('',#404,#1093);
#1093 = DEFINITIONAL_REPRESENTATION('',(#1094),#1098);
#1094 = LINE('',#1095,#1096);
#1095 = CARTESIAN_POINT('',(0.,0.));
#1096 = VECTOR('',#1097,1.);
#1097 = DIRECTION('',(1.,0.));
#1098 = ( GEOMETRIC_REPRESENTATION_CONTEXT(2) 
PARAMETRIC_REPRESENTATION_CONTEXT() REPRESENTATION_CONTEXT('2D SPACE',''
  ) );
#1099 = PCURVE('',#849,#1100);
#1100 = DEFINITIONAL_REPRESENTATION('',(#1101),#1105);
#1101 = LINE('',#1102,#1103);
#1102 = CARTESIAN_POINT('',(0.,30.));
#1103 = VECTOR('',#1104,1.);
#1104 = DIRECTION('',(1.,0.));
#1105 = ( GEOMETRIC_REPRESENTATION_CONTEXT(2) 
PARAMETRIC_REPRESENTATION_CONTEXT() REPRESENTATION_CONTEXT('2D SPACE',''
  ) );
#1106 = ORIENTED_EDGE('',*,*,#1107,.T.);
#1107 = EDGE_CURVE('',#1083,#1034,#1108,.T.);
#1108 = SURFACE_CURVE('',#1109,(#1113,#1120),.PCURVE_S1.);
#1109 = LINE('',#1110,#1111);
#1110 = CARTESIAN_POINT('',(15.,-35.,0.));
#1111 = VECTOR('',#1112,1.);
#1112 = DIRECTION('',(0.,1.,0.));
#1113 = PCURVE('',#404,#1114);
#1114 = DEFINITIONAL_REPRESENTATION('',(#1115),#1119);
#1115 = LINE('',#1116,#1117);
#1116 = CARTESIAN_POINT('',(0.,0.));
#1117 = VECTOR('',#1118,1.);
#1118 = DIRECTION('',(0.,-1.));
#1119 = ( GEOMETRIC_REPRESENTATION_CONTEXT(2) 
PARAMETRIC_REPRESENTATION_CONTEXT() REPRESENTATION_CONTEXT('2D SPACE',''
  ) );
#1120 = PCURVE('',#877,#1121);
#1121 = DEFINITIONAL_REPRESENTATION('',(#1122),#1126);
#1122 = LINE('',#1123,#1124);
#1123 = CARTESIAN_POINT('',(30.,0.));
#1124 = VECTOR('',#1125,1.);
#1125 = DIRECTION('',(0.,1.));
#1126 = ( GEOMETRIC_REPRESENTATION_CONTEXT(2) 
PARAMETRIC_REPRESENTATION_CONTEXT() REPRESENTATION_CONTEXT('2D SPACE',''
  ) );
#1127 = ORIENTED_EDGE('',*,*,#1033,.T.);
#1128 = ORIENTED_EDGE('',*,*,#387,.T.);
#1129 = ORIENTED_EDGE('',*,*,#560,.F.);
#1130 = ORIENTED_EDGE('',*,*,#1131,.F.);
#1131 = EDGE_CURVE('',#1085,#538,#1132,.T.);
#1132 = SURFACE_CURVE('',#1133,(#1138,#1149),.PCURVE_S1.);
#1133 = CIRCLE('',#1134,10.);
#1134 = AXIS2_PLACEMENT_3D('',#1135,#1136,#1137);
#1135 = CARTESIAN_POINT('',(15.,-25.,46.));
#1136 = DIRECTION('',(-1.,0.,-0.));
#1137 = DIRECTION('',(-0.,0.,1.));
#1138 = PCURVE('',#404,#1139);
#1139 = DEFINITIONAL_REPRESENTATION('',(#1140),#1148);
#1140 = ( BOUNDED_CURVE() B_SPLINE_CURVE(2,(#1141,#1142,#1143,#1144,
#1145,#1146,#1147),.UNSPECIFIED.,.T.,.F.) B_SPLINE_CURVE_WITH_KNOTS((1,2
    ,2,2,2,1),(-2.094395102393,0.,2.094395102393,4.188790204786,
6.28318530718,8.377580409573),.UNSPECIFIED.) CURVE() 
GEOMETRIC_REPRESENTATION_ITEM() RATIONAL_B_SPLINE_CURVE((1.,0.5,1.,0.5,
1.,0.5,1.)) REPRESENTATION_ITEM('') );
#1141 = CARTESIAN_POINT('',(56.,-10.));
#1142 = CARTESIAN_POINT('',(56.,-27.32050807568));
#1143 = CARTESIAN_POINT('',(41.,-18.66025403784));
#1144 = CARTESIAN_POINT('',(26.,-10.));
#1145 = CARTESIAN_POINT('',(41.,-1.339745962156));
#1146 = CARTESIAN_POINT('',(56.,7.320508075689));
#1147 = CARTESIAN_POINT('',(56.,-10.));
#1148 = ( GEOMETRIC_REPRESENTATION_CONTEXT(2) 
PARAMETRIC_REPRESENTATION_CONTEXT() REPRESENTATION_CONTEXT('2D SPACE',''
  ) );
#1149 = PCURVE('',#492,#1150);
#1150 = DEFINITIONAL_REPRESENTATION('',(#1151),#1155);
#1151 = LINE('',#1152,#1153);
#1152 = CARTESIAN_POINT('',(4.712388980385,30.));
#1153 = VECTOR('',#1154,1.);
#1154 = DIRECTION('',(-1.,0.));
#1155 = ( GEOMETRIC_REPRESENTATION_CONTEXT(2) 
PARAMETRIC_REPRESENTATION_CONTEXT() REPRESENTATION_CONTEXT('2D SPACE',''
  ) );
#1156 = FACE_BOUND('',#1157,.T.);
#1157 = EDGE_LOOP('',(#1158));
#1158 = ORIENTED_EDGE('',*,*,#1159,.F.);
#1159 = EDGE_CURVE('',#1160,#1160,#1162,.T.);
#1160 = VERTEX_POINT('',#1161);
#1161 = CARTESIAN_POINT('',(15.,0.,13.));
#1162 = SURFACE_CURVE('',#1163,(#1168,#1175),.PCURVE_S1.);
#1163 = CIRCLE('',#1164,21.);
#1164 = AXIS2_PLACEMENT_3D('',#1165,#1166,#1167);
#1165 = CARTESIAN_POINT('',(15.,0.,34.));
#1166 = DIRECTION('',(1.,-0.,1.110223024625E-16));
#1167 = DIRECTION('',(1.110223024625E-16,0.,-1.));
#1168 = PCURVE('',#404,#1169);
#1169 = DEFINITIONAL_REPRESENTATION('',(#1170),#1174);
#1170 = CIRCLE('',#1171,21.);
#1171 = AXIS2_PLACEMENT_2D('',#1172,#1173);
#1172 = CARTESIAN_POINT('',(34.,-35.));
#1173 = DIRECTION('',(-1.,0.));
#1174 = ( GEOMETRIC_REPRESENTATION_CONTEXT(2) 
PARAMETRIC_REPRESENTATION_CONTEXT() REPRESENTATION_CONTEXT('2D SPACE',''
  ) );
#1175 = PCURVE('',#1176,#1181);
#1176 = CYLINDRICAL_SURFACE('',#1177,21.);
#1177 = AXIS2_PLACEMENT_3D('',#1178,#1179,#1180);
#1178 = CARTESIAN_POINT('',(3.,0.,34.));
#1179 = DIRECTION('',(-1.,-0.,-1.110223024625E-16));
#1180 = DIRECTION('',(1.110223024625E-16,0.,-1.));
#1181 = DEFINITIONAL_REPRESENTATION('',(#1182),#1186);
#1182 = LINE('',#1183,#1184);
#1183 = CARTESIAN_POINT('',(-0.,-12.));
#1184 = VECTOR('',#1185,1.);
#1185 = DIRECTION('',(-1.,0.));
#1186 = ( GEOMETRIC_REPRESENTATION_CONTEXT(2) 
PARAMETRIC_REPRESENTATION_CONTEXT() REPRESENTATION_CONTEXT('2D SPACE',''
  ) );
#1187 = ADVANCED_FACE('',(#1188),#492,.T.);
#1188 = FACE_BOUND('',#1189,.F.);
#1189 = EDGE_LOOP('',(#1190,#1191,#1451,#1495,#1496,#1497,#1518));
#1190 = ORIENTED_EDGE('',*,*,#474,.T.);
#1191 = ORIENTED_EDGE('',*,*,#1192,.F.);
#1192 = EDGE_CURVE('',#1193,#477,#1195,.T.);
#1193 = VERTEX_POINT('',#1194);
#1194 = CARTESIAN_POINT('',(5.295231753405,-27.17208108578,
    55.761253185773));
#1195 = SURFACE_CURVE('',#1196,(#1247,#1343),.PCURVE_S1.);
#1196 = B_SPLINE_CURVE_WITH_KNOTS('',13,(#1197,#1198,#1199,#1200,#1201,
    #1202,#1203,#1204,#1205,#1206,#1207,#1208,#1209,#1210,#1211,#1212,
    #1213,#1214,#1215,#1216,#1217,#1218,#1219,#1220,#1221,#1222,#1223,
    #1224,#1225,#1226,#1227,#1228,#1229,#1230,#1231,#1232,#1233,#1234,
    #1235,#1236,#1237,#1238,#1239,#1240,#1241,#1242,#1243,#1244,#1245,
    #1246),.UNSPECIFIED.,.F.,.F.,(14,12,12,12,14),(41.025644927338,
    45.154941054476,50.144205567551,54.90657711735,57.766732087121),
  .UNSPECIFIED.);
#1197 = CARTESIAN_POINT('',(5.295231753405,-27.17208108578,
    55.761253185773));
#1198 = CARTESIAN_POINT('',(5.280068651921,-27.59029166479,
    55.66819266667));
#1199 = CARTESIAN_POINT('',(5.228774379677,-27.99546704172,
    55.557761397152));
#1200 = CARTESIAN_POINT('',(5.14144173452,-28.38448264776,
    55.430790145863));
#1201 = CARTESIAN_POINT('',(5.038419969009,-28.73791997367,
    55.301341043541));
#1202 = CARTESIAN_POINT('',(4.866539799729,-29.12325155243,
    55.130659378698));
#1203 = CARTESIAN_POINT('',(4.767855401885,-29.3320869874,
    55.034759831475));
#1204 = CARTESIAN_POINT('',(4.526300523561,-29.75570660176,
    54.821438040399));
#1205 = CARTESIAN_POINT('',(4.388224665042,-29.91198642496,
    54.721874102898));
#1206 = CARTESIAN_POINT('',(4.156136755588,-30.2265977454,
    54.542409625603));
#1207 = CARTESIAN_POINT('',(3.950455591332,-30.43045900611,
    54.405767138134));
#1208 = CARTESIAN_POINT('',(3.71971106027,-30.64884750495,
    54.258343387545));
#1209 = CARTESIAN_POINT('',(3.480243047804,-30.84255885359,
    54.118744663059));
#1210 = CARTESIAN_POINT('',(2.925507654178,-31.23489226265,
    53.822940374907));
#1211 = CARTESIAN_POINT('',(2.605410783888,-31.42491384159,
    53.669888576579));
#1212 = CARTESIAN_POINT('',(2.268052785089,-31.59144338706,
    53.527587112921));
#1213 = CARTESIAN_POINT('',(1.916765819484,-31.73300184184,
    53.400293600074));
#1214 = CARTESIAN_POINT('',(1.549413074205,-31.85070718471,
    53.289590743105));
#1215 = CARTESIAN_POINT('',(1.165344055285,-31.94383552695,
    53.198608129367));
#1216 = CARTESIAN_POINT('',(0.767666609402,-32.00946932056,
    53.132587654177));
#1217 = CARTESIAN_POINT('',(0.36124167096,-32.04524266523,
    53.096084101708));
#1218 = CARTESIAN_POINT('',(-4.850518630855E-02,-32.05085718674,
    53.090717593847));
#1219 = CARTESIAN_POINT('',(-0.45497377227,-32.02696842539,
    53.115479308895));
#1220 = CARTESIAN_POINT('',(-0.851864787662,-31.97408551264,
    53.168120397239));
#1221 = CARTESIAN_POINT('',(-1.238195843214,-31.89414002142,
    53.245111556791));
#1222 = CARTESIAN_POINT('',(-1.965955749521,-31.68711033518,
    53.436498769869));
#1223 = CARTESIAN_POINT('',(-2.30841636275,-31.56250698322,
    53.548907851545));
#1224 = CARTESIAN_POINT('',(-2.637673465285,-31.41493938605,
    53.677662070502));
#1225 = CARTESIAN_POINT('',(-2.951108479125,-31.24608061767,
    53.819138875989));
#1226 = CARTESIAN_POINT('',(-3.250452711708,-31.05538807435,
    53.971306254052));
#1227 = CARTESIAN_POINT('',(-3.535506520104,-30.8425738493,
    54.13189875573));
#1228 = CARTESIAN_POINT('',(-3.804459629588,-30.60773771068,
    54.298392375647));
#1229 = CARTESIAN_POINT('',(-4.057152198652,-30.34988934443,
    54.468988847519));
#1230 = CARTESIAN_POINT('',(-4.294540101855,-30.06651576849,
    54.642563863294));
#1231 = CARTESIAN_POINT('',(-4.514588801063,-29.75494587483,
    54.81732220333));
#1232 = CARTESIAN_POINT('',(-4.711670911053,-29.41365427129,
    54.990006590348));
#1233 = CARTESIAN_POINT('',(-4.883136048143,-29.04145898435,
    55.157198425572));
#1234 = CARTESIAN_POINT('',(-5.106855523489,-28.3955804267,
    55.40944872803));
#1235 = CARTESIAN_POINT('',(-5.179451406516,-28.14190036197,
    55.500677477027));
#1236 = CARTESIAN_POINT('',(-5.239139606537,-27.87698839991,
    55.587385451998));
#1237 = CARTESIAN_POINT('',(-5.284801395204,-27.60216508825,
    55.668430551883));
#1238 = CARTESIAN_POINT('',(-5.314907372818,-27.31784463833,
    55.742737343213));
#1239 = CARTESIAN_POINT('',(-5.32780692987,-27.02506629082,
    55.809109262898));
#1240 = CARTESIAN_POINT('',(-5.322208601503,-26.72652184121,
    55.866282378443));
#1241 = CARTESIAN_POINT('',(-5.297460164405,-26.4260167202,
    55.913253103545));
#1242 = CARTESIAN_POINT('',(-5.253598702396,-26.12715437931,
    55.94963392237));
#1243 = CARTESIAN_POINT('',(-5.191305552635,-25.83263773525,
    55.975740381692));
#1244 = CARTESIAN_POINT('',(-5.11186910697,-25.54493736032,
    55.992290145828));
#1245 = CARTESIAN_POINT('',(-5.01702981523,-25.26718369076,
    55.999999999982));
#1246 = CARTESIAN_POINT('',(-4.908156476723,-25.,56.));
#1247 = PCURVE('',#492,#1248);
#1248 = DEFINITIONAL_REPRESENTATION('',(#1249),#1342);
#1249 = B_SPLINE_CURVE_WITH_KNOTS('',10,(#1250,#1251,#1252,#1253,#1254,
    #1255,#1256,#1257,#1258,#1259,#1260,#1261,#1262,#1263,#1264,#1265,
    #1266,#1267,#1268,#1269,#1270,#1271,#1272,#1273,#1274,#1275,#1276,
    #1277,#1278,#1279,#1280,#1281,#1282,#1283,#1284,#1285,#1286,#1287,
    #1288,#1289,#1290,#1291,#1292,#1293,#1294,#1295,#1296,#1297,#1298,
    #1299,#1300,#1301,#1302,#1303,#1304,#1305,#1306,#1307,#1308,#1309,
    #1310,#1311,#1312,#1313,#1314,#1315,#1316,#1317,#1318,#1319,#1320,
    #1321,#1322,#1323,#1324,#1325,#1326,#1327,#1328,#1329,#1330,#1331,
    #1332,#1333,#1334,#1335,#1336,#1337,#1338,#1339,#1340,#1341),
  .UNSPECIFIED.,.F.,.F.,(11,9,9,9,9,9,9,9,9,9,11),(41.025644927338,
    43.118280822311,44.164598769797,45.210916717284,49.396188507229,
    50.442506454716,51.488824402202,53.581460297175,54.627778244662,
    55.674096192148,57.766732087121),.UNSPECIFIED.);
#1250 = CARTESIAN_POINT('',(-1.351842948203,20.295231753405));
#1251 = CARTESIAN_POINT('',(-1.323616877123,20.285242131854));
#1252 = CARTESIAN_POINT('',(-1.295785513964,20.259146112891));
#1253 = CARTESIAN_POINT('',(-1.268453509167,20.217180056935));
#1254 = CARTESIAN_POINT('',(-1.241943775974,20.162948190931));
#1255 = CARTESIAN_POINT('',(-1.215776616652,20.092689266295));
#1256 = CARTESIAN_POINT('',(-1.191037237759,20.014182188728));
#1257 = CARTESIAN_POINT('',(-1.166962228814,19.924506903883));
#1258 = CARTESIAN_POINT('',(-1.143829324937,19.826296978943));
#1259 = CARTESIAN_POINT('',(-1.121513820885,19.719745802348));
#1260 = CARTESIAN_POINT('',(-1.08929262805,19.548694768843));
#1261 = CARTESIAN_POINT('',(-1.078759681172,19.48980054932));
#1262 = CARTESIAN_POINT('',(-1.068434407995,19.429124331248));
#1263 = CARTESIAN_POINT('',(-1.058315174687,19.366745598633));
#1264 = CARTESIAN_POINT('',(-1.048399109233,19.302730672137));
#1265 = CARTESIAN_POINT('',(-1.038682720044,19.237135271258));
#1266 = CARTESIAN_POINT('',(-1.029162514567,19.170007076915));
#1267 = CARTESIAN_POINT('',(-1.019835617899,19.10138829356));
#1268 = CARTESIAN_POINT('',(-1.010700391399,19.031318211734));
#1269 = CARTESIAN_POINT('',(-0.992813711188,18.888353328838));
#1270 = CARTESIAN_POINT('',(-0.984060375098,18.815452415223));
#1271 = CARTESIAN_POINT('',(-0.975508685535,18.74121407095));
#1272 = CARTESIAN_POINT('',(-0.96712288699,18.665544108494));
#1273 = CARTESIAN_POINT('',(-0.958959743992,18.588673573042));
#1274 = CARTESIAN_POINT('',(-0.950972277052,18.510456524699));
#1275 = CARTESIAN_POINT('',(-0.943135754105,18.430816035587));
#1276 = CARTESIAN_POINT('',(-0.935534612343,18.350057038891));
#1277 = CARTESIAN_POINT('',(-0.928105867618,18.267960931041));
#1278 = CARTESIAN_POINT('',(-0.89191701136,17.851164384429));
#1279 = CARTESIAN_POINT('',(-0.866011720424,17.497397626558));
#1280 = CARTESIAN_POINT('',(-0.843232218193,17.123244593377));
#1281 = CARTESIAN_POINT('',(-0.824039327246,16.732344818098));
#1282 = CARTESIAN_POINT('',(-0.808407893235,16.320360930102));
#1283 = CARTESIAN_POINT('',(-0.797099724333,15.889721753434));
#1284 = CARTESIAN_POINT('',(-0.790958387967,15.448701754124));
#1285 = CARTESIAN_POINT('',(-0.7899392638,15.004221106059));
#1286 = CARTESIAN_POINT('',(-0.793969561092,14.565198686405));
#1287 = CARTESIAN_POINT('',(-0.804838035884,14.029603063846));
#1288 = CARTESIAN_POINT('',(-0.807303454844,13.923139545762));
#1289 = CARTESIAN_POINT('',(-0.810055321941,13.817440328447));
#1290 = CARTESIAN_POINT('',(-0.813086761751,13.712560231655));
#1291 = CARTESIAN_POINT('',(-0.816391101449,13.608554261382));
#1292 = CARTESIAN_POINT('',(-0.819961771197,13.505495220472));
#1293 = CARTESIAN_POINT('',(-0.823791488101,13.403465868109));
#1294 = CARTESIAN_POINT('',(-0.827871909005,13.302536626665));
#1295 = CARTESIAN_POINT('',(-0.832194937471,13.202739835007));
#1296 = CARTESIAN_POINT('',(-0.841318802986,13.005363258659));
#1297 = CARTESIAN_POINT('',(-0.846119099018,12.907798929382));
#1298 = CARTESIAN_POINT('',(-0.85115117616,12.811380691553));
#1299 = CARTESIAN_POINT('',(-0.856408937876,12.716128157455));
#1300 = CARTESIAN_POINT('',(-0.861886773266,12.622058419001));
#1301 = CARTESIAN_POINT('',(-0.867579557058,12.529186047886));
#1302 = CARTESIAN_POINT('',(-0.873482649614,12.437523095413));
#1303 = CARTESIAN_POINT('',(-0.879591896929,12.347079092648));
#1304 = CARTESIAN_POINT('',(-0.885903630628,12.257861050313));
#1305 = CARTESIAN_POINT('',(-0.905436742649,11.993898275901));
#1306 = CARTESIAN_POINT('',(-0.919255835741,11.82285544843));
#1307 = CARTESIAN_POINT('',(-0.933847532069,11.656808268694));
#1308 = CARTESIAN_POINT('',(-0.949192743412,11.495839597047));
#1309 = CARTESIAN_POINT('',(-0.965280849712,11.34004150575));
#1310 = CARTESIAN_POINT('',(-0.98211113374,11.18952029885));
#1311 = CARTESIAN_POINT('',(-0.999692509146,11.044416907446));
#1312 = CARTESIAN_POINT('',(-1.018041541969,10.904942661118));
#1313 = CARTESIAN_POINT('',(-1.03717876555,10.771430434793));
#1314 = CARTESIAN_POINT('',(-1.067095550544,10.580886540016));
#1315 = CARTESIAN_POINT('',(-1.077269479592,10.518989760539));
#1316 = CARTESIAN_POINT('',(-1.087647721897,10.458776647937));
#1317 = CARTESIAN_POINT('',(-1.098232630695,10.400320898956));
#1318 = CARTESIAN_POINT('',(-1.109026266596,10.343704092405));
#1319 = CARTESIAN_POINT('',(-1.120030397565,10.289015689039));
#1320 = CARTESIAN_POINT('',(-1.131246498945,10.236353031698));
#1321 = CARTESIAN_POINT('',(-1.142675753435,10.185821345176));
#1322 = CARTESIAN_POINT('',(-1.154319051108,10.137533736319));
#1323 = CARTESIAN_POINT('',(-1.17803492769,10.045688651615));
#1324 = CARTESIAN_POINT('',(-1.190107535684,10.00213379803));
#1325 = CARTESIAN_POINT('',(-1.20239330951,9.961059250202));
#1326 = CARTESIAN_POINT('',(-1.214898786837,9.922594952418));
#1327 = CARTESIAN_POINT('',(-1.227622111194,9.886900194167));
#1328 = CARTESIAN_POINT('',(-1.240552003306,9.854151861592));
#1329 = CARTESIAN_POINT('',(-1.253674445814,9.824523833763));
#1330 = CARTESIAN_POINT('',(-1.26697938775,9.798172435725));
#1331 = CARTESIAN_POINT('',(-1.280459775135,9.775242859619));
#1332 = CARTESIAN_POINT('',(-1.321366091909,9.717248677891));
#1333 = CARTESIAN_POINT('',(-1.349263050577,9.692960561738));
#1334 = CARTESIAN_POINT('',(-1.377647612836,9.684286101701));
#1335 = CARTESIAN_POINT('',(-1.406365820289,9.692393075679));
#1336 = CARTESIAN_POINT('',(-1.435127528392,9.717997526021));
#1337 = CARTESIAN_POINT('',(-1.463633094658,9.761221457944));
#1338 = CARTESIAN_POINT('',(-1.49165506938,9.821532035843));
#1339 = CARTESIAN_POINT('',(-1.51898780875,9.897753281989));
#1340 = CARTESIAN_POINT('',(-1.545383240998,9.988289017964));
#1341 = CARTESIAN_POINT('',(-1.570796326795,10.091843523277));
#1342 = ( GEOMETRIC_REPRESENTATION_CONTEXT(2) 
PARAMETRIC_REPRESENTATION_CONTEXT() REPRESENTATION_CONTEXT('2D SPACE',''
  ) );
#1343 = PCURVE('',#1344,#1445);
#1344 = B_SPLINE_SURFACE_WITH_KNOTS('',1,13,(
    (#1345,#1346,#1347,#1348,#1349,#1350,#1351,#1352,#1353,#1354,#1355
      ,#1356,#1357,#1358,#1359,#1360,#1361,#1362,#1363,#1364,#1365,#1366
      ,#1367,#1368,#1369,#1370,#1371,#1372,#1373,#1374,#1375,#1376,#1377
      ,#1378,#1379,#1380,#1381,#1382,#1383,#1384,#1385,#1386,#1387,#1388
      ,#1389,#1390,#1391,#1392,#1393,#1394)
    ,(#1395,#1396,#1397,#1398,#1399,#1400,#1401,#1402,#1403,#1404,#1405
      ,#1406,#1407,#1408,#1409,#1410,#1411,#1412,#1413,#1414,#1415,#1416
      ,#1417,#1418,#1419,#1420,#1421,#1422,#1423,#1424,#1425,#1426,#1427
      ,#1428,#1429,#1430,#1431,#1432,#1433,#1434,#1435,#1436,#1437,#1438
      ,#1439,#1440,#1441,#1442,#1443,#1444
    )),.UNSPECIFIED.,.F.,.F.,.F.,(2,2),(14,12,12,12,14),(0.,
    16.741087159784),(41.025644927338,45.154941054476,50.144205567551,
    54.90657711735,57.766732087121),.UNSPECIFIED.);
#1345 = CARTESIAN_POINT('',(5.295231753405,-27.17208108578,
    55.761253185773));
#1346 = CARTESIAN_POINT('',(5.280068651921,-27.59029166479,
    55.66819266667));
#1347 = CARTESIAN_POINT('',(5.228774379677,-27.99546704172,
    55.557761397152));
#1348 = CARTESIAN_POINT('',(5.14144173452,-28.38448264776,
    55.430790145863));
#1349 = CARTESIAN_POINT('',(5.038419969009,-28.73791997367,
    55.301341043541));
#1350 = CARTESIAN_POINT('',(4.866539799729,-29.12325155243,
    55.130659378698));
#1351 = CARTESIAN_POINT('',(4.767855401885,-29.3320869874,
    55.034759831475));
#1352 = CARTESIAN_POINT('',(4.526300523561,-29.75570660176,
    54.821438040399));
#1353 = CARTESIAN_POINT('',(4.388224665042,-29.91198642496,
    54.721874102898));
#1354 = CARTESIAN_POINT('',(4.156136755588,-30.2265977454,
    54.542409625603));
#1355 = CARTESIAN_POINT('',(3.950455591332,-30.43045900611,
    54.405767138134));
#1356 = CARTESIAN_POINT('',(3.71971106027,-30.64884750495,
    54.258343387545));
#1357 = CARTESIAN_POINT('',(3.480243047804,-30.84255885359,
    54.118744663059));
#1358 = CARTESIAN_POINT('',(2.925507654178,-31.23489226265,
    53.822940374907));
#1359 = CARTESIAN_POINT('',(2.605410783888,-31.42491384159,
    53.669888576579));
#1360 = CARTESIAN_POINT('',(2.268052785089,-31.59144338706,
    53.527587112921));
#1361 = CARTESIAN_POINT('',(1.916765819484,-31.73300184184,
    53.400293600074));
#1362 = CARTESIAN_POINT('',(1.549413074205,-31.85070718471,
    53.289590743105));
#1363 = CARTESIAN_POINT('',(1.165344055285,-31.94383552695,
    53.198608129367));
#1364 = CARTESIAN_POINT('',(0.767666609402,-32.00946932056,
    53.132587654177));
#1365 = CARTESIAN_POINT('',(0.36124167096,-32.04524266523,
    53.096084101708));
#1366 = CARTESIAN_POINT('',(-4.850518630855E-02,-32.05085718674,
    53.090717593847));
#1367 = CARTESIAN_POINT('',(-0.45497377227,-32.02696842539,
    53.115479308895));
#1368 = CARTESIAN_POINT('',(-0.851864787662,-31.97408551264,
    53.168120397239));
#1369 = CARTESIAN_POINT('',(-1.238195843214,-31.89414002142,
    53.245111556791));
#1370 = CARTESIAN_POINT('',(-1.965955749521,-31.68711033518,
    53.436498769869));
#1371 = CARTESIAN_POINT('',(-2.30841636275,-31.56250698322,
    53.548907851545));
#1372 = CARTESIAN_POINT('',(-2.637673465285,-31.41493938605,
    53.677662070502));
#1373 = CARTESIAN_POINT('',(-2.951108479125,-31.24608061767,
    53.819138875989));
#1374 = CARTESIAN_POINT('',(-3.250452711708,-31.05538807435,
    53.971306254052));
#1375 = CARTESIAN_POINT('',(-3.535506520104,-30.8425738493,
    54.13189875573));
#1376 = CARTESIAN_POINT('',(-3.804459629588,-30.60773771068,
    54.298392375647));
#1377 = CARTESIAN_POINT('',(-4.057152198652,-30.34988934443,
    54.468988847519));
#1378 = CARTESIAN_POINT('',(-4.294540101855,-30.06651576849,
    54.642563863294));
#1379 = CARTESIAN_POINT('',(-4.514588801063,-29.75494587483,
    54.81732220333));
#1380 = CARTESIAN_POINT('',(-4.711670911053,-29.41365427129,
    54.990006590348));
#1381 = CARTESIAN_POINT('',(-4.883136048143,-29.04145898435,
    55.157198425572));
#1382 = CARTESIAN_POINT('',(-5.106855523489,-28.3955804267,
    55.40944872803));
#1383 = CARTESIAN_POINT('',(-5.179451406516,-28.14190036197,
    55.500677477027));
#1384 = CARTESIAN_POINT('',(-5.239139606537,-27.87698839991,
    55.587385451998));
#1385 = CARTESIAN_POINT('',(-5.284801395204,-27.60216508825,
    55.668430551883));
#1386 = CARTESIAN_POINT('',(-5.314907372818,-27.31784463833,
    55.742737343213));
#1387 = CARTESIAN_POINT('',(-5.32780692987,-27.02506629082,
    55.809109262898));
#1388 = CARTESIAN_POINT('',(-5.322208601503,-26.72652184121,
    55.866282378443));
#1389 = CARTESIAN_POINT('',(-5.297460164405,-26.4260167202,
    55.913253103545));
#1390 = CARTESIAN_POINT('',(-5.253598702396,-26.12715437931,
    55.94963392237));
#1391 = CARTESIAN_POINT('',(-5.191305552635,-25.83263773525,
    55.975740381692));
#1392 = CARTESIAN_POINT('',(-5.11186910697,-25.54493736032,
    55.992290145828));
#1393 = CARTESIAN_POINT('',(-5.01702981523,-25.26718369076,
    55.999999999982));
#1394 = CARTESIAN_POINT('',(-4.908156476723,-25.,56.));
#1395 = CARTESIAN_POINT('',(4.5,-27.,55.031721430803));
#1396 = CARTESIAN_POINT('',(4.499999999999,-27.33171941054,
    54.966016653185));
#1397 = CARTESIAN_POINT('',(4.473599396536,-27.65795674454,
    54.887581108462));
#1398 = CARTESIAN_POINT('',(4.421103559574,-27.97538686583,
    54.797095372197));
#1399 = CARTESIAN_POINT('',(4.351528572637,-28.27949478162,
    54.700903081235));
#1400 = CARTESIAN_POINT('',(4.239589599482,-28.59405248924,
    54.580455247934));
#1401 = CARTESIAN_POINT('',(4.15616277513,-28.8131634373,54.497404423777
    ));
#1402 = CARTESIAN_POINT('',(3.99355492505,-29.15295802921,
    54.348728821603));
#1403 = CARTESIAN_POINT('',(3.873627272444,-29.33850275881,
    54.258249345927));
#1404 = CARTESIAN_POINT('',(3.700792589632,-29.61245863117,
    54.125082070466));
#1405 = CARTESIAN_POINT('',(3.53203377228,-29.8215747024,54.012352224315
    ));
#1406 = CARTESIAN_POINT('',(3.343882726389,-30.03556930016,
    53.894108548182));
#1407 = CARTESIAN_POINT('',(3.143589207575,-30.23221414551,
    53.779913877904));
#1408 = CARTESIAN_POINT('',(2.671403832211,-30.63723255977,
    53.53592579447));
#1409 = CARTESIAN_POINT('',(2.393600233822,-30.8388259137,
    53.408124308795));
#1410 = CARTESIAN_POINT('',(2.095550063197,-31.02009852839,
    53.287976035722));
#1411 = CARTESIAN_POINT('',(1.780027461403,-31.1780636119,
    53.179514949775));
#1412 = CARTESIAN_POINT('',(1.445390229676,-31.31231557794,
    53.084462172974));
#1413 = CARTESIAN_POINT('',(1.09121619639,-31.42071762668,
    53.005843051233));
#1414 = CARTESIAN_POINT('',(0.720626261622,-31.49859337562,
    52.948521819743));
#1415 = CARTESIAN_POINT('',(0.339149456495,-31.54152669164,
    52.916762472728));
#1416 = CARTESIAN_POINT('',(-4.627041647732E-02,-31.5479155042,
    52.912152756144));
#1417 = CARTESIAN_POINT('',(-0.427508672486,-31.51891538809,
    52.933746216243));
#1418 = CARTESIAN_POINT('',(-0.797497021156,-31.45677941662,
    52.979345247696));
#1419 = CARTESIAN_POINT('',(-1.154680051456,-31.36428496204,
    53.045727007982));
#1420 = CARTESIAN_POINT('',(-1.820048869788,-31.12990465517,
    53.209588887597));
#1421 = CARTESIAN_POINT('',(-2.129751261926,-30.99055961569,
    53.305467561177));
#1422 = CARTESIAN_POINT('',(-2.422811116916,-30.8282848783,
    53.414498362441));
#1423 = CARTESIAN_POINT('',(-2.698108776921,-30.64608370802,
    53.533589138777));
#1424 = CARTESIAN_POINT('',(-2.955840224894,-30.44445136316,
    53.66053021505));
#1425 = CARTESIAN_POINT('',(-3.195813783817,-30.22488658184,
    53.79281138513));
#1426 = CARTESIAN_POINT('',(-3.417759428154,-29.9889266979,
    53.928106198722));
#1427 = CARTESIAN_POINT('',(-3.621979760571,-29.7360095214,
    54.065004304529));
#1428 = CARTESIAN_POINT('',(-3.808528355838,-29.46446419791,
    54.202392475116));
#1429 = CARTESIAN_POINT('',(-3.975728253186,-29.17451894125,
    54.338114295635));
#1430 = CARTESIAN_POINT('',(-4.120733573231,-28.86782292563,
    54.469223252845));
#1431 = CARTESIAN_POINT('',(-4.242483318268,-28.54205067959,
    54.594331549552));
#1432 = CARTESIAN_POINT('',(-4.394230121239,-27.99317643283,
    54.779937078763));
#1433 = CARTESIAN_POINT('',(-4.441523657468,-27.78104265168,
    54.846309605244));
#1434 = CARTESIAN_POINT('',(-4.478347475974,-27.56263117222,
    54.908788664823));
#1435 = CARTESIAN_POINT('',(-4.50411302381,-27.33947479447,
    54.96658983552));
#1436 = CARTESIAN_POINT('',(-4.518045939053,-27.11187342057,
    55.019093244642));
#1437 = CARTESIAN_POINT('',(-4.519345055501,-26.88025757903,
    55.065683323994));
#1438 = CARTESIAN_POINT('',(-4.507427062015,-26.64628066119,
    55.105693602045));
#1439 = CARTESIAN_POINT('',(-4.482056417035,-26.41240970698,
    55.138575473217));
#1440 = CARTESIAN_POINT('',(-4.44335092612,-26.18074976525,
    55.164134876623));
#1441 = CARTESIAN_POINT('',(-4.391740545199,-25.95250195337,
    55.182603287321));
#1442 = CARTESIAN_POINT('',(-4.327940523825,-25.72882059891,
    55.194429915744));
#1443 = CARTESIAN_POINT('',(-4.25287990267,-25.5119000195,55.19999999999
    ));
#1444 = CARTESIAN_POINT('',(-4.167302668916,-25.30188679245,55.2));
#1445 = DEFINITIONAL_REPRESENTATION('',(#1446),#1450);
#1446 = LINE('',#1447,#1448);
#1447 = CARTESIAN_POINT('',(0.,0.));
#1448 = VECTOR('',#1449,1.);
#1449 = DIRECTION('',(0.,1.));
#1450 = ( GEOMETRIC_REPRESENTATION_CONTEXT(2) 
PARAMETRIC_REPRESENTATION_CONTEXT() REPRESENTATION_CONTEXT('2D SPACE',''
  ) );
#1451 = ORIENTED_EDGE('',*,*,#1452,.F.);
#1452 = EDGE_CURVE('',#505,#1193,#1453,.T.);
#1453 = SURFACE_CURVE('',#1454,(#1462,#1473),.PCURVE_S1.);
#1454 = B_SPLINE_CURVE_WITH_KNOTS('',6,(#1455,#1456,#1457,#1458,#1459,
    #1460,#1461),.UNSPECIFIED.,.F.,.F.,(7,7),(39.372489630582,
    41.025644927338),.PIECEWISE_BEZIER_KNOTS.);
#1455 = CARTESIAN_POINT('',(4.908156476723,-25.,56.));
#1456 = CARTESIAN_POINT('',(5.044872672047,-25.33551223977,56.));
#1457 = CARTESIAN_POINT('',(5.157127373976,-25.68957601322,
    55.986520353547));
#1458 = CARTESIAN_POINT('',(5.24080728355,-26.05980663789,
    55.956553062933));
#1459 = CARTESIAN_POINT('',(5.291139888333,-26.43482050195,
    55.90828545771));
#1460 = CARTESIAN_POINT('',(5.308384539816,-26.80931661926,
    55.841975796008));
#1461 = CARTESIAN_POINT('',(5.295231753405,-27.17208108578,
    55.761253185773));
#1462 = PCURVE('',#492,#1463);
#1463 = DEFINITIONAL_REPRESENTATION('',(#1464),#1472);
#1464 = B_SPLINE_CURVE_WITH_KNOTS('',6,(#1465,#1466,#1467,#1468,#1469,
    #1470,#1471),.UNSPECIFIED.,.F.,.F.,(7,7),(39.372489630582,
    41.025644927338),.PIECEWISE_BEZIER_KNOTS.);
#1465 = CARTESIAN_POINT('',(-1.570796326795,19.908156476723));
#1466 = CARTESIAN_POINT('',(-1.537245102817,20.044872672047));
#1467 = CARTESIAN_POINT('',(-1.50183865341,20.157127408019));
#1468 = CARTESIAN_POINT('',(-1.464748024706,20.240807243687));
#1469 = CARTESIAN_POINT('',(-1.427002894757,20.291139894298));
#1470 = CARTESIAN_POINT('',(-1.389006666797,20.308384539816));
#1471 = CARTESIAN_POINT('',(-1.351842948203,20.295231753405));
#1472 = ( GEOMETRIC_REPRESENTATION_CONTEXT(2) 
PARAMETRIC_REPRESENTATION_CONTEXT() REPRESENTATION_CONTEXT('2D SPACE',''
  ) );
#1473 = PCURVE('',#1474,#1489);
#1474 = B_SPLINE_SURFACE_WITH_KNOTS('',1,6,(
    (#1475,#1476,#1477,#1478,#1479,#1480,#1481)
    ,(#1482,#1483,#1484,#1485,#1486,#1487,#1488
  )),.UNSPECIFIED.,.F.,.F.,.F.,(2,2),(7,7),(0.,1.653155296756),(
    39.372489630582,41.025644927338),.PIECEWISE_BEZIER_KNOTS.);
#1475 = CARTESIAN_POINT('',(4.908156476723,-25.,56.));
#1476 = CARTESIAN_POINT('',(5.044872672047,-25.33551223977,56.));
#1477 = CARTESIAN_POINT('',(5.157127373976,-25.68957601322,
    55.986520353547));
#1478 = CARTESIAN_POINT('',(5.24080728355,-26.05980663789,
    55.956553062933));
#1479 = CARTESIAN_POINT('',(5.291139888333,-26.43482050195,
    55.90828545771));
#1480 = CARTESIAN_POINT('',(5.308384539816,-26.80931661926,
    55.841975796008));
#1481 = CARTESIAN_POINT('',(5.295231753405,-27.17208108578,
    55.761253185773));
#1482 = CARTESIAN_POINT('',(4.167302668916,-25.30188679245,55.2));
#1483 = CARTESIAN_POINT('',(4.274764356309,-25.56560618094,55.2));
#1484 = CARTESIAN_POINT('',(4.363870740327,-25.84145169255,
    55.190267037443));
#1485 = CARTESIAN_POINT('',(4.432471424379,-26.12837961499,
    55.168953994507));
#1486 = CARTESIAN_POINT('',(4.47785150921,-26.41915406834,
    55.135187105763));
#1487 = CARTESIAN_POINT('',(4.5,-26.71225975371,55.088715107661));
#1488 = CARTESIAN_POINT('',(4.5,-27.,55.031721430803));
#1489 = DEFINITIONAL_REPRESENTATION('',(#1490),#1494);
#1490 = LINE('',#1491,#1492);
#1491 = CARTESIAN_POINT('',(0.,0.));
#1492 = VECTOR('',#1493,1.);
#1493 = DIRECTION('',(0.,1.));
#1494 = ( GEOMETRIC_REPRESENTATION_CONTEXT(2) 
PARAMETRIC_REPRESENTATION_CONTEXT() REPRESENTATION_CONTEXT('2D SPACE',''
  ) );
#1495 = ORIENTED_EDGE('',*,*,#537,.T.);
#1496 = ORIENTED_EDGE('',*,*,#1131,.F.);
#1497 = ORIENTED_EDGE('',*,*,#1498,.F.);
#1498 = EDGE_CURVE('',#834,#1085,#1499,.T.);
#1499 = SURFACE_CURVE('',#1500,(#1504,#1511),.PCURVE_S1.);
#1500 = LINE('',#1501,#1502);
#1501 = CARTESIAN_POINT('',(-15.,-35.,46.));
#1502 = VECTOR('',#1503,1.);
#1503 = DIRECTION('',(1.,0.,0.));
#1504 = PCURVE('',#492,#1505);
#1505 = DEFINITIONAL_REPRESENTATION('',(#1506),#1510);
#1506 = LINE('',#1507,#1508);
#1507 = CARTESIAN_POINT('',(-0.,0.));
#1508 = VECTOR('',#1509,1.);
#1509 = DIRECTION('',(-0.,1.));
#1510 = ( GEOMETRIC_REPRESENTATION_CONTEXT(2) 
PARAMETRIC_REPRESENTATION_CONTEXT() REPRESENTATION_CONTEXT('2D SPACE',''
  ) );
#1511 = PCURVE('',#849,#1512);
#1512 = DEFINITIONAL_REPRESENTATION('',(#1513),#1517);
#1513 = LINE('',#1514,#1515);
#1514 = CARTESIAN_POINT('',(46.,0.));
#1515 = VECTOR('',#1516,1.);
#1516 = DIRECTION('',(0.,1.));
#1517 = ( GEOMETRIC_REPRESENTATION_CONTEXT(2) 
PARAMETRIC_REPRESENTATION_CONTEXT() REPRESENTATION_CONTEXT('2D SPACE',''
  ) );
#1518 = ORIENTED_EDGE('',*,*,#912,.T.);
#1519 = ADVANCED_FACE('',(#1520),#525,.F.);
#1520 = FACE_BOUND('',#1521,.F.);
#1521 = EDGE_LOOP('',(#1522,#1543,#1544,#1565));
#1522 = ORIENTED_EDGE('',*,*,#1523,.F.);
#1523 = EDGE_CURVE('',#477,#1524,#1526,.T.);
#1524 = VERTEX_POINT('',#1525);
#1525 = CARTESIAN_POINT('',(-4.167302668916,-25.30188679245,55.2));
#1526 = SURFACE_CURVE('',#1527,(#1531,#1537),.PCURVE_S1.);
#1527 = LINE('',#1528,#1529);
#1528 = CARTESIAN_POINT('',(-4.167302668916,-25.30188679245,55.2));
#1529 = VECTOR('',#1530,1.);
#1530 = DIRECTION('',(0.654828439211,-0.266832747618,-0.707106781187));
#1531 = PCURVE('',#525,#1532);
#1532 = DEFINITIONAL_REPRESENTATION('',(#1533),#1536);
#1533 = B_SPLINE_CURVE_WITH_KNOTS('',1,(#1534,#1535),.UNSPECIFIED.,.F.,
  .F.,(2,2),(-1.131370849898,0.),.PIECEWISE_BEZIER_KNOTS.);
#1534 = CARTESIAN_POINT('',(7.361175349294E-02,0.8));
#1535 = CARTESIAN_POINT('',(7.361175349294E-02,0.));
#1536 = ( GEOMETRIC_REPRESENTATION_CONTEXT(2) 
PARAMETRIC_REPRESENTATION_CONTEXT() REPRESENTATION_CONTEXT('2D SPACE',''
  ) );
#1537 = PCURVE('',#1344,#1538);
#1538 = DEFINITIONAL_REPRESENTATION('',(#1539),#1542);
#1539 = B_SPLINE_CURVE_WITH_KNOTS('',1,(#1540,#1541),.UNSPECIFIED.,.F.,
  .F.,(2,2),(-1.131370849898,0.),.PIECEWISE_BEZIER_KNOTS.);
#1540 = CARTESIAN_POINT('',(0.,57.766732087121));
#1541 = CARTESIAN_POINT('',(16.741087159784,57.766732087121));
#1542 = ( GEOMETRIC_REPRESENTATION_CONTEXT(2) 
PARAMETRIC_REPRESENTATION_CONTEXT() REPRESENTATION_CONTEXT('2D SPACE',''
  ) );
#1543 = ORIENTED_EDGE('',*,*,#504,.T.);
#1544 = ORIENTED_EDGE('',*,*,#1545,.T.);
#1545 = EDGE_CURVE('',#505,#1546,#1548,.T.);
#1546 = VERTEX_POINT('',#1547);
#1547 = CARTESIAN_POINT('',(4.167302668916,-25.30188679245,55.2));
#1548 = SURFACE_CURVE('',#1549,(#1553,#1559),.PCURVE_S1.);
#1549 = LINE('',#1550,#1551);
#1550 = CARTESIAN_POINT('',(4.167302668916,-25.30188679245,55.2));
#1551 = VECTOR('',#1552,1.);
#1552 = DIRECTION('',(-0.654828439211,-0.266832747618,-0.707106781187));
#1553 = PCURVE('',#525,#1554);
#1554 = DEFINITIONAL_REPRESENTATION('',(#1555),#1558);
#1555 = B_SPLINE_CURVE_WITH_KNOTS('',1,(#1556,#1557),.UNSPECIFIED.,.F.,
  .F.,(2,2),(-1.131370849898,0.),.PIECEWISE_BEZIER_KNOTS.);
#1556 = CARTESIAN_POINT('',(-2.29409642372,0.8));
#1557 = CARTESIAN_POINT('',(-2.29409642372,0.));
#1558 = ( GEOMETRIC_REPRESENTATION_CONTEXT(2) 
PARAMETRIC_REPRESENTATION_CONTEXT() REPRESENTATION_CONTEXT('2D SPACE',''
  ) );
#1559 = PCURVE('',#1474,#1560);
#1560 = DEFINITIONAL_REPRESENTATION('',(#1561),#1564);
#1561 = B_SPLINE_CURVE_WITH_KNOTS('',1,(#1562,#1563),.UNSPECIFIED.,.F.,
  .F.,(2,2),(-1.131370849898,0.),.PIECEWISE_BEZIER_KNOTS.);
#1562 = CARTESIAN_POINT('',(0.,39.372489630582));
#1563 = CARTESIAN_POINT('',(1.653155296756,39.372489630582));
#1564 = ( GEOMETRIC_REPRESENTATION_CONTEXT(2) 
PARAMETRIC_REPRESENTATION_CONTEXT() REPRESENTATION_CONTEXT('2D SPACE',''
  ) );
#1565 = ORIENTED_EDGE('',*,*,#1566,.F.);
#1566 = EDGE_CURVE('',#1524,#1546,#1567,.T.);
#1567 = SURFACE_CURVE('',#1568,(#1573,#1580),.PCURVE_S1.);
#1568 = CIRCLE('',#1569,4.5);
#1569 = AXIS2_PLACEMENT_3D('',#1570,#1571,#1572);
#1570 = CARTESIAN_POINT('',(0.,-27.,55.2));
#1571 = DIRECTION('',(-0.,0.,-1.));
#1572 = DIRECTION('',(-0.895806416478,0.444444444444,0.));
#1573 = PCURVE('',#525,#1574);
#1574 = DEFINITIONAL_REPRESENTATION('',(#1575),#1579);
#1575 = LINE('',#1576,#1577);
#1576 = CARTESIAN_POINT('',(-0.,-0.));
#1577 = VECTOR('',#1578,1.);
#1578 = DIRECTION('',(-1.,-0.));
#1579 = ( GEOMETRIC_REPRESENTATION_CONTEXT(2) 
PARAMETRIC_REPRESENTATION_CONTEXT() REPRESENTATION_CONTEXT('2D SPACE',''
  ) );
#1580 = PCURVE('',#1581,#1586);
#1581 = CYLINDRICAL_SURFACE('',#1582,4.5);
#1582 = AXIS2_PLACEMENT_3D('',#1583,#1584,#1585);
#1583 = CARTESIAN_POINT('',(0.,-27.,-14.0000002));
#1584 = DIRECTION('',(-0.,-0.,-1.));
#1585 = DIRECTION('',(1.,0.,0.));
#1586 = DEFINITIONAL_REPRESENTATION('',(#1587),#1591);
#1587 = LINE('',#1588,#1589);
#1588 = CARTESIAN_POINT('',(-2.681038661908,-69.2000002));
#1589 = VECTOR('',#1590,1.);
#1590 = DIRECTION('',(1.,-0.));
#1591 = ( GEOMETRIC_REPRESENTATION_CONTEXT(2) 
PARAMETRIC_REPRESENTATION_CONTEXT() REPRESENTATION_CONTEXT('2D SPACE',''
  ) );
#1592 = ADVANCED_FACE('',(#1593),#601,.F.);
#1593 = FACE_BOUND('',#1594,.T.);
#1594 = EDGE_LOOP('',(#1595,#1596,#1618,#1619));
#1595 = ORIENTED_EDGE('',*,*,#978,.F.);
#1596 = ORIENTED_EDGE('',*,*,#1597,.T.);
#1597 = EDGE_CURVE('',#979,#639,#1598,.T.);
#1598 = SURFACE_CURVE('',#1599,(#1604,#1611),.PCURVE_S1.);
#1599 = CIRCLE('',#1600,4.5);
#1600 = AXIS2_PLACEMENT_3D('',#1601,#1602,#1603);
#1601 = CARTESIAN_POINT('',(0.,27.,55.2));
#1602 = DIRECTION('',(0.,-0.,-1.));
#1603 = DIRECTION('',(0.895806416478,-0.444444444444,0.));
#1604 = PCURVE('',#601,#1605);
#1605 = DEFINITIONAL_REPRESENTATION('',(#1606),#1610);
#1606 = LINE('',#1607,#1608);
#1607 = CARTESIAN_POINT('',(-0.,0.));
#1608 = VECTOR('',#1609,1.);
#1609 = DIRECTION('',(-1.,0.));
#1610 = ( GEOMETRIC_REPRESENTATION_CONTEXT(2) 
PARAMETRIC_REPRESENTATION_CONTEXT() REPRESENTATION_CONTEXT('2D SPACE',''
  ) );
#1611 = PCURVE('',#737,#1612);
#1612 = DEFINITIONAL_REPRESENTATION('',(#1613),#1617);
#1613 = LINE('',#1614,#1615);
#1614 = CARTESIAN_POINT('',(-5.822631315498,-69.2000002));
#1615 = VECTOR('',#1616,1.);
#1616 = DIRECTION('',(1.,-0.));
#1617 = ( GEOMETRIC_REPRESENTATION_CONTEXT(2) 
PARAMETRIC_REPRESENTATION_CONTEXT() REPRESENTATION_CONTEXT('2D SPACE',''
  ) );
#1618 = ORIENTED_EDGE('',*,*,#638,.T.);
#1619 = ORIENTED_EDGE('',*,*,#582,.F.);
#1620 = ADVANCED_FACE('',(#1621),#737,.F.);
#1621 = FACE_BOUND('',#1622,.T.);
#1622 = EDGE_LOOP('',(#1623,#1646,#1647,#1648,#1649,#1650));
#1623 = ORIENTED_EDGE('',*,*,#1624,.T.);
#1624 = EDGE_CURVE('',#1625,#661,#1627,.T.);
#1625 = VERTEX_POINT('',#1626);
#1626 = CARTESIAN_POINT('',(4.5,27.,0.));
#1627 = SEAM_CURVE('',#1628,(#1632,#1639),.PCURVE_S1.);
#1628 = LINE('',#1629,#1630);
#1629 = CARTESIAN_POINT('',(4.5,27.,-14.0000002));
#1630 = VECTOR('',#1631,1.);
#1631 = DIRECTION('',(0.,0.,1.));
#1632 = PCURVE('',#737,#1633);
#1633 = DEFINITIONAL_REPRESENTATION('',(#1634),#1638);
#1634 = LINE('',#1635,#1636);
#1635 = CARTESIAN_POINT('',(-0.,0.));
#1636 = VECTOR('',#1637,1.);
#1637 = DIRECTION('',(-0.,-1.));
#1638 = ( GEOMETRIC_REPRESENTATION_CONTEXT(2) 
PARAMETRIC_REPRESENTATION_CONTEXT() REPRESENTATION_CONTEXT('2D SPACE',''
  ) );
#1639 = PCURVE('',#737,#1640);
#1640 = DEFINITIONAL_REPRESENTATION('',(#1641),#1645);
#1641 = LINE('',#1642,#1643);
#1642 = CARTESIAN_POINT('',(-6.28318530718,0.));
#1643 = VECTOR('',#1644,1.);
#1644 = DIRECTION('',(-0.,-1.));
#1645 = ( GEOMETRIC_REPRESENTATION_CONTEXT(2) 
PARAMETRIC_REPRESENTATION_CONTEXT() REPRESENTATION_CONTEXT('2D SPACE',''
  ) );
#1646 = ORIENTED_EDGE('',*,*,#680,.F.);
#1647 = ORIENTED_EDGE('',*,*,#1597,.F.);
#1648 = ORIENTED_EDGE('',*,*,#999,.F.);
#1649 = ORIENTED_EDGE('',*,*,#1624,.F.);
#1650 = ORIENTED_EDGE('',*,*,#1651,.F.);
#1651 = EDGE_CURVE('',#1625,#1625,#1652,.T.);
#1652 = SURFACE_CURVE('',#1653,(#1658,#1665),.PCURVE_S1.);
#1653 = CIRCLE('',#1654,4.5);
#1654 = AXIS2_PLACEMENT_3D('',#1655,#1656,#1657);
#1655 = CARTESIAN_POINT('',(9.992007221626E-16,27.,0.));
#1656 = DIRECTION('',(0.,0.,1.));
#1657 = DIRECTION('',(1.,0.,-0.));
#1658 = PCURVE('',#737,#1659);
#1659 = DEFINITIONAL_REPRESENTATION('',(#1660),#1664);
#1660 = LINE('',#1661,#1662);
#1661 = CARTESIAN_POINT('',(-0.,-14.0000002));
#1662 = VECTOR('',#1663,1.);
#1663 = DIRECTION('',(-1.,-0.));
#1664 = ( GEOMETRIC_REPRESENTATION_CONTEXT(2) 
PARAMETRIC_REPRESENTATION_CONTEXT() REPRESENTATION_CONTEXT('2D SPACE',''
  ) );
#1665 = PCURVE('',#877,#1666);
#1666 = DEFINITIONAL_REPRESENTATION('',(#1667),#1671);
#1667 = CIRCLE('',#1668,4.5);
#1668 = AXIS2_PLACEMENT_2D('',#1669,#1670);
#1669 = CARTESIAN_POINT('',(15.,62.));
#1670 = DIRECTION('',(1.,0.));
#1671 = ( GEOMETRIC_REPRESENTATION_CONTEXT(2) 
PARAMETRIC_REPRESENTATION_CONTEXT() REPRESENTATION_CONTEXT('2D SPACE',''
  ) );
#1672 = ADVANCED_FACE('',(#1673),#849,.F.);
#1673 = FACE_BOUND('',#1674,.F.);
#1674 = EDGE_LOOP('',(#1675,#1676,#1697,#1698));
#1675 = ORIENTED_EDGE('',*,*,#1082,.F.);
#1676 = ORIENTED_EDGE('',*,*,#1677,.F.);
#1677 = EDGE_CURVE('',#832,#1083,#1678,.T.);
#1678 = SURFACE_CURVE('',#1679,(#1683,#1690),.PCURVE_S1.);
#1679 = LINE('',#1680,#1681);
#1680 = CARTESIAN_POINT('',(-15.,-35.,0.));
#1681 = VECTOR('',#1682,1.);
#1682 = DIRECTION('',(1.,0.,0.));
#1683 = PCURVE('',#849,#1684);
#1684 = DEFINITIONAL_REPRESENTATION('',(#1685),#1689);
#1685 = LINE('',#1686,#1687);
#1686 = CARTESIAN_POINT('',(0.,0.));
#1687 = VECTOR('',#1688,1.);
#1688 = DIRECTION('',(0.,1.));
#1689 = ( GEOMETRIC_REPRESENTATION_CONTEXT(2) 
PARAMETRIC_REPRESENTATION_CONTEXT() REPRESENTATION_CONTEXT('2D SPACE',''
  ) );
#1690 = PCURVE('',#877,#1691);
#1691 = DEFINITIONAL_REPRESENTATION('',(#1692),#1696);
#1692 = LINE('',#1693,#1694);
#1693 = CARTESIAN_POINT('',(0.,0.));
#1694 = VECTOR('',#1695,1.);
#1695 = DIRECTION('',(1.,0.));
#1696 = ( GEOMETRIC_REPRESENTATION_CONTEXT(2) 
PARAMETRIC_REPRESENTATION_CONTEXT() REPRESENTATION_CONTEXT('2D SPACE',''
  ) );
#1697 = ORIENTED_EDGE('',*,*,#831,.T.);
#1698 = ORIENTED_EDGE('',*,*,#1498,.T.);
#1699 = ADVANCED_FACE('',(#1700,#1706,#1732),#877,.F.);
#1700 = FACE_BOUND('',#1701,.F.);
#1701 = EDGE_LOOP('',(#1702,#1703,#1704,#1705));
#1702 = ORIENTED_EDGE('',*,*,#861,.F.);
#1703 = ORIENTED_EDGE('',*,*,#1677,.T.);
#1704 = ORIENTED_EDGE('',*,*,#1107,.T.);
#1705 = ORIENTED_EDGE('',*,*,#1056,.F.);
#1706 = FACE_BOUND('',#1707,.F.);
#1707 = EDGE_LOOP('',(#1708));
#1708 = ORIENTED_EDGE('',*,*,#1709,.F.);
#1709 = EDGE_CURVE('',#1710,#1710,#1712,.T.);
#1710 = VERTEX_POINT('',#1711);
#1711 = CARTESIAN_POINT('',(4.5,-27.,0.));
#1712 = SURFACE_CURVE('',#1713,(#1718,#1725),.PCURVE_S1.);
#1713 = CIRCLE('',#1714,4.5);
#1714 = AXIS2_PLACEMENT_3D('',#1715,#1716,#1717);
#1715 = CARTESIAN_POINT('',(9.992007221626E-16,-27.,0.));
#1716 = DIRECTION('',(0.,0.,1.));
#1717 = DIRECTION('',(1.,0.,-0.));
#1718 = PCURVE('',#877,#1719);
#1719 = DEFINITIONAL_REPRESENTATION('',(#1720),#1724);
#1720 = CIRCLE('',#1721,4.5);
#1721 = AXIS2_PLACEMENT_2D('',#1722,#1723);
#1722 = CARTESIAN_POINT('',(15.,8.));
#1723 = DIRECTION('',(1.,0.));
#1724 = ( GEOMETRIC_REPRESENTATION_CONTEXT(2) 
PARAMETRIC_REPRESENTATION_CONTEXT() REPRESENTATION_CONTEXT('2D SPACE',''
  ) );
#1725 = PCURVE('',#1581,#1726);
#1726 = DEFINITIONAL_REPRESENTATION('',(#1727),#1731);
#1727 = LINE('',#1728,#1729);
#1728 = CARTESIAN_POINT('',(-0.,-14.0000002));
#1729 = VECTOR('',#1730,1.);
#1730 = DIRECTION('',(-1.,-0.));
#1731 = ( GEOMETRIC_REPRESENTATION_CONTEXT(2) 
PARAMETRIC_REPRESENTATION_CONTEXT() REPRESENTATION_CONTEXT('2D SPACE',''
  ) );
#1732 = FACE_BOUND('',#1733,.F.);
#1733 = EDGE_LOOP('',(#1734));
#1734 = ORIENTED_EDGE('',*,*,#1651,.F.);
#1735 = ADVANCED_FACE('',(#1736),#961,.F.);
#1736 = FACE_BOUND('',#1737,.T.);
#1737 = EDGE_LOOP('',(#1738,#1761,#1762,#1763));
#1738 = ORIENTED_EDGE('',*,*,#1739,.T.);
#1739 = EDGE_CURVE('',#1740,#941,#1742,.T.);
#1740 = VERTEX_POINT('',#1741);
#1741 = CARTESIAN_POINT('',(-3.,0.,55.));
#1742 = SEAM_CURVE('',#1743,(#1747,#1754),.PCURVE_S1.);
#1743 = LINE('',#1744,#1745);
#1744 = CARTESIAN_POINT('',(-3.,0.,55.));
#1745 = VECTOR('',#1746,1.);
#1746 = DIRECTION('',(-1.,0.,1.110223024625E-16));
#1747 = PCURVE('',#961,#1748);
#1748 = DEFINITIONAL_REPRESENTATION('',(#1749),#1753);
#1749 = LINE('',#1750,#1751);
#1750 = CARTESIAN_POINT('',(-0.,0.));
#1751 = VECTOR('',#1752,1.);
#1752 = DIRECTION('',(-0.,-1.));
#1753 = ( GEOMETRIC_REPRESENTATION_CONTEXT(2) 
PARAMETRIC_REPRESENTATION_CONTEXT() REPRESENTATION_CONTEXT('2D SPACE',''
  ) );
#1754 = PCURVE('',#961,#1755);
#1755 = DEFINITIONAL_REPRESENTATION('',(#1756),#1760);
#1756 = LINE('',#1757,#1758);
#1757 = CARTESIAN_POINT('',(-6.28318530718,0.));
#1758 = VECTOR('',#1759,1.);
#1759 = DIRECTION('',(-0.,-1.));
#1760 = ( GEOMETRIC_REPRESENTATION_CONTEXT(2) 
PARAMETRIC_REPRESENTATION_CONTEXT() REPRESENTATION_CONTEXT('2D SPACE',''
  ) );
#1761 = ORIENTED_EDGE('',*,*,#940,.T.);
#1762 = ORIENTED_EDGE('',*,*,#1739,.F.);
#1763 = ORIENTED_EDGE('',*,*,#1764,.F.);
#1764 = EDGE_CURVE('',#1740,#1740,#1765,.T.);
#1765 = SURFACE_CURVE('',#1766,(#1771,#1778),.PCURVE_S1.);
#1766 = CIRCLE('',#1767,21.);
#1767 = AXIS2_PLACEMENT_3D('',#1768,#1769,#1770);
#1768 = CARTESIAN_POINT('',(-3.,0.,34.));
#1769 = DIRECTION('',(-1.,0.,1.110223024625E-16));
#1770 = DIRECTION('',(1.110223024625E-16,0.,1.));
#1771 = PCURVE('',#961,#1772);
#1772 = DEFINITIONAL_REPRESENTATION('',(#1773),#1777);
#1773 = LINE('',#1774,#1775);
#1774 = CARTESIAN_POINT('',(-0.,0.));
#1775 = VECTOR('',#1776,1.);
#1776 = DIRECTION('',(-1.,0.));
#1777 = ( GEOMETRIC_REPRESENTATION_CONTEXT(2) 
PARAMETRIC_REPRESENTATION_CONTEXT() REPRESENTATION_CONTEXT('2D SPACE',''
  ) );
#1778 = PCURVE('',#1779,#1784);
#1779 = PLANE('',#1780);
#1780 = AXIS2_PLACEMENT_3D('',#1781,#1782,#1783);
#1781 = CARTESIAN_POINT('',(-3.,1.846063891983E-16,34.));
#1782 = DIRECTION('',(-1.,0.,1.110223024625E-16));
#1783 = DIRECTION('',(1.110223024625E-16,0.,1.));
#1784 = DEFINITIONAL_REPRESENTATION('',(#1785),#1789);
#1785 = CIRCLE('',#1786,21.);
#1786 = AXIS2_PLACEMENT_2D('',#1787,#1788);
#1787 = CARTESIAN_POINT('',(0.,-1.846063891983E-16));
#1788 = DIRECTION('',(1.,0.));
#1789 = ( GEOMETRIC_REPRESENTATION_CONTEXT(2) 
PARAMETRIC_REPRESENTATION_CONTEXT() REPRESENTATION_CONTEXT('2D SPACE',''
  ) );
#1790 = ADVANCED_FACE('',(#1791),#1176,.F.);
#1791 = FACE_BOUND('',#1792,.T.);
#1792 = EDGE_LOOP('',(#1793,#1816,#1817,#1818));
#1793 = ORIENTED_EDGE('',*,*,#1794,.T.);
#1794 = EDGE_CURVE('',#1795,#1160,#1797,.T.);
#1795 = VERTEX_POINT('',#1796);
#1796 = CARTESIAN_POINT('',(3.,0.,13.));
#1797 = SEAM_CURVE('',#1798,(#1802,#1809),.PCURVE_S1.);
#1798 = LINE('',#1799,#1800);
#1799 = CARTESIAN_POINT('',(3.,0.,13.));
#1800 = VECTOR('',#1801,1.);
#1801 = DIRECTION('',(1.,0.,1.110223024625E-16));
#1802 = PCURVE('',#1176,#1803);
#1803 = DEFINITIONAL_REPRESENTATION('',(#1804),#1808);
#1804 = LINE('',#1805,#1806);
#1805 = CARTESIAN_POINT('',(-0.,0.));
#1806 = VECTOR('',#1807,1.);
#1807 = DIRECTION('',(-0.,-1.));
#1808 = ( GEOMETRIC_REPRESENTATION_CONTEXT(2) 
PARAMETRIC_REPRESENTATION_CONTEXT() REPRESENTATION_CONTEXT('2D SPACE',''
  ) );
#1809 = PCURVE('',#1176,#1810);
#1810 = DEFINITIONAL_REPRESENTATION('',(#1811),#1815);
#1811 = LINE('',#1812,#1813);
#1812 = CARTESIAN_POINT('',(-6.28318530718,0.));
#1813 = VECTOR('',#1814,1.);
#1814 = DIRECTION('',(-0.,-1.));
#1815 = ( GEOMETRIC_REPRESENTATION_CONTEXT(2) 
PARAMETRIC_REPRESENTATION_CONTEXT() REPRESENTATION_CONTEXT('2D SPACE',''
  ) );
#1816 = ORIENTED_EDGE('',*,*,#1159,.T.);
#1817 = ORIENTED_EDGE('',*,*,#1794,.F.);
#1818 = ORIENTED_EDGE('',*,*,#1819,.F.);
#1819 = EDGE_CURVE('',#1795,#1795,#1820,.T.);
#1820 = SURFACE_CURVE('',#1821,(#1826,#1833),.PCURVE_S1.);
#1821 = CIRCLE('',#1822,21.);
#1822 = AXIS2_PLACEMENT_3D('',#1823,#1824,#1825);
#1823 = CARTESIAN_POINT('',(3.,0.,34.));
#1824 = DIRECTION('',(1.,-0.,1.110223024625E-16));
#1825 = DIRECTION('',(1.110223024625E-16,0.,-1.));
#1826 = PCURVE('',#1176,#1827);
#1827 = DEFINITIONAL_REPRESENTATION('',(#1828),#1832);
#1828 = LINE('',#1829,#1830);
#1829 = CARTESIAN_POINT('',(-0.,0.));
#1830 = VECTOR('',#1831,1.);
#1831 = DIRECTION('',(-1.,0.));
#1832 = ( GEOMETRIC_REPRESENTATION_CONTEXT(2) 
PARAMETRIC_REPRESENTATION_CONTEXT() REPRESENTATION_CONTEXT('2D SPACE',''
  ) );
#1833 = PCURVE('',#1834,#1839);
#1834 = PLANE('',#1835);
#1835 = AXIS2_PLACEMENT_3D('',#1836,#1837,#1838);
#1836 = CARTESIAN_POINT('',(3.,1.846063891983E-16,34.));
#1837 = DIRECTION('',(1.,0.,1.110223024625E-16));
#1838 = DIRECTION('',(1.110223024625E-16,0.,-1.));
#1839 = DEFINITIONAL_REPRESENTATION('',(#1840),#1844);
#1840 = CIRCLE('',#1841,21.);
#1841 = AXIS2_PLACEMENT_2D('',#1842,#1843);
#1842 = CARTESIAN_POINT('',(0.,-1.846063891983E-16));
#1843 = DIRECTION('',(1.,0.));
#1844 = ( GEOMETRIC_REPRESENTATION_CONTEXT(2) 
PARAMETRIC_REPRESENTATION_CONTEXT() REPRESENTATION_CONTEXT('2D SPACE',''
  ) );
#1845 = ADVANCED_FACE('',(#1846),#1344,.T.);
#1846 = FACE_BOUND('',#1847,.T.);
#1847 = EDGE_LOOP('',(#1848,#1868,#2025,#2026));
#1848 = ORIENTED_EDGE('',*,*,#1849,.T.);
#1849 = EDGE_CURVE('',#1193,#1850,#1852,.T.);
#1850 = VERTEX_POINT('',#1851);
#1851 = CARTESIAN_POINT('',(4.5,-27.,55.031721430803));
#1852 = SURFACE_CURVE('',#1853,(#1856,#1862),.PCURVE_S1.);
#1853 = B_SPLINE_CURVE_WITH_KNOTS('',1,(#1854,#1855),.UNSPECIFIED.,.F.,
  .F.,(2,2),(0.,1.653155296756),.PIECEWISE_BEZIER_KNOTS.);
#1854 = CARTESIAN_POINT('',(5.295231753405,-27.17208108578,
    55.761253185773));
#1855 = CARTESIAN_POINT('',(4.5,-27.,55.031721430803));
#1856 = PCURVE('',#1344,#1857);
#1857 = DEFINITIONAL_REPRESENTATION('',(#1858),#1861);
#1858 = B_SPLINE_CURVE_WITH_KNOTS('',1,(#1859,#1860),.UNSPECIFIED.,.F.,
  .F.,(2,2),(0.,1.653155296756),.PIECEWISE_BEZIER_KNOTS.);
#1859 = CARTESIAN_POINT('',(0.,41.025644927338));
#1860 = CARTESIAN_POINT('',(16.741087159784,41.025644927338));
#1861 = ( GEOMETRIC_REPRESENTATION_CONTEXT(2) 
PARAMETRIC_REPRESENTATION_CONTEXT() REPRESENTATION_CONTEXT('2D SPACE',''
  ) );
#1862 = PCURVE('',#1474,#1863);
#1863 = DEFINITIONAL_REPRESENTATION('',(#1864),#1867);
#1864 = B_SPLINE_CURVE_WITH_KNOTS('',1,(#1865,#1866),.UNSPECIFIED.,.F.,
  .F.,(2,2),(0.,1.653155296756),.PIECEWISE_BEZIER_KNOTS.);
#1865 = CARTESIAN_POINT('',(0.,41.025644927338));
#1866 = CARTESIAN_POINT('',(1.653155296756,41.025644927338));
#1867 = ( GEOMETRIC_REPRESENTATION_CONTEXT(2) 
PARAMETRIC_REPRESENTATION_CONTEXT() REPRESENTATION_CONTEXT('2D SPACE',''
  ) );
#1868 = ORIENTED_EDGE('',*,*,#1869,.T.);
#1869 = EDGE_CURVE('',#1850,#1524,#1870,.T.);
#1870 = SURFACE_CURVE('',#1871,(#1922,#1929),.PCURVE_S1.);
#1871 = B_SPLINE_CURVE_WITH_KNOTS('',13,(#1872,#1873,#1874,#1875,#1876,
    #1877,#1878,#1879,#1880,#1881,#1882,#1883,#1884,#1885,#1886,#1887,
    #1888,#1889,#1890,#1891,#1892,#1893,#1894,#1895,#1896,#1897,#1898,
    #1899,#1900,#1901,#1902,#1903,#1904,#1905,#1906,#1907,#1908,#1909,
    #1910,#1911,#1912,#1913,#1914,#1915,#1916,#1917,#1918,#1919,#1920,
    #1921),.UNSPECIFIED.,.F.,.F.,(14,12,12,12,14),(41.025644927338,
    45.154941054476,50.144205567551,54.90657711735,57.766732087121),
  .UNSPECIFIED.);
#1872 = CARTESIAN_POINT('',(4.5,-27.,55.031721430803));
#1873 = CARTESIAN_POINT('',(4.499999999999,-27.33171941054,
    54.966016653185));
#1874 = CARTESIAN_POINT('',(4.473599396536,-27.65795674454,
    54.887581108462));
#1875 = CARTESIAN_POINT('',(4.421103559574,-27.97538686583,
    54.797095372197));
#1876 = CARTESIAN_POINT('',(4.351528572637,-28.27949478162,
    54.700903081235));
#1877 = CARTESIAN_POINT('',(4.239589599482,-28.59405248924,
    54.580455247934));
#1878 = CARTESIAN_POINT('',(4.15616277513,-28.8131634373,54.497404423777
    ));
#1879 = CARTESIAN_POINT('',(3.99355492505,-29.15295802921,
    54.348728821603));
#1880 = CARTESIAN_POINT('',(3.873627272444,-29.33850275881,
    54.258249345927));
#1881 = CARTESIAN_POINT('',(3.700792589632,-29.61245863117,
    54.125082070466));
#1882 = CARTESIAN_POINT('',(3.53203377228,-29.8215747024,54.012352224315
    ));
#1883 = CARTESIAN_POINT('',(3.343882726389,-30.03556930016,
    53.894108548182));
#1884 = CARTESIAN_POINT('',(3.143589207575,-30.23221414551,
    53.779913877904));
#1885 = CARTESIAN_POINT('',(2.671403832211,-30.63723255977,
    53.53592579447));
#1886 = CARTESIAN_POINT('',(2.393600233822,-30.8388259137,
    53.408124308795));
#1887 = CARTESIAN_POINT('',(2.095550063197,-31.02009852839,
    53.287976035722));
#1888 = CARTESIAN_POINT('',(1.780027461403,-31.1780636119,
    53.179514949775));
#1889 = CARTESIAN_POINT('',(1.445390229676,-31.31231557794,
    53.084462172974));
#1890 = CARTESIAN_POINT('',(1.09121619639,-31.42071762668,
    53.005843051233));
#1891 = CARTESIAN_POINT('',(0.720626261622,-31.49859337562,
    52.948521819743));
#1892 = CARTESIAN_POINT('',(0.339149456495,-31.54152669164,
    52.916762472728));
#1893 = CARTESIAN_POINT('',(-4.627041647732E-02,-31.5479155042,
    52.912152756144));
#1894 = CARTESIAN_POINT('',(-0.427508672486,-31.51891538809,
    52.933746216243));
#1895 = CARTESIAN_POINT('',(-0.797497021156,-31.45677941662,
    52.979345247696));
#1896 = CARTESIAN_POINT('',(-1.154680051456,-31.36428496204,
    53.045727007982));
#1897 = CARTESIAN_POINT('',(-1.820048869788,-31.12990465517,
    53.209588887597));
#1898 = CARTESIAN_POINT('',(-2.129751261926,-30.99055961569,
    53.305467561177));
#1899 = CARTESIAN_POINT('',(-2.422811116916,-30.8282848783,
    53.414498362441));
#1900 = CARTESIAN_POINT('',(-2.698108776921,-30.64608370802,
    53.533589138777));
#1901 = CARTESIAN_POINT('',(-2.955840224894,-30.44445136316,
    53.66053021505));
#1902 = CARTESIAN_POINT('',(-3.195813783817,-30.22488658184,
    53.79281138513));
#1903 = CARTESIAN_POINT('',(-3.417759428154,-29.9889266979,
    53.928106198722));
#1904 = CARTESIAN_POINT('',(-3.621979760571,-29.7360095214,
    54.065004304529));
#1905 = CARTESIAN_POINT('',(-3.808528355838,-29.46446419791,
    54.202392475116));
#1906 = CARTESIAN_POINT('',(-3.975728253186,-29.17451894125,
    54.338114295635));
#1907 = CARTESIAN_POINT('',(-4.120733573231,-28.86782292563,
    54.469223252845));
#1908 = CARTESIAN_POINT('',(-4.242483318268,-28.54205067959,
    54.594331549552));
#1909 = CARTESIAN_POINT('',(-4.394230121239,-27.99317643283,
    54.779937078763));
#1910 = CARTESIAN_POINT('',(-4.441523657468,-27.78104265168,
    54.846309605244));
#1911 = CARTESIAN_POINT('',(-4.478347475974,-27.56263117222,
    54.908788664823));
#1912 = CARTESIAN_POINT('',(-4.50411302381,-27.33947479447,
    54.96658983552));
#1913 = CARTESIAN_POINT('',(-4.518045939053,-27.11187342057,
    55.019093244642));
#1914 = CARTESIAN_POINT('',(-4.519345055501,-26.88025757903,
    55.065683323994));
#1915 = CARTESIAN_POINT('',(-4.507427062015,-26.64628066119,
    55.105693602045));
#1916 = CARTESIAN_POINT('',(-4.482056417035,-26.41240970698,
    55.138575473217));
#1917 = CARTESIAN_POINT('',(-4.44335092612,-26.18074976525,
    55.164134876623));
#1918 = CARTESIAN_POINT('',(-4.391740545199,-25.95250195337,
    55.182603287321));
#1919 = CARTESIAN_POINT('',(-4.327940523825,-25.72882059891,
    55.194429915744));
#1920 = CARTESIAN_POINT('',(-4.25287990267,-25.5119000195,55.19999999999
    ));
#1921 = CARTESIAN_POINT('',(-4.167302668916,-25.30188679245,55.2));
#1922 = PCURVE('',#1344,#1923);
#1923 = DEFINITIONAL_REPRESENTATION('',(#1924),#1928);
#1924 = LINE('',#1925,#1926);
#1925 = CARTESIAN_POINT('',(16.741087159784,0.));
#1926 = VECTOR('',#1927,1.);
#1927 = DIRECTION('',(0.,1.));
#1928 = ( GEOMETRIC_REPRESENTATION_CONTEXT(2) 
PARAMETRIC_REPRESENTATION_CONTEXT() REPRESENTATION_CONTEXT('2D SPACE',''
  ) );
#1929 = PCURVE('',#1581,#1930);
#1930 = DEFINITIONAL_REPRESENTATION('',(#1931),#2024);
#1931 = B_SPLINE_CURVE_WITH_KNOTS('',11,(#1932,#1933,#1934,#1935,#1936,
    #1937,#1938,#1939,#1940,#1941,#1942,#1943,#1944,#1945,#1946,#1947,
    #1948,#1949,#1950,#1951,#1952,#1953,#1954,#1955,#1956,#1957,#1958,
    #1959,#1960,#1961,#1962,#1963,#1964,#1965,#1966,#1967,#1968,#1969,
    #1970,#1971,#1972,#1973,#1974,#1975,#1976,#1977,#1978,#1979,#1980,
    #1981,#1982,#1983,#1984,#1985,#1986,#1987,#1988,#1989,#1990,#1991,
    #1992,#1993,#1994,#1995,#1996,#1997,#1998,#1999,#2000,#2001,#2002,
    #2003,#2004,#2005,#2006,#2007,#2008,#2009,#2010,#2011,#2012,#2013,
    #2014,#2015,#2016,#2017,#2018,#2019,#2020,#2021,#2022,#2023),
  .UNSPECIFIED.,.F.,.F.,(12,10,10,10,10,10,10,10,10,12),(41.025644927338
    ,43.118280822311,45.210916717284,49.396188507229,50.442506454716,
    51.488824402202,53.581460297175,54.627778244662,55.674096192148,
    57.766732087121),.UNSPECIFIED.);
#1932 = CARTESIAN_POINT('',(-6.28318530718,-69.0317216308));
#1933 = CARTESIAN_POINT('',(-6.239035716653,-68.99236977134));
#1934 = CARTESIAN_POINT('',(-6.195318217827,-68.94833309624));
#1935 = CARTESIAN_POINT('',(-6.152166659451,-68.90007569721));
#1936 = CARTESIAN_POINT('',(-6.109406492603,-68.84765692716));
#1937 = CARTESIAN_POINT('',(-6.067123175018,-68.79156650665));
#1938 = CARTESIAN_POINT('',(-6.025520602514,-68.73254382933));
#1939 = CARTESIAN_POINT('',(-5.984660707259,-68.67118569209));
#1940 = CARTESIAN_POINT('',(-5.944402536063,-68.60779514375));
#1941 = CARTESIAN_POINT('',(-5.904586293327,-68.5425726004));
#1942 = CARTESIAN_POINT('',(-5.865235006871,-68.47589884417));
#1943 = CARTESIAN_POINT('',(-5.787312286191,-68.34031711244));
#1944 = CARTESIAN_POINT('',(-5.748739710946,-68.27139744688));
#1945 = CARTESIAN_POINT('',(-5.710558936933,-68.20176086548));
#1946 = CARTESIAN_POINT('',(-5.672515408243,-68.13139624085));
#1947 = CARTESIAN_POINT('',(-5.635109782663,-68.06148108127));
#1948 = CARTESIAN_POINT('',(-5.597186362411,-67.99055239759));
#1949 = CARTESIAN_POINT('',(-5.560025051564,-67.92094617897));
#1950 = CARTESIAN_POINT('',(-5.522626231738,-67.85154791649));
#1951 = CARTESIAN_POINT('',(-5.485244478486,-67.7830409115));
#1952 = CARTESIAN_POINT('',(-5.447852701504,-67.7157964021));
#1953 = CARTESIAN_POINT('',(-5.335286797467,-67.51844062832));
#1954 = CARTESIAN_POINT('',(-5.259776380869,-67.39279416737));
#1955 = CARTESIAN_POINT('',(-5.183302031474,-67.27539399691));
#1956 = CARTESIAN_POINT('',(-5.105944955753,-67.16993560995));
#1957 = CARTESIAN_POINT('',(-5.026969444189,-67.07842246162));
#1958 = CARTESIAN_POINT('',(-4.9460263357,-67.00443023951));
#1959 = CARTESIAN_POINT('',(-4.86357137427,-66.95294289176));
#1960 = CARTESIAN_POINT('',(-4.780320983139,-66.92725829486));
#1961 = CARTESIAN_POINT('',(-4.696883085167,-66.92743983682));
#1962 = CARTESIAN_POINT('',(-4.614124130476,-66.95249126686));
#1963 = CARTESIAN_POINT('',(-4.511925787176,-67.01169710926));
#1964 = CARTESIAN_POINT('',(-4.491547912137,-67.02493390747));
#1965 = CARTESIAN_POINT('',(-4.471242778248,-67.0395280093));
#1966 = CARTESIAN_POINT('',(-4.451011890417,-67.0554360086));
#1967 = CARTESIAN_POINT('',(-4.43085675341,-67.07261144218));
#1968 = CARTESIAN_POINT('',(-4.410782064426,-67.09100526849));
#1969 = CARTESIAN_POINT('',(-4.390794712039,-67.11056569767));
#1970 = CARTESIAN_POINT('',(-4.37090063799,-67.13123828138));
#1971 = CARTESIAN_POINT('',(-4.351101618073,-67.15296715611));
#1972 = CARTESIAN_POINT('',(-4.331394018562,-67.17569834784));
#1973 = CARTESIAN_POINT('',(-4.292149150436,-67.22307372117));
#1974 = CARTESIAN_POINT('',(-4.272613638929,-67.24771663371));
#1975 = CARTESIAN_POINT('',(-4.253162408045,-67.27326294548));
#1976 = CARTESIAN_POINT('',(-4.23379243964,-67.29966185159));
#1977 = CARTESIAN_POINT('',(-4.214500339332,-67.32686356823));
#1978 = CARTESIAN_POINT('',(-4.195282336548,-67.35481933376));
#1979 = CARTESIAN_POINT('',(-4.176134284466,-67.38348140724));
#1980 = CARTESIAN_POINT('',(-4.15705166007,-67.41280307006));
#1981 = CARTESIAN_POINT('',(-4.138029564106,-67.44273862449));
#1982 = CARTESIAN_POINT('',(-4.119062721114,-67.47324339468));
#1983 = CARTESIAN_POINT('',(-4.062310995993,-67.56633438909));
#1984 = CARTESIAN_POINT('',(-4.02467374453,-67.63050404217));
#1985 = CARTESIAN_POINT('',(-3.987194045977,-67.69642403912));
#1986 = CARTESIAN_POINT('',(-3.949824012226,-67.76376950652));
#1987 = CARTESIAN_POINT('',(-3.912509423669,-67.83224183865));
#1988 = CARTESIAN_POINT('',(-3.875191606863,-67.901561193));
#1989 = CARTESIAN_POINT('',(-3.837809312057,-67.97145898512));
#1990 = CARTESIAN_POINT('',(-3.800300590885,-68.04167038394));
#1991 = CARTESIAN_POINT('',(-3.762604673894,-68.11192680688));
#1992 = CARTESIAN_POINT('',(-3.724663848206,-68.18194841497));
#1993 = CARTESIAN_POINT('',(-3.667306078537,-68.28618070459));
#1994 = CARTESIAN_POINT('',(-3.648112410453,-68.32079096383));
#1995 = CARTESIAN_POINT('',(-3.628837958143,-68.35522967491));
#1996 = CARTESIAN_POINT('',(-3.60947627993,-68.38945829748));
#1997 = CARTESIAN_POINT('',(-3.590020865139,-68.4234374619));
#1998 = CARTESIAN_POINT('',(-3.570465134133,-68.45712696888));
#1999 = CARTESIAN_POINT('',(-3.550802438264,-68.49048578998));
#2000 = CARTESIAN_POINT('',(-3.531026059927,-68.52347206703));
#2001 = CARTESIAN_POINT('',(-3.511129212511,-68.55604311269));
#2002 = CARTESIAN_POINT('',(-3.491105040436,-68.58815541));
#2003 = CARTESIAN_POINT('',(-3.45078819782,-68.65137381538));
#2004 = CARTESIAN_POINT('',(-3.430493693309,-68.68248082513));
#2005 = CARTESIAN_POINT('',(-3.410065071479,-68.71303289484));
#2006 = CARTESIAN_POINT('',(-3.389492965742,-68.74298577353));
#2007 = CARTESIAN_POINT('',(-3.368769829283,-68.77229013919));
#2008 = CARTESIAN_POINT('',(-3.347894521646,-68.80088847744));
#2009 = CARTESIAN_POINT('',(-3.326871271133,-68.82871843243));
#2010 = CARTESIAN_POINT('',(-3.305705955158,-68.85571866788));
#2011 = CARTESIAN_POINT('',(-3.284402639955,-68.88183326323));
#2012 = CARTESIAN_POINT('',(-3.262963321709,-68.90701068189));
#2013 = CARTESIAN_POINT('',(-3.198254788629,-68.97955865417));
#2014 = CARTESIAN_POINT('',(-3.154592010197,-69.02395104636));
#2015 = CARTESIAN_POINT('',(-3.110467418074,-69.0639276842));
#2016 = CARTESIAN_POINT('',(-3.065914128754,-69.09911611402));
#2017 = CARTESIAN_POINT('',(-3.02108955336,-69.12914807717));
#2018 = CARTESIAN_POINT('',(-2.976188328951,-69.15377128655));
#2019 = CARTESIAN_POINT('',(-2.931347149911,-69.17294862532));
#2020 = CARTESIAN_POINT('',(-2.886649472115,-69.18685348846));
#2021 = CARTESIAN_POINT('',(-2.842213945858,-69.19576926319));
#2022 = CARTESIAN_POINT('',(-2.798226316539,-69.20000019998));
#2023 = CARTESIAN_POINT('',(-2.754650415401,-69.2000002));
#2024 = ( GEOMETRIC_REPRESENTATION_CONTEXT(2) 
PARAMETRIC_REPRESENTATION_CONTEXT() REPRESENTATION_CONTEXT('2D SPACE',''
  ) );
#2025 = ORIENTED_EDGE('',*,*,#1523,.F.);
#2026 = ORIENTED_EDGE('',*,*,#1192,.F.);
#2027 = ADVANCED_FACE('',(#2028),#1474,.T.);
#2028 = FACE_BOUND('',#2029,.T.);
#2029 = EDGE_LOOP('',(#2030,#2031,#2060,#2061));
#2030 = ORIENTED_EDGE('',*,*,#1545,.T.);
#2031 = ORIENTED_EDGE('',*,*,#2032,.T.);
#2032 = EDGE_CURVE('',#1546,#1850,#2033,.T.);
#2033 = SURFACE_CURVE('',#2034,(#2042,#2049),.PCURVE_S1.);
#2034 = B_SPLINE_CURVE_WITH_KNOTS('',6,(#2035,#2036,#2037,#2038,#2039,
    #2040,#2041),.UNSPECIFIED.,.F.,.F.,(7,7),(39.372489630582,
    41.025644927338),.PIECEWISE_BEZIER_KNOTS.);
#2035 = CARTESIAN_POINT('',(4.167302668916,-25.30188679245,55.2));
#2036 = CARTESIAN_POINT('',(4.274764356309,-25.56560618094,55.2));
#2037 = CARTESIAN_POINT('',(4.363870740327,-25.84145169255,
    55.190267037443));
#2038 = CARTESIAN_POINT('',(4.432471424379,-26.12837961499,
    55.168953994507));
#2039 = CARTESIAN_POINT('',(4.47785150921,-26.41915406834,
    55.135187105763));
#2040 = CARTESIAN_POINT('',(4.5,-26.71225975371,55.088715107661));
#2041 = CARTESIAN_POINT('',(4.5,-27.,55.031721430803));
#2042 = PCURVE('',#1474,#2043);
#2043 = DEFINITIONAL_REPRESENTATION('',(#2044),#2048);
#2044 = LINE('',#2045,#2046);
#2045 = CARTESIAN_POINT('',(1.653155296756,0.));
#2046 = VECTOR('',#2047,1.);
#2047 = DIRECTION('',(0.,1.));
#2048 = ( GEOMETRIC_REPRESENTATION_CONTEXT(2) 
PARAMETRIC_REPRESENTATION_CONTEXT() REPRESENTATION_CONTEXT('2D SPACE',''
  ) );
#2049 = PCURVE('',#1581,#2050);
#2050 = DEFINITIONAL_REPRESENTATION('',(#2051),#2059);
#2051 = B_SPLINE_CURVE_WITH_KNOTS('',6,(#2052,#2053,#2054,#2055,#2056,
    #2057,#2058),.UNSPECIFIED.,.F.,.F.,(7,7),(39.372489630582,
    41.025644927338),.PIECEWISE_BEZIER_KNOTS.);
#2052 = CARTESIAN_POINT('',(-0.386942238188,-69.2000002));
#2053 = CARTESIAN_POINT('',(-0.323659244501,-69.2000002));
#2054 = CARTESIAN_POINT('',(-0.259420850173,-69.19026703049));
#2055 = CARTESIAN_POINT('',(-0.194161014365,-69.16895465006));
#2056 = CARTESIAN_POINT('',(-0.129078157647,-69.13518700195));
#2057 = CARTESIAN_POINT('',(-6.39422769515E-02,-69.08871530766));
#2058 = CARTESIAN_POINT('',(-1.447454066977E-15,-69.0317216308));
#2059 = ( GEOMETRIC_REPRESENTATION_CONTEXT(2) 
PARAMETRIC_REPRESENTATION_CONTEXT() REPRESENTATION_CONTEXT('2D SPACE',''
  ) );
#2060 = ORIENTED_EDGE('',*,*,#1849,.F.);
#2061 = ORIENTED_EDGE('',*,*,#1452,.F.);
#2062 = ADVANCED_FACE('',(#2063),#1581,.F.);
#2063 = FACE_BOUND('',#2064,.T.);
#2064 = EDGE_LOOP('',(#2065,#2086,#2087,#2088,#2089,#2090));
#2065 = ORIENTED_EDGE('',*,*,#2066,.T.);
#2066 = EDGE_CURVE('',#1710,#1850,#2067,.T.);
#2067 = SEAM_CURVE('',#2068,(#2072,#2079),.PCURVE_S1.);
#2068 = LINE('',#2069,#2070);
#2069 = CARTESIAN_POINT('',(4.5,-27.,-14.0000002));
#2070 = VECTOR('',#2071,1.);
#2071 = DIRECTION('',(0.,0.,1.));
#2072 = PCURVE('',#1581,#2073);
#2073 = DEFINITIONAL_REPRESENTATION('',(#2074),#2078);
#2074 = LINE('',#2075,#2076);
#2075 = CARTESIAN_POINT('',(-0.,0.));
#2076 = VECTOR('',#2077,1.);
#2077 = DIRECTION('',(-0.,-1.));
#2078 = ( GEOMETRIC_REPRESENTATION_CONTEXT(2) 
PARAMETRIC_REPRESENTATION_CONTEXT() REPRESENTATION_CONTEXT('2D SPACE',''
  ) );
#2079 = PCURVE('',#1581,#2080);
#2080 = DEFINITIONAL_REPRESENTATION('',(#2081),#2085);
#2081 = LINE('',#2082,#2083);
#2082 = CARTESIAN_POINT('',(-6.28318530718,0.));
#2083 = VECTOR('',#2084,1.);
#2084 = DIRECTION('',(-0.,-1.));
#2085 = ( GEOMETRIC_REPRESENTATION_CONTEXT(2) 
PARAMETRIC_REPRESENTATION_CONTEXT() REPRESENTATION_CONTEXT('2D SPACE',''
  ) );
#2086 = ORIENTED_EDGE('',*,*,#2032,.F.);
#2087 = ORIENTED_EDGE('',*,*,#1566,.F.);
#2088 = ORIENTED_EDGE('',*,*,#1869,.F.);
#2089 = ORIENTED_EDGE('',*,*,#2066,.F.);
#2090 = ORIENTED_EDGE('',*,*,#1709,.F.);
#2091 = ADVANCED_FACE('',(#2092,#2095),#1779,.T.);
#2092 = FACE_BOUND('',#2093,.T.);
#2093 = EDGE_LOOP('',(#2094));
#2094 = ORIENTED_EDGE('',*,*,#1764,.T.);
#2095 = FACE_BOUND('',#2096,.T.);
#2096 = EDGE_LOOP('',(#2097));
#2097 = ORIENTED_EDGE('',*,*,#2098,.F.);
#2098 = EDGE_CURVE('',#2099,#2099,#2101,.T.);
#2099 = VERTEX_POINT('',#2100);
#2100 = CARTESIAN_POINT('',(-3.,0.,19.));
#2101 = SURFACE_CURVE('',#2102,(#2107,#2114),.PCURVE_S1.);
#2102 = CIRCLE('',#2103,15.);
#2103 = AXIS2_PLACEMENT_3D('',#2104,#2105,#2106);
#2104 = CARTESIAN_POINT('',(-3.,0.,34.));
#2105 = DIRECTION('',(-1.,-0.,-1.110223024625E-16));
#2106 = DIRECTION('',(1.110223024625E-16,0.,-1.));
#2107 = PCURVE('',#1779,#2108);
#2108 = DEFINITIONAL_REPRESENTATION('',(#2109),#2113);
#2109 = CIRCLE('',#2110,15.);
#2110 = AXIS2_PLACEMENT_2D('',#2111,#2112);
#2111 = CARTESIAN_POINT('',(0.,-1.846063891983E-16));
#2112 = DIRECTION('',(-1.,0.));
#2113 = ( GEOMETRIC_REPRESENTATION_CONTEXT(2) 
PARAMETRIC_REPRESENTATION_CONTEXT() REPRESENTATION_CONTEXT('2D SPACE',''
  ) );
#2114 = PCURVE('',#2115,#2120);
#2115 = CYLINDRICAL_SURFACE('',#2116,15.);
#2116 = AXIS2_PLACEMENT_3D('',#2117,#2118,#2119);
#2117 = CARTESIAN_POINT('',(-30.,0.,34.));
#2118 = DIRECTION('',(-1.,-0.,-1.110223024625E-16));
#2119 = DIRECTION('',(1.110223024625E-16,0.,-1.));
#2120 = DEFINITIONAL_REPRESENTATION('',(#2121),#2125);
#2121 = LINE('',#2122,#2123);
#2122 = CARTESIAN_POINT('',(-6.28318530718,-27.));
#2123 = VECTOR('',#2124,1.);
#2124 = DIRECTION('',(1.,-0.));
#2125 = ( GEOMETRIC_REPRESENTATION_CONTEXT(2) 
PARAMETRIC_REPRESENTATION_CONTEXT() REPRESENTATION_CONTEXT('2D SPACE',''
  ) );
#2126 = ADVANCED_FACE('',(#2127,#2130),#1834,.T.);
#2127 = FACE_BOUND('',#2128,.T.);
#2128 = EDGE_LOOP('',(#2129));
#2129 = ORIENTED_EDGE('',*,*,#1819,.T.);
#2130 = FACE_BOUND('',#2131,.T.);
#2131 = EDGE_LOOP('',(#2132));
#2132 = ORIENTED_EDGE('',*,*,#2133,.T.);
#2133 = EDGE_CURVE('',#2134,#2134,#2136,.T.);
#2134 = VERTEX_POINT('',#2135);
#2135 = CARTESIAN_POINT('',(3.,0.,19.));
#2136 = SURFACE_CURVE('',#2137,(#2142,#2153),.PCURVE_S1.);
#2137 = CIRCLE('',#2138,15.);
#2138 = AXIS2_PLACEMENT_3D('',#2139,#2140,#2141);
#2139 = CARTESIAN_POINT('',(3.,0.,34.));
#2140 = DIRECTION('',(-1.,-0.,-1.110223024625E-16));
#2141 = DIRECTION('',(1.110223024625E-16,0.,-1.));
#2142 = PCURVE('',#1834,#2143);
#2143 = DEFINITIONAL_REPRESENTATION('',(#2144),#2152);
#2144 = ( BOUNDED_CURVE() B_SPLINE_CURVE(2,(#2145,#2146,#2147,#2148,
#2149,#2150,#2151),.UNSPECIFIED.,.T.,.F.) B_SPLINE_CURVE_WITH_KNOTS((1,2
    ,2,2,2,1),(-2.094395102393,0.,2.094395102393,4.188790204786,
6.28318530718,8.377580409573),.UNSPECIFIED.) CURVE() 
GEOMETRIC_REPRESENTATION_ITEM() RATIONAL_B_SPLINE_CURVE((1.,0.5,1.,0.5,
1.,0.5,1.)) REPRESENTATION_ITEM('') );
#2145 = CARTESIAN_POINT('',(15.,-1.846063891983E-16));
#2146 = CARTESIAN_POINT('',(15.,-25.98076211353));
#2147 = CARTESIAN_POINT('',(-7.5,-12.99038105676));
#2148 = CARTESIAN_POINT('',(-30.,-3.85854678664E-15));
#2149 = CARTESIAN_POINT('',(-7.5,12.990381056767));
#2150 = CARTESIAN_POINT('',(15.,25.980762113533));
#2151 = CARTESIAN_POINT('',(15.,-1.846063891983E-16));
#2152 = ( GEOMETRIC_REPRESENTATION_CONTEXT(2) 
PARAMETRIC_REPRESENTATION_CONTEXT() REPRESENTATION_CONTEXT('2D SPACE',''
  ) );
#2153 = PCURVE('',#2115,#2154);
#2154 = DEFINITIONAL_REPRESENTATION('',(#2155),#2159);
#2155 = LINE('',#2156,#2157);
#2156 = CARTESIAN_POINT('',(-6.28318530718,-33.));
#2157 = VECTOR('',#2158,1.);
#2158 = DIRECTION('',(1.,-0.));
#2159 = ( GEOMETRIC_REPRESENTATION_CONTEXT(2) 
PARAMETRIC_REPRESENTATION_CONTEXT() REPRESENTATION_CONTEXT('2D SPACE',''
  ) );
#2160 = ADVANCED_FACE('',(#2161),#2115,.F.);
#2161 = FACE_BOUND('',#2162,.T.);
#2162 = EDGE_LOOP('',(#2163,#2164,#2185,#2186));
#2163 = ORIENTED_EDGE('',*,*,#2098,.T.);
#2164 = ORIENTED_EDGE('',*,*,#2165,.T.);
#2165 = EDGE_CURVE('',#2099,#2134,#2166,.T.);
#2166 = SEAM_CURVE('',#2167,(#2171,#2178),.PCURVE_S1.);
#2167 = LINE('',#2168,#2169);
#2168 = CARTESIAN_POINT('',(-30.,0.,19.));
#2169 = VECTOR('',#2170,1.);
#2170 = DIRECTION('',(1.,0.,1.110223024625E-16));
#2171 = PCURVE('',#2115,#2172);
#2172 = DEFINITIONAL_REPRESENTATION('',(#2173),#2177);
#2173 = LINE('',#2174,#2175);
#2174 = CARTESIAN_POINT('',(-6.28318530718,0.));
#2175 = VECTOR('',#2176,1.);
#2176 = DIRECTION('',(-0.,-1.));
#2177 = ( GEOMETRIC_REPRESENTATION_CONTEXT(2) 
PARAMETRIC_REPRESENTATION_CONTEXT() REPRESENTATION_CONTEXT('2D SPACE',''
  ) );
#2178 = PCURVE('',#2115,#2179);
#2179 = DEFINITIONAL_REPRESENTATION('',(#2180),#2184);
#2180 = LINE('',#2181,#2182);
#2181 = CARTESIAN_POINT('',(-0.,0.));
#2182 = VECTOR('',#2183,1.);
#2183 = DIRECTION('',(-0.,-1.));
#2184 = ( GEOMETRIC_REPRESENTATION_CONTEXT(2) 
PARAMETRIC_REPRESENTATION_CONTEXT() REPRESENTATION_CONTEXT('2D SPACE',''
  ) );
#2185 = ORIENTED_EDGE('',*,*,#2133,.F.);
#2186 = ORIENTED_EDGE('',*,*,#2165,.F.);
#2187 = ( GEOMETRIC_REPRESENTATION_CONTEXT(3) 
GLOBAL_UNCERTAINTY_ASSIGNED_CONTEXT((#2191)) 
GLOBAL_UNIT_ASSIGNED_CONTEXT((#2188,#2189,#2190)) REPRESENTATION_CONTEXT
('Context #1','3D Context with UNIT and UNCERTAINTY') );
#2188 = ( LENGTH_UNIT() NAMED_UNIT(*) SI_UNIT(.MILLI.,.METRE.) );
#2189 = ( NAMED_UNIT(*) PLANE_ANGLE_UNIT() SI_UNIT($,.RADIAN.) );
#2190 = ( NAMED_UNIT(*) SI_UNIT($,.STERADIAN.) SOLID_ANGLE_UNIT() );
#2191 = UNCERTAINTY_MEASURE_WITH_UNIT(LENGTH_MEASURE(5.E-05),#2188,
  'distance_accuracy_value','confusion accuracy');
#2192 = PRODUCT_RELATED_PRODUCT_CATEGORY('part',$,(#7));
ENDSEC;
END-ISO-10303-21;
