ISO-10303-21;
HEADER;
FILE_DESCRIPTION(('Open CASCADE Model'),'2;1');
FILE_NAME('Open CASCADE Shape Model','2026-08-05T11:25:15',('Author'),(
    'Open CASCADE'),'Open CASCADE STEP processor 7.9','Open CASCADE 7.9'
  ,'Unknown');
FILE_SCHEMA(('AUTOMOTIVE_DESIGN { 1 0 10303 214 1 1 1 1 }'));
ENDSEC;
DATA;
#1 = APPLICATION_PROTOCOL_DEFINITION('international standard',
  'automotive_design',2000,#2);
#2 = APPLICATION_CONTEXT(
  'core data for automotive mechanical design processes');
#3 = SHAPE_DEFINITION_REPRESENTATION(#4,#10);
#4 = PRODUCT_DEFINITION_SHAPE('','',#5);
#5 = PRODUCT_DEFINITION('design','',#6,#9);
#6 = PRODUCT_DEFINITION_FORMATION('','',#7);
#7 = PRODUCT('Open CASCADE STEP translator 7.9 11',
  'Open CASCADE STEP translator 7.9 11','',(#8));
#8 = PRODUCT_CONTEXT('',#2,'mechanical');
#9 = PRODUCT_DEFINITION_CONTEXT('part definition',#2,'design');
#10 = SHAPE_REPRESENTATION('',(#11,#15,#19,#23,#27,#31,#35,#39),#43);
#11 = AXIS2_PLACEMENT_3D('',#12,#13,#14);
#12 = CARTESIAN_POINT('',(0.,0.,0.));
#13 = DIRECTION('',(0.,0.,1.));
#14 = DIRECTION('',(1.,0.,-0.));
#15 = AXIS2_PLACEMENT_3D('',#16,#17,#18);
#16 = CARTESIAN_POINT('',(0.,0.,0.));
#17 = DIRECTION('',(0.,0.,1.));
#18 = DIRECTION('',(1.,0.,-0.));
#19 = AXIS2_PLACEMENT_3D('',#20,#21,#22);
#20 = CARTESIAN_POINT('',(-12.,0.,34.));
#21 = DIRECTION('',(1.,-0.,1.110223024625E-16));
#22 = DIRECTION('',(1.110223024625E-16,0.,-1.));
#23 = AXIS2_PLACEMENT_3D('',#24,#25,#26);
#24 = CARTESIAN_POINT('',(15.,0.,34.));
#25 = DIRECTION('',(1.,-0.,1.110223024625E-16));
#26 = DIRECTION('',(1.110223024625E-16,0.,-1.));
#27 = AXIS2_PLACEMENT_3D('',#28,#29,#30);
#28 = CARTESIAN_POINT('',(15.,0.,34.));
#29 = DIRECTION('',(1.,-0.,1.110223024625E-16));
#30 = DIRECTION('',(1.110223024625E-16,0.,-1.));
#31 = AXIS2_PLACEMENT_3D('',#32,#33,#34);
#32 = CARTESIAN_POINT('',(-21.,0.,34.));
#33 = DIRECTION('',(1.,-0.,1.110223024625E-16));
#34 = DIRECTION('',(1.110223024625E-16,0.,-1.));
#35 = AXIS2_PLACEMENT_3D('',#36,#37,#38);
#36 = CARTESIAN_POINT('',(0.,27.,60.));
#37 = DIRECTION('',(0.,0.,1.));
#38 = DIRECTION('',(1.,0.,-0.));
#39 = AXIS2_PLACEMENT_3D('',#40,#41,#42);
#40 = CARTESIAN_POINT('',(0.,-27.,60.));
#41 = DIRECTION('',(0.,0.,1.));
#42 = DIRECTION('',(1.,0.,-0.));
#43 = ( GEOMETRIC_REPRESENTATION_CONTEXT(3) 
GLOBAL_UNCERTAINTY_ASSIGNED_CONTEXT((#47)) GLOBAL_UNIT_ASSIGNED_CONTEXT(
(#44,#45,#46)) REPRESENTATION_CONTEXT('Context #1',
  '3D Context with UNIT and UNCERTAINTY') );
#44 = ( LENGTH_UNIT() NAMED_UNIT(*) SI_UNIT(.MILLI.,.METRE.) );
#45 = ( NAMED_UNIT(*) PLANE_ANGLE_UNIT() SI_UNIT($,.RADIAN.) );
#46 = ( NAMED_UNIT(*) SI_UNIT($,.STERADIAN.) SOLID_ANGLE_UNIT() );
#47 = UNCERTAINTY_MEASURE_WITH_UNIT(LENGTH_MEASURE(1.E-05),#44,
  'distance_accuracy_value','confusion accuracy');
#48 = PRODUCT_RELATED_PRODUCT_CATEGORY('part',$,(#7));
#49 = SHAPE_DEFINITION_REPRESENTATION(#50,#56);
#50 = PRODUCT_DEFINITION_SHAPE('','',#51);
#51 = PRODUCT_DEFINITION('design','',#52,#55);
#52 = PRODUCT_DEFINITION_FORMATION('','',#53);
#53 = PRODUCT('Open CASCADE STEP translator 7.9 11.1',
  'Open CASCADE STEP translator 7.9 11.1','',(#54));
#54 = PRODUCT_CONTEXT('',#2,'mechanical');
#55 = PRODUCT_DEFINITION_CONTEXT('part definition',#2,'design');
#56 = ADVANCED_BREP_SHAPE_REPRESENTATION('',(#11,#57),#2229);
#57 = MANIFOLD_SOLID_BREP('',#58);
#58 = CLOSED_SHELL('',(#59,#512,#676,#869,#1014,#1071,#1120,#1229,#1561,
    #1634,#1662,#1714,#1741,#1777,#1832,#1887,#2069,#2104,#2133,#2168,
    #2202));
#59 = ADVANCED_FACE('',(#60),#74,.T.);
#60 = FACE_BOUND('',#61,.T.);
#61 = EDGE_LOOP('',(#62,#97,#355,#405,#428,#457,#485));
#62 = ORIENTED_EDGE('',*,*,#63,.T.);
#63 = EDGE_CURVE('',#64,#66,#68,.T.);
#64 = VERTEX_POINT('',#65);
#65 = CARTESIAN_POINT('',(-15.,25.,56.));
#66 = VERTEX_POINT('',#67);
#67 = CARTESIAN_POINT('',(-4.908156476723,25.,56.));
#68 = SURFACE_CURVE('',#69,(#73,#85),.PCURVE_S1.);
#69 = LINE('',#70,#71);
#70 = CARTESIAN_POINT('',(-15.,25.,56.));
#71 = VECTOR('',#72,1.);
#72 = DIRECTION('',(1.,0.,0.));
#73 = PCURVE('',#74,#79);
#74 = CYLINDRICAL_SURFACE('',#75,10.);
#75 = AXIS2_PLACEMENT_3D('',#76,#77,#78);
#76 = CARTESIAN_POINT('',(-15.,25.,46.));
#77 = DIRECTION('',(1.,0.,0.));
#78 = DIRECTION('',(-0.,1.,0.));
#79 = DEFINITIONAL_REPRESENTATION('',(#80),#84);
#80 = LINE('',#81,#82);
#81 = CARTESIAN_POINT('',(1.570796326795,0.));
#82 = VECTOR('',#83,1.);
#83 = DIRECTION('',(0.,1.));
#84 = ( GEOMETRIC_REPRESENTATION_CONTEXT(2) 
PARAMETRIC_REPRESENTATION_CONTEXT() REPRESENTATION_CONTEXT('2D SPACE',''
  ) );
#85 = PCURVE('',#86,#91);
#86 = PLANE('',#87);
#87 = AXIS2_PLACEMENT_3D('',#88,#89,#90);
#88 = CARTESIAN_POINT('',(-15.,-35.,56.));
#89 = DIRECTION('',(0.,0.,1.));
#90 = DIRECTION('',(1.,0.,0.));
#91 = DEFINITIONAL_REPRESENTATION('',(#92),#96);
#92 = LINE('',#93,#94);
#93 = CARTESIAN_POINT('',(0.,60.));
#94 = VECTOR('',#95,1.);
#95 = DIRECTION('',(1.,0.));
#96 = ( GEOMETRIC_REPRESENTATION_CONTEXT(2) 
PARAMETRIC_REPRESENTATION_CONTEXT() REPRESENTATION_CONTEXT('2D SPACE',''
  ) );
#97 = ORIENTED_EDGE('',*,*,#98,.T.);
#98 = EDGE_CURVE('',#66,#99,#101,.T.);
#99 = VERTEX_POINT('',#100);
#100 = CARTESIAN_POINT('',(5.295235298988,27.172061277844,55.76125759343
    ));
#101 = SURFACE_CURVE('',#102,(#149,#255),.PCURVE_S1.);
#102 = B_SPLINE_CURVE_WITH_KNOTS('',12,(#103,#104,#105,#106,#107,#108,
    #109,#110,#111,#112,#113,#114,#115,#116,#117,#118,#119,#120,#121,
    #122,#123,#124,#125,#126,#127,#128,#129,#130,#131,#132,#133,#134,
    #135,#136,#137,#138,#139,#140,#141,#142,#143,#144,#145,#146,#147,
    #148),.UNSPECIFIED.,.F.,.F.,(13,11,11,11,13),(39.372489632146,
    42.23279170966,46.99617176551,51.984702992979,56.113691983295),
  .UNSPECIFIED.);
#103 = CARTESIAN_POINT('',(-4.908156476723,25.,56.));
#104 = CARTESIAN_POINT('',(-5.026110071334,25.289467349669,
    55.999999999988));
#105 = CARTESIAN_POINT('',(-5.127546872374,25.591364585319,
    55.990939000856));
#106 = CARTESIAN_POINT('',(-5.210256373708,25.905569051817,
    55.970961137359));
#107 = CARTESIAN_POINT('',(-5.271906531666,26.222067152788,
    55.940434979041));
#108 = CARTESIAN_POINT('',(-5.312756579703,26.548344907388,
    55.896968629138));
#109 = CARTESIAN_POINT('',(-5.330750582305,26.877219887082,
    55.840507825663));
#110 = CARTESIAN_POINT('',(-5.325002247599,27.196806862614,
    55.772875165851));
#111 = CARTESIAN_POINT('',(-5.298433895856,27.506970057547,
    55.695382467626));
#112 = CARTESIAN_POINT('',(-5.254000976103,27.810015204172,
    55.609131353643));
#113 = CARTESIAN_POINT('',(-5.191572570932,28.097888778337,
    55.516272352848));
#114 = CARTESIAN_POINT('',(-5.114202313861,28.374153779674,
    55.41778265017));
#115 = CARTESIAN_POINT('',(-4.871829964255,29.074396540747,
    55.144391536033));
#116 = CARTESIAN_POINT('',(-4.683072337736,29.474341540183,
    54.962391464376));
#117 = CARTESIAN_POINT('',(-4.464470364116,29.837618386285,
    54.774579590259));
#118 = CARTESIAN_POINT('',(-4.220861419498,30.166854835101,
    54.58482465746));
#119 = CARTESIAN_POINT('',(-3.956382392147,30.464099389599,
    54.396863014208));
#120 = CARTESIAN_POINT('',(-3.673617276296,30.731662464752,
    54.213481621069));
#121 = CARTESIAN_POINT('',(-3.373277606105,30.972157868435,
    54.036494979643));
#122 = CARTESIAN_POINT('',(-3.05506362956,31.187383988514,
    53.867785886245));
#123 = CARTESIAN_POINT('',(-2.718880485506,31.377436591463,
    53.710307661051));
#124 = CARTESIAN_POINT('',(-2.365311595147,31.541370851232,
    53.567910514715));
#125 = CARTESIAN_POINT('',(-1.995181020163,31.678829240293,
    53.444157143057));
#126 = CARTESIAN_POINT('',(-1.206955846048,31.902994535651,
    53.236922946552));
#127 = CARTESIAN_POINT('',(-0.787586797981,31.986912366754,
    53.155716472672));
#128 = CARTESIAN_POINT('',(-0.353066878171,32.039965638195,
    53.102451205238));
#129 = CARTESIAN_POINT('',(8.763300432409E-02,32.052646280114,
    53.088343073534));
#130 = CARTESIAN_POINT('',(0.525512609755,32.045874900628,
    53.096206214519));
#131 = CARTESIAN_POINT('',(0.986330825803,31.974097130183,
    53.167363418704));
#132 = CARTESIAN_POINT('',(1.373822349177,31.905995122438,
    53.237438161847));
#133 = CARTESIAN_POINT('',(1.812366735045,31.772216096536,
    53.364262935135));
#134 = CARTESIAN_POINT('',(2.178256739169,31.633449624876,53.4912454122)
  );
#135 = CARTESIAN_POINT('',(2.552287869075,31.456166141786,
    53.644557932559));
#136 = CARTESIAN_POINT('',(2.900186030795,31.25280222015,53.8094370828)
  );
#137 = CARTESIAN_POINT('',(3.501215602142,30.827716890598,
    54.129934827206));
#138 = CARTESIAN_POINT('',(3.759843663155,30.615528671845,54.28209652818
    ));
#139 = CARTESIAN_POINT('',(4.004573866366,30.380946488249,
    54.439893742046));
#140 = CARTESIAN_POINT('',(4.235268833779,30.13428152864,54.599427331883
    ));
#141 = CARTESIAN_POINT('',(4.453161179339,29.83487272979,54.768900267857
    ));
#142 = CARTESIAN_POINT('',(4.645469510666,29.575543086007,
    54.919813281825));
#143 = CARTESIAN_POINT('',(4.836341861522,29.192016674575,
    55.100278456573));
#144 = CARTESIAN_POINT('',(4.983055564834,28.886495354021,
    55.240676879761));
#145 = CARTESIAN_POINT('',(5.122329451073,28.474069644457,
    55.402072616195));
#146 = CARTESIAN_POINT('',(5.219079782577,28.06430333466,55.538463487326
    ));
#147 = CARTESIAN_POINT('',(5.278815289309,27.6251886804,55.660428322656)
  );
#148 = CARTESIAN_POINT('',(5.295235298988,27.172061277844,55.76125759343
    ));
#149 = PCURVE('',#74,#150);
#150 = DEFINITIONAL_REPRESENTATION('',(#151),#254);
#151 = B_SPLINE_CURVE_WITH_KNOTS('',11,(#152,#153,#154,#155,#156,#157,
    #158,#159,#160,#161,#162,#163,#164,#165,#166,#167,#168,#169,#170,
    #171,#172,#173,#174,#175,#176,#177,#178,#179,#180,#181,#182,#183,
    #184,#185,#186,#187,#188,#189,#190,#191,#192,#193,#194,#195,#196,
    #197,#198,#199,#200,#201,#202,#203,#204,#205,#206,#207,#208,#209,
    #210,#211,#212,#213,#214,#215,#216,#217,#218,#219,#220,#221,#222,
    #223,#224,#225,#226,#227,#228,#229,#230,#231,#232,#233,#234,#235,
    #236,#237,#238,#239,#240,#241,#242,#243,#244,#245,#246,#247,#248,
    #249,#250,#251,#252,#253),.UNSPECIFIED.,.F.,.F.,(12,10,10,10,10,10,
    10,10,10,10,12),(39.372489632146,41.46513992604,41.988302499513,
    42.511465072987,43.557790219933,45.650440513827,46.696765660774,
    47.743090807721,51.928391395508,54.021041689402,56.113691983295),
  .UNSPECIFIED.);
#152 = CARTESIAN_POINT('',(1.570796326795,10.091843523277));
#153 = CARTESIAN_POINT('',(1.54769308609,9.997701289571));
#154 = CARTESIAN_POINT('',(1.523789310341,9.91416241327));
#155 = CARTESIAN_POINT('',(1.499089851246,9.842419184503));
#156 = CARTESIAN_POINT('',(1.47395879867,9.783566545804));
#157 = CARTESIAN_POINT('',(1.44832251413,9.738067178025));
#158 = CARTESIAN_POINT('',(1.422241474405,9.706497623293));
#159 = CARTESIAN_POINT('',(1.396059185203,9.689408200498));
#160 = CARTESIAN_POINT('',(1.370067685821,9.6866435286));
#161 = CARTESIAN_POINT('',(1.344336532103,9.697299230966));
#162 = CARTESIAN_POINT('',(1.31903561706,9.720633848095));
#163 = CARTESIAN_POINT('',(1.288043303304,9.764482961481));
#164 = CARTESIAN_POINT('',(1.281876654638,9.773987114312));
#165 = CARTESIAN_POINT('',(1.275743341759,9.78421164964));
#166 = CARTESIAN_POINT('',(1.269644765262,9.795142472453));
#167 = CARTESIAN_POINT('',(1.263582204621,9.806765340305));
#168 = CARTESIAN_POINT('',(1.257556818211,9.819065863448));
#169 = CARTESIAN_POINT('',(1.251569643275,9.832029504661));
#170 = CARTESIAN_POINT('',(1.245621595964,9.84564157943));
#171 = CARTESIAN_POINT('',(1.239713471299,9.859887255792));
#172 = CARTESIAN_POINT('',(1.2338459432,9.874751554444));
#173 = CARTESIAN_POINT('',(1.222193185737,9.905687142924));
#174 = CARTESIAN_POINT('',(1.21640766349,9.92175979603));
#175 = CARTESIAN_POINT('',(1.210665135773,9.938416426734));
#176 = CARTESIAN_POINT('',(1.20496299145,9.955648741906));
#177 = CARTESIAN_POINT('',(1.199303290699,9.973443700546));
#178 = CARTESIAN_POINT('',(1.193689633379,9.991783367439));
#179 = CARTESIAN_POINT('',(1.188122680586,10.010650402302));
#180 = CARTESIAN_POINT('',(1.182599978065,10.030031887896));
#181 = CARTESIAN_POINT('',(1.177120173094,10.049918456826));
#182 = CARTESIAN_POINT('',(1.171686159821,10.070299934386));
#183 = CARTESIAN_POINT('',(1.155516073402,10.13288904515));
#184 = CARTESIAN_POINT('',(1.144913411668,10.176542773704));
#185 = CARTESIAN_POINT('',(1.134486804506,10.222037205468));
#186 = CARTESIAN_POINT('',(1.124234877873,10.269290693956));
#187 = CARTESIAN_POINT('',(1.114156224975,10.318226897686));
#188 = CARTESIAN_POINT('',(1.104249406294,10.368774780208));
#189 = CARTESIAN_POINT('',(1.094512949554,10.420868610051));
#190 = CARTESIAN_POINT('',(1.084945349754,10.474447960797));
#191 = CARTESIAN_POINT('',(1.075545069141,10.529457711002));
#192 = CARTESIAN_POINT('',(1.066310537229,10.585848044262));
#193 = CARTESIAN_POINT('',(1.039099377906,10.759027258981));
#194 = CARTESIAN_POINT('',(1.021615356019,10.879822480941));
#195 = CARTESIAN_POINT('',(1.004776939947,11.005593059049));
#196 = CARTESIAN_POINT('',(0.988572446799,11.136053874398));
#197 = CARTESIAN_POINT('',(0.972991303346,11.270993554697));
#198 = CARTESIAN_POINT('',(0.958025499763,11.410264296257));
#199 = CARTESIAN_POINT('',(0.943670849557,11.553769696661));
#200 = CARTESIAN_POINT('',(0.929928055921,11.701450600383));
#201 = CARTESIAN_POINT('',(0.916803584257,11.853268954968));
#202 = CARTESIAN_POINT('',(0.904310341095,12.009189679856));
#203 = CARTESIAN_POINT('',(0.886547068313,12.249145979606));
#204 = CARTESIAN_POINT('',(0.880788557447,12.330143369145));
#205 = CARTESIAN_POINT('',(0.875195187986,12.412148094206));
#206 = CARTESIAN_POINT('',(0.869769783274,12.49515401665));
#207 = CARTESIAN_POINT('',(0.864515428658,12.579153481125));
#208 = CARTESIAN_POINT('',(0.859435471478,12.664137314794));
#209 = CARTESIAN_POINT('',(0.854533521082,12.750094827692));
#210 = CARTESIAN_POINT('',(0.84981344881,12.837013812352));
#211 = CARTESIAN_POINT('',(0.845279388007,12.924880544122));
#212 = CARTESIAN_POINT('',(0.840935734015,13.013679780947));
#213 = CARTESIAN_POINT('',(0.83263855434,13.193109746031));
#214 = CARTESIAN_POINT('',(0.828685135114,13.283736917068));
#215 = CARTESIAN_POINT('',(0.824930129384,13.375271705854));
#216 = CARTESIAN_POINT('',(0.821381051322,13.467672571089));
#217 = CARTESIAN_POINT('',(0.818041808256,13.560923058695));
#218 = CARTESIAN_POINT('',(0.81491532776,13.655009781987));
#219 = CARTESIAN_POINT('',(0.812007087047,13.749891522982));
#220 = CARTESIAN_POINT('',(0.809324811692,13.845497749907));
#221 = CARTESIAN_POINT('',(0.806874480243,13.941757935602));
#222 = CARTESIAN_POINT('',(0.804657641219,14.03862615834));
#223 = CARTESIAN_POINT('',(0.794769028148,14.525638151119));
#224 = CARTESIAN_POINT('',(0.790672810731,14.923755819573));
#225 = CARTESIAN_POINT('',(0.790699047182,15.326853446855));
#226 = CARTESIAN_POINT('',(0.794709229892,15.727193543894));
#227 = CARTESIAN_POINT('',(0.803601523867,16.129509998474));
#228 = CARTESIAN_POINT('',(0.815040030991,16.498675545125));
#229 = CARTESIAN_POINT('',(0.831310386405,16.880778665664));
#230 = CARTESIAN_POINT('',(0.849355025027,17.222665696304));
#231 = CARTESIAN_POINT('',(0.870682959633,17.561309192268));
#232 = CARTESIAN_POINT('',(0.894520673188,17.881144203727));
#233 = CARTESIAN_POINT('',(0.934006072567,18.335914445695));
#234 = CARTESIAN_POINT('',(0.947790303891,18.483427780901));
#235 = CARTESIAN_POINT('',(0.962188148382,18.626504178734));
#236 = CARTESIAN_POINT('',(0.977217970499,18.765673920595));
#237 = CARTESIAN_POINT('',(0.992780621949,18.900142158873));
#238 = CARTESIAN_POINT('',(1.009117036356,19.03062538355));
#239 = CARTESIAN_POINT('',(1.025937715512,19.156013487295));
#240 = CARTESIAN_POINT('',(1.043475965153,19.276727908788));
#241 = CARTESIAN_POINT('',(1.061640670228,19.392131194953));
#242 = CARTESIAN_POINT('',(1.080486059551,19.501934740403));
#243 = CARTESIAN_POINT('',(1.119540733951,19.709287871562));
#244 = CARTESIAN_POINT('',(1.139750575792,19.806839399615));
#245 = CARTESIAN_POINT('',(1.160657710321,19.897773374896));
#246 = CARTESIAN_POINT('',(1.18225489327,19.981464844768));
#247 = CARTESIAN_POINT('',(1.204585966989,20.057296968276));
#248 = CARTESIAN_POINT('',(1.227616218936,20.124401434522));
#249 = CARTESIAN_POINT('',(1.25142668927,20.182032214417));
#250 = CARTESIAN_POINT('',(1.275947932647,20.229033358032));
#251 = CARTESIAN_POINT('',(1.300793501046,20.263727810525));
#252 = CARTESIAN_POINT('',(1.326179104044,20.286156782148));
#253 = CARTESIAN_POINT('',(1.351844977444,20.295235298988));
#254 = ( GEOMETRIC_REPRESENTATION_CONTEXT(2) 
PARAMETRIC_REPRESENTATION_CONTEXT() REPRESENTATION_CONTEXT('2D SPACE',''
  ) );
#255 = PCURVE('',#256,#349);
#256 = B_SPLINE_SURFACE_WITH_KNOTS('',1,12,(
    (#257,#258,#259,#260,#261,#262,#263,#264,#265,#266,#267,#268,#269
      ,#270,#271,#272,#273,#274,#275,#276,#277,#278,#279,#280,#281,#282
      ,#283,#284,#285,#286,#287,#288,#289,#290,#291,#292,#293,#294,#295
      ,#296,#297,#298,#299,#300,#301,#302)
    ,(#303,#304,#305,#306,#307,#308,#309,#310,#311,#312,#313,#314,#315
      ,#316,#317,#318,#319,#320,#321,#322,#323,#324,#325,#326,#327,#328
      ,#329,#330,#331,#332,#333,#334,#335,#336,#337,#338,#339,#340,#341
      ,#342,#343,#344,#345,#346,#347,#348
    )),.UNSPECIFIED.,.F.,.F.,.F.,(2,2),(13,11,11,11,13),(0.,
    16.741202351149),(39.372489632146,42.23279170966,46.99617176551,
    51.984702992979,56.113691983295),.UNSPECIFIED.);
#257 = CARTESIAN_POINT('',(-4.167302668916,25.301886792453,55.2));
#258 = CARTESIAN_POINT('',(-4.260011562324,25.529401670265,
    55.199999999987));
#259 = CARTESIAN_POINT('',(-4.340386029906,25.765170447037,
    55.193435678453));
#260 = CARTESIAN_POINT('',(-4.406961465815,26.009009897833,
    55.179242795202));
#261 = CARTESIAN_POINT('',(-4.458882565248,26.254257556256,
    55.157667005878));
#262 = CARTESIAN_POINT('',(-4.496041687847,26.507687667948,
    55.127133627426));
#263 = CARTESIAN_POINT('',(-4.517261302041,26.763927923292,
    55.087713795237));
#264 = CARTESIAN_POINT('',(-4.522011471421,27.014922207776,
    55.040443155146));
#265 = CARTESIAN_POINT('',(-4.511560574317,27.26239919631,
    54.985781975766));
#266 = CARTESIAN_POINT('',(-4.4873179498,27.508096458871,54.924341617074
    ));
#267 = CARTESIAN_POINT('',(-4.449409964294,27.744051611747,
    54.85773078167));
#268 = CARTESIAN_POINT('',(-4.39920507982,27.975002490093,
    54.786084481639));
#269 = CARTESIAN_POINT('',(-4.234840986058,28.569990973328,
    54.584941302278));
#270 = CARTESIAN_POINT('',(-4.100518213763,28.92074680663,
    54.448682696263));
#271 = CARTESIAN_POINT('',(-3.938547939617,29.250192337379,
    54.305203830487));
#272 = CARTESIAN_POINT('',(-3.751515630265,29.558592989333,
    54.157260486009));
#273 = CARTESIAN_POINT('',(-3.541953160003,29.845703470526,
    54.007912499126));
#274 = CARTESIAN_POINT('',(-3.311521267145,30.111750391165,
    53.859711997926));
#275 = CARTESIAN_POINT('',(-3.060560023874,30.357466654428,
    53.71455469411));
#276 = CARTESIAN_POINT('',(-2.788596393459,30.583014082719,
    53.574433966332));
#277 = CARTESIAN_POINT('',(-2.49528881823,30.787030607442,
    53.442233364859));
#278 = CARTESIAN_POINT('',(-2.181006293956,30.966985330864,
    53.321629548289));
#279 = CARTESIAN_POINT('',(-1.846783546553,31.120518913184,
    53.216154658725));
#280 = CARTESIAN_POINT('',(-1.126107005543,31.37431675057,
    53.038717974657));
#281 = CARTESIAN_POINT('',(-0.738124440814,31.471683101781,
    52.968648361495));
#282 = CARTESIAN_POINT('',(-0.332027350704,31.533904880559,
    52.922524774214));
#283 = CARTESIAN_POINT('',(8.049980912272E-02,31.551990968355,
    52.909719923214));
#284 = CARTESIAN_POINT('',(0.496648093199,31.53873814063,52.917602238964
    ));
#285 = CARTESIAN_POINT('',(0.920884915385,31.460635754496,
    52.977696868151));
#286 = CARTESIAN_POINT('',(1.288846435008,31.372815370198,
    53.040552707051));
#287 = CARTESIAN_POINT('',(1.683449071086,31.223388513748,53.14812675185
    ));
#288 = CARTESIAN_POINT('',(2.016723453641,31.066004134171,
    53.257432050915));
#289 = CARTESIAN_POINT('',(2.34736217849,30.872023206583,53.386933979638
    ));
#290 = CARTESIAN_POINT('',(2.649847582761,30.65572186966,53.524786909331
    ));
#291 = CARTESIAN_POINT('',(3.161438699418,30.216904209917,
    53.789139448738));
#292 = CARTESIAN_POINT('',(3.377250072707,30.002317405659,
    53.913346913751));
#293 = CARTESIAN_POINT('',(3.577171728111,29.769537193858,
    54.040936789669));
#294 = CARTESIAN_POINT('',(3.760699248053,29.532998736891,
    54.167077989219));
#295 = CARTESIAN_POINT('',(3.930775823743,29.245470428163,54.30215234795
    ));
#296 = CARTESIAN_POINT('',(4.073460993699,29.015174657847,
    54.414976824571));
#297 = CARTESIAN_POINT('',(4.215815896908,28.661781251699,
    54.555822539022));
#298 = CARTESIAN_POINT('',(4.314703020739,28.403008247366,
    54.657251195624));
#299 = CARTESIAN_POINT('',(4.4097070394,28.050386644289,54.776132485204)
  );
#300 = CARTESIAN_POINT('',(4.468419755064,27.712865334176,
    54.874000603704));
#301 = CARTESIAN_POINT('',(4.5,27.359411296923,54.960535431526));
#302 = CARTESIAN_POINT('',(4.5,27.,55.031723155697));
#303 = CARTESIAN_POINT('',(-4.908156476723,25.,56.));
#304 = CARTESIAN_POINT('',(-5.026110071334,25.289467349669,
    55.999999999988));
#305 = CARTESIAN_POINT('',(-5.127546872374,25.591364585319,
    55.990939000856));
#306 = CARTESIAN_POINT('',(-5.210256373708,25.905569051817,
    55.970961137359));
#307 = CARTESIAN_POINT('',(-5.271906531666,26.222067152788,
    55.940434979041));
#308 = CARTESIAN_POINT('',(-5.312756579703,26.548344907388,
    55.896968629138));
#309 = CARTESIAN_POINT('',(-5.330750582305,26.877219887082,
    55.840507825663));
#310 = CARTESIAN_POINT('',(-5.325002247599,27.196806862614,
    55.772875165851));
#311 = CARTESIAN_POINT('',(-5.298433895856,27.506970057547,
    55.695382467626));
#312 = CARTESIAN_POINT('',(-5.254000976103,27.810015204172,
    55.609131353643));
#313 = CARTESIAN_POINT('',(-5.191572570932,28.097888778337,
    55.516272352848));
#314 = CARTESIAN_POINT('',(-5.114202313861,28.374153779674,
    55.41778265017));
#315 = CARTESIAN_POINT('',(-4.871829964255,29.074396540747,
    55.144391536033));
#316 = CARTESIAN_POINT('',(-4.683072337736,29.474341540183,
    54.962391464376));
#317 = CARTESIAN_POINT('',(-4.464470364116,29.837618386285,
    54.774579590259));
#318 = CARTESIAN_POINT('',(-4.220861419498,30.166854835101,
    54.58482465746));
#319 = CARTESIAN_POINT('',(-3.956382392147,30.464099389599,
    54.396863014208));
#320 = CARTESIAN_POINT('',(-3.673617276296,30.731662464752,
    54.213481621069));
#321 = CARTESIAN_POINT('',(-3.373277606105,30.972157868435,
    54.036494979643));
#322 = CARTESIAN_POINT('',(-3.05506362956,31.187383988514,
    53.867785886245));
#323 = CARTESIAN_POINT('',(-2.718880485506,31.377436591463,
    53.710307661051));
#324 = CARTESIAN_POINT('',(-2.365311595147,31.541370851232,
    53.567910514715));
#325 = CARTESIAN_POINT('',(-1.995181020163,31.678829240293,
    53.444157143057));
#326 = CARTESIAN_POINT('',(-1.206955846048,31.902994535651,
    53.236922946552));
#327 = CARTESIAN_POINT('',(-0.787586797981,31.986912366754,
    53.155716472672));
#328 = CARTESIAN_POINT('',(-0.353066878171,32.039965638195,
    53.102451205238));
#329 = CARTESIAN_POINT('',(8.763300432409E-02,32.052646280114,
    53.088343073534));
#330 = CARTESIAN_POINT('',(0.525512609755,32.045874900628,
    53.096206214519));
#331 = CARTESIAN_POINT('',(0.986330825803,31.974097130183,
    53.167363418704));
#332 = CARTESIAN_POINT('',(1.373822349177,31.905995122438,
    53.237438161847));
#333 = CARTESIAN_POINT('',(1.812366735045,31.772216096536,
    53.364262935135));
#334 = CARTESIAN_POINT('',(2.178256739169,31.633449624876,53.4912454122)
  );
#335 = CARTESIAN_POINT('',(2.552287869075,31.456166141786,
    53.644557932559));
#336 = CARTESIAN_POINT('',(2.900186030795,31.25280222015,53.8094370828)
  );
#337 = CARTESIAN_POINT('',(3.501215602142,30.827716890598,
    54.129934827206));
#338 = CARTESIAN_POINT('',(3.759843663155,30.615528671845,54.28209652818
    ));
#339 = CARTESIAN_POINT('',(4.004573866366,30.380946488249,
    54.439893742046));
#340 = CARTESIAN_POINT('',(4.235268833779,30.13428152864,54.599427331883
    ));
#341 = CARTESIAN_POINT('',(4.453161179339,29.83487272979,54.768900267857
    ));
#342 = CARTESIAN_POINT('',(4.645469510666,29.575543086007,
    54.919813281825));
#343 = CARTESIAN_POINT('',(4.836341861522,29.192016674575,
    55.100278456573));
#344 = CARTESIAN_POINT('',(4.983055564834,28.886495354021,
    55.240676879761));
#345 = CARTESIAN_POINT('',(5.122329451073,28.474069644457,
    55.402072616195));
#346 = CARTESIAN_POINT('',(5.219079782577,28.06430333466,55.538463487326
    ));
#347 = CARTESIAN_POINT('',(5.278815289309,27.6251886804,55.660428322656)
  );
#348 = CARTESIAN_POINT('',(5.295235298988,27.172061277844,55.76125759343
    ));
#349 = DEFINITIONAL_REPRESENTATION('',(#350),#354);
#350 = LINE('',#351,#352);
#351 = CARTESIAN_POINT('',(16.741202351149,0.));
#352 = VECTOR('',#353,1.);
#353 = DIRECTION('',(0.,1.));
#354 = ( GEOMETRIC_REPRESENTATION_CONTEXT(2) 
PARAMETRIC_REPRESENTATION_CONTEXT() REPRESENTATION_CONTEXT('2D SPACE',''
  ) );
#355 = ORIENTED_EDGE('',*,*,#356,.T.);
#356 = EDGE_CURVE('',#99,#357,#359,.T.);
#357 = VERTEX_POINT('',#358);
#358 = CARTESIAN_POINT('',(4.908156476723,25.,56.));
#359 = SURFACE_CURVE('',#360,(#369,#381),.PCURVE_S1.);
#360 = B_SPLINE_CURVE_WITH_KNOTS('',7,(#361,#362,#363,#364,#365,#366,
    #367,#368),.UNSPECIFIED.,.F.,.F.,(8,8),(56.113691983295,
    57.766732090649),.PIECEWISE_BEZIER_KNOTS.);
#361 = CARTESIAN_POINT('',(5.295235298988,27.172061277844,55.76125759343
    ));
#362 = CARTESIAN_POINT('',(5.306504581874,26.861073587671,
    55.830458135803));
#363 = CARTESIAN_POINT('',(5.296156066335,26.542347067921,
    55.889263362968));
#364 = CARTESIAN_POINT('',(5.262194837345,26.219801751863,
    55.935960321269));
#365 = CARTESIAN_POINT('',(5.205061216365,25.901324407905,
    55.969375321365));
#366 = CARTESIAN_POINT('',(5.124996433677,25.588328062535,
    55.990373456833));
#367 = CARTESIAN_POINT('',(5.025342274162,25.287583115339,56.));
#368 = CARTESIAN_POINT('',(4.908156476723,25.,56.));
#369 = PCURVE('',#74,#370);
#370 = DEFINITIONAL_REPRESENTATION('',(#371),#380);
#371 = B_SPLINE_CURVE_WITH_KNOTS('',7,(#372,#373,#374,#375,#376,#377,
    #378,#379),.UNSPECIFIED.,.F.,.F.,(8,8),(56.113691983295,
    57.766732090649),.PIECEWISE_BEZIER_KNOTS.);
#372 = CARTESIAN_POINT('',(1.351844977444,20.295235298988));
#373 = CARTESIAN_POINT('',(1.383704365151,20.306504581874));
#374 = CARTESIAN_POINT('',(1.416093328025,20.296155964655));
#375 = CARTESIAN_POINT('',(1.448645099104,20.262195145381));
#376 = CARTESIAN_POINT('',(1.480624614024,20.205060851333));
#377 = CARTESIAN_POINT('',(1.511963647955,20.124996602142));
#378 = CARTESIAN_POINT('',(1.542038015261,20.025342274162));
#379 = CARTESIAN_POINT('',(1.570796326795,19.908156476723));
#380 = ( GEOMETRIC_REPRESENTATION_CONTEXT(2) 
PARAMETRIC_REPRESENTATION_CONTEXT() REPRESENTATION_CONTEXT('2D SPACE',''
  ) );
#381 = PCURVE('',#382,#399);
#382 = B_SPLINE_SURFACE_WITH_KNOTS('',1,7,(
    (#383,#384,#385,#386,#387,#388,#389,#390)
    ,(#391,#392,#393,#394,#395,#396,#397,#398
  )),.UNSPECIFIED.,.F.,.F.,.F.,(2,2),(8,8),(0.,1.653040107354),(
    56.113691983295,57.766732090649),.PIECEWISE_BEZIER_KNOTS.);
#383 = CARTESIAN_POINT('',(4.5,27.,55.031723155697));
#384 = CARTESIAN_POINT('',(4.5,26.753330987219,55.080580289001));
#385 = CARTESIAN_POINT('',(4.484257263473,26.503324507969,
    55.121861732201));
#386 = CARTESIAN_POINT('',(4.451778518551,26.252381258051,
    55.154526714991));
#387 = CARTESIAN_POINT('',(4.403128873111,26.005525427741,
    55.178113275861));
#388 = CARTESIAN_POINT('',(4.338389506876,25.762631767299,55.19303409671
    ));
#389 = CARTESIAN_POINT('',(4.259413076228,25.527932938564,55.2));
#390 = CARTESIAN_POINT('',(4.167302668916,25.301886792453,55.2));
#391 = CARTESIAN_POINT('',(5.295235298988,27.172061277844,55.76125759343
    ));
#392 = CARTESIAN_POINT('',(5.306504581874,26.861073587671,
    55.830458135803));
#393 = CARTESIAN_POINT('',(5.296156066335,26.542347067921,
    55.889263362968));
#394 = CARTESIAN_POINT('',(5.262194837345,26.219801751863,
    55.935960321269));
#395 = CARTESIAN_POINT('',(5.205061216365,25.901324407905,
    55.969375321365));
#396 = CARTESIAN_POINT('',(5.124996433677,25.588328062535,
    55.990373456833));
#397 = CARTESIAN_POINT('',(5.025342274162,25.287583115339,56.));
#398 = CARTESIAN_POINT('',(4.908156476723,25.,56.));
#399 = DEFINITIONAL_REPRESENTATION('',(#400),#404);
#400 = LINE('',#401,#402);
#401 = CARTESIAN_POINT('',(1.653040107354,0.));
#402 = VECTOR('',#403,1.);
#403 = DIRECTION('',(0.,1.));
#404 = ( GEOMETRIC_REPRESENTATION_CONTEXT(2) 
PARAMETRIC_REPRESENTATION_CONTEXT() REPRESENTATION_CONTEXT('2D SPACE',''
  ) );
#405 = ORIENTED_EDGE('',*,*,#406,.T.);
#406 = EDGE_CURVE('',#357,#407,#409,.T.);
#407 = VERTEX_POINT('',#408);
#408 = CARTESIAN_POINT('',(15.,25.,56.));
#409 = SURFACE_CURVE('',#410,(#414,#421),.PCURVE_S1.);
#410 = LINE('',#411,#412);
#411 = CARTESIAN_POINT('',(-15.,25.,56.));
#412 = VECTOR('',#413,1.);
#413 = DIRECTION('',(1.,0.,0.));
#414 = PCURVE('',#74,#415);
#415 = DEFINITIONAL_REPRESENTATION('',(#416),#420);
#416 = LINE('',#417,#418);
#417 = CARTESIAN_POINT('',(1.570796326795,0.));
#418 = VECTOR('',#419,1.);
#419 = DIRECTION('',(0.,1.));
#420 = ( GEOMETRIC_REPRESENTATION_CONTEXT(2) 
PARAMETRIC_REPRESENTATION_CONTEXT() REPRESENTATION_CONTEXT('2D SPACE',''
  ) );
#421 = PCURVE('',#86,#422);
#422 = DEFINITIONAL_REPRESENTATION('',(#423),#427);
#423 = LINE('',#424,#425);
#424 = CARTESIAN_POINT('',(0.,60.));
#425 = VECTOR('',#426,1.);
#426 = DIRECTION('',(1.,0.));
#427 = ( GEOMETRIC_REPRESENTATION_CONTEXT(2) 
PARAMETRIC_REPRESENTATION_CONTEXT() REPRESENTATION_CONTEXT('2D SPACE',''
  ) );
#428 = ORIENTED_EDGE('',*,*,#429,.F.);
#429 = EDGE_CURVE('',#430,#407,#432,.T.);
#430 = VERTEX_POINT('',#431);
#431 = CARTESIAN_POINT('',(15.,35.,46.));
#432 = SURFACE_CURVE('',#433,(#438,#445),.PCURVE_S1.);
#433 = CIRCLE('',#434,10.);
#434 = AXIS2_PLACEMENT_3D('',#435,#436,#437);
#435 = CARTESIAN_POINT('',(15.,25.,46.));
#436 = DIRECTION('',(1.,0.,0.));
#437 = DIRECTION('',(-0.,0.,1.));
#438 = PCURVE('',#74,#439);
#439 = DEFINITIONAL_REPRESENTATION('',(#440),#444);
#440 = LINE('',#441,#442);
#441 = CARTESIAN_POINT('',(-4.712388980385,30.));
#442 = VECTOR('',#443,1.);
#443 = DIRECTION('',(1.,0.));
#444 = ( GEOMETRIC_REPRESENTATION_CONTEXT(2) 
PARAMETRIC_REPRESENTATION_CONTEXT() REPRESENTATION_CONTEXT('2D SPACE',''
  ) );
#445 = PCURVE('',#446,#451);
#446 = PLANE('',#447);
#447 = AXIS2_PLACEMENT_3D('',#448,#449,#450);
#448 = CARTESIAN_POINT('',(15.,-35.,0.));
#449 = DIRECTION('',(1.,0.,0.));
#450 = DIRECTION('',(0.,0.,1.));
#451 = DEFINITIONAL_REPRESENTATION('',(#452),#456);
#452 = CIRCLE('',#453,10.);
#453 = AXIS2_PLACEMENT_2D('',#454,#455);
#454 = CARTESIAN_POINT('',(46.,-60.));
#455 = DIRECTION('',(1.,0.));
#456 = ( GEOMETRIC_REPRESENTATION_CONTEXT(2) 
PARAMETRIC_REPRESENTATION_CONTEXT() REPRESENTATION_CONTEXT('2D SPACE',''
  ) );
#457 = ORIENTED_EDGE('',*,*,#458,.F.);
#458 = EDGE_CURVE('',#459,#430,#461,.T.);
#459 = VERTEX_POINT('',#460);
#460 = CARTESIAN_POINT('',(-15.,35.,46.));
#461 = SURFACE_CURVE('',#462,(#466,#473),.PCURVE_S1.);
#462 = LINE('',#463,#464);
#463 = CARTESIAN_POINT('',(-15.,35.,46.));
#464 = VECTOR('',#465,1.);
#465 = DIRECTION('',(1.,0.,0.));
#466 = PCURVE('',#74,#467);
#467 = DEFINITIONAL_REPRESENTATION('',(#468),#472);
#468 = LINE('',#469,#470);
#469 = CARTESIAN_POINT('',(0.,0.));
#470 = VECTOR('',#471,1.);
#471 = DIRECTION('',(0.,1.));
#472 = ( GEOMETRIC_REPRESENTATION_CONTEXT(2) 
PARAMETRIC_REPRESENTATION_CONTEXT() REPRESENTATION_CONTEXT('2D SPACE',''
  ) );
#473 = PCURVE('',#474,#479);
#474 = PLANE('',#475);
#475 = AXIS2_PLACEMENT_3D('',#476,#477,#478);
#476 = CARTESIAN_POINT('',(-15.,35.,0.));
#477 = DIRECTION('',(0.,1.,0.));
#478 = DIRECTION('',(0.,0.,1.));
#479 = DEFINITIONAL_REPRESENTATION('',(#480),#484);
#480 = LINE('',#481,#482);
#481 = CARTESIAN_POINT('',(46.,0.));
#482 = VECTOR('',#483,1.);
#483 = DIRECTION('',(0.,1.));
#484 = ( GEOMETRIC_REPRESENTATION_CONTEXT(2) 
PARAMETRIC_REPRESENTATION_CONTEXT() REPRESENTATION_CONTEXT('2D SPACE',''
  ) );
#485 = ORIENTED_EDGE('',*,*,#486,.T.);
#486 = EDGE_CURVE('',#459,#64,#487,.T.);
#487 = SURFACE_CURVE('',#488,(#493,#500),.PCURVE_S1.);
#488 = CIRCLE('',#489,10.);
#489 = AXIS2_PLACEMENT_3D('',#490,#491,#492);
#490 = CARTESIAN_POINT('',(-15.,25.,46.));
#491 = DIRECTION('',(1.,0.,0.));
#492 = DIRECTION('',(-0.,0.,1.));
#493 = PCURVE('',#74,#494);
#494 = DEFINITIONAL_REPRESENTATION('',(#495),#499);
#495 = LINE('',#496,#497);
#496 = CARTESIAN_POINT('',(-4.712388980385,0.));
#497 = VECTOR('',#498,1.);
#498 = DIRECTION('',(1.,0.));
#499 = ( GEOMETRIC_REPRESENTATION_CONTEXT(2) 
PARAMETRIC_REPRESENTATION_CONTEXT() REPRESENTATION_CONTEXT('2D SPACE',''
  ) );
#500 = PCURVE('',#501,#506);
#501 = PLANE('',#502);
#502 = AXIS2_PLACEMENT_3D('',#503,#504,#505);
#503 = CARTESIAN_POINT('',(-15.,-35.,0.));
#504 = DIRECTION('',(1.,0.,0.));
#505 = DIRECTION('',(0.,0.,1.));
#506 = DEFINITIONAL_REPRESENTATION('',(#507),#511);
#507 = CIRCLE('',#508,10.);
#508 = AXIS2_PLACEMENT_2D('',#509,#510);
#509 = CARTESIAN_POINT('',(46.,-60.));
#510 = DIRECTION('',(1.,0.));
#511 = ( GEOMETRIC_REPRESENTATION_CONTEXT(2) 
PARAMETRIC_REPRESENTATION_CONTEXT() REPRESENTATION_CONTEXT('2D SPACE',''
  ) );
#512 = ADVANCED_FACE('',(#513),#86,.T.);
#513 = FACE_BOUND('',#514,.T.);
#514 = EDGE_LOOP('',(#515,#545,#578,#601,#622,#623,#654,#655));
#515 = ORIENTED_EDGE('',*,*,#516,.T.);
#516 = EDGE_CURVE('',#517,#519,#521,.T.);
#517 = VERTEX_POINT('',#518);
#518 = CARTESIAN_POINT('',(-15.,-25.,56.));
#519 = VERTEX_POINT('',#520);
#520 = CARTESIAN_POINT('',(-4.908156476723,-25.,56.));
#521 = SURFACE_CURVE('',#522,(#526,#533),.PCURVE_S1.);
#522 = LINE('',#523,#524);
#523 = CARTESIAN_POINT('',(-15.,-25.,56.));
#524 = VECTOR('',#525,1.);
#525 = DIRECTION('',(1.,0.,0.));
#526 = PCURVE('',#86,#527);
#527 = DEFINITIONAL_REPRESENTATION('',(#528),#532);
#528 = LINE('',#529,#530);
#529 = CARTESIAN_POINT('',(0.,10.));
#530 = VECTOR('',#531,1.);
#531 = DIRECTION('',(1.,0.));
#532 = ( GEOMETRIC_REPRESENTATION_CONTEXT(2) 
PARAMETRIC_REPRESENTATION_CONTEXT() REPRESENTATION_CONTEXT('2D SPACE',''
  ) );
#533 = PCURVE('',#534,#539);
#534 = CYLINDRICAL_SURFACE('',#535,10.);
#535 = AXIS2_PLACEMENT_3D('',#536,#537,#538);
#536 = CARTESIAN_POINT('',(-15.,-25.,46.));
#537 = DIRECTION('',(1.,0.,0.));
#538 = DIRECTION('',(0.,-1.,0.));
#539 = DEFINITIONAL_REPRESENTATION('',(#540),#544);
#540 = LINE('',#541,#542);
#541 = CARTESIAN_POINT('',(-1.570796326795,0.));
#542 = VECTOR('',#543,1.);
#543 = DIRECTION('',(-0.,1.));
#544 = ( GEOMETRIC_REPRESENTATION_CONTEXT(2) 
PARAMETRIC_REPRESENTATION_CONTEXT() REPRESENTATION_CONTEXT('2D SPACE',''
  ) );
#545 = ORIENTED_EDGE('',*,*,#546,.T.);
#546 = EDGE_CURVE('',#519,#547,#549,.T.);
#547 = VERTEX_POINT('',#548);
#548 = CARTESIAN_POINT('',(4.908156476723,-25.,56.));
#549 = SURFACE_CURVE('',#550,(#555,#566),.PCURVE_S1.);
#550 = CIRCLE('',#551,5.3);
#551 = AXIS2_PLACEMENT_3D('',#552,#553,#554);
#552 = CARTESIAN_POINT('',(0.,-27.,56.));
#553 = DIRECTION('',(-0.,0.,-1.));
#554 = DIRECTION('',(-0.895806416478,0.444444444444,0.));
#555 = PCURVE('',#86,#556);
#556 = DEFINITIONAL_REPRESENTATION('',(#557),#565);
#557 = ( BOUNDED_CURVE() B_SPLINE_CURVE(2,(#558,#559,#560,#561,#562,#563
,#564),.UNSPECIFIED.,.T.,.F.) B_SPLINE_CURVE_WITH_KNOTS((1,2,2,2,2,1),(
    -2.094395102393,0.,2.094395102393,4.188790204786,6.28318530718,
8.377580409573),.UNSPECIFIED.) CURVE() GEOMETRIC_REPRESENTATION_ITEM() 
RATIONAL_B_SPLINE_CURVE((1.,0.5,1.,0.5,1.,0.5,1.)) REPRESENTATION_ITEM(
  '') );
#558 = CARTESIAN_POINT('',(10.252225992669,10.355555555556));
#559 = CARTESIAN_POINT('',(14.332167894942,18.578941359108));
#560 = CARTESIAN_POINT('',(19.413857954802,10.933915123999));
#561 = CARTESIAN_POINT('',(24.495548014663,3.288888888889));
#562 = CARTESIAN_POINT('',(15.333916052529,2.710529320446));
#563 = CARTESIAN_POINT('',(6.172284090395,2.132169752003));
#564 = CARTESIAN_POINT('',(10.252225992669,10.355555555556));
#565 = ( GEOMETRIC_REPRESENTATION_CONTEXT(2) 
PARAMETRIC_REPRESENTATION_CONTEXT() REPRESENTATION_CONTEXT('2D SPACE',''
  ) );
#566 = PCURVE('',#567,#572);
#567 = CONICAL_SURFACE('',#568,4.5,0.785398163397);
#568 = AXIS2_PLACEMENT_3D('',#569,#570,#571);
#569 = CARTESIAN_POINT('',(0.,-27.,55.2));
#570 = DIRECTION('',(0.,0.,1.));
#571 = DIRECTION('',(-0.895806416478,0.444444444444,0.));
#572 = DEFINITIONAL_REPRESENTATION('',(#573),#577);
#573 = LINE('',#574,#575);
#574 = CARTESIAN_POINT('',(0.,0.8));
#575 = VECTOR('',#576,1.);
#576 = DIRECTION('',(-1.,-0.));
#577 = ( GEOMETRIC_REPRESENTATION_CONTEXT(2) 
PARAMETRIC_REPRESENTATION_CONTEXT() REPRESENTATION_CONTEXT('2D SPACE',''
  ) );
#578 = ORIENTED_EDGE('',*,*,#579,.T.);
#579 = EDGE_CURVE('',#547,#580,#582,.T.);
#580 = VERTEX_POINT('',#581);
#581 = CARTESIAN_POINT('',(15.,-25.,56.));
#582 = SURFACE_CURVE('',#583,(#587,#594),.PCURVE_S1.);
#583 = LINE('',#584,#585);
#584 = CARTESIAN_POINT('',(-15.,-25.,56.));
#585 = VECTOR('',#586,1.);
#586 = DIRECTION('',(1.,0.,0.));
#587 = PCURVE('',#86,#588);
#588 = DEFINITIONAL_REPRESENTATION('',(#589),#593);
#589 = LINE('',#590,#591);
#590 = CARTESIAN_POINT('',(0.,10.));
#591 = VECTOR('',#592,1.);
#592 = DIRECTION('',(1.,0.));
#593 = ( GEOMETRIC_REPRESENTATION_CONTEXT(2) 
PARAMETRIC_REPRESENTATION_CONTEXT() REPRESENTATION_CONTEXT('2D SPACE',''
  ) );
#594 = PCURVE('',#534,#595);
#595 = DEFINITIONAL_REPRESENTATION('',(#596),#600);
#596 = LINE('',#597,#598);
#597 = CARTESIAN_POINT('',(-1.570796326795,0.));
#598 = VECTOR('',#599,1.);
#599 = DIRECTION('',(-0.,1.));
#600 = ( GEOMETRIC_REPRESENTATION_CONTEXT(2) 
PARAMETRIC_REPRESENTATION_CONTEXT() REPRESENTATION_CONTEXT('2D SPACE',''
  ) );
#601 = ORIENTED_EDGE('',*,*,#602,.T.);
#602 = EDGE_CURVE('',#580,#407,#603,.T.);
#603 = SURFACE_CURVE('',#604,(#608,#615),.PCURVE_S1.);
#604 = LINE('',#605,#606);
#605 = CARTESIAN_POINT('',(15.,-35.,56.));
#606 = VECTOR('',#607,1.);
#607 = DIRECTION('',(0.,1.,0.));
#608 = PCURVE('',#86,#609);
#609 = DEFINITIONAL_REPRESENTATION('',(#610),#614);
#610 = LINE('',#611,#612);
#611 = CARTESIAN_POINT('',(30.,0.));
#612 = VECTOR('',#613,1.);
#613 = DIRECTION('',(0.,1.));
#614 = ( GEOMETRIC_REPRESENTATION_CONTEXT(2) 
PARAMETRIC_REPRESENTATION_CONTEXT() REPRESENTATION_CONTEXT('2D SPACE',''
  ) );
#615 = PCURVE('',#446,#616);
#616 = DEFINITIONAL_REPRESENTATION('',(#617),#621);
#617 = LINE('',#618,#619);
#618 = CARTESIAN_POINT('',(56.,0.));
#619 = VECTOR('',#620,1.);
#620 = DIRECTION('',(0.,-1.));
#621 = ( GEOMETRIC_REPRESENTATION_CONTEXT(2) 
PARAMETRIC_REPRESENTATION_CONTEXT() REPRESENTATION_CONTEXT('2D SPACE',''
  ) );
#622 = ORIENTED_EDGE('',*,*,#406,.F.);
#623 = ORIENTED_EDGE('',*,*,#624,.T.);
#624 = EDGE_CURVE('',#357,#66,#625,.T.);
#625 = SURFACE_CURVE('',#626,(#631,#642),.PCURVE_S1.);
#626 = CIRCLE('',#627,5.3);
#627 = AXIS2_PLACEMENT_3D('',#628,#629,#630);
#628 = CARTESIAN_POINT('',(0.,27.,56.));
#629 = DIRECTION('',(0.,-0.,-1.));
#630 = DIRECTION('',(0.895806416478,-0.444444444444,0.));
#631 = PCURVE('',#86,#632);
#632 = DEFINITIONAL_REPRESENTATION('',(#633),#641);
#633 = ( BOUNDED_CURVE() B_SPLINE_CURVE(2,(#634,#635,#636,#637,#638,#639
,#640),.UNSPECIFIED.,.T.,.F.) B_SPLINE_CURVE_WITH_KNOTS((1,2,2,2,2,1),(
    -2.094395102393,0.,2.094395102393,4.188790204786,6.28318530718,
8.377580409573),.UNSPECIFIED.) CURVE() GEOMETRIC_REPRESENTATION_ITEM() 
RATIONAL_B_SPLINE_CURVE((1.,0.5,1.,0.5,1.,0.5,1.)) REPRESENTATION_ITEM(
  '') );
#634 = CARTESIAN_POINT('',(19.747774007331,59.644444444444));
#635 = CARTESIAN_POINT('',(15.667832105058,51.421058640892));
#636 = CARTESIAN_POINT('',(10.586142045198,59.066084876001));
#637 = CARTESIAN_POINT('',(5.504451985337,66.711111111111));
#638 = CARTESIAN_POINT('',(14.666083947471,67.289470679554));
#639 = CARTESIAN_POINT('',(23.827715909605,67.867830247997));
#640 = CARTESIAN_POINT('',(19.747774007331,59.644444444444));
#641 = ( GEOMETRIC_REPRESENTATION_CONTEXT(2) 
PARAMETRIC_REPRESENTATION_CONTEXT() REPRESENTATION_CONTEXT('2D SPACE',''
  ) );
#642 = PCURVE('',#643,#648);
#643 = CONICAL_SURFACE('',#644,4.5,0.785398163397);
#644 = AXIS2_PLACEMENT_3D('',#645,#646,#647);
#645 = CARTESIAN_POINT('',(0.,27.,55.2));
#646 = DIRECTION('',(0.,0.,1.));
#647 = DIRECTION('',(0.895806416478,-0.444444444444,0.));
#648 = DEFINITIONAL_REPRESENTATION('',(#649),#653);
#649 = LINE('',#650,#651);
#650 = CARTESIAN_POINT('',(-0.,0.8));
#651 = VECTOR('',#652,1.);
#652 = DIRECTION('',(-1.,0.));
#653 = ( GEOMETRIC_REPRESENTATION_CONTEXT(2) 
PARAMETRIC_REPRESENTATION_CONTEXT() REPRESENTATION_CONTEXT('2D SPACE',''
  ) );
#654 = ORIENTED_EDGE('',*,*,#63,.F.);
#655 = ORIENTED_EDGE('',*,*,#656,.F.);
#656 = EDGE_CURVE('',#517,#64,#657,.T.);
#657 = SURFACE_CURVE('',#658,(#662,#669),.PCURVE_S1.);
#658 = LINE('',#659,#660);
#659 = CARTESIAN_POINT('',(-15.,-35.,56.));
#660 = VECTOR('',#661,1.);
#661 = DIRECTION('',(0.,1.,0.));
#662 = PCURVE('',#86,#663);
#663 = DEFINITIONAL_REPRESENTATION('',(#664),#668);
#664 = LINE('',#665,#666);
#665 = CARTESIAN_POINT('',(0.,0.));
#666 = VECTOR('',#667,1.);
#667 = DIRECTION('',(0.,1.));
#668 = ( GEOMETRIC_REPRESENTATION_CONTEXT(2) 
PARAMETRIC_REPRESENTATION_CONTEXT() REPRESENTATION_CONTEXT('2D SPACE',''
  ) );
#669 = PCURVE('',#501,#670);
#670 = DEFINITIONAL_REPRESENTATION('',(#671),#675);
#671 = LINE('',#672,#673);
#672 = CARTESIAN_POINT('',(56.,0.));
#673 = VECTOR('',#674,1.);
#674 = DIRECTION('',(0.,-1.));
#675 = ( GEOMETRIC_REPRESENTATION_CONTEXT(2) 
PARAMETRIC_REPRESENTATION_CONTEXT() REPRESENTATION_CONTEXT('2D SPACE',''
  ) );
#676 = ADVANCED_FACE('',(#677),#256,.F.);
#677 = FACE_BOUND('',#678,.F.);
#678 = EDGE_LOOP('',(#679,#700,#701,#721));
#679 = ORIENTED_EDGE('',*,*,#680,.T.);
#680 = EDGE_CURVE('',#681,#66,#683,.T.);
#681 = VERTEX_POINT('',#682);
#682 = CARTESIAN_POINT('',(-4.167302668916,25.301886792453,55.2));
#683 = SURFACE_CURVE('',#684,(#688,#694),.PCURVE_S1.);
#684 = LINE('',#685,#686);
#685 = CARTESIAN_POINT('',(-4.167302668916,25.301886792453,55.2));
#686 = VECTOR('',#687,1.);
#687 = DIRECTION('',(-0.654828439211,-0.266832747618,0.707106781187));
#688 = PCURVE('',#256,#689);
#689 = DEFINITIONAL_REPRESENTATION('',(#690),#693);
#690 = B_SPLINE_CURVE_WITH_KNOTS('',1,(#691,#692),.UNSPECIFIED.,.F.,.F.,
  (2,2),(0.,1.131370849898),.PIECEWISE_BEZIER_KNOTS.);
#691 = CARTESIAN_POINT('',(0.,39.372489632146));
#692 = CARTESIAN_POINT('',(16.741202351149,39.372489632146));
#693 = ( GEOMETRIC_REPRESENTATION_CONTEXT(2) 
PARAMETRIC_REPRESENTATION_CONTEXT() REPRESENTATION_CONTEXT('2D SPACE',''
  ) );
#694 = PCURVE('',#643,#695);
#695 = DEFINITIONAL_REPRESENTATION('',(#696),#699);
#696 = B_SPLINE_CURVE_WITH_KNOTS('',1,(#697,#698),.UNSPECIFIED.,.F.,.F.,
  (2,2),(0.,1.131370849898),.PIECEWISE_BEZIER_KNOTS.);
#697 = CARTESIAN_POINT('',(-2.29409642372,0.));
#698 = CARTESIAN_POINT('',(-2.29409642372,0.8));
#699 = ( GEOMETRIC_REPRESENTATION_CONTEXT(2) 
PARAMETRIC_REPRESENTATION_CONTEXT() REPRESENTATION_CONTEXT('2D SPACE',''
  ) );
#700 = ORIENTED_EDGE('',*,*,#98,.T.);
#701 = ORIENTED_EDGE('',*,*,#702,.F.);
#702 = EDGE_CURVE('',#703,#99,#705,.T.);
#703 = VERTEX_POINT('',#704);
#704 = CARTESIAN_POINT('',(4.5,27.,55.031723155697));
#705 = SURFACE_CURVE('',#706,(#709,#715),.PCURVE_S1.);
#706 = B_SPLINE_CURVE_WITH_KNOTS('',1,(#707,#708),.UNSPECIFIED.,.F.,.F.,
  (2,2),(0.,16.741202351149),.PIECEWISE_BEZIER_KNOTS.);
#707 = CARTESIAN_POINT('',(4.5,27.,55.031723155697));
#708 = CARTESIAN_POINT('',(5.295235298988,27.172061277844,55.76125759343
    ));
#709 = PCURVE('',#256,#710);
#710 = DEFINITIONAL_REPRESENTATION('',(#711),#714);
#711 = B_SPLINE_CURVE_WITH_KNOTS('',1,(#712,#713),.UNSPECIFIED.,.F.,.F.,
  (2,2),(0.,16.741202351149),.PIECEWISE_BEZIER_KNOTS.);
#712 = CARTESIAN_POINT('',(0.,56.113691983295));
#713 = CARTESIAN_POINT('',(16.741202351149,56.113691983295));
#714 = ( GEOMETRIC_REPRESENTATION_CONTEXT(2) 
PARAMETRIC_REPRESENTATION_CONTEXT() REPRESENTATION_CONTEXT('2D SPACE',''
  ) );
#715 = PCURVE('',#382,#716);
#716 = DEFINITIONAL_REPRESENTATION('',(#717),#720);
#717 = B_SPLINE_CURVE_WITH_KNOTS('',1,(#718,#719),.UNSPECIFIED.,.F.,.F.,
  (2,2),(0.,16.741202351149),.PIECEWISE_BEZIER_KNOTS.);
#718 = CARTESIAN_POINT('',(0.,56.113691983295));
#719 = CARTESIAN_POINT('',(1.653040107354,56.113691983295));
#720 = ( GEOMETRIC_REPRESENTATION_CONTEXT(2) 
PARAMETRIC_REPRESENTATION_CONTEXT() REPRESENTATION_CONTEXT('2D SPACE',''
  ) );
#721 = ORIENTED_EDGE('',*,*,#722,.F.);
#722 = EDGE_CURVE('',#681,#703,#723,.T.);
#723 = SURFACE_CURVE('',#724,(#771,#778),.PCURVE_S1.);
#724 = B_SPLINE_CURVE_WITH_KNOTS('',12,(#725,#726,#727,#728,#729,#730,
    #731,#732,#733,#734,#735,#736,#737,#738,#739,#740,#741,#742,#743,
    #744,#745,#746,#747,#748,#749,#750,#751,#752,#753,#754,#755,#756,
    #757,#758,#759,#760,#761,#762,#763,#764,#765,#766,#767,#768,#769,
    #770),.UNSPECIFIED.,.F.,.F.,(13,11,11,11,13),(39.372489632146,
    42.23279170966,46.99617176551,51.984702992979,56.113691983295),
  .UNSPECIFIED.);
#725 = CARTESIAN_POINT('',(-4.167302668916,25.301886792453,55.2));
#726 = CARTESIAN_POINT('',(-4.260011562324,25.529401670265,
    55.199999999987));
#727 = CARTESIAN_POINT('',(-4.340386029906,25.765170447037,
    55.193435678453));
#728 = CARTESIAN_POINT('',(-4.406961465815,26.009009897833,
    55.179242795202));
#729 = CARTESIAN_POINT('',(-4.458882565248,26.254257556256,
    55.157667005878));
#730 = CARTESIAN_POINT('',(-4.496041687847,26.507687667948,
    55.127133627426));
#731 = CARTESIAN_POINT('',(-4.517261302041,26.763927923292,
    55.087713795237));
#732 = CARTESIAN_POINT('',(-4.522011471421,27.014922207776,
    55.040443155146));
#733 = CARTESIAN_POINT('',(-4.511560574317,27.26239919631,
    54.985781975766));
#734 = CARTESIAN_POINT('',(-4.4873179498,27.508096458871,54.924341617074
    ));
#735 = CARTESIAN_POINT('',(-4.449409964294,27.744051611747,
    54.85773078167));
#736 = CARTESIAN_POINT('',(-4.39920507982,27.975002490093,
    54.786084481639));
#737 = CARTESIAN_POINT('',(-4.234840986058,28.569990973328,
    54.584941302278));
#738 = CARTESIAN_POINT('',(-4.100518213763,28.92074680663,
    54.448682696263));
#739 = CARTESIAN_POINT('',(-3.938547939617,29.250192337379,
    54.305203830487));
#740 = CARTESIAN_POINT('',(-3.751515630265,29.558592989333,
    54.157260486009));
#741 = CARTESIAN_POINT('',(-3.541953160003,29.845703470526,
    54.007912499126));
#742 = CARTESIAN_POINT('',(-3.311521267145,30.111750391165,
    53.859711997926));
#743 = CARTESIAN_POINT('',(-3.060560023874,30.357466654428,
    53.71455469411));
#744 = CARTESIAN_POINT('',(-2.788596393459,30.583014082719,
    53.574433966332));
#745 = CARTESIAN_POINT('',(-2.49528881823,30.787030607442,
    53.442233364859));
#746 = CARTESIAN_POINT('',(-2.181006293956,30.966985330864,
    53.321629548289));
#747 = CARTESIAN_POINT('',(-1.846783546553,31.120518913184,
    53.216154658725));
#748 = CARTESIAN_POINT('',(-1.126107005543,31.37431675057,
    53.038717974657));
#749 = CARTESIAN_POINT('',(-0.738124440814,31.471683101781,
    52.968648361495));
#750 = CARTESIAN_POINT('',(-0.332027350704,31.533904880559,
    52.922524774214));
#751 = CARTESIAN_POINT('',(8.049980912272E-02,31.551990968355,
    52.909719923214));
#752 = CARTESIAN_POINT('',(0.496648093199,31.53873814063,52.917602238964
    ));
#753 = CARTESIAN_POINT('',(0.920884915385,31.460635754496,
    52.977696868151));
#754 = CARTESIAN_POINT('',(1.288846435008,31.372815370198,
    53.040552707051));
#755 = CARTESIAN_POINT('',(1.683449071086,31.223388513748,53.14812675185
    ));
#756 = CARTESIAN_POINT('',(2.016723453641,31.066004134171,
    53.257432050915));
#757 = CARTESIAN_POINT('',(2.34736217849,30.872023206583,53.386933979638
    ));
#758 = CARTESIAN_POINT('',(2.649847582761,30.65572186966,53.524786909331
    ));
#759 = CARTESIAN_POINT('',(3.161438699418,30.216904209917,
    53.789139448738));
#760 = CARTESIAN_POINT('',(3.377250072707,30.002317405659,
    53.913346913751));
#761 = CARTESIAN_POINT('',(3.577171728111,29.769537193858,
    54.040936789669));
#762 = CARTESIAN_POINT('',(3.760699248053,29.532998736891,
    54.167077989219));
#763 = CARTESIAN_POINT('',(3.930775823743,29.245470428163,54.30215234795
    ));
#764 = CARTESIAN_POINT('',(4.073460993699,29.015174657847,
    54.414976824571));
#765 = CARTESIAN_POINT('',(4.215815896908,28.661781251699,
    54.555822539022));
#766 = CARTESIAN_POINT('',(4.314703020739,28.403008247366,
    54.657251195624));
#767 = CARTESIAN_POINT('',(4.4097070394,28.050386644289,54.776132485204)
  );
#768 = CARTESIAN_POINT('',(4.468419755064,27.712865334176,
    54.874000603704));
#769 = CARTESIAN_POINT('',(4.5,27.359411296923,54.960535431526));
#770 = CARTESIAN_POINT('',(4.5,27.,55.031723155697));
#771 = PCURVE('',#256,#772);
#772 = DEFINITIONAL_REPRESENTATION('',(#773),#777);
#773 = LINE('',#774,#775);
#774 = CARTESIAN_POINT('',(0.,0.));
#775 = VECTOR('',#776,1.);
#776 = DIRECTION('',(0.,1.));
#777 = ( GEOMETRIC_REPRESENTATION_CONTEXT(2) 
PARAMETRIC_REPRESENTATION_CONTEXT() REPRESENTATION_CONTEXT('2D SPACE',''
  ) );
#778 = PCURVE('',#779,#784);
#779 = CYLINDRICAL_SURFACE('',#780,4.5);
#780 = AXIS2_PLACEMENT_3D('',#781,#782,#783);
#781 = CARTESIAN_POINT('',(0.,27.,-14.0000002));
#782 = DIRECTION('',(-0.,-0.,-1.));
#783 = DIRECTION('',(1.,0.,0.));
#784 = DEFINITIONAL_REPRESENTATION('',(#785),#868);
#785 = B_SPLINE_CURVE_WITH_KNOTS('',11,(#786,#787,#788,#789,#790,#791,
    #792,#793,#794,#795,#796,#797,#798,#799,#800,#801,#802,#803,#804,
    #805,#806,#807,#808,#809,#810,#811,#812,#813,#814,#815,#816,#817,
    #818,#819,#820,#821,#822,#823,#824,#825,#826,#827,#828,#829,#830,
    #831,#832,#833,#834,#835,#836,#837,#838,#839,#840,#841,#842,#843,
    #844,#845,#846,#847,#848,#849,#850,#851,#852,#853,#854,#855,#856,
    #857,#858,#859,#860,#861,#862,#863,#864,#865,#866,#867),
  .UNSPECIFIED.,.F.,.F.,(12,10,10,10,10,10,10,10,12),(39.372489632146,
    41.46513992604,42.511465072987,43.557790219933,45.650440513827,
    47.743090807721,51.928391395508,54.021041689402,56.113691983295),
  .UNSPECIFIED.);
#786 = CARTESIAN_POINT('',(-3.528534891778,-69.2000002));
#787 = CARTESIAN_POINT('',(-3.484960826915,-69.20000019998));
#788 = CARTESIAN_POINT('',(-3.440957688887,-69.19578123416));
#789 = CARTESIAN_POINT('',(-3.396517988638,-69.1868048315));
#790 = CARTESIAN_POINT('',(-3.352085715175,-69.17302791576));
#791 = CARTESIAN_POINT('',(-3.307384339226,-69.15397652254));
#792 = CARTESIAN_POINT('',(-3.262383457362,-69.12936605088));
#793 = CARTESIAN_POINT('',(-3.217499182742,-69.0993441091));
#794 = CARTESIAN_POINT('',(-3.173016178741,-69.0642101438));
#795 = CARTESIAN_POINT('',(-3.128855420168,-69.02422354547));
#796 = CARTESIAN_POINT('',(-3.085191351402,-68.97984877647));
#797 = CARTESIAN_POINT('',(-3.020471965103,-68.9073290604));
#798 = CARTESIAN_POINT('',(-2.999034837935,-68.8821681456));
#799 = CARTESIAN_POINT('',(-2.97769311963,-68.85603336068));
#800 = CARTESIAN_POINT('',(-2.9566572621,-68.82915148615));
#801 = CARTESIAN_POINT('',(-2.935378537125,-68.80112849967));
#802 = CARTESIAN_POINT('',(-2.914879854797,-68.77282457218));
#803 = CARTESIAN_POINT('',(-2.89382949835,-68.74329051229));
#804 = CARTESIAN_POINT('',(-2.873370603223,-68.71339539428));
#805 = CARTESIAN_POINT('',(-2.852912685596,-68.68284077585));
#806 = CARTESIAN_POINT('',(-2.832624126437,-68.65174312667));
#807 = CARTESIAN_POINT('',(-2.792311489668,-68.58854287748));
#808 = CARTESIAN_POINT('',(-2.772289475937,-68.5564396313));
#809 = CARTESIAN_POINT('',(-2.752394700436,-68.52387727915));
#810 = CARTESIAN_POINT('',(-2.732620177756,-68.49089903496));
#811 = CARTESIAN_POINT('',(-2.712959003465,-68.45754731009));
#812 = CARTESIAN_POINT('',(-2.693404354178,-68.42386371494));
#813 = CARTESIAN_POINT('',(-2.673949487457,-68.38988905666));
#814 = CARTESIAN_POINT('',(-2.654587741925,-68.35566334176));
#815 = CARTESIAN_POINT('',(-2.63531253716,-68.32122577369));
#816 = CARTESIAN_POINT('',(-2.616117373775,-68.28661475468));
#817 = CARTESIAN_POINT('',(-2.558752752563,-68.18237414443));
#818 = CARTESIAN_POINT('',(-2.520802369832,-68.11233570338));
#819 = CARTESIAN_POINT('',(-2.483093701569,-68.04205654765));
#820 = CARTESIAN_POINT('',(-2.445571169185,-67.97182118206));
#821 = CARTESIAN_POINT('',(-2.408176147303,-67.90190188359));
#822 = CARTESIAN_POINT('',(-2.370848512122,-67.83256596066));
#823 = CARTESIAN_POINT('',(-2.333528189547,-67.76408300417));
#824 = CARTESIAN_POINT('',(-2.296156703583,-67.6967321482));
#825 = CARTESIAN_POINT('',(-2.258678724487,-67.63080932139));
#826 = CARTESIAN_POINT('',(-2.221043617096,-67.56663450573));
#827 = CARTESIAN_POINT('',(-2.145370361014,-67.44248347535));
#828 = CARTESIAN_POINT('',(-2.107329487966,-67.38250226501));
#829 = CARTESIAN_POINT('',(-2.069055081674,-67.32497685826));
#830 = CARTESIAN_POINT('',(-2.030482242623,-67.27025051187));
#831 = CARTESIAN_POINT('',(-1.991592298857,-67.2187267788));
#832 = CARTESIAN_POINT('',(-1.95237823472,-67.17082995905));
#833 = CARTESIAN_POINT('',(-1.912808836179,-67.12696469366));
#834 = CARTESIAN_POINT('',(-1.872844625041,-67.08752525322));
#835 = CARTESIAN_POINT('',(-1.832496599817,-67.05293837581));
#836 = CARTESIAN_POINT('',(-1.791856746583,-67.02365683146));
#837 = CARTESIAN_POINT('',(-1.669188192932,-66.95254892458));
#838 = CARTESIAN_POINT('',(-1.586427510738,-66.92744643524));
#839 = CARTESIAN_POINT('',(-1.50300656,-66.92734542306));
#840 = CARTESIAN_POINT('',(-1.419995909992,-66.95215269946));
#841 = CARTESIAN_POINT('',(-1.336317975446,-67.00603716696));
#842 = CARTESIAN_POINT('',(-1.257858332112,-67.07613291613));
#843 = CARTESIAN_POINT('',(-1.176099525034,-67.17128083347));
#844 = CARTESIAN_POINT('',(-1.10037201972,-67.27499094189));
#845 = CARTESIAN_POINT('',(-1.023502513386,-67.39259033421));
#846 = CARTESIAN_POINT('',(-0.947980945314,-67.51829249669));
#847 = CARTESIAN_POINT('',(-0.835395748242,-67.7156878167));
#848 = CARTESIAN_POINT('',(-0.797984221259,-67.78296486651));
#849 = CARTESIAN_POINT('',(-0.760609299863,-67.85143865987));
#850 = CARTESIAN_POINT('',(-0.72328784325,-67.92074231181));
#851 = CARTESIAN_POINT('',(-0.685883298422,-67.99071038795));
#852 = CARTESIAN_POINT('',(-0.648319744976,-68.06108176795));
#853 = CARTESIAN_POINT('',(-0.610606833045,-68.13148413931));
#854 = CARTESIAN_POINT('',(-0.572701064077,-68.20163106905));
#855 = CARTESIAN_POINT('',(-0.534478386004,-68.2713378103));
#856 = CARTESIAN_POINT('',(-0.4959129786,-68.3402466831));
#857 = CARTESIAN_POINT('',(-0.417981805001,-68.47584740955));
#858 = CARTESIAN_POINT('',(-0.378609740817,-68.54254704131));
#859 = CARTESIAN_POINT('',(-0.338829745074,-68.60775083851));
#860 = CARTESIAN_POINT('',(-0.298468152469,-68.67128952607));
#861 = CARTESIAN_POINT('',(-0.257665167967,-68.73253357559));
#862 = CARTESIAN_POINT('',(-0.216240242943,-68.79128740906));
#863 = CARTESIAN_POINT('',(-0.173941951956,-68.84742243533));
#864 = CARTESIAN_POINT('',(-0.131017035006,-68.90009827524));
#865 = CARTESIAN_POINT('',(-8.790304685584E-02,-68.94828786644));
#866 = CARTESIAN_POINT('',(-4.415914993706E-02,-68.99236412477));
#867 = CARTESIAN_POINT('',(4.589062177955E-16,-69.03172335569));
#868 = ( GEOMETRIC_REPRESENTATION_CONTEXT(2) 
PARAMETRIC_REPRESENTATION_CONTEXT() REPRESENTATION_CONTEXT('2D SPACE',''
  ) );
#869 = ADVANCED_FACE('',(#870,#979),#501,.F.);
#870 = FACE_BOUND('',#871,.F.);
#871 = EDGE_LOOP('',(#872,#902,#930,#951,#952,#953));
#872 = ORIENTED_EDGE('',*,*,#873,.F.);
#873 = EDGE_CURVE('',#874,#876,#878,.T.);
#874 = VERTEX_POINT('',#875);
#875 = CARTESIAN_POINT('',(-15.,-35.,0.));
#876 = VERTEX_POINT('',#877);
#877 = CARTESIAN_POINT('',(-15.,-35.,46.));
#878 = SURFACE_CURVE('',#879,(#883,#890),.PCURVE_S1.);
#879 = LINE('',#880,#881);
#880 = CARTESIAN_POINT('',(-15.,-35.,0.));
#881 = VECTOR('',#882,1.);
#882 = DIRECTION('',(0.,0.,1.));
#883 = PCURVE('',#501,#884);
#884 = DEFINITIONAL_REPRESENTATION('',(#885),#889);
#885 = LINE('',#886,#887);
#886 = CARTESIAN_POINT('',(0.,0.));
#887 = VECTOR('',#888,1.);
#888 = DIRECTION('',(1.,0.));
#889 = ( GEOMETRIC_REPRESENTATION_CONTEXT(2) 
PARAMETRIC_REPRESENTATION_CONTEXT() REPRESENTATION_CONTEXT('2D SPACE',''
  ) );
#890 = PCURVE('',#891,#896);
#891 = PLANE('',#892);
#892 = AXIS2_PLACEMENT_3D('',#893,#894,#895);
#893 = CARTESIAN_POINT('',(-15.,-35.,0.));
#894 = DIRECTION('',(0.,1.,0.));
#895 = DIRECTION('',(0.,0.,1.));
#896 = DEFINITIONAL_REPRESENTATION('',(#897),#901);
#897 = LINE('',#898,#899);
#898 = CARTESIAN_POINT('',(0.,0.));
#899 = VECTOR('',#900,1.);
#900 = DIRECTION('',(1.,0.));
#901 = ( GEOMETRIC_REPRESENTATION_CONTEXT(2) 
PARAMETRIC_REPRESENTATION_CONTEXT() REPRESENTATION_CONTEXT('2D SPACE',''
  ) );
#902 = ORIENTED_EDGE('',*,*,#903,.T.);
#903 = EDGE_CURVE('',#874,#904,#906,.T.);
#904 = VERTEX_POINT('',#905);
#905 = CARTESIAN_POINT('',(-15.,35.,0.));
#906 = SURFACE_CURVE('',#907,(#911,#918),.PCURVE_S1.);
#907 = LINE('',#908,#909);
#908 = CARTESIAN_POINT('',(-15.,-35.,0.));
#909 = VECTOR('',#910,1.);
#910 = DIRECTION('',(0.,1.,0.));
#911 = PCURVE('',#501,#912);
#912 = DEFINITIONAL_REPRESENTATION('',(#913),#917);
#913 = LINE('',#914,#915);
#914 = CARTESIAN_POINT('',(0.,0.));
#915 = VECTOR('',#916,1.);
#916 = DIRECTION('',(0.,-1.));
#917 = ( GEOMETRIC_REPRESENTATION_CONTEXT(2) 
PARAMETRIC_REPRESENTATION_CONTEXT() REPRESENTATION_CONTEXT('2D SPACE',''
  ) );
#918 = PCURVE('',#919,#924);
#919 = PLANE('',#920);
#920 = AXIS2_PLACEMENT_3D('',#921,#922,#923);
#921 = CARTESIAN_POINT('',(-15.,-35.,0.));
#922 = DIRECTION('',(0.,0.,1.));
#923 = DIRECTION('',(1.,0.,0.));
#924 = DEFINITIONAL_REPRESENTATION('',(#925),#929);
#925 = LINE('',#926,#927);
#926 = CARTESIAN_POINT('',(0.,0.));
#927 = VECTOR('',#928,1.);
#928 = DIRECTION('',(0.,1.));
#929 = ( GEOMETRIC_REPRESENTATION_CONTEXT(2) 
PARAMETRIC_REPRESENTATION_CONTEXT() REPRESENTATION_CONTEXT('2D SPACE',''
  ) );
#930 = ORIENTED_EDGE('',*,*,#931,.T.);
#931 = EDGE_CURVE('',#904,#459,#932,.T.);
#932 = SURFACE_CURVE('',#933,(#937,#944),.PCURVE_S1.);
#933 = LINE('',#934,#935);
#934 = CARTESIAN_POINT('',(-15.,35.,0.));
#935 = VECTOR('',#936,1.);
#936 = DIRECTION('',(0.,0.,1.));
#937 = PCURVE('',#501,#938);
#938 = DEFINITIONAL_REPRESENTATION('',(#939),#943);
#939 = LINE('',#940,#941);
#940 = CARTESIAN_POINT('',(0.,-70.));
#941 = VECTOR('',#942,1.);
#942 = DIRECTION('',(1.,0.));
#943 = ( GEOMETRIC_REPRESENTATION_CONTEXT(2) 
PARAMETRIC_REPRESENTATION_CONTEXT() REPRESENTATION_CONTEXT('2D SPACE',''
  ) );
#944 = PCURVE('',#474,#945);
#945 = DEFINITIONAL_REPRESENTATION('',(#946),#950);
#946 = LINE('',#947,#948);
#947 = CARTESIAN_POINT('',(0.,0.));
#948 = VECTOR('',#949,1.);
#949 = DIRECTION('',(1.,0.));
#950 = ( GEOMETRIC_REPRESENTATION_CONTEXT(2) 
PARAMETRIC_REPRESENTATION_CONTEXT() REPRESENTATION_CONTEXT('2D SPACE',''
  ) );
#951 = ORIENTED_EDGE('',*,*,#486,.T.);
#952 = ORIENTED_EDGE('',*,*,#656,.F.);
#953 = ORIENTED_EDGE('',*,*,#954,.F.);
#954 = EDGE_CURVE('',#876,#517,#955,.T.);
#955 = SURFACE_CURVE('',#956,(#961,#972),.PCURVE_S1.);
#956 = CIRCLE('',#957,10.);
#957 = AXIS2_PLACEMENT_3D('',#958,#959,#960);
#958 = CARTESIAN_POINT('',(-15.,-25.,46.));
#959 = DIRECTION('',(-1.,0.,-0.));
#960 = DIRECTION('',(-0.,0.,1.));
#961 = PCURVE('',#501,#962);
#962 = DEFINITIONAL_REPRESENTATION('',(#963),#971);
#963 = ( BOUNDED_CURVE() B_SPLINE_CURVE(2,(#964,#965,#966,#967,#968,#969
,#970),.UNSPECIFIED.,.T.,.F.) B_SPLINE_CURVE_WITH_KNOTS((1,2,2,2,2,1),(
    -2.094395102393,0.,2.094395102393,4.188790204786,6.28318530718,
8.377580409573),.UNSPECIFIED.) CURVE() GEOMETRIC_REPRESENTATION_ITEM() 
RATIONAL_B_SPLINE_CURVE((1.,0.5,1.,0.5,1.,0.5,1.)) REPRESENTATION_ITEM(
  '') );
#964 = CARTESIAN_POINT('',(56.,-10.));
#965 = CARTESIAN_POINT('',(56.,-27.32050807568));
#966 = CARTESIAN_POINT('',(41.,-18.66025403784));
#967 = CARTESIAN_POINT('',(26.,-10.));
#968 = CARTESIAN_POINT('',(41.,-1.339745962156));
#969 = CARTESIAN_POINT('',(56.,7.320508075689));
#970 = CARTESIAN_POINT('',(56.,-10.));
#971 = ( GEOMETRIC_REPRESENTATION_CONTEXT(2) 
PARAMETRIC_REPRESENTATION_CONTEXT() REPRESENTATION_CONTEXT('2D SPACE',''
  ) );
#972 = PCURVE('',#534,#973);
#973 = DEFINITIONAL_REPRESENTATION('',(#974),#978);
#974 = LINE('',#975,#976);
#975 = CARTESIAN_POINT('',(4.712388980385,-0.));
#976 = VECTOR('',#977,1.);
#977 = DIRECTION('',(-1.,0.));
#978 = ( GEOMETRIC_REPRESENTATION_CONTEXT(2) 
PARAMETRIC_REPRESENTATION_CONTEXT() REPRESENTATION_CONTEXT('2D SPACE',''
  ) );
#979 = FACE_BOUND('',#980,.F.);
#980 = EDGE_LOOP('',(#981));
#981 = ORIENTED_EDGE('',*,*,#982,.T.);
#982 = EDGE_CURVE('',#983,#983,#985,.T.);
#983 = VERTEX_POINT('',#984);
#984 = CARTESIAN_POINT('',(-15.,0.,55.));
#985 = SURFACE_CURVE('',#986,(#991,#1002),.PCURVE_S1.);
#986 = CIRCLE('',#987,21.);
#987 = AXIS2_PLACEMENT_3D('',#988,#989,#990);
#988 = CARTESIAN_POINT('',(-15.,0.,34.));
#989 = DIRECTION('',(-1.,0.,1.110223024625E-16));
#990 = DIRECTION('',(1.110223024625E-16,0.,1.));
#991 = PCURVE('',#501,#992);
#992 = DEFINITIONAL_REPRESENTATION('',(#993),#1001);
#993 = ( BOUNDED_CURVE() B_SPLINE_CURVE(2,(#994,#995,#996,#997,#998,#999
,#1000),.UNSPECIFIED.,.T.,.F.) B_SPLINE_CURVE_WITH_KNOTS((1,2,2,2,2,1),(
    -2.094395102393,0.,2.094395102393,4.188790204786,6.28318530718,
8.377580409573),.UNSPECIFIED.) CURVE() GEOMETRIC_REPRESENTATION_ITEM() 
RATIONAL_B_SPLINE_CURVE((1.,0.5,1.,0.5,1.,0.5,1.)) REPRESENTATION_ITEM(
  '') );
#994 = CARTESIAN_POINT('',(55.,-35.));
#995 = CARTESIAN_POINT('',(55.,-71.37306695894));
#996 = CARTESIAN_POINT('',(23.5,-53.18653347947));
#997 = CARTESIAN_POINT('',(-8.,-35.));
#998 = CARTESIAN_POINT('',(23.5,-16.81346652052));
#999 = CARTESIAN_POINT('',(55.,1.373066958946));
#1000 = CARTESIAN_POINT('',(55.,-35.));
#1001 = ( GEOMETRIC_REPRESENTATION_CONTEXT(2) 
PARAMETRIC_REPRESENTATION_CONTEXT() REPRESENTATION_CONTEXT('2D SPACE',''
  ) );
#1002 = PCURVE('',#1003,#1008);
#1003 = CYLINDRICAL_SURFACE('',#1004,21.);
#1004 = AXIS2_PLACEMENT_3D('',#1005,#1006,#1007);
#1005 = CARTESIAN_POINT('',(-3.,0.,34.));
#1006 = DIRECTION('',(1.,-0.,-1.110223024625E-16));
#1007 = DIRECTION('',(1.110223024625E-16,0.,1.));
#1008 = DEFINITIONAL_REPRESENTATION('',(#1009),#1013);
#1009 = LINE('',#1010,#1011);
#1010 = CARTESIAN_POINT('',(-0.,-12.));
#1011 = VECTOR('',#1012,1.);
#1012 = DIRECTION('',(-1.,0.));
#1013 = ( GEOMETRIC_REPRESENTATION_CONTEXT(2) 
PARAMETRIC_REPRESENTATION_CONTEXT() REPRESENTATION_CONTEXT('2D SPACE',''
  ) );
#1014 = ADVANCED_FACE('',(#1015),#382,.F.);
#1015 = FACE_BOUND('',#1016,.F.);
#1016 = EDGE_LOOP('',(#1017,#1018,#1019,#1040));
#1017 = ORIENTED_EDGE('',*,*,#702,.T.);
#1018 = ORIENTED_EDGE('',*,*,#356,.T.);
#1019 = ORIENTED_EDGE('',*,*,#1020,.F.);
#1020 = EDGE_CURVE('',#1021,#357,#1023,.T.);
#1021 = VERTEX_POINT('',#1022);
#1022 = CARTESIAN_POINT('',(4.167302668916,25.301886792453,55.2));
#1023 = SURFACE_CURVE('',#1024,(#1028,#1034),.PCURVE_S1.);
#1024 = LINE('',#1025,#1026);
#1025 = CARTESIAN_POINT('',(4.167302668916,25.301886792453,55.2));
#1026 = VECTOR('',#1027,1.);
#1027 = DIRECTION('',(0.654828439211,-0.266832747618,0.707106781187));
#1028 = PCURVE('',#382,#1029);
#1029 = DEFINITIONAL_REPRESENTATION('',(#1030),#1033);
#1030 = B_SPLINE_CURVE_WITH_KNOTS('',1,(#1031,#1032),.UNSPECIFIED.,.F.,
  .F.,(2,2),(0.,1.131370849898),.PIECEWISE_BEZIER_KNOTS.);
#1031 = CARTESIAN_POINT('',(0.,57.766732090649));
#1032 = CARTESIAN_POINT('',(1.653040107354,57.766732090649));
#1033 = ( GEOMETRIC_REPRESENTATION_CONTEXT(2) 
PARAMETRIC_REPRESENTATION_CONTEXT() REPRESENTATION_CONTEXT('2D SPACE',''
  ) );
#1034 = PCURVE('',#643,#1035);
#1035 = DEFINITIONAL_REPRESENTATION('',(#1036),#1039);
#1036 = B_SPLINE_CURVE_WITH_KNOTS('',1,(#1037,#1038),.UNSPECIFIED.,.F.,
  .F.,(2,2),(0.,1.131370849898),.PIECEWISE_BEZIER_KNOTS.);
#1037 = CARTESIAN_POINT('',(7.361175349294E-02,0.));
#1038 = CARTESIAN_POINT('',(7.361175349294E-02,0.8));
#1039 = ( GEOMETRIC_REPRESENTATION_CONTEXT(2) 
PARAMETRIC_REPRESENTATION_CONTEXT() REPRESENTATION_CONTEXT('2D SPACE',''
  ) );
#1040 = ORIENTED_EDGE('',*,*,#1041,.F.);
#1041 = EDGE_CURVE('',#703,#1021,#1042,.T.);
#1042 = SURFACE_CURVE('',#1043,(#1052,#1059),.PCURVE_S1.);
#1043 = B_SPLINE_CURVE_WITH_KNOTS('',7,(#1044,#1045,#1046,#1047,#1048,
    #1049,#1050,#1051),.UNSPECIFIED.,.F.,.F.,(8,8),(56.113691983295,
    57.766732090649),.PIECEWISE_BEZIER_KNOTS.);
#1044 = CARTESIAN_POINT('',(4.5,27.,55.031723155697));
#1045 = CARTESIAN_POINT('',(4.5,26.753330987219,55.080580289001));
#1046 = CARTESIAN_POINT('',(4.484257263473,26.503324507969,
    55.121861732201));
#1047 = CARTESIAN_POINT('',(4.451778518551,26.252381258051,
    55.154526714991));
#1048 = CARTESIAN_POINT('',(4.403128873111,26.005525427741,
    55.178113275861));
#1049 = CARTESIAN_POINT('',(4.338389506876,25.762631767299,
    55.19303409671));
#1050 = CARTESIAN_POINT('',(4.259413076228,25.527932938564,55.2));
#1051 = CARTESIAN_POINT('',(4.167302668916,25.301886792453,55.2));
#1052 = PCURVE('',#382,#1053);
#1053 = DEFINITIONAL_REPRESENTATION('',(#1054),#1058);
#1054 = LINE('',#1055,#1056);
#1055 = CARTESIAN_POINT('',(0.,0.));
#1056 = VECTOR('',#1057,1.);
#1057 = DIRECTION('',(0.,1.));
#1058 = ( GEOMETRIC_REPRESENTATION_CONTEXT(2) 
PARAMETRIC_REPRESENTATION_CONTEXT() REPRESENTATION_CONTEXT('2D SPACE',''
  ) );
#1059 = PCURVE('',#779,#1060);
#1060 = DEFINITIONAL_REPRESENTATION('',(#1061),#1070);
#1061 = B_SPLINE_CURVE_WITH_KNOTS('',7,(#1062,#1063,#1064,#1065,#1066,
    #1067,#1068,#1069),.UNSPECIFIED.,.F.,.F.,(8,8),(56.113691983295,
    57.766732090649),.PIECEWISE_BEZIER_KNOTS.);
#1062 = CARTESIAN_POINT('',(-6.28318530718,-69.03172335569));
#1063 = CARTESIAN_POINT('',(-6.228369971006,-69.080580489));
#1064 = CARTESIAN_POINT('',(-6.172813690686,-69.12186215577));
#1065 = CARTESIAN_POINT('',(-6.116776396908,-69.15452642862));
#1066 = CARTESIAN_POINT('',(-6.061083826221,-69.17811389106));
#1067 = CARTESIAN_POINT('',(-6.005407786238,-69.19303415656));
#1068 = CARTESIAN_POINT('',(-5.950485864408,-69.2000002));
#1069 = CARTESIAN_POINT('',(-5.896243068991,-69.2000002));
#1070 = ( GEOMETRIC_REPRESENTATION_CONTEXT(2) 
PARAMETRIC_REPRESENTATION_CONTEXT() REPRESENTATION_CONTEXT('2D SPACE',''
  ) );
#1071 = ADVANCED_FACE('',(#1072),#474,.T.);
#1072 = FACE_BOUND('',#1073,.T.);
#1073 = EDGE_LOOP('',(#1074,#1097,#1118,#1119));
#1074 = ORIENTED_EDGE('',*,*,#1075,.F.);
#1075 = EDGE_CURVE('',#1076,#430,#1078,.T.);
#1076 = VERTEX_POINT('',#1077);
#1077 = CARTESIAN_POINT('',(15.,35.,0.));
#1078 = SURFACE_CURVE('',#1079,(#1083,#1090),.PCURVE_S1.);
#1079 = LINE('',#1080,#1081);
#1080 = CARTESIAN_POINT('',(15.,35.,0.));
#1081 = VECTOR('',#1082,1.);
#1082 = DIRECTION('',(0.,0.,1.));
#1083 = PCURVE('',#474,#1084);
#1084 = DEFINITIONAL_REPRESENTATION('',(#1085),#1089);
#1085 = LINE('',#1086,#1087);
#1086 = CARTESIAN_POINT('',(0.,30.));
#1087 = VECTOR('',#1088,1.);
#1088 = DIRECTION('',(1.,0.));
#1089 = ( GEOMETRIC_REPRESENTATION_CONTEXT(2) 
PARAMETRIC_REPRESENTATION_CONTEXT() REPRESENTATION_CONTEXT('2D SPACE',''
  ) );
#1090 = PCURVE('',#446,#1091);
#1091 = DEFINITIONAL_REPRESENTATION('',(#1092),#1096);
#1092 = LINE('',#1093,#1094);
#1093 = CARTESIAN_POINT('',(0.,-70.));
#1094 = VECTOR('',#1095,1.);
#1095 = DIRECTION('',(1.,0.));
#1096 = ( GEOMETRIC_REPRESENTATION_CONTEXT(2) 
PARAMETRIC_REPRESENTATION_CONTEXT() REPRESENTATION_CONTEXT('2D SPACE',''
  ) );
#1097 = ORIENTED_EDGE('',*,*,#1098,.F.);
#1098 = EDGE_CURVE('',#904,#1076,#1099,.T.);
#1099 = SURFACE_CURVE('',#1100,(#1104,#1111),.PCURVE_S1.);
#1100 = LINE('',#1101,#1102);
#1101 = CARTESIAN_POINT('',(-15.,35.,0.));
#1102 = VECTOR('',#1103,1.);
#1103 = DIRECTION('',(1.,0.,0.));
#1104 = PCURVE('',#474,#1105);
#1105 = DEFINITIONAL_REPRESENTATION('',(#1106),#1110);
#1106 = LINE('',#1107,#1108);
#1107 = CARTESIAN_POINT('',(0.,0.));
#1108 = VECTOR('',#1109,1.);
#1109 = DIRECTION('',(0.,1.));
#1110 = ( GEOMETRIC_REPRESENTATION_CONTEXT(2) 
PARAMETRIC_REPRESENTATION_CONTEXT() REPRESENTATION_CONTEXT('2D SPACE',''
  ) );
#1111 = PCURVE('',#919,#1112);
#1112 = DEFINITIONAL_REPRESENTATION('',(#1113),#1117);
#1113 = LINE('',#1114,#1115);
#1114 = CARTESIAN_POINT('',(0.,70.));
#1115 = VECTOR('',#1116,1.);
#1116 = DIRECTION('',(1.,0.));
#1117 = ( GEOMETRIC_REPRESENTATION_CONTEXT(2) 
PARAMETRIC_REPRESENTATION_CONTEXT() REPRESENTATION_CONTEXT('2D SPACE',''
  ) );
#1118 = ORIENTED_EDGE('',*,*,#931,.T.);
#1119 = ORIENTED_EDGE('',*,*,#458,.T.);
#1120 = ADVANCED_FACE('',(#1121,#1198),#446,.T.);
#1121 = FACE_BOUND('',#1122,.T.);
#1122 = EDGE_LOOP('',(#1123,#1148,#1169,#1170,#1171,#1172));
#1123 = ORIENTED_EDGE('',*,*,#1124,.F.);
#1124 = EDGE_CURVE('',#1125,#1127,#1129,.T.);
#1125 = VERTEX_POINT('',#1126);
#1126 = CARTESIAN_POINT('',(15.,-35.,0.));
#1127 = VERTEX_POINT('',#1128);
#1128 = CARTESIAN_POINT('',(15.,-35.,46.));
#1129 = SURFACE_CURVE('',#1130,(#1134,#1141),.PCURVE_S1.);
#1130 = LINE('',#1131,#1132);
#1131 = CARTESIAN_POINT('',(15.,-35.,0.));
#1132 = VECTOR('',#1133,1.);
#1133 = DIRECTION('',(0.,0.,1.));
#1134 = PCURVE('',#446,#1135);
#1135 = DEFINITIONAL_REPRESENTATION('',(#1136),#1140);
#1136 = LINE('',#1137,#1138);
#1137 = CARTESIAN_POINT('',(0.,0.));
#1138 = VECTOR('',#1139,1.);
#1139 = DIRECTION('',(1.,0.));
#1140 = ( GEOMETRIC_REPRESENTATION_CONTEXT(2) 
PARAMETRIC_REPRESENTATION_CONTEXT() REPRESENTATION_CONTEXT('2D SPACE',''
  ) );
#1141 = PCURVE('',#891,#1142);
#1142 = DEFINITIONAL_REPRESENTATION('',(#1143),#1147);
#1143 = LINE('',#1144,#1145);
#1144 = CARTESIAN_POINT('',(0.,30.));
#1145 = VECTOR('',#1146,1.);
#1146 = DIRECTION('',(1.,0.));
#1147 = ( GEOMETRIC_REPRESENTATION_CONTEXT(2) 
PARAMETRIC_REPRESENTATION_CONTEXT() REPRESENTATION_CONTEXT('2D SPACE',''
  ) );
#1148 = ORIENTED_EDGE('',*,*,#1149,.T.);
#1149 = EDGE_CURVE('',#1125,#1076,#1150,.T.);
#1150 = SURFACE_CURVE('',#1151,(#1155,#1162),.PCURVE_S1.);
#1151 = LINE('',#1152,#1153);
#1152 = CARTESIAN_POINT('',(15.,-35.,0.));
#1153 = VECTOR('',#1154,1.);
#1154 = DIRECTION('',(0.,1.,0.));
#1155 = PCURVE('',#446,#1156);
#1156 = DEFINITIONAL_REPRESENTATION('',(#1157),#1161);
#1157 = LINE('',#1158,#1159);
#1158 = CARTESIAN_POINT('',(0.,0.));
#1159 = VECTOR('',#1160,1.);
#1160 = DIRECTION('',(0.,-1.));
#1161 = ( GEOMETRIC_REPRESENTATION_CONTEXT(2) 
PARAMETRIC_REPRESENTATION_CONTEXT() REPRESENTATION_CONTEXT('2D SPACE',''
  ) );
#1162 = PCURVE('',#919,#1163);
#1163 = DEFINITIONAL_REPRESENTATION('',(#1164),#1168);
#1164 = LINE('',#1165,#1166);
#1165 = CARTESIAN_POINT('',(30.,0.));
#1166 = VECTOR('',#1167,1.);
#1167 = DIRECTION('',(0.,1.));
#1168 = ( GEOMETRIC_REPRESENTATION_CONTEXT(2) 
PARAMETRIC_REPRESENTATION_CONTEXT() REPRESENTATION_CONTEXT('2D SPACE',''
  ) );
#1169 = ORIENTED_EDGE('',*,*,#1075,.T.);
#1170 = ORIENTED_EDGE('',*,*,#429,.T.);
#1171 = ORIENTED_EDGE('',*,*,#602,.F.);
#1172 = ORIENTED_EDGE('',*,*,#1173,.F.);
#1173 = EDGE_CURVE('',#1127,#580,#1174,.T.);
#1174 = SURFACE_CURVE('',#1175,(#1180,#1191),.PCURVE_S1.);
#1175 = CIRCLE('',#1176,10.);
#1176 = AXIS2_PLACEMENT_3D('',#1177,#1178,#1179);
#1177 = CARTESIAN_POINT('',(15.,-25.,46.));
#1178 = DIRECTION('',(-1.,0.,-0.));
#1179 = DIRECTION('',(-0.,0.,1.));
#1180 = PCURVE('',#446,#1181);
#1181 = DEFINITIONAL_REPRESENTATION('',(#1182),#1190);
#1182 = ( BOUNDED_CURVE() B_SPLINE_CURVE(2,(#1183,#1184,#1185,#1186,
#1187,#1188,#1189),.UNSPECIFIED.,.T.,.F.) B_SPLINE_CURVE_WITH_KNOTS((1,2
    ,2,2,2,1),(-2.094395102393,0.,2.094395102393,4.188790204786,
6.28318530718,8.377580409573),.UNSPECIFIED.) CURVE() 
GEOMETRIC_REPRESENTATION_ITEM() RATIONAL_B_SPLINE_CURVE((1.,0.5,1.,0.5,
1.,0.5,1.)) REPRESENTATION_ITEM('') );
#1183 = CARTESIAN_POINT('',(56.,-10.));
#1184 = CARTESIAN_POINT('',(56.,-27.32050807568));
#1185 = CARTESIAN_POINT('',(41.,-18.66025403784));
#1186 = CARTESIAN_POINT('',(26.,-10.));
#1187 = CARTESIAN_POINT('',(41.,-1.339745962156));
#1188 = CARTESIAN_POINT('',(56.,7.320508075689));
#1189 = CARTESIAN_POINT('',(56.,-10.));
#1190 = ( GEOMETRIC_REPRESENTATION_CONTEXT(2) 
PARAMETRIC_REPRESENTATION_CONTEXT() REPRESENTATION_CONTEXT('2D SPACE',''
  ) );
#1191 = PCURVE('',#534,#1192);
#1192 = DEFINITIONAL_REPRESENTATION('',(#1193),#1197);
#1193 = LINE('',#1194,#1195);
#1194 = CARTESIAN_POINT('',(4.712388980385,30.));
#1195 = VECTOR('',#1196,1.);
#1196 = DIRECTION('',(-1.,0.));
#1197 = ( GEOMETRIC_REPRESENTATION_CONTEXT(2) 
PARAMETRIC_REPRESENTATION_CONTEXT() REPRESENTATION_CONTEXT('2D SPACE',''
  ) );
#1198 = FACE_BOUND('',#1199,.T.);
#1199 = EDGE_LOOP('',(#1200));
#1200 = ORIENTED_EDGE('',*,*,#1201,.F.);
#1201 = EDGE_CURVE('',#1202,#1202,#1204,.T.);
#1202 = VERTEX_POINT('',#1203);
#1203 = CARTESIAN_POINT('',(15.,0.,13.));
#1204 = SURFACE_CURVE('',#1205,(#1210,#1217),.PCURVE_S1.);
#1205 = CIRCLE('',#1206,21.);
#1206 = AXIS2_PLACEMENT_3D('',#1207,#1208,#1209);
#1207 = CARTESIAN_POINT('',(15.,0.,34.));
#1208 = DIRECTION('',(1.,-0.,1.110223024625E-16));
#1209 = DIRECTION('',(1.110223024625E-16,0.,-1.));
#1210 = PCURVE('',#446,#1211);
#1211 = DEFINITIONAL_REPRESENTATION('',(#1212),#1216);
#1212 = CIRCLE('',#1213,21.);
#1213 = AXIS2_PLACEMENT_2D('',#1214,#1215);
#1214 = CARTESIAN_POINT('',(34.,-35.));
#1215 = DIRECTION('',(-1.,0.));
#1216 = ( GEOMETRIC_REPRESENTATION_CONTEXT(2) 
PARAMETRIC_REPRESENTATION_CONTEXT() REPRESENTATION_CONTEXT('2D SPACE',''
  ) );
#1217 = PCURVE('',#1218,#1223);
#1218 = CYLINDRICAL_SURFACE('',#1219,21.);
#1219 = AXIS2_PLACEMENT_3D('',#1220,#1221,#1222);
#1220 = CARTESIAN_POINT('',(3.,0.,34.));
#1221 = DIRECTION('',(-1.,-0.,-1.110223024625E-16));
#1222 = DIRECTION('',(1.110223024625E-16,0.,-1.));
#1223 = DEFINITIONAL_REPRESENTATION('',(#1224),#1228);
#1224 = LINE('',#1225,#1226);
#1225 = CARTESIAN_POINT('',(-0.,-12.));
#1226 = VECTOR('',#1227,1.);
#1227 = DIRECTION('',(-1.,0.));
#1228 = ( GEOMETRIC_REPRESENTATION_CONTEXT(2) 
PARAMETRIC_REPRESENTATION_CONTEXT() REPRESENTATION_CONTEXT('2D SPACE',''
  ) );
#1229 = ADVANCED_FACE('',(#1230),#534,.T.);
#1230 = FACE_BOUND('',#1231,.F.);
#1231 = EDGE_LOOP('',(#1232,#1233,#1493,#1537,#1538,#1539,#1560));
#1232 = ORIENTED_EDGE('',*,*,#516,.T.);
#1233 = ORIENTED_EDGE('',*,*,#1234,.F.);
#1234 = EDGE_CURVE('',#1235,#519,#1237,.T.);
#1235 = VERTEX_POINT('',#1236);
#1236 = CARTESIAN_POINT('',(5.295231753405,-27.17208108578,
    55.761253185773));
#1237 = SURFACE_CURVE('',#1238,(#1289,#1385),.PCURVE_S1.);
#1238 = B_SPLINE_CURVE_WITH_KNOTS('',13,(#1239,#1240,#1241,#1242,#1243,
    #1244,#1245,#1246,#1247,#1248,#1249,#1250,#1251,#1252,#1253,#1254,
    #1255,#1256,#1257,#1258,#1259,#1260,#1261,#1262,#1263,#1264,#1265,
    #1266,#1267,#1268,#1269,#1270,#1271,#1272,#1273,#1274,#1275,#1276,
    #1277,#1278,#1279,#1280,#1281,#1282,#1283,#1284,#1285,#1286,#1287,
    #1288),.UNSPECIFIED.,.F.,.F.,(14,12,12,12,14),(41.025644927338,
    45.154941054476,50.144205567551,54.90657711735,57.766732087121),
  .UNSPECIFIED.);
#1239 = CARTESIAN_POINT('',(5.295231753405,-27.17208108578,
    55.761253185773));
#1240 = CARTESIAN_POINT('',(5.280068651921,-27.59029166479,
    55.66819266667));
#1241 = CARTESIAN_POINT('',(5.228774379677,-27.99546704172,
    55.557761397152));
#1242 = CARTESIAN_POINT('',(5.14144173452,-28.38448264776,
    55.430790145863));
#1243 = CARTESIAN_POINT('',(5.038419969009,-28.73791997367,
    55.301341043541));
#1244 = CARTESIAN_POINT('',(4.866539799729,-29.12325155243,
    55.130659378698));
#1245 = CARTESIAN_POINT('',(4.767855401885,-29.3320869874,
    55.034759831475));
#1246 = CARTESIAN_POINT('',(4.526300523561,-29.75570660176,
    54.821438040399));
#1247 = CARTESIAN_POINT('',(4.388224665042,-29.91198642496,
    54.721874102898));
#1248 = CARTESIAN_POINT('',(4.156136755588,-30.2265977454,
    54.542409625603));
#1249 = CARTESIAN_POINT('',(3.950455591332,-30.43045900611,
    54.405767138134));
#1250 = CARTESIAN_POINT('',(3.71971106027,-30.64884750495,
    54.258343387545));
#1251 = CARTESIAN_POINT('',(3.480243047804,-30.84255885359,
    54.118744663059));
#1252 = CARTESIAN_POINT('',(2.925507654178,-31.23489226265,
    53.822940374907));
#1253 = CARTESIAN_POINT('',(2.605410783888,-31.42491384159,
    53.669888576579));
#1254 = CARTESIAN_POINT('',(2.268052785089,-31.59144338706,
    53.527587112921));
#1255 = CARTESIAN_POINT('',(1.916765819484,-31.73300184184,
    53.400293600074));
#1256 = CARTESIAN_POINT('',(1.549413074205,-31.85070718471,
    53.289590743105));
#1257 = CARTESIAN_POINT('',(1.165344055285,-31.94383552695,
    53.198608129367));
#1258 = CARTESIAN_POINT('',(0.767666609402,-32.00946932056,
    53.132587654177));
#1259 = CARTESIAN_POINT('',(0.36124167096,-32.04524266523,
    53.096084101708));
#1260 = CARTESIAN_POINT('',(-4.850518630855E-02,-32.05085718674,
    53.090717593847));
#1261 = CARTESIAN_POINT('',(-0.45497377227,-32.02696842539,
    53.115479308895));
#1262 = CARTESIAN_POINT('',(-0.851864787662,-31.97408551264,
    53.168120397239));
#1263 = CARTESIAN_POINT('',(-1.238195843214,-31.89414002142,
    53.245111556791));
#1264 = CARTESIAN_POINT('',(-1.965955749521,-31.68711033518,
    53.436498769869));
#1265 = CARTESIAN_POINT('',(-2.30841636275,-31.56250698322,
    53.548907851545));
#1266 = CARTESIAN_POINT('',(-2.637673465285,-31.41493938605,
    53.677662070502));
#1267 = CARTESIAN_POINT('',(-2.951108479125,-31.24608061767,
    53.819138875989));
#1268 = CARTESIAN_POINT('',(-3.250452711708,-31.05538807435,
    53.971306254052));
#1269 = CARTESIAN_POINT('',(-3.535506520104,-30.8425738493,
    54.13189875573));
#1270 = CARTESIAN_POINT('',(-3.804459629588,-30.60773771068,
    54.298392375647));
#1271 = CARTESIAN_POINT('',(-4.057152198652,-30.34988934443,
    54.468988847519));
#1272 = CARTESIAN_POINT('',(-4.294540101855,-30.06651576849,
    54.642563863294));
#1273 = CARTESIAN_POINT('',(-4.514588801063,-29.75494587483,
    54.81732220333));
#1274 = CARTESIAN_POINT('',(-4.711670911053,-29.41365427129,
    54.990006590348));
#1275 = CARTESIAN_POINT('',(-4.883136048143,-29.04145898435,
    55.157198425572));
#1276 = CARTESIAN_POINT('',(-5.106855523489,-28.3955804267,
    55.40944872803));
#1277 = CARTESIAN_POINT('',(-5.179451406516,-28.14190036197,
    55.500677477027));
#1278 = CARTESIAN_POINT('',(-5.239139606537,-27.87698839991,
    55.587385451998));
#1279 = CARTESIAN_POINT('',(-5.284801395204,-27.60216508825,
    55.668430551883));
#1280 = CARTESIAN_POINT('',(-5.314907372818,-27.31784463833,
    55.742737343213));
#1281 = CARTESIAN_POINT('',(-5.32780692987,-27.02506629082,
    55.809109262898));
#1282 = CARTESIAN_POINT('',(-5.322208601503,-26.72652184121,
    55.866282378443));
#1283 = CARTESIAN_POINT('',(-5.297460164405,-26.4260167202,
    55.913253103545));
#1284 = CARTESIAN_POINT('',(-5.253598702396,-26.12715437931,
    55.94963392237));
#1285 = CARTESIAN_POINT('',(-5.191305552635,-25.83263773525,
    55.975740381692));
#1286 = CARTESIAN_POINT('',(-5.11186910697,-25.54493736032,
    55.992290145828));
#1287 = CARTESIAN_POINT('',(-5.01702981523,-25.26718369076,
    55.999999999982));
#1288 = CARTESIAN_POINT('',(-4.908156476723,-25.,56.));
#1289 = PCURVE('',#534,#1290);
#1290 = DEFINITIONAL_REPRESENTATION('',(#1291),#1384);
#1291 = B_SPLINE_CURVE_WITH_KNOTS('',10,(#1292,#1293,#1294,#1295,#1296,
    #1297,#1298,#1299,#1300,#1301,#1302,#1303,#1304,#1305,#1306,#1307,
    #1308,#1309,#1310,#1311,#1312,#1313,#1314,#1315,#1316,#1317,#1318,
    #1319,#1320,#1321,#1322,#1323,#1324,#1325,#1326,#1327,#1328,#1329,
    #1330,#1331,#1332,#1333,#1334,#1335,#1336,#1337,#1338,#1339,#1340,
    #1341,#1342,#1343,#1344,#1345,#1346,#1347,#1348,#1349,#1350,#1351,
    #1352,#1353,#1354,#1355,#1356,#1357,#1358,#1359,#1360,#1361,#1362,
    #1363,#1364,#1365,#1366,#1367,#1368,#1369,#1370,#1371,#1372,#1373,
    #1374,#1375,#1376,#1377,#1378,#1379,#1380,#1381,#1382,#1383),
  .UNSPECIFIED.,.F.,.F.,(11,9,9,9,9,9,9,9,9,9,11),(41.025644927338,
    43.118280822311,44.164598769797,45.210916717284,49.396188507229,
    50.442506454716,51.488824402202,53.581460297175,54.627778244662,
    55.674096192148,57.766732087121),.UNSPECIFIED.);
#1292 = CARTESIAN_POINT('',(-1.351842948203,20.295231753405));
#1293 = CARTESIAN_POINT('',(-1.323616877123,20.285242131854));
#1294 = CARTESIAN_POINT('',(-1.295785513964,20.259146112891));
#1295 = CARTESIAN_POINT('',(-1.268453509167,20.217180056935));
#1296 = CARTESIAN_POINT('',(-1.241943775974,20.162948190931));
#1297 = CARTESIAN_POINT('',(-1.215776616652,20.092689266295));
#1298 = CARTESIAN_POINT('',(-1.191037237759,20.014182188728));
#1299 = CARTESIAN_POINT('',(-1.166962228814,19.924506903883));
#1300 = CARTESIAN_POINT('',(-1.143829324937,19.826296978943));
#1301 = CARTESIAN_POINT('',(-1.121513820885,19.719745802348));
#1302 = CARTESIAN_POINT('',(-1.08929262805,19.548694768843));
#1303 = CARTESIAN_POINT('',(-1.078759681172,19.48980054932));
#1304 = CARTESIAN_POINT('',(-1.068434407995,19.429124331248));
#1305 = CARTESIAN_POINT('',(-1.058315174687,19.366745598633));
#1306 = CARTESIAN_POINT('',(-1.048399109233,19.302730672137));
#1307 = CARTESIAN_POINT('',(-1.038682720044,19.237135271258));
#1308 = CARTESIAN_POINT('',(-1.029162514567,19.170007076915));
#1309 = CARTESIAN_POINT('',(-1.019835617899,19.10138829356));
#1310 = CARTESIAN_POINT('',(-1.010700391399,19.031318211734));
#1311 = CARTESIAN_POINT('',(-0.992813711188,18.888353328838));
#1312 = CARTESIAN_POINT('',(-0.984060375098,18.815452415223));
#1313 = CARTESIAN_POINT('',(-0.975508685535,18.74121407095));
#1314 = CARTESIAN_POINT('',(-0.96712288699,18.665544108494));
#1315 = CARTESIAN_POINT('',(-0.958959743992,18.588673573042));
#1316 = CARTESIAN_POINT('',(-0.950972277052,18.510456524699));
#1317 = CARTESIAN_POINT('',(-0.943135754105,18.430816035587));
#1318 = CARTESIAN_POINT('',(-0.935534612343,18.350057038891));
#1319 = CARTESIAN_POINT('',(-0.928105867618,18.267960931041));
#1320 = CARTESIAN_POINT('',(-0.89191701136,17.851164384429));
#1321 = CARTESIAN_POINT('',(-0.866011720424,17.497397626558));
#1322 = CARTESIAN_POINT('',(-0.843232218193,17.123244593377));
#1323 = CARTESIAN_POINT('',(-0.824039327246,16.732344818098));
#1324 = CARTESIAN_POINT('',(-0.808407893235,16.320360930102));
#1325 = CARTESIAN_POINT('',(-0.797099724333,15.889721753434));
#1326 = CARTESIAN_POINT('',(-0.790958387967,15.448701754124));
#1327 = CARTESIAN_POINT('',(-0.7899392638,15.004221106059));
#1328 = CARTESIAN_POINT('',(-0.793969561092,14.565198686405));
#1329 = CARTESIAN_POINT('',(-0.804838035884,14.029603063846));
#1330 = CARTESIAN_POINT('',(-0.807303454844,13.923139545762));
#1331 = CARTESIAN_POINT('',(-0.810055321941,13.817440328447));
#1332 = CARTESIAN_POINT('',(-0.813086761751,13.712560231655));
#1333 = CARTESIAN_POINT('',(-0.816391101449,13.608554261382));
#1334 = CARTESIAN_POINT('',(-0.819961771197,13.505495220472));
#1335 = CARTESIAN_POINT('',(-0.823791488101,13.403465868109));
#1336 = CARTESIAN_POINT('',(-0.827871909005,13.302536626665));
#1337 = CARTESIAN_POINT('',(-0.832194937471,13.202739835007));
#1338 = CARTESIAN_POINT('',(-0.841318802986,13.005363258659));
#1339 = CARTESIAN_POINT('',(-0.846119099018,12.907798929382));
#1340 = CARTESIAN_POINT('',(-0.85115117616,12.811380691553));
#1341 = CARTESIAN_POINT('',(-0.856408937876,12.716128157455));
#1342 = CARTESIAN_POINT('',(-0.861886773266,12.622058419001));
#1343 = CARTESIAN_POINT('',(-0.867579557058,12.529186047886));
#1344 = CARTESIAN_POINT('',(-0.873482649614,12.437523095413));
#1345 = CARTESIAN_POINT('',(-0.879591896929,12.347079092648));
#1346 = CARTESIAN_POINT('',(-0.885903630628,12.257861050313));
#1347 = CARTESIAN_POINT('',(-0.905436742649,11.993898275901));
#1348 = CARTESIAN_POINT('',(-0.919255835741,11.82285544843));
#1349 = CARTESIAN_POINT('',(-0.933847532069,11.656808268694));
#1350 = CARTESIAN_POINT('',(-0.949192743412,11.495839597047));
#1351 = CARTESIAN_POINT('',(-0.965280849712,11.34004150575));
#1352 = CARTESIAN_POINT('',(-0.98211113374,11.18952029885));
#1353 = CARTESIAN_POINT('',(-0.999692509146,11.044416907446));
#1354 = CARTESIAN_POINT('',(-1.018041541969,10.904942661118));
#1355 = CARTESIAN_POINT('',(-1.03717876555,10.771430434793));
#1356 = CARTESIAN_POINT('',(-1.067095550544,10.580886540016));
#1357 = CARTESIAN_POINT('',(-1.077269479592,10.518989760539));
#1358 = CARTESIAN_POINT('',(-1.087647721897,10.458776647937));
#1359 = CARTESIAN_POINT('',(-1.098232630695,10.400320898956));
#1360 = CARTESIAN_POINT('',(-1.109026266596,10.343704092405));
#1361 = CARTESIAN_POINT('',(-1.120030397565,10.289015689039));
#1362 = CARTESIAN_POINT('',(-1.131246498945,10.236353031698));
#1363 = CARTESIAN_POINT('',(-1.142675753435,10.185821345176));
#1364 = CARTESIAN_POINT('',(-1.154319051108,10.137533736319));
#1365 = CARTESIAN_POINT('',(-1.17803492769,10.045688651615));
#1366 = CARTESIAN_POINT('',(-1.190107535684,10.00213379803));
#1367 = CARTESIAN_POINT('',(-1.20239330951,9.961059250202));
#1368 = CARTESIAN_POINT('',(-1.214898786837,9.922594952418));
#1369 = CARTESIAN_POINT('',(-1.227622111194,9.886900194167));
#1370 = CARTESIAN_POINT('',(-1.240552003306,9.854151861592));
#1371 = CARTESIAN_POINT('',(-1.253674445814,9.824523833763));
#1372 = CARTESIAN_POINT('',(-1.26697938775,9.798172435725));
#1373 = CARTESIAN_POINT('',(-1.280459775135,9.775242859619));
#1374 = CARTESIAN_POINT('',(-1.321366091909,9.717248677891));
#1375 = CARTESIAN_POINT('',(-1.349263050577,9.692960561738));
#1376 = CARTESIAN_POINT('',(-1.377647612836,9.684286101701));
#1377 = CARTESIAN_POINT('',(-1.406365820289,9.692393075679));
#1378 = CARTESIAN_POINT('',(-1.435127528392,9.717997526021));
#1379 = CARTESIAN_POINT('',(-1.463633094658,9.761221457944));
#1380 = CARTESIAN_POINT('',(-1.49165506938,9.821532035843));
#1381 = CARTESIAN_POINT('',(-1.51898780875,9.897753281989));
#1382 = CARTESIAN_POINT('',(-1.545383240998,9.988289017964));
#1383 = CARTESIAN_POINT('',(-1.570796326795,10.091843523277));
#1384 = ( GEOMETRIC_REPRESENTATION_CONTEXT(2) 
PARAMETRIC_REPRESENTATION_CONTEXT() REPRESENTATION_CONTEXT('2D SPACE',''
  ) );
#1385 = PCURVE('',#1386,#1487);
#1386 = B_SPLINE_SURFACE_WITH_KNOTS('',1,13,(
    (#1387,#1388,#1389,#1390,#1391,#1392,#1393,#1394,#1395,#1396,#1397
      ,#1398,#1399,#1400,#1401,#1402,#1403,#1404,#1405,#1406,#1407,#1408
      ,#1409,#1410,#1411,#1412,#1413,#1414,#1415,#1416,#1417,#1418,#1419
      ,#1420,#1421,#1422,#1423,#1424,#1425,#1426,#1427,#1428,#1429,#1430
      ,#1431,#1432,#1433,#1434,#1435,#1436)
    ,(#1437,#1438,#1439,#1440,#1441,#1442,#1443,#1444,#1445,#1446,#1447
      ,#1448,#1449,#1450,#1451,#1452,#1453,#1454,#1455,#1456,#1457,#1458
      ,#1459,#1460,#1461,#1462,#1463,#1464,#1465,#1466,#1467,#1468,#1469
      ,#1470,#1471,#1472,#1473,#1474,#1475,#1476,#1477,#1478,#1479,#1480
      ,#1481,#1482,#1483,#1484,#1485,#1486
    )),.UNSPECIFIED.,.F.,.F.,.F.,(2,2),(14,12,12,12,14),(0.,
    16.741087159784),(41.025644927338,45.154941054476,50.144205567551,
    54.90657711735,57.766732087121),.UNSPECIFIED.);
#1387 = CARTESIAN_POINT('',(5.295231753405,-27.17208108578,
    55.761253185773));
#1388 = CARTESIAN_POINT('',(5.280068651921,-27.59029166479,
    55.66819266667));
#1389 = CARTESIAN_POINT('',(5.228774379677,-27.99546704172,
    55.557761397152));
#1390 = CARTESIAN_POINT('',(5.14144173452,-28.38448264776,
    55.430790145863));
#1391 = CARTESIAN_POINT('',(5.038419969009,-28.73791997367,
    55.301341043541));
#1392 = CARTESIAN_POINT('',(4.866539799729,-29.12325155243,
    55.130659378698));
#1393 = CARTESIAN_POINT('',(4.767855401885,-29.3320869874,
    55.034759831475));
#1394 = CARTESIAN_POINT('',(4.526300523561,-29.75570660176,
    54.821438040399));
#1395 = CARTESIAN_POINT('',(4.388224665042,-29.91198642496,
    54.721874102898));
#1396 = CARTESIAN_POINT('',(4.156136755588,-30.2265977454,
    54.542409625603));
#1397 = CARTESIAN_POINT('',(3.950455591332,-30.43045900611,
    54.405767138134));
#1398 = CARTESIAN_POINT('',(3.71971106027,-30.64884750495,
    54.258343387545));
#1399 = CARTESIAN_POINT('',(3.480243047804,-30.84255885359,
    54.118744663059));
#1400 = CARTESIAN_POINT('',(2.925507654178,-31.23489226265,
    53.822940374907));
#1401 = CARTESIAN_POINT('',(2.605410783888,-31.42491384159,
    53.669888576579));
#1402 = CARTESIAN_POINT('',(2.268052785089,-31.59144338706,
    53.527587112921));
#1403 = CARTESIAN_POINT('',(1.916765819484,-31.73300184184,
    53.400293600074));
#1404 = CARTESIAN_POINT('',(1.549413074205,-31.85070718471,
    53.289590743105));
#1405 = CARTESIAN_POINT('',(1.165344055285,-31.94383552695,
    53.198608129367));
#1406 = CARTESIAN_POINT('',(0.767666609402,-32.00946932056,
    53.132587654177));
#1407 = CARTESIAN_POINT('',(0.36124167096,-32.04524266523,
    53.096084101708));
#1408 = CARTESIAN_POINT('',(-4.850518630855E-02,-32.05085718674,
    53.090717593847));
#1409 = CARTESIAN_POINT('',(-0.45497377227,-32.02696842539,
    53.115479308895));
#1410 = CARTESIAN_POINT('',(-0.851864787662,-31.97408551264,
    53.168120397239));
#1411 = CARTESIAN_POINT('',(-1.238195843214,-31.89414002142,
    53.245111556791));
#1412 = CARTESIAN_POINT('',(-1.965955749521,-31.68711033518,
    53.436498769869));
#1413 = CARTESIAN_POINT('',(-2.30841636275,-31.56250698322,
    53.548907851545));
#1414 = CARTESIAN_POINT('',(-2.637673465285,-31.41493938605,
    53.677662070502));
#1415 = CARTESIAN_POINT('',(-2.951108479125,-31.24608061767,
    53.819138875989));
#1416 = CARTESIAN_POINT('',(-3.250452711708,-31.05538807435,
    53.971306254052));
#1417 = CARTESIAN_POINT('',(-3.535506520104,-30.8425738493,
    54.13189875573));
#1418 = CARTESIAN_POINT('',(-3.804459629588,-30.60773771068,
    54.298392375647));
#1419 = CARTESIAN_POINT('',(-4.057152198652,-30.34988934443,
    54.468988847519));
#1420 = CARTESIAN_POINT('',(-4.294540101855,-30.06651576849,
    54.642563863294));
#1421 = CARTESIAN_POINT('',(-4.514588801063,-29.75494587483,
    54.81732220333));
#1422 = CARTESIAN_POINT('',(-4.711670911053,-29.41365427129,
    54.990006590348));
#1423 = CARTESIAN_POINT('',(-4.883136048143,-29.04145898435,
    55.157198425572));
#1424 = CARTESIAN_POINT('',(-5.106855523489,-28.3955804267,
    55.40944872803));
#1425 = CARTESIAN_POINT('',(-5.179451406516,-28.14190036197,
    55.500677477027));
#1426 = CARTESIAN_POINT('',(-5.239139606537,-27.87698839991,
    55.587385451998));
#1427 = CARTESIAN_POINT('',(-5.284801395204,-27.60216508825,
    55.668430551883));
#1428 = CARTESIAN_POINT('',(-5.314907372818,-27.31784463833,
    55.742737343213));
#1429 = CARTESIAN_POINT('',(-5.32780692987,-27.02506629082,
    55.809109262898));
#1430 = CARTESIAN_POINT('',(-5.322208601503,-26.72652184121,
    55.866282378443));
#1431 = CARTESIAN_POINT('',(-5.297460164405,-26.4260167202,
    55.913253103545));
#1432 = CARTESIAN_POINT('',(-5.253598702396,-26.12715437931,
    55.94963392237));
#1433 = CARTESIAN_POINT('',(-5.191305552635,-25.83263773525,
    55.975740381692));
#1434 = CARTESIAN_POINT('',(-5.11186910697,-25.54493736032,
    55.992290145828));
#1435 = CARTESIAN_POINT('',(-5.01702981523,-25.26718369076,
    55.999999999982));
#1436 = CARTESIAN_POINT('',(-4.908156476723,-25.,56.));
#1437 = CARTESIAN_POINT('',(4.5,-27.,55.031721430803));
#1438 = CARTESIAN_POINT('',(4.499999999999,-27.33171941054,
    54.966016653185));
#1439 = CARTESIAN_POINT('',(4.473599396536,-27.65795674454,
    54.887581108462));
#1440 = CARTESIAN_POINT('',(4.421103559574,-27.97538686583,
    54.797095372197));
#1441 = CARTESIAN_POINT('',(4.351528572637,-28.27949478162,
    54.700903081235));
#1442 = CARTESIAN_POINT('',(4.239589599482,-28.59405248924,
    54.580455247934));
#1443 = CARTESIAN_POINT('',(4.15616277513,-28.8131634373,54.497404423777
    ));
#1444 = CARTESIAN_POINT('',(3.99355492505,-29.15295802921,
    54.348728821603));
#1445 = CARTESIAN_POINT('',(3.873627272444,-29.33850275881,
    54.258249345927));
#1446 = CARTESIAN_POINT('',(3.700792589632,-29.61245863117,
    54.125082070466));
#1447 = CARTESIAN_POINT('',(3.53203377228,-29.8215747024,54.012352224315
    ));
#1448 = CARTESIAN_POINT('',(3.343882726389,-30.03556930016,
    53.894108548182));
#1449 = CARTESIAN_POINT('',(3.143589207575,-30.23221414551,
    53.779913877904));
#1450 = CARTESIAN_POINT('',(2.671403832211,-30.63723255977,
    53.53592579447));
#1451 = CARTESIAN_POINT('',(2.393600233822,-30.8388259137,
    53.408124308795));
#1452 = CARTESIAN_POINT('',(2.095550063197,-31.02009852839,
    53.287976035722));
#1453 = CARTESIAN_POINT('',(1.780027461403,-31.1780636119,
    53.179514949775));
#1454 = CARTESIAN_POINT('',(1.445390229676,-31.31231557794,
    53.084462172974));
#1455 = CARTESIAN_POINT('',(1.09121619639,-31.42071762668,
    53.005843051233));
#1456 = CARTESIAN_POINT('',(0.720626261622,-31.49859337562,
    52.948521819743));
#1457 = CARTESIAN_POINT('',(0.339149456495,-31.54152669164,
    52.916762472728));
#1458 = CARTESIAN_POINT('',(-4.627041647732E-02,-31.5479155042,
    52.912152756144));
#1459 = CARTESIAN_POINT('',(-0.427508672486,-31.51891538809,
    52.933746216243));
#1460 = CARTESIAN_POINT('',(-0.797497021156,-31.45677941662,
    52.979345247696));
#1461 = CARTESIAN_POINT('',(-1.154680051456,-31.36428496204,
    53.045727007982));
#1462 = CARTESIAN_POINT('',(-1.820048869788,-31.12990465517,
    53.209588887597));
#1463 = CARTESIAN_POINT('',(-2.129751261926,-30.99055961569,
    53.305467561177));
#1464 = CARTESIAN_POINT('',(-2.422811116916,-30.8282848783,
    53.414498362441));
#1465 = CARTESIAN_POINT('',(-2.698108776921,-30.64608370802,
    53.533589138777));
#1466 = CARTESIAN_POINT('',(-2.955840224894,-30.44445136316,
    53.66053021505));
#1467 = CARTESIAN_POINT('',(-3.195813783817,-30.22488658184,
    53.79281138513));
#1468 = CARTESIAN_POINT('',(-3.417759428154,-29.9889266979,
    53.928106198722));
#1469 = CARTESIAN_POINT('',(-3.621979760571,-29.7360095214,
    54.065004304529));
#1470 = CARTESIAN_POINT('',(-3.808528355838,-29.46446419791,
    54.202392475116));
#1471 = CARTESIAN_POINT('',(-3.975728253186,-29.17451894125,
    54.338114295635));
#1472 = CARTESIAN_POINT('',(-4.120733573231,-28.86782292563,
    54.469223252845));
#1473 = CARTESIAN_POINT('',(-4.242483318268,-28.54205067959,
    54.594331549552));
#1474 = CARTESIAN_POINT('',(-4.394230121239,-27.99317643283,
    54.779937078763));
#1475 = CARTESIAN_POINT('',(-4.441523657468,-27.78104265168,
    54.846309605244));
#1476 = CARTESIAN_POINT('',(-4.478347475974,-27.56263117222,
    54.908788664823));
#1477 = CARTESIAN_POINT('',(-4.50411302381,-27.33947479447,
    54.96658983552));
#1478 = CARTESIAN_POINT('',(-4.518045939053,-27.11187342057,
    55.019093244642));
#1479 = CARTESIAN_POINT('',(-4.519345055501,-26.88025757903,
    55.065683323994));
#1480 = CARTESIAN_POINT('',(-4.507427062015,-26.64628066119,
    55.105693602045));
#1481 = CARTESIAN_POINT('',(-4.482056417035,-26.41240970698,
    55.138575473217));
#1482 = CARTESIAN_POINT('',(-4.44335092612,-26.18074976525,
    55.164134876623));
#1483 = CARTESIAN_POINT('',(-4.391740545199,-25.95250195337,
    55.182603287321));
#1484 = CARTESIAN_POINT('',(-4.327940523825,-25.72882059891,
    55.194429915744));
#1485 = CARTESIAN_POINT('',(-4.25287990267,-25.5119000195,55.19999999999
    ));
#1486 = CARTESIAN_POINT('',(-4.167302668916,-25.30188679245,55.2));
#1487 = DEFINITIONAL_REPRESENTATION('',(#1488),#1492);
#1488 = LINE('',#1489,#1490);
#1489 = CARTESIAN_POINT('',(0.,0.));
#1490 = VECTOR('',#1491,1.);
#1491 = DIRECTION('',(0.,1.));
#1492 = ( GEOMETRIC_REPRESENTATION_CONTEXT(2) 
PARAMETRIC_REPRESENTATION_CONTEXT() REPRESENTATION_CONTEXT('2D SPACE',''
  ) );
#1493 = ORIENTED_EDGE('',*,*,#1494,.F.);
#1494 = EDGE_CURVE('',#547,#1235,#1495,.T.);
#1495 = SURFACE_CURVE('',#1496,(#1504,#1515),.PCURVE_S1.);
#1496 = B_SPLINE_CURVE_WITH_KNOTS('',6,(#1497,#1498,#1499,#1500,#1501,
    #1502,#1503),.UNSPECIFIED.,.F.,.F.,(7,7),(39.372489630582,
    41.025644927338),.PIECEWISE_BEZIER_KNOTS.);
#1497 = CARTESIAN_POINT('',(4.908156476723,-25.,56.));
#1498 = CARTESIAN_POINT('',(5.044872672047,-25.33551223977,56.));
#1499 = CARTESIAN_POINT('',(5.157127373976,-25.68957601322,
    55.986520353547));
#1500 = CARTESIAN_POINT('',(5.24080728355,-26.05980663789,
    55.956553062933));
#1501 = CARTESIAN_POINT('',(5.291139888333,-26.43482050195,
    55.90828545771));
#1502 = CARTESIAN_POINT('',(5.308384539816,-26.80931661926,
    55.841975796008));
#1503 = CARTESIAN_POINT('',(5.295231753405,-27.17208108578,
    55.761253185773));
#1504 = PCURVE('',#534,#1505);
#1505 = DEFINITIONAL_REPRESENTATION('',(#1506),#1514);
#1506 = B_SPLINE_CURVE_WITH_KNOTS('',6,(#1507,#1508,#1509,#1510,#1511,
    #1512,#1513),.UNSPECIFIED.,.F.,.F.,(7,7),(39.372489630582,
    41.025644927338),.PIECEWISE_BEZIER_KNOTS.);
#1507 = CARTESIAN_POINT('',(-1.570796326795,19.908156476723));
#1508 = CARTESIAN_POINT('',(-1.537245102817,20.044872672047));
#1509 = CARTESIAN_POINT('',(-1.50183865341,20.157127408019));
#1510 = CARTESIAN_POINT('',(-1.464748024706,20.240807243687));
#1511 = CARTESIAN_POINT('',(-1.427002894757,20.291139894298));
#1512 = CARTESIAN_POINT('',(-1.389006666797,20.308384539816));
#1513 = CARTESIAN_POINT('',(-1.351842948203,20.295231753405));
#1514 = ( GEOMETRIC_REPRESENTATION_CONTEXT(2) 
PARAMETRIC_REPRESENTATION_CONTEXT() REPRESENTATION_CONTEXT('2D SPACE',''
  ) );
#1515 = PCURVE('',#1516,#1531);
#1516 = B_SPLINE_SURFACE_WITH_KNOTS('',1,6,(
    (#1517,#1518,#1519,#1520,#1521,#1522,#1523)
    ,(#1524,#1525,#1526,#1527,#1528,#1529,#1530
  )),.UNSPECIFIED.,.F.,.F.,.F.,(2,2),(7,7),(0.,1.653155296756),(
    39.372489630582,41.025644927338),.PIECEWISE_BEZIER_KNOTS.);
#1517 = CARTESIAN_POINT('',(4.908156476723,-25.,56.));
#1518 = CARTESIAN_POINT('',(5.044872672047,-25.33551223977,56.));
#1519 = CARTESIAN_POINT('',(5.157127373976,-25.68957601322,
    55.986520353547));
#1520 = CARTESIAN_POINT('',(5.24080728355,-26.05980663789,
    55.956553062933));
#1521 = CARTESIAN_POINT('',(5.291139888333,-26.43482050195,
    55.90828545771));
#1522 = CARTESIAN_POINT('',(5.308384539816,-26.80931661926,
    55.841975796008));
#1523 = CARTESIAN_POINT('',(5.295231753405,-27.17208108578,
    55.761253185773));
#1524 = CARTESIAN_POINT('',(4.167302668916,-25.30188679245,55.2));
#1525 = CARTESIAN_POINT('',(4.274764356309,-25.56560618094,55.2));
#1526 = CARTESIAN_POINT('',(4.363870740327,-25.84145169255,
    55.190267037443));
#1527 = CARTESIAN_POINT('',(4.432471424379,-26.12837961499,
    55.168953994507));
#1528 = CARTESIAN_POINT('',(4.47785150921,-26.41915406834,
    55.135187105763));
#1529 = CARTESIAN_POINT('',(4.5,-26.71225975371,55.088715107661));
#1530 = CARTESIAN_POINT('',(4.5,-27.,55.031721430803));
#1531 = DEFINITIONAL_REPRESENTATION('',(#1532),#1536);
#1532 = LINE('',#1533,#1534);
#1533 = CARTESIAN_POINT('',(0.,0.));
#1534 = VECTOR('',#1535,1.);
#1535 = DIRECTION('',(0.,1.));
#1536 = ( GEOMETRIC_REPRESENTATION_CONTEXT(2) 
PARAMETRIC_REPRESENTATION_CONTEXT() REPRESENTATION_CONTEXT('2D SPACE',''
  ) );
#1537 = ORIENTED_EDGE('',*,*,#579,.T.);
#1538 = ORIENTED_EDGE('',*,*,#1173,.F.);
#1539 = ORIENTED_EDGE('',*,*,#1540,.F.);
#1540 = EDGE_CURVE('',#876,#1127,#1541,.T.);
#1541 = SURFACE_CURVE('',#1542,(#1546,#1553),.PCURVE_S1.);
#1542 = LINE('',#1543,#1544);
#1543 = CARTESIAN_POINT('',(-15.,-35.,46.));
#1544 = VECTOR('',#1545,1.);
#1545 = DIRECTION('',(1.,0.,0.));
#1546 = PCURVE('',#534,#1547);
#1547 = DEFINITIONAL_REPRESENTATION('',(#1548),#1552);
#1548 = LINE('',#1549,#1550);
#1549 = CARTESIAN_POINT('',(-0.,0.));
#1550 = VECTOR('',#1551,1.);
#1551 = DIRECTION('',(-0.,1.));
#1552 = ( GEOMETRIC_REPRESENTATION_CONTEXT(2) 
PARAMETRIC_REPRESENTATION_CONTEXT() REPRESENTATION_CONTEXT('2D SPACE',''
  ) );
#1553 = PCURVE('',#891,#1554);
#1554 = DEFINITIONAL_REPRESENTATION('',(#1555),#1559);
#1555 = LINE('',#1556,#1557);
#1556 = CARTESIAN_POINT('',(46.,0.));
#1557 = VECTOR('',#1558,1.);
#1558 = DIRECTION('',(0.,1.));
#1559 = ( GEOMETRIC_REPRESENTATION_CONTEXT(2) 
PARAMETRIC_REPRESENTATION_CONTEXT() REPRESENTATION_CONTEXT('2D SPACE',''
  ) );
#1560 = ORIENTED_EDGE('',*,*,#954,.T.);
#1561 = ADVANCED_FACE('',(#1562),#567,.F.);
#1562 = FACE_BOUND('',#1563,.F.);
#1563 = EDGE_LOOP('',(#1564,#1585,#1586,#1607));
#1564 = ORIENTED_EDGE('',*,*,#1565,.F.);
#1565 = EDGE_CURVE('',#519,#1566,#1568,.T.);
#1566 = VERTEX_POINT('',#1567);
#1567 = CARTESIAN_POINT('',(-4.167302668916,-25.30188679245,55.2));
#1568 = SURFACE_CURVE('',#1569,(#1573,#1579),.PCURVE_S1.);
#1569 = LINE('',#1570,#1571);
#1570 = CARTESIAN_POINT('',(-4.167302668916,-25.30188679245,55.2));
#1571 = VECTOR('',#1572,1.);
#1572 = DIRECTION('',(0.654828439211,-0.266832747618,-0.707106781187));
#1573 = PCURVE('',#567,#1574);
#1574 = DEFINITIONAL_REPRESENTATION('',(#1575),#1578);
#1575 = B_SPLINE_CURVE_WITH_KNOTS('',1,(#1576,#1577),.UNSPECIFIED.,.F.,
  .F.,(2,2),(-1.131370849898,0.),.PIECEWISE_BEZIER_KNOTS.);
#1576 = CARTESIAN_POINT('',(7.361175349294E-02,0.8));
#1577 = CARTESIAN_POINT('',(7.361175349294E-02,0.));
#1578 = ( GEOMETRIC_REPRESENTATION_CONTEXT(2) 
PARAMETRIC_REPRESENTATION_CONTEXT() REPRESENTATION_CONTEXT('2D SPACE',''
  ) );
#1579 = PCURVE('',#1386,#1580);
#1580 = DEFINITIONAL_REPRESENTATION('',(#1581),#1584);
#1581 = B_SPLINE_CURVE_WITH_KNOTS('',1,(#1582,#1583),.UNSPECIFIED.,.F.,
  .F.,(2,2),(-1.131370849898,0.),.PIECEWISE_BEZIER_KNOTS.);
#1582 = CARTESIAN_POINT('',(0.,57.766732087121));
#1583 = CARTESIAN_POINT('',(16.741087159784,57.766732087121));
#1584 = ( GEOMETRIC_REPRESENTATION_CONTEXT(2) 
PARAMETRIC_REPRESENTATION_CONTEXT() REPRESENTATION_CONTEXT('2D SPACE',''
  ) );
#1585 = ORIENTED_EDGE('',*,*,#546,.T.);
#1586 = ORIENTED_EDGE('',*,*,#1587,.T.);
#1587 = EDGE_CURVE('',#547,#1588,#1590,.T.);
#1588 = VERTEX_POINT('',#1589);
#1589 = CARTESIAN_POINT('',(4.167302668916,-25.30188679245,55.2));
#1590 = SURFACE_CURVE('',#1591,(#1595,#1601),.PCURVE_S1.);
#1591 = LINE('',#1592,#1593);
#1592 = CARTESIAN_POINT('',(4.167302668916,-25.30188679245,55.2));
#1593 = VECTOR('',#1594,1.);
#1594 = DIRECTION('',(-0.654828439211,-0.266832747618,-0.707106781187));
#1595 = PCURVE('',#567,#1596);
#1596 = DEFINITIONAL_REPRESENTATION('',(#1597),#1600);
#1597 = B_SPLINE_CURVE_WITH_KNOTS('',1,(#1598,#1599),.UNSPECIFIED.,.F.,
  .F.,(2,2),(-1.131370849898,0.),.PIECEWISE_BEZIER_KNOTS.);
#1598 = CARTESIAN_POINT('',(-2.29409642372,0.8));
#1599 = CARTESIAN_POINT('',(-2.29409642372,0.));
#1600 = ( GEOMETRIC_REPRESENTATION_CONTEXT(2) 
PARAMETRIC_REPRESENTATION_CONTEXT() REPRESENTATION_CONTEXT('2D SPACE',''
  ) );
#1601 = PCURVE('',#1516,#1602);
#1602 = DEFINITIONAL_REPRESENTATION('',(#1603),#1606);
#1603 = B_SPLINE_CURVE_WITH_KNOTS('',1,(#1604,#1605),.UNSPECIFIED.,.F.,
  .F.,(2,2),(-1.131370849898,0.),.PIECEWISE_BEZIER_KNOTS.);
#1604 = CARTESIAN_POINT('',(0.,39.372489630582));
#1605 = CARTESIAN_POINT('',(1.653155296756,39.372489630582));
#1606 = ( GEOMETRIC_REPRESENTATION_CONTEXT(2) 
PARAMETRIC_REPRESENTATION_CONTEXT() REPRESENTATION_CONTEXT('2D SPACE',''
  ) );
#1607 = ORIENTED_EDGE('',*,*,#1608,.F.);
#1608 = EDGE_CURVE('',#1566,#1588,#1609,.T.);
#1609 = SURFACE_CURVE('',#1610,(#1615,#1622),.PCURVE_S1.);
#1610 = CIRCLE('',#1611,4.5);
#1611 = AXIS2_PLACEMENT_3D('',#1612,#1613,#1614);
#1612 = CARTESIAN_POINT('',(0.,-27.,55.2));
#1613 = DIRECTION('',(-0.,0.,-1.));
#1614 = DIRECTION('',(-0.895806416478,0.444444444444,0.));
#1615 = PCURVE('',#567,#1616);
#1616 = DEFINITIONAL_REPRESENTATION('',(#1617),#1621);
#1617 = LINE('',#1618,#1619);
#1618 = CARTESIAN_POINT('',(-0.,-0.));
#1619 = VECTOR('',#1620,1.);
#1620 = DIRECTION('',(-1.,-0.));
#1621 = ( GEOMETRIC_REPRESENTATION_CONTEXT(2) 
PARAMETRIC_REPRESENTATION_CONTEXT() REPRESENTATION_CONTEXT('2D SPACE',''
  ) );
#1622 = PCURVE('',#1623,#1628);
#1623 = CYLINDRICAL_SURFACE('',#1624,4.5);
#1624 = AXIS2_PLACEMENT_3D('',#1625,#1626,#1627);
#1625 = CARTESIAN_POINT('',(0.,-27.,-14.0000002));
#1626 = DIRECTION('',(-0.,-0.,-1.));
#1627 = DIRECTION('',(1.,0.,0.));
#1628 = DEFINITIONAL_REPRESENTATION('',(#1629),#1633);
#1629 = LINE('',#1630,#1631);
#1630 = CARTESIAN_POINT('',(-2.681038661908,-69.2000002));
#1631 = VECTOR('',#1632,1.);
#1632 = DIRECTION('',(1.,-0.));
#1633 = ( GEOMETRIC_REPRESENTATION_CONTEXT(2) 
PARAMETRIC_REPRESENTATION_CONTEXT() REPRESENTATION_CONTEXT('2D SPACE',''
  ) );
#1634 = ADVANCED_FACE('',(#1635),#643,.F.);
#1635 = FACE_BOUND('',#1636,.T.);
#1636 = EDGE_LOOP('',(#1637,#1638,#1660,#1661));
#1637 = ORIENTED_EDGE('',*,*,#1020,.F.);
#1638 = ORIENTED_EDGE('',*,*,#1639,.T.);
#1639 = EDGE_CURVE('',#1021,#681,#1640,.T.);
#1640 = SURFACE_CURVE('',#1641,(#1646,#1653),.PCURVE_S1.);
#1641 = CIRCLE('',#1642,4.5);
#1642 = AXIS2_PLACEMENT_3D('',#1643,#1644,#1645);
#1643 = CARTESIAN_POINT('',(0.,27.,55.2));
#1644 = DIRECTION('',(0.,-0.,-1.));
#1645 = DIRECTION('',(0.895806416478,-0.444444444444,0.));
#1646 = PCURVE('',#643,#1647);
#1647 = DEFINITIONAL_REPRESENTATION('',(#1648),#1652);
#1648 = LINE('',#1649,#1650);
#1649 = CARTESIAN_POINT('',(-0.,0.));
#1650 = VECTOR('',#1651,1.);
#1651 = DIRECTION('',(-1.,0.));
#1652 = ( GEOMETRIC_REPRESENTATION_CONTEXT(2) 
PARAMETRIC_REPRESENTATION_CONTEXT() REPRESENTATION_CONTEXT('2D SPACE',''
  ) );
#1653 = PCURVE('',#779,#1654);
#1654 = DEFINITIONAL_REPRESENTATION('',(#1655),#1659);
#1655 = LINE('',#1656,#1657);
#1656 = CARTESIAN_POINT('',(-5.822631315498,-69.2000002));
#1657 = VECTOR('',#1658,1.);
#1658 = DIRECTION('',(1.,-0.));
#1659 = ( GEOMETRIC_REPRESENTATION_CONTEXT(2) 
PARAMETRIC_REPRESENTATION_CONTEXT() REPRESENTATION_CONTEXT('2D SPACE',''
  ) );
#1660 = ORIENTED_EDGE('',*,*,#680,.T.);
#1661 = ORIENTED_EDGE('',*,*,#624,.F.);
#1662 = ADVANCED_FACE('',(#1663),#779,.F.);
#1663 = FACE_BOUND('',#1664,.T.);
#1664 = EDGE_LOOP('',(#1665,#1688,#1689,#1690,#1691,#1692));
#1665 = ORIENTED_EDGE('',*,*,#1666,.T.);
#1666 = EDGE_CURVE('',#1667,#703,#1669,.T.);
#1667 = VERTEX_POINT('',#1668);
#1668 = CARTESIAN_POINT('',(4.5,27.,0.));
#1669 = SEAM_CURVE('',#1670,(#1674,#1681),.PCURVE_S1.);
#1670 = LINE('',#1671,#1672);
#1671 = CARTESIAN_POINT('',(4.5,27.,-14.0000002));
#1672 = VECTOR('',#1673,1.);
#1673 = DIRECTION('',(0.,0.,1.));
#1674 = PCURVE('',#779,#1675);
#1675 = DEFINITIONAL_REPRESENTATION('',(#1676),#1680);
#1676 = LINE('',#1677,#1678);
#1677 = CARTESIAN_POINT('',(-0.,0.));
#1678 = VECTOR('',#1679,1.);
#1679 = DIRECTION('',(-0.,-1.));
#1680 = ( GEOMETRIC_REPRESENTATION_CONTEXT(2) 
PARAMETRIC_REPRESENTATION_CONTEXT() REPRESENTATION_CONTEXT('2D SPACE',''
  ) );
#1681 = PCURVE('',#779,#1682);
#1682 = DEFINITIONAL_REPRESENTATION('',(#1683),#1687);
#1683 = LINE('',#1684,#1685);
#1684 = CARTESIAN_POINT('',(-6.28318530718,0.));
#1685 = VECTOR('',#1686,1.);
#1686 = DIRECTION('',(-0.,-1.));
#1687 = ( GEOMETRIC_REPRESENTATION_CONTEXT(2) 
PARAMETRIC_REPRESENTATION_CONTEXT() REPRESENTATION_CONTEXT('2D SPACE',''
  ) );
#1688 = ORIENTED_EDGE('',*,*,#722,.F.);
#1689 = ORIENTED_EDGE('',*,*,#1639,.F.);
#1690 = ORIENTED_EDGE('',*,*,#1041,.F.);
#1691 = ORIENTED_EDGE('',*,*,#1666,.F.);
#1692 = ORIENTED_EDGE('',*,*,#1693,.F.);
#1693 = EDGE_CURVE('',#1667,#1667,#1694,.T.);
#1694 = SURFACE_CURVE('',#1695,(#1700,#1707),.PCURVE_S1.);
#1695 = CIRCLE('',#1696,4.5);
#1696 = AXIS2_PLACEMENT_3D('',#1697,#1698,#1699);
#1697 = CARTESIAN_POINT('',(9.992007221626E-16,27.,0.));
#1698 = DIRECTION('',(0.,0.,1.));
#1699 = DIRECTION('',(1.,0.,-0.));
#1700 = PCURVE('',#779,#1701);
#1701 = DEFINITIONAL_REPRESENTATION('',(#1702),#1706);
#1702 = LINE('',#1703,#1704);
#1703 = CARTESIAN_POINT('',(-0.,-14.0000002));
#1704 = VECTOR('',#1705,1.);
#1705 = DIRECTION('',(-1.,-0.));
#1706 = ( GEOMETRIC_REPRESENTATION_CONTEXT(2) 
PARAMETRIC_REPRESENTATION_CONTEXT() REPRESENTATION_CONTEXT('2D SPACE',''
  ) );
#1707 = PCURVE('',#919,#1708);
#1708 = DEFINITIONAL_REPRESENTATION('',(#1709),#1713);
#1709 = CIRCLE('',#1710,4.5);
#1710 = AXIS2_PLACEMENT_2D('',#1711,#1712);
#1711 = CARTESIAN_POINT('',(15.,62.));
#1712 = DIRECTION('',(1.,0.));
#1713 = ( GEOMETRIC_REPRESENTATION_CONTEXT(2) 
PARAMETRIC_REPRESENTATION_CONTEXT() REPRESENTATION_CONTEXT('2D SPACE',''
  ) );
#1714 = ADVANCED_FACE('',(#1715),#891,.F.);
#1715 = FACE_BOUND('',#1716,.F.);
#1716 = EDGE_LOOP('',(#1717,#1718,#1739,#1740));
#1717 = ORIENTED_EDGE('',*,*,#1124,.F.);
#1718 = ORIENTED_EDGE('',*,*,#1719,.F.);
#1719 = EDGE_CURVE('',#874,#1125,#1720,.T.);
#1720 = SURFACE_CURVE('',#1721,(#1725,#1732),.PCURVE_S1.);
#1721 = LINE('',#1722,#1723);
#1722 = CARTESIAN_POINT('',(-15.,-35.,0.));
#1723 = VECTOR('',#1724,1.);
#1724 = DIRECTION('',(1.,0.,0.));
#1725 = PCURVE('',#891,#1726);
#1726 = DEFINITIONAL_REPRESENTATION('',(#1727),#1731);
#1727 = LINE('',#1728,#1729);
#1728 = CARTESIAN_POINT('',(0.,0.));
#1729 = VECTOR('',#1730,1.);
#1730 = DIRECTION('',(0.,1.));
#1731 = ( GEOMETRIC_REPRESENTATION_CONTEXT(2) 
PARAMETRIC_REPRESENTATION_CONTEXT() REPRESENTATION_CONTEXT('2D SPACE',''
  ) );
#1732 = PCURVE('',#919,#1733);
#1733 = DEFINITIONAL_REPRESENTATION('',(#1734),#1738);
#1734 = LINE('',#1735,#1736);
#1735 = CARTESIAN_POINT('',(0.,0.));
#1736 = VECTOR('',#1737,1.);
#1737 = DIRECTION('',(1.,0.));
#1738 = ( GEOMETRIC_REPRESENTATION_CONTEXT(2) 
PARAMETRIC_REPRESENTATION_CONTEXT() REPRESENTATION_CONTEXT('2D SPACE',''
  ) );
#1739 = ORIENTED_EDGE('',*,*,#873,.T.);
#1740 = ORIENTED_EDGE('',*,*,#1540,.T.);
#1741 = ADVANCED_FACE('',(#1742,#1748,#1774),#919,.F.);
#1742 = FACE_BOUND('',#1743,.F.);
#1743 = EDGE_LOOP('',(#1744,#1745,#1746,#1747));
#1744 = ORIENTED_EDGE('',*,*,#903,.F.);
#1745 = ORIENTED_EDGE('',*,*,#1719,.T.);
#1746 = ORIENTED_EDGE('',*,*,#1149,.T.);
#1747 = ORIENTED_EDGE('',*,*,#1098,.F.);
#1748 = FACE_BOUND('',#1749,.F.);
#1749 = EDGE_LOOP('',(#1750));
#1750 = ORIENTED_EDGE('',*,*,#1751,.F.);
#1751 = EDGE_CURVE('',#1752,#1752,#1754,.T.);
#1752 = VERTEX_POINT('',#1753);
#1753 = CARTESIAN_POINT('',(4.5,-27.,0.));
#1754 = SURFACE_CURVE('',#1755,(#1760,#1767),.PCURVE_S1.);
#1755 = CIRCLE('',#1756,4.5);
#1756 = AXIS2_PLACEMENT_3D('',#1757,#1758,#1759);
#1757 = CARTESIAN_POINT('',(9.992007221626E-16,-27.,0.));
#1758 = DIRECTION('',(0.,0.,1.));
#1759 = DIRECTION('',(1.,0.,-0.));
#1760 = PCURVE('',#919,#1761);
#1761 = DEFINITIONAL_REPRESENTATION('',(#1762),#1766);
#1762 = CIRCLE('',#1763,4.5);
#1763 = AXIS2_PLACEMENT_2D('',#1764,#1765);
#1764 = CARTESIAN_POINT('',(15.,8.));
#1765 = DIRECTION('',(1.,0.));
#1766 = ( GEOMETRIC_REPRESENTATION_CONTEXT(2) 
PARAMETRIC_REPRESENTATION_CONTEXT() REPRESENTATION_CONTEXT('2D SPACE',''
  ) );
#1767 = PCURVE('',#1623,#1768);
#1768 = DEFINITIONAL_REPRESENTATION('',(#1769),#1773);
#1769 = LINE('',#1770,#1771);
#1770 = CARTESIAN_POINT('',(-0.,-14.0000002));
#1771 = VECTOR('',#1772,1.);
#1772 = DIRECTION('',(-1.,-0.));
#1773 = ( GEOMETRIC_REPRESENTATION_CONTEXT(2) 
PARAMETRIC_REPRESENTATION_CONTEXT() REPRESENTATION_CONTEXT('2D SPACE',''
  ) );
#1774 = FACE_BOUND('',#1775,.F.);
#1775 = EDGE_LOOP('',(#1776));
#1776 = ORIENTED_EDGE('',*,*,#1693,.F.);
#1777 = ADVANCED_FACE('',(#1778),#1003,.F.);
#1778 = FACE_BOUND('',#1779,.T.);
#1779 = EDGE_LOOP('',(#1780,#1803,#1804,#1805));
#1780 = ORIENTED_EDGE('',*,*,#1781,.T.);
#1781 = EDGE_CURVE('',#1782,#983,#1784,.T.);
#1782 = VERTEX_POINT('',#1783);
#1783 = CARTESIAN_POINT('',(-3.,0.,55.));
#1784 = SEAM_CURVE('',#1785,(#1789,#1796),.PCURVE_S1.);
#1785 = LINE('',#1786,#1787);
#1786 = CARTESIAN_POINT('',(-3.,0.,55.));
#1787 = VECTOR('',#1788,1.);
#1788 = DIRECTION('',(-1.,0.,1.110223024625E-16));
#1789 = PCURVE('',#1003,#1790);
#1790 = DEFINITIONAL_REPRESENTATION('',(#1791),#1795);
#1791 = LINE('',#1792,#1793);
#1792 = CARTESIAN_POINT('',(-0.,0.));
#1793 = VECTOR('',#1794,1.);
#1794 = DIRECTION('',(-0.,-1.));
#1795 = ( GEOMETRIC_REPRESENTATION_CONTEXT(2) 
PARAMETRIC_REPRESENTATION_CONTEXT() REPRESENTATION_CONTEXT('2D SPACE',''
  ) );
#1796 = PCURVE('',#1003,#1797);
#1797 = DEFINITIONAL_REPRESENTATION('',(#1798),#1802);
#1798 = LINE('',#1799,#1800);
#1799 = CARTESIAN_POINT('',(-6.28318530718,0.));
#1800 = VECTOR('',#1801,1.);
#1801 = DIRECTION('',(-0.,-1.));
#1802 = ( GEOMETRIC_REPRESENTATION_CONTEXT(2) 
PARAMETRIC_REPRESENTATION_CONTEXT() REPRESENTATION_CONTEXT('2D SPACE',''
  ) );
#1803 = ORIENTED_EDGE('',*,*,#982,.T.);
#1804 = ORIENTED_EDGE('',*,*,#1781,.F.);
#1805 = ORIENTED_EDGE('',*,*,#1806,.F.);
#1806 = EDGE_CURVE('',#1782,#1782,#1807,.T.);
#1807 = SURFACE_CURVE('',#1808,(#1813,#1820),.PCURVE_S1.);
#1808 = CIRCLE('',#1809,21.);
#1809 = AXIS2_PLACEMENT_3D('',#1810,#1811,#1812);
#1810 = CARTESIAN_POINT('',(-3.,0.,34.));
#1811 = DIRECTION('',(-1.,0.,1.110223024625E-16));
#1812 = DIRECTION('',(1.110223024625E-16,0.,1.));
#1813 = PCURVE('',#1003,#1814);
#1814 = DEFINITIONAL_REPRESENTATION('',(#1815),#1819);
#1815 = LINE('',#1816,#1817);
#1816 = CARTESIAN_POINT('',(-0.,0.));
#1817 = VECTOR('',#1818,1.);
#1818 = DIRECTION('',(-1.,0.));
#1819 = ( GEOMETRIC_REPRESENTATION_CONTEXT(2) 
PARAMETRIC_REPRESENTATION_CONTEXT() REPRESENTATION_CONTEXT('2D SPACE',''
  ) );
#1820 = PCURVE('',#1821,#1826);
#1821 = PLANE('',#1822);
#1822 = AXIS2_PLACEMENT_3D('',#1823,#1824,#1825);
#1823 = CARTESIAN_POINT('',(-3.,1.846063891983E-16,34.));
#1824 = DIRECTION('',(-1.,0.,1.110223024625E-16));
#1825 = DIRECTION('',(1.110223024625E-16,0.,1.));
#1826 = DEFINITIONAL_REPRESENTATION('',(#1827),#1831);
#1827 = CIRCLE('',#1828,21.);
#1828 = AXIS2_PLACEMENT_2D('',#1829,#1830);
#1829 = CARTESIAN_POINT('',(0.,-1.846063891983E-16));
#1830 = DIRECTION('',(1.,0.));
#1831 = ( GEOMETRIC_REPRESENTATION_CONTEXT(2) 
PARAMETRIC_REPRESENTATION_CONTEXT() REPRESENTATION_CONTEXT('2D SPACE',''
  ) );
#1832 = ADVANCED_FACE('',(#1833),#1218,.F.);
#1833 = FACE_BOUND('',#1834,.T.);
#1834 = EDGE_LOOP('',(#1835,#1858,#1859,#1860));
#1835 = ORIENTED_EDGE('',*,*,#1836,.T.);
#1836 = EDGE_CURVE('',#1837,#1202,#1839,.T.);
#1837 = VERTEX_POINT('',#1838);
#1838 = CARTESIAN_POINT('',(3.,0.,13.));
#1839 = SEAM_CURVE('',#1840,(#1844,#1851),.PCURVE_S1.);
#1840 = LINE('',#1841,#1842);
#1841 = CARTESIAN_POINT('',(3.,0.,13.));
#1842 = VECTOR('',#1843,1.);
#1843 = DIRECTION('',(1.,0.,1.110223024625E-16));
#1844 = PCURVE('',#1218,#1845);
#1845 = DEFINITIONAL_REPRESENTATION('',(#1846),#1850);
#1846 = LINE('',#1847,#1848);
#1847 = CARTESIAN_POINT('',(-0.,0.));
#1848 = VECTOR('',#1849,1.);
#1849 = DIRECTION('',(-0.,-1.));
#1850 = ( GEOMETRIC_REPRESENTATION_CONTEXT(2) 
PARAMETRIC_REPRESENTATION_CONTEXT() REPRESENTATION_CONTEXT('2D SPACE',''
  ) );
#1851 = PCURVE('',#1218,#1852);
#1852 = DEFINITIONAL_REPRESENTATION('',(#1853),#1857);
#1853 = LINE('',#1854,#1855);
#1854 = CARTESIAN_POINT('',(-6.28318530718,0.));
#1855 = VECTOR('',#1856,1.);
#1856 = DIRECTION('',(-0.,-1.));
#1857 = ( GEOMETRIC_REPRESENTATION_CONTEXT(2) 
PARAMETRIC_REPRESENTATION_CONTEXT() REPRESENTATION_CONTEXT('2D SPACE',''
  ) );
#1858 = ORIENTED_EDGE('',*,*,#1201,.T.);
#1859 = ORIENTED_EDGE('',*,*,#1836,.F.);
#1860 = ORIENTED_EDGE('',*,*,#1861,.F.);
#1861 = EDGE_CURVE('',#1837,#1837,#1862,.T.);
#1862 = SURFACE_CURVE('',#1863,(#1868,#1875),.PCURVE_S1.);
#1863 = CIRCLE('',#1864,21.);
#1864 = AXIS2_PLACEMENT_3D('',#1865,#1866,#1867);
#1865 = CARTESIAN_POINT('',(3.,0.,34.));
#1866 = DIRECTION('',(1.,-0.,1.110223024625E-16));
#1867 = DIRECTION('',(1.110223024625E-16,0.,-1.));
#1868 = PCURVE('',#1218,#1869);
#1869 = DEFINITIONAL_REPRESENTATION('',(#1870),#1874);
#1870 = LINE('',#1871,#1872);
#1871 = CARTESIAN_POINT('',(-0.,0.));
#1872 = VECTOR('',#1873,1.);
#1873 = DIRECTION('',(-1.,0.));
#1874 = ( GEOMETRIC_REPRESENTATION_CONTEXT(2) 
PARAMETRIC_REPRESENTATION_CONTEXT() REPRESENTATION_CONTEXT('2D SPACE',''
  ) );
#1875 = PCURVE('',#1876,#1881);
#1876 = PLANE('',#1877);
#1877 = AXIS2_PLACEMENT_3D('',#1878,#1879,#1880);
#1878 = CARTESIAN_POINT('',(3.,1.846063891983E-16,34.));
#1879 = DIRECTION('',(1.,0.,1.110223024625E-16));
#1880 = DIRECTION('',(1.110223024625E-16,0.,-1.));
#1881 = DEFINITIONAL_REPRESENTATION('',(#1882),#1886);
#1882 = CIRCLE('',#1883,21.);
#1883 = AXIS2_PLACEMENT_2D('',#1884,#1885);
#1884 = CARTESIAN_POINT('',(0.,-1.846063891983E-16));
#1885 = DIRECTION('',(1.,0.));
#1886 = ( GEOMETRIC_REPRESENTATION_CONTEXT(2) 
PARAMETRIC_REPRESENTATION_CONTEXT() REPRESENTATION_CONTEXT('2D SPACE',''
  ) );
#1887 = ADVANCED_FACE('',(#1888),#1386,.T.);
#1888 = FACE_BOUND('',#1889,.T.);
#1889 = EDGE_LOOP('',(#1890,#1910,#2067,#2068));
#1890 = ORIENTED_EDGE('',*,*,#1891,.T.);
#1891 = EDGE_CURVE('',#1235,#1892,#1894,.T.);
#1892 = VERTEX_POINT('',#1893);
#1893 = CARTESIAN_POINT('',(4.5,-27.,55.031721430803));
#1894 = SURFACE_CURVE('',#1895,(#1898,#1904),.PCURVE_S1.);
#1895 = B_SPLINE_CURVE_WITH_KNOTS('',1,(#1896,#1897),.UNSPECIFIED.,.F.,
  .F.,(2,2),(0.,1.653155296756),.PIECEWISE_BEZIER_KNOTS.);
#1896 = CARTESIAN_POINT('',(5.295231753405,-27.17208108578,
    55.761253185773));
#1897 = CARTESIAN_POINT('',(4.5,-27.,55.031721430803));
#1898 = PCURVE('',#1386,#1899);
#1899 = DEFINITIONAL_REPRESENTATION('',(#1900),#1903);
#1900 = B_SPLINE_CURVE_WITH_KNOTS('',1,(#1901,#1902),.UNSPECIFIED.,.F.,
  .F.,(2,2),(0.,1.653155296756),.PIECEWISE_BEZIER_KNOTS.);
#1901 = CARTESIAN_POINT('',(0.,41.025644927338));
#1902 = CARTESIAN_POINT('',(16.741087159784,41.025644927338));
#1903 = ( GEOMETRIC_REPRESENTATION_CONTEXT(2) 
PARAMETRIC_REPRESENTATION_CONTEXT() REPRESENTATION_CONTEXT('2D SPACE',''
  ) );
#1904 = PCURVE('',#1516,#1905);
#1905 = DEFINITIONAL_REPRESENTATION('',(#1906),#1909);
#1906 = B_SPLINE_CURVE_WITH_KNOTS('',1,(#1907,#1908),.UNSPECIFIED.,.F.,
  .F.,(2,2),(0.,1.653155296756),.PIECEWISE_BEZIER_KNOTS.);
#1907 = CARTESIAN_POINT('',(0.,41.025644927338));
#1908 = CARTESIAN_POINT('',(1.653155296756,41.025644927338));
#1909 = ( GEOMETRIC_REPRESENTATION_CONTEXT(2) 
PARAMETRIC_REPRESENTATION_CONTEXT() REPRESENTATION_CONTEXT('2D SPACE',''
  ) );
#1910 = ORIENTED_EDGE('',*,*,#1911,.T.);
#1911 = EDGE_CURVE('',#1892,#1566,#1912,.T.);
#1912 = SURFACE_CURVE('',#1913,(#1964,#1971),.PCURVE_S1.);
#1913 = B_SPLINE_CURVE_WITH_KNOTS('',13,(#1914,#1915,#1916,#1917,#1918,
    #1919,#1920,#1921,#1922,#1923,#1924,#1925,#1926,#1927,#1928,#1929,
    #1930,#1931,#1932,#1933,#1934,#1935,#1936,#1937,#1938,#1939,#1940,
    #1941,#1942,#1943,#1944,#1945,#1946,#1947,#1948,#1949,#1950,#1951,
    #1952,#1953,#1954,#1955,#1956,#1957,#1958,#1959,#1960,#1961,#1962,
    #1963),.UNSPECIFIED.,.F.,.F.,(14,12,12,12,14),(41.025644927338,
    45.154941054476,50.144205567551,54.90657711735,57.766732087121),
  .UNSPECIFIED.);
#1914 = CARTESIAN_POINT('',(4.5,-27.,55.031721430803));
#1915 = CARTESIAN_POINT('',(4.499999999999,-27.33171941054,
    54.966016653185));
#1916 = CARTESIAN_POINT('',(4.473599396536,-27.65795674454,
    54.887581108462));
#1917 = CARTESIAN_POINT('',(4.421103559574,-27.97538686583,
    54.797095372197));
#1918 = CARTESIAN_POINT('',(4.351528572637,-28.27949478162,
    54.700903081235));
#1919 = CARTESIAN_POINT('',(4.239589599482,-28.59405248924,
    54.580455247934));
#1920 = CARTESIAN_POINT('',(4.15616277513,-28.8131634373,54.497404423777
    ));
#1921 = CARTESIAN_POINT('',(3.99355492505,-29.15295802921,
    54.348728821603));
#1922 = CARTESIAN_POINT('',(3.873627272444,-29.33850275881,
    54.258249345927));
#1923 = CARTESIAN_POINT('',(3.700792589632,-29.61245863117,
    54.125082070466));
#1924 = CARTESIAN_POINT('',(3.53203377228,-29.8215747024,54.012352224315
    ));
#1925 = CARTESIAN_POINT('',(3.343882726389,-30.03556930016,
    53.894108548182));
#1926 = CARTESIAN_POINT('',(3.143589207575,-30.23221414551,
    53.779913877904));
#1927 = CARTESIAN_POINT('',(2.671403832211,-30.63723255977,
    53.53592579447));
#1928 = CARTESIAN_POINT('',(2.393600233822,-30.8388259137,
    53.408124308795));
#1929 = CARTESIAN_POINT('',(2.095550063197,-31.02009852839,
    53.287976035722));
#1930 = CARTESIAN_POINT('',(1.780027461403,-31.1780636119,
    53.179514949775));
#1931 = CARTESIAN_POINT('',(1.445390229676,-31.31231557794,
    53.084462172974));
#1932 = CARTESIAN_POINT('',(1.09121619639,-31.42071762668,
    53.005843051233));
#1933 = CARTESIAN_POINT('',(0.720626261622,-31.49859337562,
    52.948521819743));
#1934 = CARTESIAN_POINT('',(0.339149456495,-31.54152669164,
    52.916762472728));
#1935 = CARTESIAN_POINT('',(-4.627041647732E-02,-31.5479155042,
    52.912152756144));
#1936 = CARTESIAN_POINT('',(-0.427508672486,-31.51891538809,
    52.933746216243));
#1937 = CARTESIAN_POINT('',(-0.797497021156,-31.45677941662,
    52.979345247696));
#1938 = CARTESIAN_POINT('',(-1.154680051456,-31.36428496204,
    53.045727007982));
#1939 = CARTESIAN_POINT('',(-1.820048869788,-31.12990465517,
    53.209588887597));
#1940 = CARTESIAN_POINT('',(-2.129751261926,-30.99055961569,
    53.305467561177));
#1941 = CARTESIAN_POINT('',(-2.422811116916,-30.8282848783,
    53.414498362441));
#1942 = CARTESIAN_POINT('',(-2.698108776921,-30.64608370802,
    53.533589138777));
#1943 = CARTESIAN_POINT('',(-2.955840224894,-30.44445136316,
    53.66053021505));
#1944 = CARTESIAN_POINT('',(-3.195813783817,-30.22488658184,
    53.79281138513));
#1945 = CARTESIAN_POINT('',(-3.417759428154,-29.9889266979,
    53.928106198722));
#1946 = CARTESIAN_POINT('',(-3.621979760571,-29.7360095214,
    54.065004304529));
#1947 = CARTESIAN_POINT('',(-3.808528355838,-29.46446419791,
    54.202392475116));
#1948 = CARTESIAN_POINT('',(-3.975728253186,-29.17451894125,
    54.338114295635));
#1949 = CARTESIAN_POINT('',(-4.120733573231,-28.86782292563,
    54.469223252845));
#1950 = CARTESIAN_POINT('',(-4.242483318268,-28.54205067959,
    54.594331549552));
#1951 = CARTESIAN_POINT('',(-4.394230121239,-27.99317643283,
    54.779937078763));
#1952 = CARTESIAN_POINT('',(-4.441523657468,-27.78104265168,
    54.846309605244));
#1953 = CARTESIAN_POINT('',(-4.478347475974,-27.56263117222,
    54.908788664823));
#1954 = CARTESIAN_POINT('',(-4.50411302381,-27.33947479447,
    54.96658983552));
#1955 = CARTESIAN_POINT('',(-4.518045939053,-27.11187342057,
    55.019093244642));
#1956 = CARTESIAN_POINT('',(-4.519345055501,-26.88025757903,
    55.065683323994));
#1957 = CARTESIAN_POINT('',(-4.507427062015,-26.64628066119,
    55.105693602045));
#1958 = CARTESIAN_POINT('',(-4.482056417035,-26.41240970698,
    55.138575473217));
#1959 = CARTESIAN_POINT('',(-4.44335092612,-26.18074976525,
    55.164134876623));
#1960 = CARTESIAN_POINT('',(-4.391740545199,-25.95250195337,
    55.182603287321));
#1961 = CARTESIAN_POINT('',(-4.327940523825,-25.72882059891,
    55.194429915744));
#1962 = CARTESIAN_POINT('',(-4.25287990267,-25.5119000195,55.19999999999
    ));
#1963 = CARTESIAN_POINT('',(-4.167302668916,-25.30188679245,55.2));
#1964 = PCURVE('',#1386,#1965);
#1965 = DEFINITIONAL_REPRESENTATION('',(#1966),#1970);
#1966 = LINE('',#1967,#1968);
#1967 = CARTESIAN_POINT('',(16.741087159784,0.));
#1968 = VECTOR('',#1969,1.);
#1969 = DIRECTION('',(0.,1.));
#1970 = ( GEOMETRIC_REPRESENTATION_CONTEXT(2) 
PARAMETRIC_REPRESENTATION_CONTEXT() REPRESENTATION_CONTEXT('2D SPACE',''
  ) );
#1971 = PCURVE('',#1623,#1972);
#1972 = DEFINITIONAL_REPRESENTATION('',(#1973),#2066);
#1973 = B_SPLINE_CURVE_WITH_KNOTS('',11,(#1974,#1975,#1976,#1977,#1978,
    #1979,#1980,#1981,#1982,#1983,#1984,#1985,#1986,#1987,#1988,#1989,
    #1990,#1991,#1992,#1993,#1994,#1995,#1996,#1997,#1998,#1999,#2000,
    #2001,#2002,#2003,#2004,#2005,#2006,#2007,#2008,#2009,#2010,#2011,
    #2012,#2013,#2014,#2015,#2016,#2017,#2018,#2019,#2020,#2021,#2022,
    #2023,#2024,#2025,#2026,#2027,#2028,#2029,#2030,#2031,#2032,#2033,
    #2034,#2035,#2036,#2037,#2038,#2039,#2040,#2041,#2042,#2043,#2044,
    #2045,#2046,#2047,#2048,#2049,#2050,#2051,#2052,#2053,#2054,#2055,
    #2056,#2057,#2058,#2059,#2060,#2061,#2062,#2063,#2064,#2065),
  .UNSPECIFIED.,.F.,.F.,(12,10,10,10,10,10,10,10,10,12),(41.025644927338
    ,43.118280822311,45.210916717284,49.396188507229,50.442506454716,
    51.488824402202,53.581460297175,54.627778244662,55.674096192148,
    57.766732087121),.UNSPECIFIED.);
#1974 = CARTESIAN_POINT('',(-6.28318530718,-69.0317216308));
#1975 = CARTESIAN_POINT('',(-6.239035716653,-68.99236977134));
#1976 = CARTESIAN_POINT('',(-6.195318217827,-68.94833309624));
#1977 = CARTESIAN_POINT('',(-6.152166659451,-68.90007569721));
#1978 = CARTESIAN_POINT('',(-6.109406492603,-68.84765692716));
#1979 = CARTESIAN_POINT('',(-6.067123175018,-68.79156650665));
#1980 = CARTESIAN_POINT('',(-6.025520602514,-68.73254382933));
#1981 = CARTESIAN_POINT('',(-5.984660707259,-68.67118569209));
#1982 = CARTESIAN_POINT('',(-5.944402536063,-68.60779514375));
#1983 = CARTESIAN_POINT('',(-5.904586293327,-68.5425726004));
#1984 = CARTESIAN_POINT('',(-5.865235006871,-68.47589884417));
#1985 = CARTESIAN_POINT('',(-5.787312286191,-68.34031711244));
#1986 = CARTESIAN_POINT('',(-5.748739710946,-68.27139744688));
#1987 = CARTESIAN_POINT('',(-5.710558936933,-68.20176086548));
#1988 = CARTESIAN_POINT('',(-5.672515408243,-68.13139624085));
#1989 = CARTESIAN_POINT('',(-5.635109782663,-68.06148108127));
#1990 = CARTESIAN_POINT('',(-5.597186362411,-67.99055239759));
#1991 = CARTESIAN_POINT('',(-5.560025051564,-67.92094617897));
#1992 = CARTESIAN_POINT('',(-5.522626231738,-67.85154791649));
#1993 = CARTESIAN_POINT('',(-5.485244478486,-67.7830409115));
#1994 = CARTESIAN_POINT('',(-5.447852701504,-67.7157964021));
#1995 = CARTESIAN_POINT('',(-5.335286797467,-67.51844062832));
#1996 = CARTESIAN_POINT('',(-5.259776380869,-67.39279416737));
#1997 = CARTESIAN_POINT('',(-5.183302031474,-67.27539399691));
#1998 = CARTESIAN_POINT('',(-5.105944955753,-67.16993560995));
#1999 = CARTESIAN_POINT('',(-5.026969444189,-67.07842246162));
#2000 = CARTESIAN_POINT('',(-4.9460263357,-67.00443023951));
#2001 = CARTESIAN_POINT('',(-4.86357137427,-66.95294289176));
#2002 = CARTESIAN_POINT('',(-4.780320983139,-66.92725829486));
#2003 = CARTESIAN_POINT('',(-4.696883085167,-66.92743983682));
#2004 = CARTESIAN_POINT('',(-4.614124130476,-66.95249126686));
#2005 = CARTESIAN_POINT('',(-4.511925787176,-67.01169710926));
#2006 = CARTESIAN_POINT('',(-4.491547912137,-67.02493390747));
#2007 = CARTESIAN_POINT('',(-4.471242778248,-67.0395280093));
#2008 = CARTESIAN_POINT('',(-4.451011890417,-67.0554360086));
#2009 = CARTESIAN_POINT('',(-4.43085675341,-67.07261144218));
#2010 = CARTESIAN_POINT('',(-4.410782064426,-67.09100526849));
#2011 = CARTESIAN_POINT('',(-4.390794712039,-67.11056569767));
#2012 = CARTESIAN_POINT('',(-4.37090063799,-67.13123828138));
#2013 = CARTESIAN_POINT('',(-4.351101618073,-67.15296715611));
#2014 = CARTESIAN_POINT('',(-4.331394018562,-67.17569834784));
#2015 = CARTESIAN_POINT('',(-4.292149150436,-67.22307372117));
#2016 = CARTESIAN_POINT('',(-4.272613638929,-67.24771663371));
#2017 = CARTESIAN_POINT('',(-4.253162408045,-67.27326294548));
#2018 = CARTESIAN_POINT('',(-4.23379243964,-67.29966185159));
#2019 = CARTESIAN_POINT('',(-4.214500339332,-67.32686356823));
#2020 = CARTESIAN_POINT('',(-4.195282336548,-67.35481933376));
#2021 = CARTESIAN_POINT('',(-4.176134284466,-67.38348140724));
#2022 = CARTESIAN_POINT('',(-4.15705166007,-67.41280307006));
#2023 = CARTESIAN_POINT('',(-4.138029564106,-67.44273862449));
#2024 = CARTESIAN_POINT('',(-4.119062721114,-67.47324339468));
#2025 = CARTESIAN_POINT('',(-4.062310995993,-67.56633438909));
#2026 = CARTESIAN_POINT('',(-4.02467374453,-67.63050404217));
#2027 = CARTESIAN_POINT('',(-3.987194045977,-67.69642403912));
#2028 = CARTESIAN_POINT('',(-3.949824012226,-67.76376950652));
#2029 = CARTESIAN_POINT('',(-3.912509423669,-67.83224183865));
#2030 = CARTESIAN_POINT('',(-3.875191606863,-67.901561193));
#2031 = CARTESIAN_POINT('',(-3.837809312057,-67.97145898512));
#2032 = CARTESIAN_POINT('',(-3.800300590885,-68.04167038394));
#2033 = CARTESIAN_POINT('',(-3.762604673894,-68.11192680688));
#2034 = CARTESIAN_POINT('',(-3.724663848206,-68.18194841497));
#2035 = CARTESIAN_POINT('',(-3.667306078537,-68.28618070459));
#2036 = CARTESIAN_POINT('',(-3.648112410453,-68.32079096383));
#2037 = CARTESIAN_POINT('',(-3.628837958143,-68.35522967491));
#2038 = CARTESIAN_POINT('',(-3.60947627993,-68.38945829748));
#2039 = CARTESIAN_POINT('',(-3.590020865139,-68.4234374619));
#2040 = CARTESIAN_POINT('',(-3.570465134133,-68.45712696888));
#2041 = CARTESIAN_POINT('',(-3.550802438264,-68.49048578998));
#2042 = CARTESIAN_POINT('',(-3.531026059927,-68.52347206703));
#2043 = CARTESIAN_POINT('',(-3.511129212511,-68.55604311269));
#2044 = CARTESIAN_POINT('',(-3.491105040436,-68.58815541));
#2045 = CARTESIAN_POINT('',(-3.45078819782,-68.65137381538));
#2046 = CARTESIAN_POINT('',(-3.430493693309,-68.68248082513));
#2047 = CARTESIAN_POINT('',(-3.410065071479,-68.71303289484));
#2048 = CARTESIAN_POINT('',(-3.389492965742,-68.74298577353));
#2049 = CARTESIAN_POINT('',(-3.368769829283,-68.77229013919));
#2050 = CARTESIAN_POINT('',(-3.347894521646,-68.80088847744));
#2051 = CARTESIAN_POINT('',(-3.326871271133,-68.82871843243));
#2052 = CARTESIAN_POINT('',(-3.305705955158,-68.85571866788));
#2053 = CARTESIAN_POINT('',(-3.284402639955,-68.88183326323));
#2054 = CARTESIAN_POINT('',(-3.262963321709,-68.90701068189));
#2055 = CARTESIAN_POINT('',(-3.198254788629,-68.97955865417));
#2056 = CARTESIAN_POINT('',(-3.154592010197,-69.02395104636));
#2057 = CARTESIAN_POINT('',(-3.110467418074,-69.0639276842));
#2058 = CARTESIAN_POINT('',(-3.065914128754,-69.09911611402));
#2059 = CARTESIAN_POINT('',(-3.02108955336,-69.12914807717));
#2060 = CARTESIAN_POINT('',(-2.976188328951,-69.15377128655));
#2061 = CARTESIAN_POINT('',(-2.931347149911,-69.17294862532));
#2062 = CARTESIAN_POINT('',(-2.886649472115,-69.18685348846));
#2063 = CARTESIAN_POINT('',(-2.842213945858,-69.19576926319));
#2064 = CARTESIAN_POINT('',(-2.798226316539,-69.20000019998));
#2065 = CARTESIAN_POINT('',(-2.754650415401,-69.2000002));
#2066 = ( GEOMETRIC_REPRESENTATION_CONTEXT(2) 
PARAMETRIC_REPRESENTATION_CONTEXT() REPRESENTATION_CONTEXT('2D SPACE',''
  ) );
#2067 = ORIENTED_EDGE('',*,*,#1565,.F.);
#2068 = ORIENTED_EDGE('',*,*,#1234,.F.);
#2069 = ADVANCED_FACE('',(#2070),#1516,.T.);
#2070 = FACE_BOUND('',#2071,.T.);
#2071 = EDGE_LOOP('',(#2072,#2073,#2102,#2103));
#2072 = ORIENTED_EDGE('',*,*,#1587,.T.);
#2073 = ORIENTED_EDGE('',*,*,#2074,.T.);
#2074 = EDGE_CURVE('',#1588,#1892,#2075,.T.);
#2075 = SURFACE_CURVE('',#2076,(#2084,#2091),.PCURVE_S1.);
#2076 = B_SPLINE_CURVE_WITH_KNOTS('',6,(#2077,#2078,#2079,#2080,#2081,
    #2082,#2083),.UNSPECIFIED.,.F.,.F.,(7,7),(39.372489630582,
    41.025644927338),.PIECEWISE_BEZIER_KNOTS.);
#2077 = CARTESIAN_POINT('',(4.167302668916,-25.30188679245,55.2));
#2078 = CARTESIAN_POINT('',(4.274764356309,-25.56560618094,55.2));
#2079 = CARTESIAN_POINT('',(4.363870740327,-25.84145169255,
    55.190267037443));
#2080 = CARTESIAN_POINT('',(4.432471424379,-26.12837961499,
    55.168953994507));
#2081 = CARTESIAN_POINT('',(4.47785150921,-26.41915406834,
    55.135187105763));
#2082 = CARTESIAN_POINT('',(4.5,-26.71225975371,55.088715107661));
#2083 = CARTESIAN_POINT('',(4.5,-27.,55.031721430803));
#2084 = PCURVE('',#1516,#2085);
#2085 = DEFINITIONAL_REPRESENTATION('',(#2086),#2090);
#2086 = LINE('',#2087,#2088);
#2087 = CARTESIAN_POINT('',(1.653155296756,0.));
#2088 = VECTOR('',#2089,1.);
#2089 = DIRECTION('',(0.,1.));
#2090 = ( GEOMETRIC_REPRESENTATION_CONTEXT(2) 
PARAMETRIC_REPRESENTATION_CONTEXT() REPRESENTATION_CONTEXT('2D SPACE',''
  ) );
#2091 = PCURVE('',#1623,#2092);
#2092 = DEFINITIONAL_REPRESENTATION('',(#2093),#2101);
#2093 = B_SPLINE_CURVE_WITH_KNOTS('',6,(#2094,#2095,#2096,#2097,#2098,
    #2099,#2100),.UNSPECIFIED.,.F.,.F.,(7,7),(39.372489630582,
    41.025644927338),.PIECEWISE_BEZIER_KNOTS.);
#2094 = CARTESIAN_POINT('',(-0.386942238188,-69.2000002));
#2095 = CARTESIAN_POINT('',(-0.323659244501,-69.2000002));
#2096 = CARTESIAN_POINT('',(-0.259420850173,-69.19026703049));
#2097 = CARTESIAN_POINT('',(-0.194161014365,-69.16895465006));
#2098 = CARTESIAN_POINT('',(-0.129078157647,-69.13518700195));
#2099 = CARTESIAN_POINT('',(-6.39422769515E-02,-69.08871530766));
#2100 = CARTESIAN_POINT('',(-1.447454066977E-15,-69.0317216308));
#2101 = ( GEOMETRIC_REPRESENTATION_CONTEXT(2) 
PARAMETRIC_REPRESENTATION_CONTEXT() REPRESENTATION_CONTEXT('2D SPACE',''
  ) );
#2102 = ORIENTED_EDGE('',*,*,#1891,.F.);
#2103 = ORIENTED_EDGE('',*,*,#1494,.F.);
#2104 = ADVANCED_FACE('',(#2105),#1623,.F.);
#2105 = FACE_BOUND('',#2106,.T.);
#2106 = EDGE_LOOP('',(#2107,#2128,#2129,#2130,#2131,#2132));
#2107 = ORIENTED_EDGE('',*,*,#2108,.T.);
#2108 = EDGE_CURVE('',#1752,#1892,#2109,.T.);
#2109 = SEAM_CURVE('',#2110,(#2114,#2121),.PCURVE_S1.);
#2110 = LINE('',#2111,#2112);
#2111 = CARTESIAN_POINT('',(4.5,-27.,-14.0000002));
#2112 = VECTOR('',#2113,1.);
#2113 = DIRECTION('',(0.,0.,1.));
#2114 = PCURVE('',#1623,#2115);
#2115 = DEFINITIONAL_REPRESENTATION('',(#2116),#2120);
#2116 = LINE('',#2117,#2118);
#2117 = CARTESIAN_POINT('',(-0.,0.));
#2118 = VECTOR('',#2119,1.);
#2119 = DIRECTION('',(-0.,-1.));
#2120 = ( GEOMETRIC_REPRESENTATION_CONTEXT(2) 
PARAMETRIC_REPRESENTATION_CONTEXT() REPRESENTATION_CONTEXT('2D SPACE',''
  ) );
#2121 = PCURVE('',#1623,#2122);
#2122 = DEFINITIONAL_REPRESENTATION('',(#2123),#2127);
#2123 = LINE('',#2124,#2125);
#2124 = CARTESIAN_POINT('',(-6.28318530718,0.));
#2125 = VECTOR('',#2126,1.);
#2126 = DIRECTION('',(-0.,-1.));
#2127 = ( GEOMETRIC_REPRESENTATION_CONTEXT(2) 
PARAMETRIC_REPRESENTATION_CONTEXT() REPRESENTATION_CONTEXT('2D SPACE',''
  ) );
#2128 = ORIENTED_EDGE('',*,*,#2074,.F.);
#2129 = ORIENTED_EDGE('',*,*,#1608,.F.);
#2130 = ORIENTED_EDGE('',*,*,#1911,.F.);
#2131 = ORIENTED_EDGE('',*,*,#2108,.F.);
#2132 = ORIENTED_EDGE('',*,*,#1751,.F.);
#2133 = ADVANCED_FACE('',(#2134,#2137),#1821,.T.);
#2134 = FACE_BOUND('',#2135,.T.);
#2135 = EDGE_LOOP('',(#2136));
#2136 = ORIENTED_EDGE('',*,*,#1806,.T.);
#2137 = FACE_BOUND('',#2138,.T.);
#2138 = EDGE_LOOP('',(#2139));
#2139 = ORIENTED_EDGE('',*,*,#2140,.F.);
#2140 = EDGE_CURVE('',#2141,#2141,#2143,.T.);
#2141 = VERTEX_POINT('',#2142);
#2142 = CARTESIAN_POINT('',(-3.,0.,19.));
#2143 = SURFACE_CURVE('',#2144,(#2149,#2156),.PCURVE_S1.);
#2144 = CIRCLE('',#2145,15.);
#2145 = AXIS2_PLACEMENT_3D('',#2146,#2147,#2148);
#2146 = CARTESIAN_POINT('',(-3.,0.,34.));
#2147 = DIRECTION('',(-1.,-0.,-1.110223024625E-16));
#2148 = DIRECTION('',(1.110223024625E-16,0.,-1.));
#2149 = PCURVE('',#1821,#2150);
#2150 = DEFINITIONAL_REPRESENTATION('',(#2151),#2155);
#2151 = CIRCLE('',#2152,15.);
#2152 = AXIS2_PLACEMENT_2D('',#2153,#2154);
#2153 = CARTESIAN_POINT('',(0.,-1.846063891983E-16));
#2154 = DIRECTION('',(-1.,0.));
#2155 = ( GEOMETRIC_REPRESENTATION_CONTEXT(2) 
PARAMETRIC_REPRESENTATION_CONTEXT() REPRESENTATION_CONTEXT('2D SPACE',''
  ) );
#2156 = PCURVE('',#2157,#2162);
#2157 = CYLINDRICAL_SURFACE('',#2158,15.);
#2158 = AXIS2_PLACEMENT_3D('',#2159,#2160,#2161);
#2159 = CARTESIAN_POINT('',(-30.,0.,34.));
#2160 = DIRECTION('',(-1.,-0.,-1.110223024625E-16));
#2161 = DIRECTION('',(1.110223024625E-16,0.,-1.));
#2162 = DEFINITIONAL_REPRESENTATION('',(#2163),#2167);
#2163 = LINE('',#2164,#2165);
#2164 = CARTESIAN_POINT('',(-6.28318530718,-27.));
#2165 = VECTOR('',#2166,1.);
#2166 = DIRECTION('',(1.,-0.));
#2167 = ( GEOMETRIC_REPRESENTATION_CONTEXT(2) 
PARAMETRIC_REPRESENTATION_CONTEXT() REPRESENTATION_CONTEXT('2D SPACE',''
  ) );
#2168 = ADVANCED_FACE('',(#2169,#2172),#1876,.T.);
#2169 = FACE_BOUND('',#2170,.T.);
#2170 = EDGE_LOOP('',(#2171));
#2171 = ORIENTED_EDGE('',*,*,#1861,.T.);
#2172 = FACE_BOUND('',#2173,.T.);
#2173 = EDGE_LOOP('',(#2174));
#2174 = ORIENTED_EDGE('',*,*,#2175,.T.);
#2175 = EDGE_CURVE('',#2176,#2176,#2178,.T.);
#2176 = VERTEX_POINT('',#2177);
#2177 = CARTESIAN_POINT('',(3.,0.,19.));
#2178 = SURFACE_CURVE('',#2179,(#2184,#2195),.PCURVE_S1.);
#2179 = CIRCLE('',#2180,15.);
#2180 = AXIS2_PLACEMENT_3D('',#2181,#2182,#2183);
#2181 = CARTESIAN_POINT('',(3.,0.,34.));
#2182 = DIRECTION('',(-1.,-0.,-1.110223024625E-16));
#2183 = DIRECTION('',(1.110223024625E-16,0.,-1.));
#2184 = PCURVE('',#1876,#2185);
#2185 = DEFINITIONAL_REPRESENTATION('',(#2186),#2194);
#2186 = ( BOUNDED_CURVE() B_SPLINE_CURVE(2,(#2187,#2188,#2189,#2190,
#2191,#2192,#2193),.UNSPECIFIED.,.T.,.F.) B_SPLINE_CURVE_WITH_KNOTS((1,2
    ,2,2,2,1),(-2.094395102393,0.,2.094395102393,4.188790204786,
6.28318530718,8.377580409573),.UNSPECIFIED.) CURVE() 
GEOMETRIC_REPRESENTATION_ITEM() RATIONAL_B_SPLINE_CURVE((1.,0.5,1.,0.5,
1.,0.5,1.)) REPRESENTATION_ITEM('') );
#2187 = CARTESIAN_POINT('',(15.,-1.846063891983E-16));
#2188 = CARTESIAN_POINT('',(15.,-25.98076211353));
#2189 = CARTESIAN_POINT('',(-7.5,-12.99038105676));
#2190 = CARTESIAN_POINT('',(-30.,-3.85854678664E-15));
#2191 = CARTESIAN_POINT('',(-7.5,12.990381056767));
#2192 = CARTESIAN_POINT('',(15.,25.980762113533));
#2193 = CARTESIAN_POINT('',(15.,-1.846063891983E-16));
#2194 = ( GEOMETRIC_REPRESENTATION_CONTEXT(2) 
PARAMETRIC_REPRESENTATION_CONTEXT() REPRESENTATION_CONTEXT('2D SPACE',''
  ) );
#2195 = PCURVE('',#2157,#2196);
#2196 = DEFINITIONAL_REPRESENTATION('',(#2197),#2201);
#2197 = LINE('',#2198,#2199);
#2198 = CARTESIAN_POINT('',(-6.28318530718,-33.));
#2199 = VECTOR('',#2200,1.);
#2200 = DIRECTION('',(1.,-0.));
#2201 = ( GEOMETRIC_REPRESENTATION_CONTEXT(2) 
PARAMETRIC_REPRESENTATION_CONTEXT() REPRESENTATION_CONTEXT('2D SPACE',''
  ) );
#2202 = ADVANCED_FACE('',(#2203),#2157,.F.);
#2203 = FACE_BOUND('',#2204,.T.);
#2204 = EDGE_LOOP('',(#2205,#2206,#2227,#2228));
#2205 = ORIENTED_EDGE('',*,*,#2140,.T.);
#2206 = ORIENTED_EDGE('',*,*,#2207,.T.);
#2207 = EDGE_CURVE('',#2141,#2176,#2208,.T.);
#2208 = SEAM_CURVE('',#2209,(#2213,#2220),.PCURVE_S1.);
#2209 = LINE('',#2210,#2211);
#2210 = CARTESIAN_POINT('',(-30.,0.,19.));
#2211 = VECTOR('',#2212,1.);
#2212 = DIRECTION('',(1.,0.,1.110223024625E-16));
#2213 = PCURVE('',#2157,#2214);
#2214 = DEFINITIONAL_REPRESENTATION('',(#2215),#2219);
#2215 = LINE('',#2216,#2217);
#2216 = CARTESIAN_POINT('',(-6.28318530718,0.));
#2217 = VECTOR('',#2218,1.);
#2218 = DIRECTION('',(-0.,-1.));
#2219 = ( GEOMETRIC_REPRESENTATION_CONTEXT(2) 
PARAMETRIC_REPRESENTATION_CONTEXT() REPRESENTATION_CONTEXT('2D SPACE',''
  ) );
#2220 = PCURVE('',#2157,#2221);
#2221 = DEFINITIONAL_REPRESENTATION('',(#2222),#2226);
#2222 = LINE('',#2223,#2224);
#2223 = CARTESIAN_POINT('',(-0.,0.));
#2224 = VECTOR('',#2225,1.);
#2225 = DIRECTION('',(-0.,-1.));
#2226 = ( GEOMETRIC_REPRESENTATION_CONTEXT(2) 
PARAMETRIC_REPRESENTATION_CONTEXT() REPRESENTATION_CONTEXT('2D SPACE',''
  ) );
#2227 = ORIENTED_EDGE('',*,*,#2175,.F.);
#2228 = ORIENTED_EDGE('',*,*,#2207,.F.);
#2229 = ( GEOMETRIC_REPRESENTATION_CONTEXT(3) 
GLOBAL_UNCERTAINTY_ASSIGNED_CONTEXT((#2233)) 
GLOBAL_UNIT_ASSIGNED_CONTEXT((#2230,#2231,#2232)) REPRESENTATION_CONTEXT
('Context #1','3D Context with UNIT and UNCERTAINTY') );
#2230 = ( LENGTH_UNIT() NAMED_UNIT(*) SI_UNIT(.MILLI.,.METRE.) );
#2231 = ( NAMED_UNIT(*) PLANE_ANGLE_UNIT() SI_UNIT($,.RADIAN.) );
#2232 = ( NAMED_UNIT(*) SI_UNIT($,.STERADIAN.) SOLID_ANGLE_UNIT() );
#2233 = UNCERTAINTY_MEASURE_WITH_UNIT(LENGTH_MEASURE(5.E-05),#2230,
  'distance_accuracy_value','confusion accuracy');
#2234 = CONTEXT_DEPENDENT_SHAPE_REPRESENTATION(#2235,#2237);
#2235 = ( REPRESENTATION_RELATIONSHIP('','',#56,#10) 
REPRESENTATION_RELATIONSHIP_WITH_TRANSFORMATION(#2236) 
SHAPE_REPRESENTATION_RELATIONSHIP() );
#2236 = ITEM_DEFINED_TRANSFORMATION('','',#11,#15);
#2237 = PRODUCT_DEFINITION_SHAPE('Placement','Placement of an item',
  #2238);
#2238 = NEXT_ASSEMBLY_USAGE_OCCURRENCE('1','','',#5,#51,$);
#2239 = PRODUCT_RELATED_PRODUCT_CATEGORY('part',$,(#53));
#2240 = SHAPE_DEFINITION_REPRESENTATION(#2241,#2247);
#2241 = PRODUCT_DEFINITION_SHAPE('','',#2242);
#2242 = PRODUCT_DEFINITION('design','',#2243,#2246);
#2243 = PRODUCT_DEFINITION_FORMATION('','',#2244);
#2244 = PRODUCT('Open CASCADE STEP translator 7.9 11.2',
  'Open CASCADE STEP translator 7.9 11.2','',(#2245));
#2245 = PRODUCT_CONTEXT('',#2,'mechanical');
#2246 = PRODUCT_DEFINITION_CONTEXT('part definition',#2,'design');
#2247 = ADVANCED_BREP_SHAPE_REPRESENTATION('',(#11,#2248),#2646);
#2248 = MANIFOLD_SOLID_BREP('',#2249);
#2249 = CLOSED_SHELL('',(#2250,#2338,#2391,#2444,#2479,#2518,#2571,#2619
    ));
#2250 = ADVANCED_FACE('',(#2251),#2265,.T.);
#2251 = FACE_BOUND('',#2252,.F.);
#2252 = EDGE_LOOP('',(#2253,#2283,#2310,#2311));
#2253 = ORIENTED_EDGE('',*,*,#2254,.T.);
#2254 = EDGE_CURVE('',#2255,#2257,#2259,.T.);
#2255 = VERTEX_POINT('',#2256);
#2256 = CARTESIAN_POINT('',(21.,0.,0.8));
#2257 = VERTEX_POINT('',#2258);
#2258 = CARTESIAN_POINT('',(21.,0.,23.2));
#2259 = SEAM_CURVE('',#2260,(#2264,#2276),.PCURVE_S1.);
#2260 = LINE('',#2261,#2262);
#2261 = CARTESIAN_POINT('',(21.,0.,0.));
#2262 = VECTOR('',#2263,1.);
#2263 = DIRECTION('',(0.,0.,1.));
#2264 = PCURVE('',#2265,#2270);
#2265 = CYLINDRICAL_SURFACE('',#2266,21.);
#2266 = AXIS2_PLACEMENT_3D('',#2267,#2268,#2269);
#2267 = CARTESIAN_POINT('',(0.,0.,0.));
#2268 = DIRECTION('',(-0.,-0.,-1.));
#2269 = DIRECTION('',(1.,0.,0.));
#2270 = DEFINITIONAL_REPRESENTATION('',(#2271),#2275);
#2271 = LINE('',#2272,#2273);
#2272 = CARTESIAN_POINT('',(-0.,0.));
#2273 = VECTOR('',#2274,1.);
#2274 = DIRECTION('',(-0.,-1.));
#2275 = ( GEOMETRIC_REPRESENTATION_CONTEXT(2) 
PARAMETRIC_REPRESENTATION_CONTEXT() REPRESENTATION_CONTEXT('2D SPACE',''
  ) );
#2276 = PCURVE('',#2265,#2277);
#2277 = DEFINITIONAL_REPRESENTATION('',(#2278),#2282);
#2278 = LINE('',#2279,#2280);
#2279 = CARTESIAN_POINT('',(-6.28318530718,0.));
#2280 = VECTOR('',#2281,1.);
#2281 = DIRECTION('',(-0.,-1.));
#2282 = ( GEOMETRIC_REPRESENTATION_CONTEXT(2) 
PARAMETRIC_REPRESENTATION_CONTEXT() REPRESENTATION_CONTEXT('2D SPACE',''
  ) );
#2283 = ORIENTED_EDGE('',*,*,#2284,.T.);
#2284 = EDGE_CURVE('',#2257,#2257,#2285,.T.);
#2285 = SURFACE_CURVE('',#2286,(#2291,#2298),.PCURVE_S1.);
#2286 = CIRCLE('',#2287,21.);
#2287 = AXIS2_PLACEMENT_3D('',#2288,#2289,#2290);
#2288 = CARTESIAN_POINT('',(0.,0.,23.2));
#2289 = DIRECTION('',(0.,0.,1.));
#2290 = DIRECTION('',(1.,0.,-0.));
#2291 = PCURVE('',#2265,#2292);
#2292 = DEFINITIONAL_REPRESENTATION('',(#2293),#2297);
#2293 = LINE('',#2294,#2295);
#2294 = CARTESIAN_POINT('',(-0.,-23.2));
#2295 = VECTOR('',#2296,1.);
#2296 = DIRECTION('',(-1.,0.));
#2297 = ( GEOMETRIC_REPRESENTATION_CONTEXT(2) 
PARAMETRIC_REPRESENTATION_CONTEXT() REPRESENTATION_CONTEXT('2D SPACE',''
  ) );
#2298 = PCURVE('',#2299,#2304);
#2299 = CONICAL_SURFACE('',#2300,21.,0.785398163397);
#2300 = AXIS2_PLACEMENT_3D('',#2301,#2302,#2303);
#2301 = CARTESIAN_POINT('',(0.,0.,23.2));
#2302 = DIRECTION('',(-0.,-0.,-1.));
#2303 = DIRECTION('',(1.,0.,0.));
#2304 = DEFINITIONAL_REPRESENTATION('',(#2305),#2309);
#2305 = LINE('',#2306,#2307);
#2306 = CARTESIAN_POINT('',(-0.,-0.));
#2307 = VECTOR('',#2308,1.);
#2308 = DIRECTION('',(-1.,-0.));
#2309 = ( GEOMETRIC_REPRESENTATION_CONTEXT(2) 
PARAMETRIC_REPRESENTATION_CONTEXT() REPRESENTATION_CONTEXT('2D SPACE',''
  ) );
#2310 = ORIENTED_EDGE('',*,*,#2254,.F.);
#2311 = ORIENTED_EDGE('',*,*,#2312,.F.);
#2312 = EDGE_CURVE('',#2255,#2255,#2313,.T.);
#2313 = SURFACE_CURVE('',#2314,(#2319,#2326),.PCURVE_S1.);
#2314 = CIRCLE('',#2315,21.);
#2315 = AXIS2_PLACEMENT_3D('',#2316,#2317,#2318);
#2316 = CARTESIAN_POINT('',(0.,0.,0.8));
#2317 = DIRECTION('',(0.,0.,1.));
#2318 = DIRECTION('',(1.,0.,-0.));
#2319 = PCURVE('',#2265,#2320);
#2320 = DEFINITIONAL_REPRESENTATION('',(#2321),#2325);
#2321 = LINE('',#2322,#2323);
#2322 = CARTESIAN_POINT('',(-0.,-0.8));
#2323 = VECTOR('',#2324,1.);
#2324 = DIRECTION('',(-1.,0.));
#2325 = ( GEOMETRIC_REPRESENTATION_CONTEXT(2) 
PARAMETRIC_REPRESENTATION_CONTEXT() REPRESENTATION_CONTEXT('2D SPACE',''
  ) );
#2326 = PCURVE('',#2327,#2332);
#2327 = CONICAL_SURFACE('',#2328,21.,0.785398163397);
#2328 = AXIS2_PLACEMENT_3D('',#2329,#2330,#2331);
#2329 = CARTESIAN_POINT('',(0.,0.,0.8));
#2330 = DIRECTION('',(0.,0.,1.));
#2331 = DIRECTION('',(1.,0.,-0.));
#2332 = DEFINITIONAL_REPRESENTATION('',(#2333),#2337);
#2333 = LINE('',#2334,#2335);
#2334 = CARTESIAN_POINT('',(0.,-0.));
#2335 = VECTOR('',#2336,1.);
#2336 = DIRECTION('',(1.,-0.));
#2337 = ( GEOMETRIC_REPRESENTATION_CONTEXT(2) 
PARAMETRIC_REPRESENTATION_CONTEXT() REPRESENTATION_CONTEXT('2D SPACE',''
  ) );
#2338 = ADVANCED_FACE('',(#2339),#2327,.T.);
#2339 = FACE_BOUND('',#2340,.F.);
#2340 = EDGE_LOOP('',(#2341,#2362,#2363,#2364));
#2341 = ORIENTED_EDGE('',*,*,#2342,.F.);
#2342 = EDGE_CURVE('',#2255,#2343,#2345,.T.);
#2343 = VERTEX_POINT('',#2344);
#2344 = CARTESIAN_POINT('',(20.2,0.,0.));
#2345 = SEAM_CURVE('',#2346,(#2350,#2356),.PCURVE_S1.);
#2346 = LINE('',#2347,#2348);
#2347 = CARTESIAN_POINT('',(21.,0.,0.8));
#2348 = VECTOR('',#2349,1.);
#2349 = DIRECTION('',(-0.707106781187,-0.,-0.707106781187));
#2350 = PCURVE('',#2327,#2351);
#2351 = DEFINITIONAL_REPRESENTATION('',(#2352),#2355);
#2352 = B_SPLINE_CURVE_WITH_KNOTS('',1,(#2353,#2354),.UNSPECIFIED.,.F.,
  .F.,(2,2),(0.,1.131370849898),.PIECEWISE_BEZIER_KNOTS.);
#2353 = CARTESIAN_POINT('',(0.,0.));
#2354 = CARTESIAN_POINT('',(0.,-0.8));
#2355 = ( GEOMETRIC_REPRESENTATION_CONTEXT(2) 
PARAMETRIC_REPRESENTATION_CONTEXT() REPRESENTATION_CONTEXT('2D SPACE',''
  ) );
#2356 = PCURVE('',#2327,#2357);
#2357 = DEFINITIONAL_REPRESENTATION('',(#2358),#2361);
#2358 = B_SPLINE_CURVE_WITH_KNOTS('',1,(#2359,#2360),.UNSPECIFIED.,.F.,
  .F.,(2,2),(0.,1.131370849898),.PIECEWISE_BEZIER_KNOTS.);
#2359 = CARTESIAN_POINT('',(6.28318530718,0.));
#2360 = CARTESIAN_POINT('',(6.28318530718,-0.8));
#2361 = ( GEOMETRIC_REPRESENTATION_CONTEXT(2) 
PARAMETRIC_REPRESENTATION_CONTEXT() REPRESENTATION_CONTEXT('2D SPACE',''
  ) );
#2362 = ORIENTED_EDGE('',*,*,#2312,.T.);
#2363 = ORIENTED_EDGE('',*,*,#2342,.T.);
#2364 = ORIENTED_EDGE('',*,*,#2365,.F.);
#2365 = EDGE_CURVE('',#2343,#2343,#2366,.T.);
#2366 = SURFACE_CURVE('',#2367,(#2372,#2379),.PCURVE_S1.);
#2367 = CIRCLE('',#2368,20.2);
#2368 = AXIS2_PLACEMENT_3D('',#2369,#2370,#2371);
#2369 = CARTESIAN_POINT('',(0.,0.,0.));
#2370 = DIRECTION('',(0.,0.,1.));
#2371 = DIRECTION('',(1.,0.,-0.));
#2372 = PCURVE('',#2327,#2373);
#2373 = DEFINITIONAL_REPRESENTATION('',(#2374),#2378);
#2374 = LINE('',#2375,#2376);
#2375 = CARTESIAN_POINT('',(0.,-0.8));
#2376 = VECTOR('',#2377,1.);
#2377 = DIRECTION('',(1.,-0.));
#2378 = ( GEOMETRIC_REPRESENTATION_CONTEXT(2) 
PARAMETRIC_REPRESENTATION_CONTEXT() REPRESENTATION_CONTEXT('2D SPACE',''
  ) );
#2379 = PCURVE('',#2380,#2385);
#2380 = PLANE('',#2381);
#2381 = AXIS2_PLACEMENT_3D('',#2382,#2383,#2384);
#2382 = CARTESIAN_POINT('',(-1.041859148601E-15,1.846063891983E-16,0.));
#2383 = DIRECTION('',(0.,0.,1.));
#2384 = DIRECTION('',(1.,0.,-0.));
#2385 = DEFINITIONAL_REPRESENTATION('',(#2386),#2390);
#2386 = CIRCLE('',#2387,20.2);
#2387 = AXIS2_PLACEMENT_2D('',#2388,#2389);
#2388 = CARTESIAN_POINT('',(1.041859148601E-15,-1.846063891983E-16));
#2389 = DIRECTION('',(1.,0.));
#2390 = ( GEOMETRIC_REPRESENTATION_CONTEXT(2) 
PARAMETRIC_REPRESENTATION_CONTEXT() REPRESENTATION_CONTEXT('2D SPACE',''
  ) );
#2391 = ADVANCED_FACE('',(#2392),#2299,.T.);
#2392 = FACE_BOUND('',#2393,.T.);
#2393 = EDGE_LOOP('',(#2394,#2415,#2416,#2417));
#2394 = ORIENTED_EDGE('',*,*,#2395,.F.);
#2395 = EDGE_CURVE('',#2257,#2396,#2398,.T.);
#2396 = VERTEX_POINT('',#2397);
#2397 = CARTESIAN_POINT('',(20.2,0.,24.));
#2398 = SEAM_CURVE('',#2399,(#2403,#2409),.PCURVE_S1.);
#2399 = LINE('',#2400,#2401);
#2400 = CARTESIAN_POINT('',(21.,0.,23.2));
#2401 = VECTOR('',#2402,1.);
#2402 = DIRECTION('',(-0.707106781187,0.,0.707106781187));
#2403 = PCURVE('',#2299,#2404);
#2404 = DEFINITIONAL_REPRESENTATION('',(#2405),#2408);
#2405 = B_SPLINE_CURVE_WITH_KNOTS('',1,(#2406,#2407),.UNSPECIFIED.,.F.,
  .F.,(2,2),(0.,1.131370849898),.PIECEWISE_BEZIER_KNOTS.);
#2406 = CARTESIAN_POINT('',(0.,0.));
#2407 = CARTESIAN_POINT('',(0.,-0.8));
#2408 = ( GEOMETRIC_REPRESENTATION_CONTEXT(2) 
PARAMETRIC_REPRESENTATION_CONTEXT() REPRESENTATION_CONTEXT('2D SPACE',''
  ) );
#2409 = PCURVE('',#2299,#2410);
#2410 = DEFINITIONAL_REPRESENTATION('',(#2411),#2414);
#2411 = B_SPLINE_CURVE_WITH_KNOTS('',1,(#2412,#2413),.UNSPECIFIED.,.F.,
  .F.,(2,2),(0.,1.131370849898),.PIECEWISE_BEZIER_KNOTS.);
#2412 = CARTESIAN_POINT('',(-6.28318530718,0.));
#2413 = CARTESIAN_POINT('',(-6.28318530718,-0.8));
#2414 = ( GEOMETRIC_REPRESENTATION_CONTEXT(2) 
PARAMETRIC_REPRESENTATION_CONTEXT() REPRESENTATION_CONTEXT('2D SPACE',''
  ) );
#2415 = ORIENTED_EDGE('',*,*,#2284,.T.);
#2416 = ORIENTED_EDGE('',*,*,#2395,.T.);
#2417 = ORIENTED_EDGE('',*,*,#2418,.F.);
#2418 = EDGE_CURVE('',#2396,#2396,#2419,.T.);
#2419 = SURFACE_CURVE('',#2420,(#2425,#2432),.PCURVE_S1.);
#2420 = CIRCLE('',#2421,20.2);
#2421 = AXIS2_PLACEMENT_3D('',#2422,#2423,#2424);
#2422 = CARTESIAN_POINT('',(0.,0.,24.));
#2423 = DIRECTION('',(0.,0.,1.));
#2424 = DIRECTION('',(1.,0.,-0.));
#2425 = PCURVE('',#2299,#2426);
#2426 = DEFINITIONAL_REPRESENTATION('',(#2427),#2431);
#2427 = LINE('',#2428,#2429);
#2428 = CARTESIAN_POINT('',(-0.,-0.8));
#2429 = VECTOR('',#2430,1.);
#2430 = DIRECTION('',(-1.,-0.));
#2431 = ( GEOMETRIC_REPRESENTATION_CONTEXT(2) 
PARAMETRIC_REPRESENTATION_CONTEXT() REPRESENTATION_CONTEXT('2D SPACE',''
  ) );
#2432 = PCURVE('',#2433,#2438);
#2433 = PLANE('',#2434);
#2434 = AXIS2_PLACEMENT_3D('',#2435,#2436,#2437);
#2435 = CARTESIAN_POINT('',(-1.041859148601E-15,1.846063891983E-16,24.)
  );
#2436 = DIRECTION('',(0.,0.,1.));
#2437 = DIRECTION('',(1.,0.,-0.));
#2438 = DEFINITIONAL_REPRESENTATION('',(#2439),#2443);
#2439 = CIRCLE('',#2440,20.2);
#2440 = AXIS2_PLACEMENT_2D('',#2441,#2442);
#2441 = CARTESIAN_POINT('',(1.041859148601E-15,-1.846063891983E-16));
#2442 = DIRECTION('',(1.,0.));
#2443 = ( GEOMETRIC_REPRESENTATION_CONTEXT(2) 
PARAMETRIC_REPRESENTATION_CONTEXT() REPRESENTATION_CONTEXT('2D SPACE',''
  ) );
#2444 = ADVANCED_FACE('',(#2445,#2448),#2380,.F.);
#2445 = FACE_BOUND('',#2446,.F.);
#2446 = EDGE_LOOP('',(#2447));
#2447 = ORIENTED_EDGE('',*,*,#2365,.T.);
#2448 = FACE_BOUND('',#2449,.F.);
#2449 = EDGE_LOOP('',(#2450));
#2450 = ORIENTED_EDGE('',*,*,#2451,.F.);
#2451 = EDGE_CURVE('',#2452,#2452,#2454,.T.);
#2452 = VERTEX_POINT('',#2453);
#2453 = CARTESIAN_POINT('',(15.8,0.,0.));
#2454 = SURFACE_CURVE('',#2455,(#2460,#2467),.PCURVE_S1.);
#2455 = CIRCLE('',#2456,15.8);
#2456 = AXIS2_PLACEMENT_3D('',#2457,#2458,#2459);
#2457 = CARTESIAN_POINT('',(0.,0.,0.));
#2458 = DIRECTION('',(0.,0.,1.));
#2459 = DIRECTION('',(1.,2.449293598295E-16,-0.));
#2460 = PCURVE('',#2380,#2461);
#2461 = DEFINITIONAL_REPRESENTATION('',(#2462),#2466);
#2462 = CIRCLE('',#2463,15.8);
#2463 = AXIS2_PLACEMENT_2D('',#2464,#2465);
#2464 = CARTESIAN_POINT('',(1.041859148601E-15,-1.846063891983E-16));
#2465 = DIRECTION('',(1.,2.449293598295E-16));
#2466 = ( GEOMETRIC_REPRESENTATION_CONTEXT(2) 
PARAMETRIC_REPRESENTATION_CONTEXT() REPRESENTATION_CONTEXT('2D SPACE',''
  ) );
#2467 = PCURVE('',#2468,#2473);
#2468 = CONICAL_SURFACE('',#2469,15.,0.785398163397);
#2469 = AXIS2_PLACEMENT_3D('',#2470,#2471,#2472);
#2470 = CARTESIAN_POINT('',(0.,0.,0.8));
#2471 = DIRECTION('',(-0.,-0.,-1.));
#2472 = DIRECTION('',(1.,2.449293598295E-16,-0.));
#2473 = DEFINITIONAL_REPRESENTATION('',(#2474),#2478);
#2474 = LINE('',#2475,#2476);
#2475 = CARTESIAN_POINT('',(-0.,0.8));
#2476 = VECTOR('',#2477,1.);
#2477 = DIRECTION('',(-1.,0.));
#2478 = ( GEOMETRIC_REPRESENTATION_CONTEXT(2) 
PARAMETRIC_REPRESENTATION_CONTEXT() REPRESENTATION_CONTEXT('2D SPACE',''
  ) );
#2479 = ADVANCED_FACE('',(#2480,#2483),#2433,.T.);
#2480 = FACE_BOUND('',#2481,.T.);
#2481 = EDGE_LOOP('',(#2482));
#2482 = ORIENTED_EDGE('',*,*,#2418,.T.);
#2483 = FACE_BOUND('',#2484,.T.);
#2484 = EDGE_LOOP('',(#2485));
#2485 = ORIENTED_EDGE('',*,*,#2486,.T.);
#2486 = EDGE_CURVE('',#2487,#2487,#2489,.T.);
#2487 = VERTEX_POINT('',#2488);
#2488 = CARTESIAN_POINT('',(15.8,0.,24.));
#2489 = SURFACE_CURVE('',#2490,(#2495,#2506),.PCURVE_S1.);
#2490 = CIRCLE('',#2491,15.8);
#2491 = AXIS2_PLACEMENT_3D('',#2492,#2493,#2494);
#2492 = CARTESIAN_POINT('',(0.,0.,24.));
#2493 = DIRECTION('',(0.,-0.,-1.));
#2494 = DIRECTION('',(1.,0.,-0.));
#2495 = PCURVE('',#2433,#2496);
#2496 = DEFINITIONAL_REPRESENTATION('',(#2497),#2505);
#2497 = ( BOUNDED_CURVE() B_SPLINE_CURVE(2,(#2498,#2499,#2500,#2501,
#2502,#2503,#2504),.UNSPECIFIED.,.T.,.F.) B_SPLINE_CURVE_WITH_KNOTS((1,2
    ,2,2,2,1),(-2.094395102393,0.,2.094395102393,4.188790204786,
6.28318530718,8.377580409573),.UNSPECIFIED.) CURVE() 
GEOMETRIC_REPRESENTATION_ITEM() RATIONAL_B_SPLINE_CURVE((1.,0.5,1.,0.5,
1.,0.5,1.)) REPRESENTATION_ITEM('') );
#2498 = CARTESIAN_POINT('',(15.8,-1.846063891983E-16));
#2499 = CARTESIAN_POINT('',(15.8,-27.36640275958));
#2500 = CARTESIAN_POINT('',(-7.9,-13.68320137979));
#2501 = CARTESIAN_POINT('',(-31.6,-4.054490274504E-15));
#2502 = CARTESIAN_POINT('',(-7.9,13.683201379794));
#2503 = CARTESIAN_POINT('',(15.8,27.366402759588));
#2504 = CARTESIAN_POINT('',(15.8,-1.846063891983E-16));
#2505 = ( GEOMETRIC_REPRESENTATION_CONTEXT(2) 
PARAMETRIC_REPRESENTATION_CONTEXT() REPRESENTATION_CONTEXT('2D SPACE',''
  ) );
#2506 = PCURVE('',#2507,#2512);
#2507 = CONICAL_SURFACE('',#2508,15.,0.785398163397);
#2508 = AXIS2_PLACEMENT_3D('',#2509,#2510,#2511);
#2509 = CARTESIAN_POINT('',(0.,0.,23.2));
#2510 = DIRECTION('',(0.,0.,1.));
#2511 = DIRECTION('',(1.,0.,-0.));
#2512 = DEFINITIONAL_REPRESENTATION('',(#2513),#2517);
#2513 = LINE('',#2514,#2515);
#2514 = CARTESIAN_POINT('',(0.,0.8));
#2515 = VECTOR('',#2516,1.);
#2516 = DIRECTION('',(-1.,-0.));
#2517 = ( GEOMETRIC_REPRESENTATION_CONTEXT(2) 
PARAMETRIC_REPRESENTATION_CONTEXT() REPRESENTATION_CONTEXT('2D SPACE',''
  ) );
#2518 = ADVANCED_FACE('',(#2519),#2468,.F.);
#2519 = FACE_BOUND('',#2520,.T.);
#2520 = EDGE_LOOP('',(#2521,#2542,#2569,#2570));
#2521 = ORIENTED_EDGE('',*,*,#2522,.F.);
#2522 = EDGE_CURVE('',#2523,#2452,#2525,.T.);
#2523 = VERTEX_POINT('',#2524);
#2524 = CARTESIAN_POINT('',(15.,0.,0.8));
#2525 = SEAM_CURVE('',#2526,(#2530,#2536),.PCURVE_S1.);
#2526 = LINE('',#2527,#2528);
#2527 = CARTESIAN_POINT('',(15.,0.,0.8));
#2528 = VECTOR('',#2529,1.);
#2529 = DIRECTION('',(0.707106781187,0.,-0.707106781187));
#2530 = PCURVE('',#2468,#2531);
#2531 = DEFINITIONAL_REPRESENTATION('',(#2532),#2535);
#2532 = B_SPLINE_CURVE_WITH_KNOTS('',1,(#2533,#2534),.UNSPECIFIED.,.F.,
  .F.,(2,2),(0.,1.131370849898),.PIECEWISE_BEZIER_KNOTS.);
#2533 = CARTESIAN_POINT('',(2.449293598295E-16,0.));
#2534 = CARTESIAN_POINT('',(2.449293598295E-16,0.8));
#2535 = ( GEOMETRIC_REPRESENTATION_CONTEXT(2) 
PARAMETRIC_REPRESENTATION_CONTEXT() REPRESENTATION_CONTEXT('2D SPACE',''
  ) );
#2536 = PCURVE('',#2468,#2537);
#2537 = DEFINITIONAL_REPRESENTATION('',(#2538),#2541);
#2538 = B_SPLINE_CURVE_WITH_KNOTS('',1,(#2539,#2540),.UNSPECIFIED.,.F.,
  .F.,(2,2),(0.,1.131370849898),.PIECEWISE_BEZIER_KNOTS.);
#2539 = CARTESIAN_POINT('',(-6.28318530718,0.));
#2540 = CARTESIAN_POINT('',(-6.28318530718,0.8));
#2541 = ( GEOMETRIC_REPRESENTATION_CONTEXT(2) 
PARAMETRIC_REPRESENTATION_CONTEXT() REPRESENTATION_CONTEXT('2D SPACE',''
  ) );
#2542 = ORIENTED_EDGE('',*,*,#2543,.T.);
#2543 = EDGE_CURVE('',#2523,#2523,#2544,.T.);
#2544 = SURFACE_CURVE('',#2545,(#2550,#2557),.PCURVE_S1.);
#2545 = CIRCLE('',#2546,15.);
#2546 = AXIS2_PLACEMENT_3D('',#2547,#2548,#2549);
#2547 = CARTESIAN_POINT('',(0.,0.,0.8));
#2548 = DIRECTION('',(0.,0.,1.));
#2549 = DIRECTION('',(1.,2.449293598295E-16,-0.));
#2550 = PCURVE('',#2468,#2551);
#2551 = DEFINITIONAL_REPRESENTATION('',(#2552),#2556);
#2552 = LINE('',#2553,#2554);
#2553 = CARTESIAN_POINT('',(-0.,0.));
#2554 = VECTOR('',#2555,1.);
#2555 = DIRECTION('',(-1.,0.));
#2556 = ( GEOMETRIC_REPRESENTATION_CONTEXT(2) 
PARAMETRIC_REPRESENTATION_CONTEXT() REPRESENTATION_CONTEXT('2D SPACE',''
  ) );
#2557 = PCURVE('',#2558,#2563);
#2558 = CYLINDRICAL_SURFACE('',#2559,15.);
#2559 = AXIS2_PLACEMENT_3D('',#2560,#2561,#2562);
#2560 = CARTESIAN_POINT('',(0.,0.,-18.0000002));
#2561 = DIRECTION('',(-0.,-0.,-1.));
#2562 = DIRECTION('',(1.,0.,0.));
#2563 = DEFINITIONAL_REPRESENTATION('',(#2564),#2568);
#2564 = LINE('',#2565,#2566);
#2565 = CARTESIAN_POINT('',(-2.449293598295E-16,-18.8000002));
#2566 = VECTOR('',#2567,1.);
#2567 = DIRECTION('',(-1.,0.));
#2568 = ( GEOMETRIC_REPRESENTATION_CONTEXT(2) 
PARAMETRIC_REPRESENTATION_CONTEXT() REPRESENTATION_CONTEXT('2D SPACE',''
  ) );
#2569 = ORIENTED_EDGE('',*,*,#2522,.T.);
#2570 = ORIENTED_EDGE('',*,*,#2451,.F.);
#2571 = ADVANCED_FACE('',(#2572),#2507,.F.);
#2572 = FACE_BOUND('',#2573,.F.);
#2573 = EDGE_LOOP('',(#2574,#2595,#2596,#2597));
#2574 = ORIENTED_EDGE('',*,*,#2575,.F.);
#2575 = EDGE_CURVE('',#2487,#2576,#2578,.T.);
#2576 = VERTEX_POINT('',#2577);
#2577 = CARTESIAN_POINT('',(15.,0.,23.2));
#2578 = SEAM_CURVE('',#2579,(#2583,#2589),.PCURVE_S1.);
#2579 = LINE('',#2580,#2581);
#2580 = CARTESIAN_POINT('',(15.,0.,23.2));
#2581 = VECTOR('',#2582,1.);
#2582 = DIRECTION('',(-0.707106781187,0.,-0.707106781187));
#2583 = PCURVE('',#2507,#2584);
#2584 = DEFINITIONAL_REPRESENTATION('',(#2585),#2588);
#2585 = B_SPLINE_CURVE_WITH_KNOTS('',1,(#2586,#2587),.UNSPECIFIED.,.F.,
  .F.,(2,2),(-1.131370849898,0.),.PIECEWISE_BEZIER_KNOTS.);
#2586 = CARTESIAN_POINT('',(0.,0.8));
#2587 = CARTESIAN_POINT('',(0.,0.));
#2588 = ( GEOMETRIC_REPRESENTATION_CONTEXT(2) 
PARAMETRIC_REPRESENTATION_CONTEXT() REPRESENTATION_CONTEXT('2D SPACE',''
  ) );
#2589 = PCURVE('',#2507,#2590);
#2590 = DEFINITIONAL_REPRESENTATION('',(#2591),#2594);
#2591 = B_SPLINE_CURVE_WITH_KNOTS('',1,(#2592,#2593),.UNSPECIFIED.,.F.,
  .F.,(2,2),(-1.131370849898,0.),.PIECEWISE_BEZIER_KNOTS.);
#2592 = CARTESIAN_POINT('',(-6.28318530718,0.8));
#2593 = CARTESIAN_POINT('',(-6.28318530718,0.));
#2594 = ( GEOMETRIC_REPRESENTATION_CONTEXT(2) 
PARAMETRIC_REPRESENTATION_CONTEXT() REPRESENTATION_CONTEXT('2D SPACE',''
  ) );
#2595 = ORIENTED_EDGE('',*,*,#2486,.T.);
#2596 = ORIENTED_EDGE('',*,*,#2575,.T.);
#2597 = ORIENTED_EDGE('',*,*,#2598,.F.);
#2598 = EDGE_CURVE('',#2576,#2576,#2599,.T.);
#2599 = SURFACE_CURVE('',#2600,(#2605,#2612),.PCURVE_S1.);
#2600 = CIRCLE('',#2601,15.);
#2601 = AXIS2_PLACEMENT_3D('',#2602,#2603,#2604);
#2602 = CARTESIAN_POINT('',(0.,0.,23.2));
#2603 = DIRECTION('',(0.,-0.,-1.));
#2604 = DIRECTION('',(1.,0.,-0.));
#2605 = PCURVE('',#2507,#2606);
#2606 = DEFINITIONAL_REPRESENTATION('',(#2607),#2611);
#2607 = LINE('',#2608,#2609);
#2608 = CARTESIAN_POINT('',(-0.,-0.));
#2609 = VECTOR('',#2610,1.);
#2610 = DIRECTION('',(-1.,-0.));
#2611 = ( GEOMETRIC_REPRESENTATION_CONTEXT(2) 
PARAMETRIC_REPRESENTATION_CONTEXT() REPRESENTATION_CONTEXT('2D SPACE',''
  ) );
#2612 = PCURVE('',#2558,#2613);
#2613 = DEFINITIONAL_REPRESENTATION('',(#2614),#2618);
#2614 = LINE('',#2615,#2616);
#2615 = CARTESIAN_POINT('',(-6.28318530718,-41.2000002));
#2616 = VECTOR('',#2617,1.);
#2617 = DIRECTION('',(1.,-0.));
#2618 = ( GEOMETRIC_REPRESENTATION_CONTEXT(2) 
PARAMETRIC_REPRESENTATION_CONTEXT() REPRESENTATION_CONTEXT('2D SPACE',''
  ) );
#2619 = ADVANCED_FACE('',(#2620),#2558,.F.);
#2620 = FACE_BOUND('',#2621,.T.);
#2621 = EDGE_LOOP('',(#2622,#2643,#2644,#2645));
#2622 = ORIENTED_EDGE('',*,*,#2623,.T.);
#2623 = EDGE_CURVE('',#2523,#2576,#2624,.T.);
#2624 = SEAM_CURVE('',#2625,(#2629,#2636),.PCURVE_S1.);
#2625 = LINE('',#2626,#2627);
#2626 = CARTESIAN_POINT('',(15.,0.,-18.0000002));
#2627 = VECTOR('',#2628,1.);
#2628 = DIRECTION('',(0.,0.,1.));
#2629 = PCURVE('',#2558,#2630);
#2630 = DEFINITIONAL_REPRESENTATION('',(#2631),#2635);
#2631 = LINE('',#2632,#2633);
#2632 = CARTESIAN_POINT('',(-0.,0.));
#2633 = VECTOR('',#2634,1.);
#2634 = DIRECTION('',(-0.,-1.));
#2635 = ( GEOMETRIC_REPRESENTATION_CONTEXT(2) 
PARAMETRIC_REPRESENTATION_CONTEXT() REPRESENTATION_CONTEXT('2D SPACE',''
  ) );
#2636 = PCURVE('',#2558,#2637);
#2637 = DEFINITIONAL_REPRESENTATION('',(#2638),#2642);
#2638 = LINE('',#2639,#2640);
#2639 = CARTESIAN_POINT('',(-6.28318530718,0.));
#2640 = VECTOR('',#2641,1.);
#2641 = DIRECTION('',(-0.,-1.));
#2642 = ( GEOMETRIC_REPRESENTATION_CONTEXT(2) 
PARAMETRIC_REPRESENTATION_CONTEXT() REPRESENTATION_CONTEXT('2D SPACE',''
  ) );
#2643 = ORIENTED_EDGE('',*,*,#2598,.F.);
#2644 = ORIENTED_EDGE('',*,*,#2623,.F.);
#2645 = ORIENTED_EDGE('',*,*,#2543,.F.);
#2646 = ( GEOMETRIC_REPRESENTATION_CONTEXT(3) 
GLOBAL_UNCERTAINTY_ASSIGNED_CONTEXT((#2650)) 
GLOBAL_UNIT_ASSIGNED_CONTEXT((#2647,#2648,#2649)) REPRESENTATION_CONTEXT
('Context #1','3D Context with UNIT and UNCERTAINTY') );
#2647 = ( LENGTH_UNIT() NAMED_UNIT(*) SI_UNIT(.MILLI.,.METRE.) );
#2648 = ( NAMED_UNIT(*) PLANE_ANGLE_UNIT() SI_UNIT($,.RADIAN.) );
#2649 = ( NAMED_UNIT(*) SI_UNIT($,.STERADIAN.) SOLID_ANGLE_UNIT() );
#2650 = UNCERTAINTY_MEASURE_WITH_UNIT(LENGTH_MEASURE(1.E-07),#2647,
  'distance_accuracy_value','confusion accuracy');
#2651 = CONTEXT_DEPENDENT_SHAPE_REPRESENTATION(#2652,#2654);
#2652 = ( REPRESENTATION_RELATIONSHIP('','',#2247,#10) 
REPRESENTATION_RELATIONSHIP_WITH_TRANSFORMATION(#2653) 
SHAPE_REPRESENTATION_RELATIONSHIP() );
#2653 = ITEM_DEFINED_TRANSFORMATION('','',#11,#19);
#2654 = PRODUCT_DEFINITION_SHAPE('Placement','Placement of an item',
  #2655);
#2655 = NEXT_ASSEMBLY_USAGE_OCCURRENCE('2','','',#5,#2242,$);
#2656 = PRODUCT_RELATED_PRODUCT_CATEGORY('part',$,(#2244));
#2657 = SHAPE_DEFINITION_REPRESENTATION(#2658,#2664);
#2658 = PRODUCT_DEFINITION_SHAPE('','',#2659);
#2659 = PRODUCT_DEFINITION('design','',#2660,#2663);
#2660 = PRODUCT_DEFINITION_FORMATION('','',#2661);
#2661 = PRODUCT('Open CASCADE STEP translator 7.9 11.3',
  'Open CASCADE STEP translator 7.9 11.3','',(#2662));
#2662 = PRODUCT_CONTEXT('',#2,'mechanical');
#2663 = PRODUCT_DEFINITION_CONTEXT('part definition',#2,'design');
#2664 = ADVANCED_BREP_SHAPE_REPRESENTATION('',(#11,#2665),#2851);
#2665 = MANIFOLD_SOLID_BREP('',#2666);
#2666 = CLOSED_SHELL('',(#2667,#2755,#2794,#2844));
#2667 = ADVANCED_FACE('',(#2668),#2682,.T.);
#2668 = FACE_BOUND('',#2669,.F.);
#2669 = EDGE_LOOP('',(#2670,#2700,#2727,#2728));
#2670 = ORIENTED_EDGE('',*,*,#2671,.T.);
#2671 = EDGE_CURVE('',#2672,#2674,#2676,.T.);
#2672 = VERTEX_POINT('',#2673);
#2673 = CARTESIAN_POINT('',(21.,0.,0.));
#2674 = VERTEX_POINT('',#2675);
#2675 = CARTESIAN_POINT('',(21.,0.,6.));
#2676 = SEAM_CURVE('',#2677,(#2681,#2693),.PCURVE_S1.);
#2677 = LINE('',#2678,#2679);
#2678 = CARTESIAN_POINT('',(21.,0.,0.));
#2679 = VECTOR('',#2680,1.);
#2680 = DIRECTION('',(0.,0.,1.));
#2681 = PCURVE('',#2682,#2687);
#2682 = CYLINDRICAL_SURFACE('',#2683,21.);
#2683 = AXIS2_PLACEMENT_3D('',#2684,#2685,#2686);
#2684 = CARTESIAN_POINT('',(0.,0.,0.));
#2685 = DIRECTION('',(-0.,-0.,-1.));
#2686 = DIRECTION('',(1.,0.,0.));
#2687 = DEFINITIONAL_REPRESENTATION('',(#2688),#2692);
#2688 = LINE('',#2689,#2690);
#2689 = CARTESIAN_POINT('',(-0.,0.));
#2690 = VECTOR('',#2691,1.);
#2691 = DIRECTION('',(-0.,-1.));
#2692 = ( GEOMETRIC_REPRESENTATION_CONTEXT(2) 
PARAMETRIC_REPRESENTATION_CONTEXT() REPRESENTATION_CONTEXT('2D SPACE',''
  ) );
#2693 = PCURVE('',#2682,#2694);
#2694 = DEFINITIONAL_REPRESENTATION('',(#2695),#2699);
#2695 = LINE('',#2696,#2697);
#2696 = CARTESIAN_POINT('',(-6.28318530718,0.));
#2697 = VECTOR('',#2698,1.);
#2698 = DIRECTION('',(-0.,-1.));
#2699 = ( GEOMETRIC_REPRESENTATION_CONTEXT(2) 
PARAMETRIC_REPRESENTATION_CONTEXT() REPRESENTATION_CONTEXT('2D SPACE',''
  ) );
#2700 = ORIENTED_EDGE('',*,*,#2701,.T.);
#2701 = EDGE_CURVE('',#2674,#2674,#2702,.T.);
#2702 = SURFACE_CURVE('',#2703,(#2708,#2715),.PCURVE_S1.);
#2703 = CIRCLE('',#2704,21.);
#2704 = AXIS2_PLACEMENT_3D('',#2705,#2706,#2707);
#2705 = CARTESIAN_POINT('',(0.,0.,6.));
#2706 = DIRECTION('',(0.,0.,1.));
#2707 = DIRECTION('',(1.,0.,0.));
#2708 = PCURVE('',#2682,#2709);
#2709 = DEFINITIONAL_REPRESENTATION('',(#2710),#2714);
#2710 = LINE('',#2711,#2712);
#2711 = CARTESIAN_POINT('',(-0.,-6.));
#2712 = VECTOR('',#2713,1.);
#2713 = DIRECTION('',(-1.,0.));
#2714 = ( GEOMETRIC_REPRESENTATION_CONTEXT(2) 
PARAMETRIC_REPRESENTATION_CONTEXT() REPRESENTATION_CONTEXT('2D SPACE',''
  ) );
#2715 = PCURVE('',#2716,#2721);
#2716 = PLANE('',#2717);
#2717 = AXIS2_PLACEMENT_3D('',#2718,#2719,#2720);
#2718 = CARTESIAN_POINT('',(-1.041859148601E-15,1.846063891983E-16,6.));
#2719 = DIRECTION('',(0.,0.,1.));
#2720 = DIRECTION('',(1.,0.,-0.));
#2721 = DEFINITIONAL_REPRESENTATION('',(#2722),#2726);
#2722 = CIRCLE('',#2723,21.);
#2723 = AXIS2_PLACEMENT_2D('',#2724,#2725);
#2724 = CARTESIAN_POINT('',(1.041859148601E-15,-1.846063891983E-16));
#2725 = DIRECTION('',(1.,0.));
#2726 = ( GEOMETRIC_REPRESENTATION_CONTEXT(2) 
PARAMETRIC_REPRESENTATION_CONTEXT() REPRESENTATION_CONTEXT('2D SPACE',''
  ) );
#2727 = ORIENTED_EDGE('',*,*,#2671,.F.);
#2728 = ORIENTED_EDGE('',*,*,#2729,.F.);
#2729 = EDGE_CURVE('',#2672,#2672,#2730,.T.);
#2730 = SURFACE_CURVE('',#2731,(#2736,#2743),.PCURVE_S1.);
#2731 = CIRCLE('',#2732,21.);
#2732 = AXIS2_PLACEMENT_3D('',#2733,#2734,#2735);
#2733 = CARTESIAN_POINT('',(0.,0.,0.));
#2734 = DIRECTION('',(0.,0.,1.));
#2735 = DIRECTION('',(1.,0.,0.));
#2736 = PCURVE('',#2682,#2737);
#2737 = DEFINITIONAL_REPRESENTATION('',(#2738),#2742);
#2738 = LINE('',#2739,#2740);
#2739 = CARTESIAN_POINT('',(-0.,0.));
#2740 = VECTOR('',#2741,1.);
#2741 = DIRECTION('',(-1.,0.));
#2742 = ( GEOMETRIC_REPRESENTATION_CONTEXT(2) 
PARAMETRIC_REPRESENTATION_CONTEXT() REPRESENTATION_CONTEXT('2D SPACE',''
  ) );
#2743 = PCURVE('',#2744,#2749);
#2744 = PLANE('',#2745);
#2745 = AXIS2_PLACEMENT_3D('',#2746,#2747,#2748);
#2746 = CARTESIAN_POINT('',(-1.041859148601E-15,1.846063891983E-16,0.));
#2747 = DIRECTION('',(0.,0.,1.));
#2748 = DIRECTION('',(1.,0.,-0.));
#2749 = DEFINITIONAL_REPRESENTATION('',(#2750),#2754);
#2750 = CIRCLE('',#2751,21.);
#2751 = AXIS2_PLACEMENT_2D('',#2752,#2753);
#2752 = CARTESIAN_POINT('',(1.041859148601E-15,-1.846063891983E-16));
#2753 = DIRECTION('',(1.,0.));
#2754 = ( GEOMETRIC_REPRESENTATION_CONTEXT(2) 
PARAMETRIC_REPRESENTATION_CONTEXT() REPRESENTATION_CONTEXT('2D SPACE',''
  ) );
#2755 = ADVANCED_FACE('',(#2756,#2759),#2716,.T.);
#2756 = FACE_BOUND('',#2757,.T.);
#2757 = EDGE_LOOP('',(#2758));
#2758 = ORIENTED_EDGE('',*,*,#2701,.T.);
#2759 = FACE_BOUND('',#2760,.T.);
#2760 = EDGE_LOOP('',(#2761));
#2761 = ORIENTED_EDGE('',*,*,#2762,.T.);
#2762 = EDGE_CURVE('',#2763,#2763,#2765,.T.);
#2763 = VERTEX_POINT('',#2764);
#2764 = CARTESIAN_POINT('',(15.5,0.,6.));
#2765 = SURFACE_CURVE('',#2766,(#2771,#2782),.PCURVE_S1.);
#2766 = CIRCLE('',#2767,15.5);
#2767 = AXIS2_PLACEMENT_3D('',#2768,#2769,#2770);
#2768 = CARTESIAN_POINT('',(0.,0.,6.));
#2769 = DIRECTION('',(0.,0.,-1.));
#2770 = DIRECTION('',(1.,0.,0.));
#2771 = PCURVE('',#2716,#2772);
#2772 = DEFINITIONAL_REPRESENTATION('',(#2773),#2781);
#2773 = ( BOUNDED_CURVE() B_SPLINE_CURVE(2,(#2774,#2775,#2776,#2777,
#2778,#2779,#2780),.UNSPECIFIED.,.T.,.F.) B_SPLINE_CURVE_WITH_KNOTS((1,2
    ,2,2,2,1),(-2.094395102393,0.,2.094395102393,4.188790204786,
6.28318530718,8.377580409573),.UNSPECIFIED.) CURVE() 
GEOMETRIC_REPRESENTATION_ITEM() RATIONAL_B_SPLINE_CURVE((1.,0.5,1.,0.5,
1.,0.5,1.)) REPRESENTATION_ITEM('') );
#2774 = CARTESIAN_POINT('',(15.5,-1.846063891983E-16));
#2775 = CARTESIAN_POINT('',(15.5,-26.84678751731));
#2776 = CARTESIAN_POINT('',(-7.75,-13.42339375865));
#2777 = CARTESIAN_POINT('',(-31.,-3.981011466555E-15));
#2778 = CARTESIAN_POINT('',(-7.75,13.423393758659));
#2779 = CARTESIAN_POINT('',(15.5,26.846787517318));
#2780 = CARTESIAN_POINT('',(15.5,-1.846063891983E-16));
#2781 = ( GEOMETRIC_REPRESENTATION_CONTEXT(2) 
PARAMETRIC_REPRESENTATION_CONTEXT() REPRESENTATION_CONTEXT('2D SPACE',''
  ) );
#2782 = PCURVE('',#2783,#2788);
#2783 = CYLINDRICAL_SURFACE('',#2784,15.5);
#2784 = AXIS2_PLACEMENT_3D('',#2785,#2786,#2787);
#2785 = CARTESIAN_POINT('',(0.,0.,-36.0000002));
#2786 = DIRECTION('',(-0.,-0.,-1.));
#2787 = DIRECTION('',(1.,0.,0.));
#2788 = DEFINITIONAL_REPRESENTATION('',(#2789),#2793);
#2789 = LINE('',#2790,#2791);
#2790 = CARTESIAN_POINT('',(-6.28318530718,-42.0000002));
#2791 = VECTOR('',#2792,1.);
#2792 = DIRECTION('',(1.,-0.));
#2793 = ( GEOMETRIC_REPRESENTATION_CONTEXT(2) 
PARAMETRIC_REPRESENTATION_CONTEXT() REPRESENTATION_CONTEXT('2D SPACE',''
  ) );
#2794 = ADVANCED_FACE('',(#2795),#2783,.F.);
#2795 = FACE_BOUND('',#2796,.T.);
#2796 = EDGE_LOOP('',(#2797,#2821,#2842,#2843));
#2797 = ORIENTED_EDGE('',*,*,#2798,.F.);
#2798 = EDGE_CURVE('',#2799,#2799,#2801,.T.);
#2799 = VERTEX_POINT('',#2800);
#2800 = CARTESIAN_POINT('',(15.5,0.,0.));
#2801 = SURFACE_CURVE('',#2802,(#2807,#2814),.PCURVE_S1.);
#2802 = CIRCLE('',#2803,15.5);
#2803 = AXIS2_PLACEMENT_3D('',#2804,#2805,#2806);
#2804 = CARTESIAN_POINT('',(-1.316325544182E-15,-1.7763568394E-15,0.));
#2805 = DIRECTION('',(0.,0.,1.));
#2806 = DIRECTION('',(1.,3.595330268876E-16,-0.));
#2807 = PCURVE('',#2783,#2808);
#2808 = DEFINITIONAL_REPRESENTATION('',(#2809),#2813);
#2809 = LINE('',#2810,#2811);
#2810 = CARTESIAN_POINT('',(-0.,-36.0000002));
#2811 = VECTOR('',#2812,1.);
#2812 = DIRECTION('',(-1.,-0.));
#2813 = ( GEOMETRIC_REPRESENTATION_CONTEXT(2) 
PARAMETRIC_REPRESENTATION_CONTEXT() REPRESENTATION_CONTEXT('2D SPACE',''
  ) );
#2814 = PCURVE('',#2744,#2815);
#2815 = DEFINITIONAL_REPRESENTATION('',(#2816),#2820);
#2816 = CIRCLE('',#2817,15.5);
#2817 = AXIS2_PLACEMENT_2D('',#2818,#2819);
#2818 = CARTESIAN_POINT('',(-2.744663955804E-16,-1.960963228599E-15));
#2819 = DIRECTION('',(1.,3.595330268876E-16));
#2820 = ( GEOMETRIC_REPRESENTATION_CONTEXT(2) 
PARAMETRIC_REPRESENTATION_CONTEXT() REPRESENTATION_CONTEXT('2D SPACE',''
  ) );
#2821 = ORIENTED_EDGE('',*,*,#2822,.T.);
#2822 = EDGE_CURVE('',#2799,#2763,#2823,.T.);
#2823 = SEAM_CURVE('',#2824,(#2828,#2835),.PCURVE_S1.);
#2824 = LINE('',#2825,#2826);
#2825 = CARTESIAN_POINT('',(15.5,0.,-36.0000002));
#2826 = VECTOR('',#2827,1.);
#2827 = DIRECTION('',(0.,0.,1.));
#2828 = PCURVE('',#2783,#2829);
#2829 = DEFINITIONAL_REPRESENTATION('',(#2830),#2834);
#2830 = LINE('',#2831,#2832);
#2831 = CARTESIAN_POINT('',(-0.,0.));
#2832 = VECTOR('',#2833,1.);
#2833 = DIRECTION('',(-0.,-1.));
#2834 = ( GEOMETRIC_REPRESENTATION_CONTEXT(2) 
PARAMETRIC_REPRESENTATION_CONTEXT() REPRESENTATION_CONTEXT('2D SPACE',''
  ) );
#2835 = PCURVE('',#2783,#2836);
#2836 = DEFINITIONAL_REPRESENTATION('',(#2837),#2841);
#2837 = LINE('',#2838,#2839);
#2838 = CARTESIAN_POINT('',(-6.28318530718,0.));
#2839 = VECTOR('',#2840,1.);
#2840 = DIRECTION('',(-0.,-1.));
#2841 = ( GEOMETRIC_REPRESENTATION_CONTEXT(2) 
PARAMETRIC_REPRESENTATION_CONTEXT() REPRESENTATION_CONTEXT('2D SPACE',''
  ) );
#2842 = ORIENTED_EDGE('',*,*,#2762,.F.);
#2843 = ORIENTED_EDGE('',*,*,#2822,.F.);
#2844 = ADVANCED_FACE('',(#2845,#2848),#2744,.F.);
#2845 = FACE_BOUND('',#2846,.F.);
#2846 = EDGE_LOOP('',(#2847));
#2847 = ORIENTED_EDGE('',*,*,#2729,.T.);
#2848 = FACE_BOUND('',#2849,.F.);
#2849 = EDGE_LOOP('',(#2850));
#2850 = ORIENTED_EDGE('',*,*,#2798,.F.);
#2851 = ( GEOMETRIC_REPRESENTATION_CONTEXT(3) 
GLOBAL_UNCERTAINTY_ASSIGNED_CONTEXT((#2855)) 
GLOBAL_UNIT_ASSIGNED_CONTEXT((#2852,#2853,#2854)) REPRESENTATION_CONTEXT
('Context #1','3D Context with UNIT and UNCERTAINTY') );
#2852 = ( LENGTH_UNIT() NAMED_UNIT(*) SI_UNIT(.MILLI.,.METRE.) );
#2853 = ( NAMED_UNIT(*) PLANE_ANGLE_UNIT() SI_UNIT($,.RADIAN.) );
#2854 = ( NAMED_UNIT(*) SI_UNIT($,.STERADIAN.) SOLID_ANGLE_UNIT() );
#2855 = UNCERTAINTY_MEASURE_WITH_UNIT(LENGTH_MEASURE(1.E-07),#2852,
  'distance_accuracy_value','confusion accuracy');
#2856 = CONTEXT_DEPENDENT_SHAPE_REPRESENTATION(#2857,#2859);
#2857 = ( REPRESENTATION_RELATIONSHIP('','',#2664,#10) 
REPRESENTATION_RELATIONSHIP_WITH_TRANSFORMATION(#2858) 
SHAPE_REPRESENTATION_RELATIONSHIP() );
#2858 = ITEM_DEFINED_TRANSFORMATION('','',#11,#23);
#2859 = PRODUCT_DEFINITION_SHAPE('Placement','Placement of an item',
  #2860);
#2860 = NEXT_ASSEMBLY_USAGE_OCCURRENCE('3','','',#5,#2659,$);
#2861 = PRODUCT_RELATED_PRODUCT_CATEGORY('part',$,(#2661));
#2862 = SHAPE_DEFINITION_REPRESENTATION(#2863,#2869);
#2863 = PRODUCT_DEFINITION_SHAPE('','',#2864);
#2864 = PRODUCT_DEFINITION('design','',#2865,#2868);
#2865 = PRODUCT_DEFINITION_FORMATION('','',#2866);
#2866 = PRODUCT('Open CASCADE STEP translator 7.9 11.4',
  'Open CASCADE STEP translator 7.9 11.4','',(#2867));
#2867 = PRODUCT_CONTEXT('',#2,'mechanical');
#2868 = PRODUCT_DEFINITION_CONTEXT('part definition',#2,'design');
#2869 = ADVANCED_BREP_SHAPE_REPRESENTATION('',(#11,#2870),#3734);
#2870 = MANIFOLD_SOLID_BREP('',#2871);
#2871 = CLOSED_SHELL('',(#2872,#2960,#3014,#3142,#3317,#3367,#3417,#3467
    ,#3517,#3543,#3569,#3595,#3621,#3675,#3730));
#2872 = ADVANCED_FACE('',(#2873),#2887,.T.);
#2873 = FACE_BOUND('',#2874,.F.);
#2874 = EDGE_LOOP('',(#2875,#2905,#2932,#2933));
#2875 = ORIENTED_EDGE('',*,*,#2876,.T.);
#2876 = EDGE_CURVE('',#2877,#2879,#2881,.T.);
#2877 = VERTEX_POINT('',#2878);
#2878 = CARTESIAN_POINT('',(45.,0.,0.));
#2879 = VERTEX_POINT('',#2880);
#2880 = CARTESIAN_POINT('',(45.,0.,7.));
#2881 = SEAM_CURVE('',#2882,(#2886,#2898),.PCURVE_S1.);
#2882 = LINE('',#2883,#2884);
#2883 = CARTESIAN_POINT('',(45.,0.,0.));
#2884 = VECTOR('',#2885,1.);
#2885 = DIRECTION('',(0.,0.,1.));
#2886 = PCURVE('',#2887,#2892);
#2887 = CYLINDRICAL_SURFACE('',#2888,45.);
#2888 = AXIS2_PLACEMENT_3D('',#2889,#2890,#2891);
#2889 = CARTESIAN_POINT('',(0.,0.,0.));
#2890 = DIRECTION('',(-0.,-0.,-1.));
#2891 = DIRECTION('',(1.,0.,0.));
#2892 = DEFINITIONAL_REPRESENTATION('',(#2893),#2897);
#2893 = LINE('',#2894,#2895);
#2894 = CARTESIAN_POINT('',(-0.,0.));
#2895 = VECTOR('',#2896,1.);
#2896 = DIRECTION('',(-0.,-1.));
#2897 = ( GEOMETRIC_REPRESENTATION_CONTEXT(2) 
PARAMETRIC_REPRESENTATION_CONTEXT() REPRESENTATION_CONTEXT('2D SPACE',''
  ) );
#2898 = PCURVE('',#2887,#2899);
#2899 = DEFINITIONAL_REPRESENTATION('',(#2900),#2904);
#2900 = LINE('',#2901,#2902);
#2901 = CARTESIAN_POINT('',(-6.28318530718,0.));
#2902 = VECTOR('',#2903,1.);
#2903 = DIRECTION('',(-0.,-1.));
#2904 = ( GEOMETRIC_REPRESENTATION_CONTEXT(2) 
PARAMETRIC_REPRESENTATION_CONTEXT() REPRESENTATION_CONTEXT('2D SPACE',''
  ) );
#2905 = ORIENTED_EDGE('',*,*,#2906,.T.);
#2906 = EDGE_CURVE('',#2879,#2879,#2907,.T.);
#2907 = SURFACE_CURVE('',#2908,(#2913,#2920),.PCURVE_S1.);
#2908 = CIRCLE('',#2909,45.);
#2909 = AXIS2_PLACEMENT_3D('',#2910,#2911,#2912);
#2910 = CARTESIAN_POINT('',(0.,0.,7.));
#2911 = DIRECTION('',(0.,0.,1.));
#2912 = DIRECTION('',(1.,0.,-0.));
#2913 = PCURVE('',#2887,#2914);
#2914 = DEFINITIONAL_REPRESENTATION('',(#2915),#2919);
#2915 = LINE('',#2916,#2917);
#2916 = CARTESIAN_POINT('',(-0.,-7.));
#2917 = VECTOR('',#2918,1.);
#2918 = DIRECTION('',(-1.,0.));
#2919 = ( GEOMETRIC_REPRESENTATION_CONTEXT(2) 
PARAMETRIC_REPRESENTATION_CONTEXT() REPRESENTATION_CONTEXT('2D SPACE',''
  ) );
#2920 = PCURVE('',#2921,#2926);
#2921 = TOROIDAL_SURFACE('',#2922,44.,1.);
#2922 = AXIS2_PLACEMENT_3D('',#2923,#2924,#2925);
#2923 = CARTESIAN_POINT('',(0.,0.,7.));
#2924 = DIRECTION('',(0.,0.,1.));
#2925 = DIRECTION('',(1.,0.,-0.));
#2926 = DEFINITIONAL_REPRESENTATION('',(#2927),#2931);
#2927 = LINE('',#2928,#2929);
#2928 = CARTESIAN_POINT('',(0.,0.));
#2929 = VECTOR('',#2930,1.);
#2930 = DIRECTION('',(1.,0.));
#2931 = ( GEOMETRIC_REPRESENTATION_CONTEXT(2) 
PARAMETRIC_REPRESENTATION_CONTEXT() REPRESENTATION_CONTEXT('2D SPACE',''
  ) );
#2932 = ORIENTED_EDGE('',*,*,#2876,.F.);
#2933 = ORIENTED_EDGE('',*,*,#2934,.F.);
#2934 = EDGE_CURVE('',#2877,#2877,#2935,.T.);
#2935 = SURFACE_CURVE('',#2936,(#2941,#2948),.PCURVE_S1.);
#2936 = CIRCLE('',#2937,45.);
#2937 = AXIS2_PLACEMENT_3D('',#2938,#2939,#2940);
#2938 = CARTESIAN_POINT('',(0.,0.,0.));
#2939 = DIRECTION('',(0.,0.,1.));
#2940 = DIRECTION('',(1.,0.,0.));
#2941 = PCURVE('',#2887,#2942);
#2942 = DEFINITIONAL_REPRESENTATION('',(#2943),#2947);
#2943 = LINE('',#2944,#2945);
#2944 = CARTESIAN_POINT('',(-0.,0.));
#2945 = VECTOR('',#2946,1.);
#2946 = DIRECTION('',(-1.,0.));
#2947 = ( GEOMETRIC_REPRESENTATION_CONTEXT(2) 
PARAMETRIC_REPRESENTATION_CONTEXT() REPRESENTATION_CONTEXT('2D SPACE',''
  ) );
#2948 = PCURVE('',#2949,#2954);
#2949 = PLANE('',#2950);
#2950 = AXIS2_PLACEMENT_3D('',#2951,#2952,#2953);
#2951 = CARTESIAN_POINT('',(-1.944803744056E-15,1.07833545335E-16,0.));
#2952 = DIRECTION('',(0.,0.,1.));
#2953 = DIRECTION('',(1.,0.,-0.));
#2954 = DEFINITIONAL_REPRESENTATION('',(#2955),#2959);
#2955 = CIRCLE('',#2956,45.);
#2956 = AXIS2_PLACEMENT_2D('',#2957,#2958);
#2957 = CARTESIAN_POINT('',(1.944803744056E-15,-1.07833545335E-16));
#2958 = DIRECTION('',(1.,0.));
#2959 = ( GEOMETRIC_REPRESENTATION_CONTEXT(2) 
PARAMETRIC_REPRESENTATION_CONTEXT() REPRESENTATION_CONTEXT('2D SPACE',''
  ) );
#2960 = ADVANCED_FACE('',(#2961),#2921,.T.);
#2961 = FACE_BOUND('',#2962,.T.);
#2962 = EDGE_LOOP('',(#2963,#2985,#2986,#2987));
#2963 = ORIENTED_EDGE('',*,*,#2964,.F.);
#2964 = EDGE_CURVE('',#2879,#2965,#2967,.T.);
#2965 = VERTEX_POINT('',#2966);
#2966 = CARTESIAN_POINT('',(44.,0.,8.));
#2967 = SEAM_CURVE('',#2968,(#2973,#2979),.PCURVE_S1.);
#2968 = CIRCLE('',#2969,1.);
#2969 = AXIS2_PLACEMENT_3D('',#2970,#2971,#2972);
#2970 = CARTESIAN_POINT('',(44.,0.,7.));
#2971 = DIRECTION('',(0.,-1.,0.));
#2972 = DIRECTION('',(1.,0.,0.));
#2973 = PCURVE('',#2921,#2974);
#2974 = DEFINITIONAL_REPRESENTATION('',(#2975),#2978);
#2975 = B_SPLINE_CURVE_WITH_KNOTS('',1,(#2976,#2977),.UNSPECIFIED.,.F.,
  .F.,(2,2),(0.,1.570796326795),.PIECEWISE_BEZIER_KNOTS.);
#2976 = CARTESIAN_POINT('',(0.,0.));
#2977 = CARTESIAN_POINT('',(0.,1.570796326795));
#2978 = ( GEOMETRIC_REPRESENTATION_CONTEXT(2) 
PARAMETRIC_REPRESENTATION_CONTEXT() REPRESENTATION_CONTEXT('2D SPACE',''
  ) );
#2979 = PCURVE('',#2921,#2980);
#2980 = DEFINITIONAL_REPRESENTATION('',(#2981),#2984);
#2981 = B_SPLINE_CURVE_WITH_KNOTS('',1,(#2982,#2983),.UNSPECIFIED.,.F.,
  .F.,(2,2),(0.,1.570796326795),.PIECEWISE_BEZIER_KNOTS.);
#2982 = CARTESIAN_POINT('',(6.28318530718,0.));
#2983 = CARTESIAN_POINT('',(6.28318530718,1.570796326795));
#2984 = ( GEOMETRIC_REPRESENTATION_CONTEXT(2) 
PARAMETRIC_REPRESENTATION_CONTEXT() REPRESENTATION_CONTEXT('2D SPACE',''
  ) );
#2985 = ORIENTED_EDGE('',*,*,#2906,.T.);
#2986 = ORIENTED_EDGE('',*,*,#2964,.T.);
#2987 = ORIENTED_EDGE('',*,*,#2988,.F.);
#2988 = EDGE_CURVE('',#2965,#2965,#2989,.T.);
#2989 = SURFACE_CURVE('',#2990,(#2995,#3002),.PCURVE_S1.);
#2990 = CIRCLE('',#2991,44.);
#2991 = AXIS2_PLACEMENT_3D('',#2992,#2993,#2994);
#2992 = CARTESIAN_POINT('',(0.,0.,8.));
#2993 = DIRECTION('',(0.,0.,1.));
#2994 = DIRECTION('',(1.,0.,-0.));
#2995 = PCURVE('',#2921,#2996);
#2996 = DEFINITIONAL_REPRESENTATION('',(#2997),#3001);
#2997 = LINE('',#2998,#2999);
#2998 = CARTESIAN_POINT('',(0.,1.570796326795));
#2999 = VECTOR('',#3000,1.);
#3000 = DIRECTION('',(1.,0.));
#3001 = ( GEOMETRIC_REPRESENTATION_CONTEXT(2) 
PARAMETRIC_REPRESENTATION_CONTEXT() REPRESENTATION_CONTEXT('2D SPACE',''
  ) );
#3002 = PCURVE('',#3003,#3008);
#3003 = PLANE('',#3004);
#3004 = AXIS2_PLACEMENT_3D('',#3005,#3006,#3007);
#3005 = CARTESIAN_POINT('',(-1.944803744056E-15,1.07833545335E-16,8.));
#3006 = DIRECTION('',(0.,0.,1.));
#3007 = DIRECTION('',(1.,0.,-0.));
#3008 = DEFINITIONAL_REPRESENTATION('',(#3009),#3013);
#3009 = CIRCLE('',#3010,44.);
#3010 = AXIS2_PLACEMENT_2D('',#3011,#3012);
#3011 = CARTESIAN_POINT('',(1.944803744056E-15,-1.07833545335E-16));
#3012 = DIRECTION('',(1.,0.));
#3013 = ( GEOMETRIC_REPRESENTATION_CONTEXT(2) 
PARAMETRIC_REPRESENTATION_CONTEXT() REPRESENTATION_CONTEXT('2D SPACE',''
  ) );
#3014 = ADVANCED_FACE('',(#3015,#3018,#3049,#3080,#3111),#2949,.F.);
#3015 = FACE_BOUND('',#3016,.F.);
#3016 = EDGE_LOOP('',(#3017));
#3017 = ORIENTED_EDGE('',*,*,#2934,.T.);
#3018 = FACE_BOUND('',#3019,.F.);
#3019 = EDGE_LOOP('',(#3020));
#3020 = ORIENTED_EDGE('',*,*,#3021,.F.);
#3021 = EDGE_CURVE('',#3022,#3022,#3024,.T.);
#3022 = VERTEX_POINT('',#3023);
#3023 = CARTESIAN_POINT('',(-27.22361107568,-27.22361107568,0.));
#3024 = SURFACE_CURVE('',#3025,(#3030,#3037),.PCURVE_S1.);
#3025 = CIRCLE('',#3026,3.5);
#3026 = AXIS2_PLACEMENT_3D('',#3027,#3028,#3029);
#3027 = CARTESIAN_POINT('',(-24.74873734152,-24.74873734152,0.));
#3028 = DIRECTION('',(0.,0.,1.));
#3029 = DIRECTION('',(-0.707106781187,-0.707106781187,0.));
#3030 = PCURVE('',#2949,#3031);
#3031 = DEFINITIONAL_REPRESENTATION('',(#3032),#3036);
#3032 = CIRCLE('',#3033,3.5);
#3033 = AXIS2_PLACEMENT_2D('',#3034,#3035);
#3034 = CARTESIAN_POINT('',(-24.74873734152,-24.74873734152));
#3035 = DIRECTION('',(-0.707106781187,-0.707106781187));
#3036 = ( GEOMETRIC_REPRESENTATION_CONTEXT(2) 
PARAMETRIC_REPRESENTATION_CONTEXT() REPRESENTATION_CONTEXT('2D SPACE',''
  ) );
#3037 = PCURVE('',#3038,#3043);
#3038 = CYLINDRICAL_SURFACE('',#3039,3.5);
#3039 = AXIS2_PLACEMENT_3D('',#3040,#3041,#3042);
#3040 = CARTESIAN_POINT('',(-24.74873734152,-24.74873734152,90.0000002)
  );
#3041 = DIRECTION('',(-0.,0.,1.));
#3042 = DIRECTION('',(-0.707106781187,-0.707106781187,0.));
#3043 = DEFINITIONAL_REPRESENTATION('',(#3044),#3048);
#3044 = LINE('',#3045,#3046);
#3045 = CARTESIAN_POINT('',(-6.28318530718,-90.0000002));
#3046 = VECTOR('',#3047,1.);
#3047 = DIRECTION('',(1.,-0.));
#3048 = ( GEOMETRIC_REPRESENTATION_CONTEXT(2) 
PARAMETRIC_REPRESENTATION_CONTEXT() REPRESENTATION_CONTEXT('2D SPACE',''
  ) );
#3049 = FACE_BOUND('',#3050,.F.);
#3050 = EDGE_LOOP('',(#3051));
#3051 = ORIENTED_EDGE('',*,*,#3052,.F.);
#3052 = EDGE_CURVE('',#3053,#3053,#3055,.T.);
#3053 = VERTEX_POINT('',#3054);
#3054 = CARTESIAN_POINT('',(27.223611075682,-27.22361107568,0.));
#3055 = SURFACE_CURVE('',#3056,(#3061,#3068),.PCURVE_S1.);
#3056 = CIRCLE('',#3057,3.5);
#3057 = AXIS2_PLACEMENT_3D('',#3058,#3059,#3060);
#3058 = CARTESIAN_POINT('',(24.748737341529,-24.74873734152,0.));
#3059 = DIRECTION('',(0.,-0.,1.));
#3060 = DIRECTION('',(0.707106781187,-0.707106781187,-0.));
#3061 = PCURVE('',#2949,#3062);
#3062 = DEFINITIONAL_REPRESENTATION('',(#3063),#3067);
#3063 = CIRCLE('',#3064,3.5);
#3064 = AXIS2_PLACEMENT_2D('',#3065,#3066);
#3065 = CARTESIAN_POINT('',(24.748737341529,-24.74873734152));
#3066 = DIRECTION('',(0.707106781187,-0.707106781187));
#3067 = ( GEOMETRIC_REPRESENTATION_CONTEXT(2) 
PARAMETRIC_REPRESENTATION_CONTEXT() REPRESENTATION_CONTEXT('2D SPACE',''
  ) );
#3068 = PCURVE('',#3069,#3074);
#3069 = CYLINDRICAL_SURFACE('',#3070,3.5);
#3070 = AXIS2_PLACEMENT_3D('',#3071,#3072,#3073);
#3071 = CARTESIAN_POINT('',(24.748737341529,-24.74873734152,90.0000002)
  );
#3072 = DIRECTION('',(0.,-0.,1.));
#3073 = DIRECTION('',(0.707106781187,-0.707106781187,-0.));
#3074 = DEFINITIONAL_REPRESENTATION('',(#3075),#3079);
#3075 = LINE('',#3076,#3077);
#3076 = CARTESIAN_POINT('',(-6.28318530718,-90.0000002));
#3077 = VECTOR('',#3078,1.);
#3078 = DIRECTION('',(1.,-0.));
#3079 = ( GEOMETRIC_REPRESENTATION_CONTEXT(2) 
PARAMETRIC_REPRESENTATION_CONTEXT() REPRESENTATION_CONTEXT('2D SPACE',''
  ) );
#3080 = FACE_BOUND('',#3081,.F.);
#3081 = EDGE_LOOP('',(#3082));
#3082 = ORIENTED_EDGE('',*,*,#3083,.F.);
#3083 = EDGE_CURVE('',#3084,#3084,#3086,.T.);
#3084 = VERTEX_POINT('',#3085);
#3085 = CARTESIAN_POINT('',(-27.22361107568,27.223611075682,0.));
#3086 = SURFACE_CURVE('',#3087,(#3092,#3099),.PCURVE_S1.);
#3087 = CIRCLE('',#3088,3.5);
#3088 = AXIS2_PLACEMENT_3D('',#3089,#3090,#3091);
#3089 = CARTESIAN_POINT('',(-24.74873734152,24.748737341529,0.));
#3090 = DIRECTION('',(0.,0.,1.));
#3091 = DIRECTION('',(-0.707106781187,0.707106781187,0.));
#3092 = PCURVE('',#2949,#3093);
#3093 = DEFINITIONAL_REPRESENTATION('',(#3094),#3098);
#3094 = CIRCLE('',#3095,3.5);
#3095 = AXIS2_PLACEMENT_2D('',#3096,#3097);
#3096 = CARTESIAN_POINT('',(-24.74873734152,24.748737341529));
#3097 = DIRECTION('',(-0.707106781187,0.707106781187));
#3098 = ( GEOMETRIC_REPRESENTATION_CONTEXT(2) 
PARAMETRIC_REPRESENTATION_CONTEXT() REPRESENTATION_CONTEXT('2D SPACE',''
  ) );
#3099 = PCURVE('',#3100,#3105);
#3100 = CYLINDRICAL_SURFACE('',#3101,3.5);
#3101 = AXIS2_PLACEMENT_3D('',#3102,#3103,#3104);
#3102 = CARTESIAN_POINT('',(-24.74873734152,24.748737341529,90.0000002)
  );
#3103 = DIRECTION('',(0.,0.,1.));
#3104 = DIRECTION('',(-0.707106781187,0.707106781187,0.));
#3105 = DEFINITIONAL_REPRESENTATION('',(#3106),#3110);
#3106 = LINE('',#3107,#3108);
#3107 = CARTESIAN_POINT('',(-6.28318530718,-90.0000002));
#3108 = VECTOR('',#3109,1.);
#3109 = DIRECTION('',(1.,-0.));
#3110 = ( GEOMETRIC_REPRESENTATION_CONTEXT(2) 
PARAMETRIC_REPRESENTATION_CONTEXT() REPRESENTATION_CONTEXT('2D SPACE',''
  ) );
#3111 = FACE_BOUND('',#3112,.F.);
#3112 = EDGE_LOOP('',(#3113));
#3113 = ORIENTED_EDGE('',*,*,#3114,.F.);
#3114 = EDGE_CURVE('',#3115,#3115,#3117,.T.);
#3115 = VERTEX_POINT('',#3116);
#3116 = CARTESIAN_POINT('',(27.223611075682,27.223611075682,0.));
#3117 = SURFACE_CURVE('',#3118,(#3123,#3130),.PCURVE_S1.);
#3118 = CIRCLE('',#3119,3.5);
#3119 = AXIS2_PLACEMENT_3D('',#3120,#3121,#3122);
#3120 = CARTESIAN_POINT('',(24.748737341529,24.748737341529,0.));
#3121 = DIRECTION('',(0.,-0.,1.));
#3122 = DIRECTION('',(0.707106781187,0.707106781187,0.));
#3123 = PCURVE('',#2949,#3124);
#3124 = DEFINITIONAL_REPRESENTATION('',(#3125),#3129);
#3125 = CIRCLE('',#3126,3.5);
#3126 = AXIS2_PLACEMENT_2D('',#3127,#3128);
#3127 = CARTESIAN_POINT('',(24.748737341529,24.748737341529));
#3128 = DIRECTION('',(0.707106781187,0.707106781187));
#3129 = ( GEOMETRIC_REPRESENTATION_CONTEXT(2) 
PARAMETRIC_REPRESENTATION_CONTEXT() REPRESENTATION_CONTEXT('2D SPACE',''
  ) );
#3130 = PCURVE('',#3131,#3136);
#3131 = CYLINDRICAL_SURFACE('',#3132,3.5);
#3132 = AXIS2_PLACEMENT_3D('',#3133,#3134,#3135);
#3133 = CARTESIAN_POINT('',(24.748737341529,24.748737341529,90.0000002)
  );
#3134 = DIRECTION('',(0.,-0.,1.));
#3135 = DIRECTION('',(0.707106781187,0.707106781187,0.));
#3136 = DEFINITIONAL_REPRESENTATION('',(#3137),#3141);
#3137 = LINE('',#3138,#3139);
#3138 = CARTESIAN_POINT('',(-6.28318530718,-90.0000002));
#3139 = VECTOR('',#3140,1.);
#3140 = DIRECTION('',(1.,-0.));
#3141 = ( GEOMETRIC_REPRESENTATION_CONTEXT(2) 
PARAMETRIC_REPRESENTATION_CONTEXT() REPRESENTATION_CONTEXT('2D SPACE',''
  ) );
#3142 = ADVANCED_FACE('',(#3143,#3178,#3213,#3248,#3283,#3314),#3003,.T.
  );
#3143 = FACE_BOUND('',#3144,.T.);
#3144 = EDGE_LOOP('',(#3145));
#3145 = ORIENTED_EDGE('',*,*,#3146,.T.);
#3146 = EDGE_CURVE('',#3147,#3147,#3149,.T.);
#3147 = VERTEX_POINT('',#3148);
#3148 = CARTESIAN_POINT('',(27.930717856869,-27.93071785686,8.));
#3149 = SURFACE_CURVE('',#3150,(#3155,#3166),.PCURVE_S1.);
#3150 = CIRCLE('',#3151,4.5);
#3151 = AXIS2_PLACEMENT_3D('',#3152,#3153,#3154);
#3152 = CARTESIAN_POINT('',(24.748737341529,-24.74873734152,8.));
#3153 = DIRECTION('',(0.,-0.,-1.));
#3154 = DIRECTION('',(0.707106781187,-0.707106781187,0.));
#3155 = PCURVE('',#3003,#3156);
#3156 = DEFINITIONAL_REPRESENTATION('',(#3157),#3165);
#3157 = ( BOUNDED_CURVE() B_SPLINE_CURVE(2,(#3158,#3159,#3160,#3161,
#3162,#3163,#3164),.UNSPECIFIED.,.T.,.F.) B_SPLINE_CURVE_WITH_KNOTS((1,2
    ,2,2,2,1),(-2.094395102393,0.,2.094395102393,4.188790204786,
6.28318530718,8.377580409573),.UNSPECIFIED.) CURVE() 
GEOMETRIC_REPRESENTATION_ITEM() RATIONAL_B_SPLINE_CURVE((1.,0.5,1.,0.5,
1.,0.5,1.)) REPRESENTATION_ITEM('') );
#3158 = CARTESIAN_POINT('',(27.930717856869,-27.93071785686));
#3159 = CARTESIAN_POINT('',(22.419365935606,-33.44206977813));
#3160 = CARTESIAN_POINT('',(20.402071123228,-25.91342304449));
#3161 = CARTESIAN_POINT('',(18.38477631085,-18.38477631085));
#3162 = CARTESIAN_POINT('',(25.913423044491,-20.40207112322));
#3163 = CARTESIAN_POINT('',(33.442069778131,-22.4193659356));
#3164 = CARTESIAN_POINT('',(27.930717856869,-27.93071785686));
#3165 = ( GEOMETRIC_REPRESENTATION_CONTEXT(2) 
PARAMETRIC_REPRESENTATION_CONTEXT() REPRESENTATION_CONTEXT('2D SPACE',''
  ) );
#3166 = PCURVE('',#3167,#3172);
#3167 = TOROIDAL_SURFACE('',#3168,4.5,1.);
#3168 = AXIS2_PLACEMENT_3D('',#3169,#3170,#3171);
#3169 = CARTESIAN_POINT('',(24.748737341529,-24.74873734152,7.));
#3170 = DIRECTION('',(0.,0.,1.));
#3171 = DIRECTION('',(0.707106781187,-0.707106781187,0.));
#3172 = DEFINITIONAL_REPRESENTATION('',(#3173),#3177);
#3173 = LINE('',#3174,#3175);
#3174 = CARTESIAN_POINT('',(-0.,1.570796326795));
#3175 = VECTOR('',#3176,1.);
#3176 = DIRECTION('',(-1.,0.));
#3177 = ( GEOMETRIC_REPRESENTATION_CONTEXT(2) 
PARAMETRIC_REPRESENTATION_CONTEXT() REPRESENTATION_CONTEXT('2D SPACE',''
  ) );
#3178 = FACE_BOUND('',#3179,.T.);
#3179 = EDGE_LOOP('',(#3180));
#3180 = ORIENTED_EDGE('',*,*,#3181,.T.);
#3181 = EDGE_CURVE('',#3182,#3182,#3184,.T.);
#3182 = VERTEX_POINT('',#3183);
#3183 = CARTESIAN_POINT('',(27.930717856869,27.930717856869,8.));
#3184 = SURFACE_CURVE('',#3185,(#3190,#3201),.PCURVE_S1.);
#3185 = CIRCLE('',#3186,4.5);
#3186 = AXIS2_PLACEMENT_3D('',#3187,#3188,#3189);
#3187 = CARTESIAN_POINT('',(24.748737341529,24.748737341529,8.));
#3188 = DIRECTION('',(0.,-0.,-1.));
#3189 = DIRECTION('',(0.707106781187,0.707106781187,-0.));
#3190 = PCURVE('',#3003,#3191);
#3191 = DEFINITIONAL_REPRESENTATION('',(#3192),#3200);
#3192 = ( BOUNDED_CURVE() B_SPLINE_CURVE(2,(#3193,#3194,#3195,#3196,
#3197,#3198,#3199),.UNSPECIFIED.,.T.,.F.) B_SPLINE_CURVE_WITH_KNOTS((1,2
    ,2,2,2,1),(-2.094395102393,0.,2.094395102393,4.188790204786,
6.28318530718,8.377580409573),.UNSPECIFIED.) CURVE() 
GEOMETRIC_REPRESENTATION_ITEM() RATIONAL_B_SPLINE_CURVE((1.,0.5,1.,0.5,
1.,0.5,1.)) REPRESENTATION_ITEM('') );
#3193 = CARTESIAN_POINT('',(27.930717856869,27.930717856869));
#3194 = CARTESIAN_POINT('',(33.442069778131,22.419365935606));
#3195 = CARTESIAN_POINT('',(25.913423044491,20.402071123228));
#3196 = CARTESIAN_POINT('',(18.38477631085,18.38477631085));
#3197 = CARTESIAN_POINT('',(20.402071123228,25.913423044491));
#3198 = CARTESIAN_POINT('',(22.419365935606,33.442069778131));
#3199 = CARTESIAN_POINT('',(27.930717856869,27.930717856869));
#3200 = ( GEOMETRIC_REPRESENTATION_CONTEXT(2) 
PARAMETRIC_REPRESENTATION_CONTEXT() REPRESENTATION_CONTEXT('2D SPACE',''
  ) );
#3201 = PCURVE('',#3202,#3207);
#3202 = TOROIDAL_SURFACE('',#3203,4.5,1.);
#3203 = AXIS2_PLACEMENT_3D('',#3204,#3205,#3206);
#3204 = CARTESIAN_POINT('',(24.748737341529,24.748737341529,7.));
#3205 = DIRECTION('',(0.,0.,1.));
#3206 = DIRECTION('',(0.707106781187,0.707106781187,-0.));
#3207 = DEFINITIONAL_REPRESENTATION('',(#3208),#3212);
#3208 = LINE('',#3209,#3210);
#3209 = CARTESIAN_POINT('',(-0.,1.570796326795));
#3210 = VECTOR('',#3211,1.);
#3211 = DIRECTION('',(-1.,0.));
#3212 = ( GEOMETRIC_REPRESENTATION_CONTEXT(2) 
PARAMETRIC_REPRESENTATION_CONTEXT() REPRESENTATION_CONTEXT('2D SPACE',''
  ) );
#3213 = FACE_BOUND('',#3214,.T.);
#3214 = EDGE_LOOP('',(#3215));
#3215 = ORIENTED_EDGE('',*,*,#3216,.T.);
#3216 = EDGE_CURVE('',#3217,#3217,#3219,.T.);
#3217 = VERTEX_POINT('',#3218);
#3218 = CARTESIAN_POINT('',(-27.93071785686,27.930717856869,8.));
#3219 = SURFACE_CURVE('',#3220,(#3225,#3236),.PCURVE_S1.);
#3220 = CIRCLE('',#3221,4.5);
#3221 = AXIS2_PLACEMENT_3D('',#3222,#3223,#3224);
#3222 = CARTESIAN_POINT('',(-24.74873734152,24.748737341529,8.));
#3223 = DIRECTION('',(-0.,0.,-1.));
#3224 = DIRECTION('',(-0.707106781187,0.707106781187,0.));
#3225 = PCURVE('',#3003,#3226);
#3226 = DEFINITIONAL_REPRESENTATION('',(#3227),#3235);
#3227 = ( BOUNDED_CURVE() B_SPLINE_CURVE(2,(#3228,#3229,#3230,#3231,
#3232,#3233,#3234),.UNSPECIFIED.,.T.,.F.) B_SPLINE_CURVE_WITH_KNOTS((1,2
    ,2,2,2,1),(-2.094395102393,0.,2.094395102393,4.188790204786,
6.28318530718,8.377580409573),.UNSPECIFIED.) CURVE() 
GEOMETRIC_REPRESENTATION_ITEM() RATIONAL_B_SPLINE_CURVE((1.,0.5,1.,0.5,
1.,0.5,1.)) REPRESENTATION_ITEM('') );
#3228 = CARTESIAN_POINT('',(-27.93071785686,27.930717856869));
#3229 = CARTESIAN_POINT('',(-22.4193659356,33.442069778131));
#3230 = CARTESIAN_POINT('',(-20.40207112322,25.91342304449));
#3231 = CARTESIAN_POINT('',(-18.38477631085,18.38477631085));
#3232 = CARTESIAN_POINT('',(-25.91342304449,20.402071123228));
#3233 = CARTESIAN_POINT('',(-33.44206977813,22.419365935606));
#3234 = CARTESIAN_POINT('',(-27.93071785686,27.930717856869));
#3235 = ( GEOMETRIC_REPRESENTATION_CONTEXT(2) 
PARAMETRIC_REPRESENTATION_CONTEXT() REPRESENTATION_CONTEXT('2D SPACE',''
  ) );
#3236 = PCURVE('',#3237,#3242);
#3237 = TOROIDAL_SURFACE('',#3238,4.5,1.);
#3238 = AXIS2_PLACEMENT_3D('',#3239,#3240,#3241);
#3239 = CARTESIAN_POINT('',(-24.74873734152,24.748737341529,7.));
#3240 = DIRECTION('',(0.,0.,1.));
#3241 = DIRECTION('',(-0.707106781187,0.707106781187,0.));
#3242 = DEFINITIONAL_REPRESENTATION('',(#3243),#3247);
#3243 = LINE('',#3244,#3245);
#3244 = CARTESIAN_POINT('',(-0.,1.570796326795));
#3245 = VECTOR('',#3246,1.);
#3246 = DIRECTION('',(-1.,0.));
#3247 = ( GEOMETRIC_REPRESENTATION_CONTEXT(2) 
PARAMETRIC_REPRESENTATION_CONTEXT() REPRESENTATION_CONTEXT('2D SPACE',''
  ) );
#3248 = FACE_BOUND('',#3249,.T.);
#3249 = EDGE_LOOP('',(#3250));
#3250 = ORIENTED_EDGE('',*,*,#3251,.T.);
#3251 = EDGE_CURVE('',#3252,#3252,#3254,.T.);
#3252 = VERTEX_POINT('',#3253);
#3253 = CARTESIAN_POINT('',(-27.93071785686,-27.93071785686,8.));
#3254 = SURFACE_CURVE('',#3255,(#3260,#3271),.PCURVE_S1.);
#3255 = CIRCLE('',#3256,4.5);
#3256 = AXIS2_PLACEMENT_3D('',#3257,#3258,#3259);
#3257 = CARTESIAN_POINT('',(-24.74873734152,-24.74873734152,8.));
#3258 = DIRECTION('',(-0.,0.,-1.));
#3259 = DIRECTION('',(-0.707106781187,-0.707106781187,0.));
#3260 = PCURVE('',#3003,#3261);
#3261 = DEFINITIONAL_REPRESENTATION('',(#3262),#3270);
#3262 = ( BOUNDED_CURVE() B_SPLINE_CURVE(2,(#3263,#3264,#3265,#3266,
#3267,#3268,#3269),.UNSPECIFIED.,.T.,.F.) B_SPLINE_CURVE_WITH_KNOTS((1,2
    ,2,2,2,1),(-2.094395102393,0.,2.094395102393,4.188790204786,
6.28318530718,8.377580409573),.UNSPECIFIED.) CURVE() 
GEOMETRIC_REPRESENTATION_ITEM() RATIONAL_B_SPLINE_CURVE((1.,0.5,1.,0.5,
1.,0.5,1.)) REPRESENTATION_ITEM('') );
#3263 = CARTESIAN_POINT('',(-27.93071785686,-27.93071785686));
#3264 = CARTESIAN_POINT('',(-33.44206977813,-22.4193659356));
#3265 = CARTESIAN_POINT('',(-25.91342304449,-20.40207112322));
#3266 = CARTESIAN_POINT('',(-18.38477631085,-18.38477631085));
#3267 = CARTESIAN_POINT('',(-20.40207112322,-25.91342304449));
#3268 = CARTESIAN_POINT('',(-22.4193659356,-33.44206977813));
#3269 = CARTESIAN_POINT('',(-27.93071785686,-27.93071785686));
#3270 = ( GEOMETRIC_REPRESENTATION_CONTEXT(2) 
PARAMETRIC_REPRESENTATION_CONTEXT() REPRESENTATION_CONTEXT('2D SPACE',''
  ) );
#3271 = PCURVE('',#3272,#3277);
#3272 = TOROIDAL_SURFACE('',#3273,4.5,1.);
#3273 = AXIS2_PLACEMENT_3D('',#3274,#3275,#3276);
#3274 = CARTESIAN_POINT('',(-24.74873734152,-24.74873734152,7.));
#3275 = DIRECTION('',(0.,0.,1.));
#3276 = DIRECTION('',(-0.707106781187,-0.707106781187,0.));
#3277 = DEFINITIONAL_REPRESENTATION('',(#3278),#3282);
#3278 = LINE('',#3279,#3280);
#3279 = CARTESIAN_POINT('',(-0.,1.570796326795));
#3280 = VECTOR('',#3281,1.);
#3281 = DIRECTION('',(-1.,0.));
#3282 = ( GEOMETRIC_REPRESENTATION_CONTEXT(2) 
PARAMETRIC_REPRESENTATION_CONTEXT() REPRESENTATION_CONTEXT('2D SPACE',''
  ) );
#3283 = FACE_BOUND('',#3284,.T.);
#3284 = EDGE_LOOP('',(#3285));
#3285 = ORIENTED_EDGE('',*,*,#3286,.F.);
#3286 = EDGE_CURVE('',#3287,#3287,#3289,.T.);
#3287 = VERTEX_POINT('',#3288);
#3288 = CARTESIAN_POINT('',(22.,0.,8.));
#3289 = SURFACE_CURVE('',#3290,(#3295,#3302),.PCURVE_S1.);
#3290 = CIRCLE('',#3291,22.);
#3291 = AXIS2_PLACEMENT_3D('',#3292,#3293,#3294);
#3292 = CARTESIAN_POINT('',(0.,0.,8.));
#3293 = DIRECTION('',(0.,0.,1.));
#3294 = DIRECTION('',(1.,0.,-0.));
#3295 = PCURVE('',#3003,#3296);
#3296 = DEFINITIONAL_REPRESENTATION('',(#3297),#3301);
#3297 = CIRCLE('',#3298,22.);
#3298 = AXIS2_PLACEMENT_2D('',#3299,#3300);
#3299 = CARTESIAN_POINT('',(1.944803744056E-15,-1.07833545335E-16));
#3300 = DIRECTION('',(1.,0.));
#3301 = ( GEOMETRIC_REPRESENTATION_CONTEXT(2) 
PARAMETRIC_REPRESENTATION_CONTEXT() REPRESENTATION_CONTEXT('2D SPACE',''
  ) );
#3302 = PCURVE('',#3303,#3308);
#3303 = TOROIDAL_SURFACE('',#3304,22.,1.);
#3304 = AXIS2_PLACEMENT_3D('',#3305,#3306,#3307);
#3305 = CARTESIAN_POINT('',(0.,0.,7.));
#3306 = DIRECTION('',(0.,0.,1.));
#3307 = DIRECTION('',(1.,0.,-0.));
#3308 = DEFINITIONAL_REPRESENTATION('',(#3309),#3313);
#3309 = LINE('',#3310,#3311);
#3310 = CARTESIAN_POINT('',(0.,1.570796326795));
#3311 = VECTOR('',#3312,1.);
#3312 = DIRECTION('',(1.,0.));
#3313 = ( GEOMETRIC_REPRESENTATION_CONTEXT(2) 
PARAMETRIC_REPRESENTATION_CONTEXT() REPRESENTATION_CONTEXT('2D SPACE',''
  ) );
#3314 = FACE_BOUND('',#3315,.T.);
#3315 = EDGE_LOOP('',(#3316));
#3316 = ORIENTED_EDGE('',*,*,#2988,.T.);
#3317 = ADVANCED_FACE('',(#3318),#3038,.F.);
#3318 = FACE_BOUND('',#3319,.T.);
#3319 = EDGE_LOOP('',(#3320,#3343,#3344,#3345));
#3320 = ORIENTED_EDGE('',*,*,#3321,.T.);
#3321 = EDGE_CURVE('',#3322,#3022,#3324,.T.);
#3322 = VERTEX_POINT('',#3323);
#3323 = CARTESIAN_POINT('',(-27.22361107568,-27.22361107568,7.));
#3324 = SEAM_CURVE('',#3325,(#3329,#3336),.PCURVE_S1.);
#3325 = LINE('',#3326,#3327);
#3326 = CARTESIAN_POINT('',(-27.22361107568,-27.22361107568,90.0000002)
  );
#3327 = VECTOR('',#3328,1.);
#3328 = DIRECTION('',(0.,0.,-1.));
#3329 = PCURVE('',#3038,#3330);
#3330 = DEFINITIONAL_REPRESENTATION('',(#3331),#3335);
#3331 = LINE('',#3332,#3333);
#3332 = CARTESIAN_POINT('',(-0.,0.));
#3333 = VECTOR('',#3334,1.);
#3334 = DIRECTION('',(-0.,-1.));
#3335 = ( GEOMETRIC_REPRESENTATION_CONTEXT(2) 
PARAMETRIC_REPRESENTATION_CONTEXT() REPRESENTATION_CONTEXT('2D SPACE',''
  ) );
#3336 = PCURVE('',#3038,#3337);
#3337 = DEFINITIONAL_REPRESENTATION('',(#3338),#3342);
#3338 = LINE('',#3339,#3340);
#3339 = CARTESIAN_POINT('',(-6.28318530718,0.));
#3340 = VECTOR('',#3341,1.);
#3341 = DIRECTION('',(-0.,-1.));
#3342 = ( GEOMETRIC_REPRESENTATION_CONTEXT(2) 
PARAMETRIC_REPRESENTATION_CONTEXT() REPRESENTATION_CONTEXT('2D SPACE',''
  ) );
#3343 = ORIENTED_EDGE('',*,*,#3021,.F.);
#3344 = ORIENTED_EDGE('',*,*,#3321,.F.);
#3345 = ORIENTED_EDGE('',*,*,#3346,.F.);
#3346 = EDGE_CURVE('',#3322,#3322,#3347,.T.);
#3347 = SURFACE_CURVE('',#3348,(#3353,#3360),.PCURVE_S1.);
#3348 = CIRCLE('',#3349,3.5);
#3349 = AXIS2_PLACEMENT_3D('',#3350,#3351,#3352);
#3350 = CARTESIAN_POINT('',(-24.74873734152,-24.74873734152,7.));
#3351 = DIRECTION('',(-0.,0.,-1.));
#3352 = DIRECTION('',(-0.707106781187,-0.707106781187,0.));
#3353 = PCURVE('',#3038,#3354);
#3354 = DEFINITIONAL_REPRESENTATION('',(#3355),#3359);
#3355 = LINE('',#3356,#3357);
#3356 = CARTESIAN_POINT('',(-1.015061051086E-15,-83.0000002));
#3357 = VECTOR('',#3358,1.);
#3358 = DIRECTION('',(-1.,0.));
#3359 = ( GEOMETRIC_REPRESENTATION_CONTEXT(2) 
PARAMETRIC_REPRESENTATION_CONTEXT() REPRESENTATION_CONTEXT('2D SPACE',''
  ) );
#3360 = PCURVE('',#3272,#3361);
#3361 = DEFINITIONAL_REPRESENTATION('',(#3362),#3366);
#3362 = LINE('',#3363,#3364);
#3363 = CARTESIAN_POINT('',(-0.,3.14159265359));
#3364 = VECTOR('',#3365,1.);
#3365 = DIRECTION('',(-1.,0.));
#3366 = ( GEOMETRIC_REPRESENTATION_CONTEXT(2) 
PARAMETRIC_REPRESENTATION_CONTEXT() REPRESENTATION_CONTEXT('2D SPACE',''
  ) );
#3367 = ADVANCED_FACE('',(#3368),#3069,.F.);
#3368 = FACE_BOUND('',#3369,.T.);
#3369 = EDGE_LOOP('',(#3370,#3393,#3394,#3395));
#3370 = ORIENTED_EDGE('',*,*,#3371,.T.);
#3371 = EDGE_CURVE('',#3372,#3053,#3374,.T.);
#3372 = VERTEX_POINT('',#3373);
#3373 = CARTESIAN_POINT('',(27.223611075682,-27.22361107568,7.));
#3374 = SEAM_CURVE('',#3375,(#3379,#3386),.PCURVE_S1.);
#3375 = LINE('',#3376,#3377);
#3376 = CARTESIAN_POINT('',(27.223611075682,-27.22361107568,90.0000002)
  );
#3377 = VECTOR('',#3378,1.);
#3378 = DIRECTION('',(0.,0.,-1.));
#3379 = PCURVE('',#3069,#3380);
#3380 = DEFINITIONAL_REPRESENTATION('',(#3381),#3385);
#3381 = LINE('',#3382,#3383);
#3382 = CARTESIAN_POINT('',(-0.,0.));
#3383 = VECTOR('',#3384,1.);
#3384 = DIRECTION('',(-0.,-1.));
#3385 = ( GEOMETRIC_REPRESENTATION_CONTEXT(2) 
PARAMETRIC_REPRESENTATION_CONTEXT() REPRESENTATION_CONTEXT('2D SPACE',''
  ) );
#3386 = PCURVE('',#3069,#3387);
#3387 = DEFINITIONAL_REPRESENTATION('',(#3388),#3392);
#3388 = LINE('',#3389,#3390);
#3389 = CARTESIAN_POINT('',(-6.28318530718,0.));
#3390 = VECTOR('',#3391,1.);
#3391 = DIRECTION('',(-0.,-1.));
#3392 = ( GEOMETRIC_REPRESENTATION_CONTEXT(2) 
PARAMETRIC_REPRESENTATION_CONTEXT() REPRESENTATION_CONTEXT('2D SPACE',''
  ) );
#3393 = ORIENTED_EDGE('',*,*,#3052,.F.);
#3394 = ORIENTED_EDGE('',*,*,#3371,.F.);
#3395 = ORIENTED_EDGE('',*,*,#3396,.F.);
#3396 = EDGE_CURVE('',#3372,#3372,#3397,.T.);
#3397 = SURFACE_CURVE('',#3398,(#3403,#3410),.PCURVE_S1.);
#3398 = CIRCLE('',#3399,3.5);
#3399 = AXIS2_PLACEMENT_3D('',#3400,#3401,#3402);
#3400 = CARTESIAN_POINT('',(24.748737341529,-24.74873734152,7.));
#3401 = DIRECTION('',(0.,-0.,-1.));
#3402 = DIRECTION('',(0.707106781187,-0.707106781187,0.));
#3403 = PCURVE('',#3069,#3404);
#3404 = DEFINITIONAL_REPRESENTATION('',(#3405),#3409);
#3405 = LINE('',#3406,#3407);
#3406 = CARTESIAN_POINT('',(-1.015061051086E-15,-83.0000002));
#3407 = VECTOR('',#3408,1.);
#3408 = DIRECTION('',(-1.,0.));
#3409 = ( GEOMETRIC_REPRESENTATION_CONTEXT(2) 
PARAMETRIC_REPRESENTATION_CONTEXT() REPRESENTATION_CONTEXT('2D SPACE',''
  ) );
#3410 = PCURVE('',#3167,#3411);
#3411 = DEFINITIONAL_REPRESENTATION('',(#3412),#3416);
#3412 = LINE('',#3413,#3414);
#3413 = CARTESIAN_POINT('',(-0.,3.14159265359));
#3414 = VECTOR('',#3415,1.);
#3415 = DIRECTION('',(-1.,0.));
#3416 = ( GEOMETRIC_REPRESENTATION_CONTEXT(2) 
PARAMETRIC_REPRESENTATION_CONTEXT() REPRESENTATION_CONTEXT('2D SPACE',''
  ) );
#3417 = ADVANCED_FACE('',(#3418),#3100,.F.);
#3418 = FACE_BOUND('',#3419,.T.);
#3419 = EDGE_LOOP('',(#3420,#3443,#3444,#3445));
#3420 = ORIENTED_EDGE('',*,*,#3421,.T.);
#3421 = EDGE_CURVE('',#3422,#3084,#3424,.T.);
#3422 = VERTEX_POINT('',#3423);
#3423 = CARTESIAN_POINT('',(-27.22361107568,27.223611075682,7.));
#3424 = SEAM_CURVE('',#3425,(#3429,#3436),.PCURVE_S1.);
#3425 = LINE('',#3426,#3427);
#3426 = CARTESIAN_POINT('',(-27.22361107568,27.223611075682,90.0000002)
  );
#3427 = VECTOR('',#3428,1.);
#3428 = DIRECTION('',(0.,0.,-1.));
#3429 = PCURVE('',#3100,#3430);
#3430 = DEFINITIONAL_REPRESENTATION('',(#3431),#3435);
#3431 = LINE('',#3432,#3433);
#3432 = CARTESIAN_POINT('',(-0.,0.));
#3433 = VECTOR('',#3434,1.);
#3434 = DIRECTION('',(-0.,-1.));
#3435 = ( GEOMETRIC_REPRESENTATION_CONTEXT(2) 
PARAMETRIC_REPRESENTATION_CONTEXT() REPRESENTATION_CONTEXT('2D SPACE',''
  ) );
#3436 = PCURVE('',#3100,#3437);
#3437 = DEFINITIONAL_REPRESENTATION('',(#3438),#3442);
#3438 = LINE('',#3439,#3440);
#3439 = CARTESIAN_POINT('',(-6.28318530718,0.));
#3440 = VECTOR('',#3441,1.);
#3441 = DIRECTION('',(-0.,-1.));
#3442 = ( GEOMETRIC_REPRESENTATION_CONTEXT(2) 
PARAMETRIC_REPRESENTATION_CONTEXT() REPRESENTATION_CONTEXT('2D SPACE',''
  ) );
#3443 = ORIENTED_EDGE('',*,*,#3083,.F.);
#3444 = ORIENTED_EDGE('',*,*,#3421,.F.);
#3445 = ORIENTED_EDGE('',*,*,#3446,.F.);
#3446 = EDGE_CURVE('',#3422,#3422,#3447,.T.);
#3447 = SURFACE_CURVE('',#3448,(#3453,#3460),.PCURVE_S1.);
#3448 = CIRCLE('',#3449,3.5);
#3449 = AXIS2_PLACEMENT_3D('',#3450,#3451,#3452);
#3450 = CARTESIAN_POINT('',(-24.74873734152,24.748737341529,7.));
#3451 = DIRECTION('',(-0.,0.,-1.));
#3452 = DIRECTION('',(-0.707106781187,0.707106781187,0.));
#3453 = PCURVE('',#3100,#3454);
#3454 = DEFINITIONAL_REPRESENTATION('',(#3455),#3459);
#3455 = LINE('',#3456,#3457);
#3456 = CARTESIAN_POINT('',(-1.015061051086E-15,-83.0000002));
#3457 = VECTOR('',#3458,1.);
#3458 = DIRECTION('',(-1.,0.));
#3459 = ( GEOMETRIC_REPRESENTATION_CONTEXT(2) 
PARAMETRIC_REPRESENTATION_CONTEXT() REPRESENTATION_CONTEXT('2D SPACE',''
  ) );
#3460 = PCURVE('',#3237,#3461);
#3461 = DEFINITIONAL_REPRESENTATION('',(#3462),#3466);
#3462 = LINE('',#3463,#3464);
#3463 = CARTESIAN_POINT('',(-0.,3.14159265359));
#3464 = VECTOR('',#3465,1.);
#3465 = DIRECTION('',(-1.,0.));
#3466 = ( GEOMETRIC_REPRESENTATION_CONTEXT(2) 
PARAMETRIC_REPRESENTATION_CONTEXT() REPRESENTATION_CONTEXT('2D SPACE',''
  ) );
#3467 = ADVANCED_FACE('',(#3468),#3131,.F.);
#3468 = FACE_BOUND('',#3469,.T.);
#3469 = EDGE_LOOP('',(#3470,#3493,#3494,#3495));
#3470 = ORIENTED_EDGE('',*,*,#3471,.T.);
#3471 = EDGE_CURVE('',#3472,#3115,#3474,.T.);
#3472 = VERTEX_POINT('',#3473);
#3473 = CARTESIAN_POINT('',(27.223611075682,27.223611075682,7.));
#3474 = SEAM_CURVE('',#3475,(#3479,#3486),.PCURVE_S1.);
#3475 = LINE('',#3476,#3477);
#3476 = CARTESIAN_POINT('',(27.223611075682,27.223611075682,90.0000002)
  );
#3477 = VECTOR('',#3478,1.);
#3478 = DIRECTION('',(0.,0.,-1.));
#3479 = PCURVE('',#3131,#3480);
#3480 = DEFINITIONAL_REPRESENTATION('',(#3481),#3485);
#3481 = LINE('',#3482,#3483);
#3482 = CARTESIAN_POINT('',(-0.,0.));
#3483 = VECTOR('',#3484,1.);
#3484 = DIRECTION('',(-0.,-1.));
#3485 = ( GEOMETRIC_REPRESENTATION_CONTEXT(2) 
PARAMETRIC_REPRESENTATION_CONTEXT() REPRESENTATION_CONTEXT('2D SPACE',''
  ) );
#3486 = PCURVE('',#3131,#3487);
#3487 = DEFINITIONAL_REPRESENTATION('',(#3488),#3492);
#3488 = LINE('',#3489,#3490);
#3489 = CARTESIAN_POINT('',(-6.28318530718,0.));
#3490 = VECTOR('',#3491,1.);
#3491 = DIRECTION('',(-0.,-1.));
#3492 = ( GEOMETRIC_REPRESENTATION_CONTEXT(2) 
PARAMETRIC_REPRESENTATION_CONTEXT() REPRESENTATION_CONTEXT('2D SPACE',''
  ) );
#3493 = ORIENTED_EDGE('',*,*,#3114,.F.);
#3494 = ORIENTED_EDGE('',*,*,#3471,.F.);
#3495 = ORIENTED_EDGE('',*,*,#3496,.F.);
#3496 = EDGE_CURVE('',#3472,#3472,#3497,.T.);
#3497 = SURFACE_CURVE('',#3498,(#3503,#3510),.PCURVE_S1.);
#3498 = CIRCLE('',#3499,3.5);
#3499 = AXIS2_PLACEMENT_3D('',#3500,#3501,#3502);
#3500 = CARTESIAN_POINT('',(24.748737341529,24.748737341529,7.));
#3501 = DIRECTION('',(0.,-0.,-1.));
#3502 = DIRECTION('',(0.707106781187,0.707106781187,-0.));
#3503 = PCURVE('',#3131,#3504);
#3504 = DEFINITIONAL_REPRESENTATION('',(#3505),#3509);
#3505 = LINE('',#3506,#3507);
#3506 = CARTESIAN_POINT('',(-1.015061051086E-15,-83.0000002));
#3507 = VECTOR('',#3508,1.);
#3508 = DIRECTION('',(-1.,0.));
#3509 = ( GEOMETRIC_REPRESENTATION_CONTEXT(2) 
PARAMETRIC_REPRESENTATION_CONTEXT() REPRESENTATION_CONTEXT('2D SPACE',''
  ) );
#3510 = PCURVE('',#3202,#3511);
#3511 = DEFINITIONAL_REPRESENTATION('',(#3512),#3516);
#3512 = LINE('',#3513,#3514);
#3513 = CARTESIAN_POINT('',(-0.,3.14159265359));
#3514 = VECTOR('',#3515,1.);
#3515 = DIRECTION('',(-1.,0.));
#3516 = ( GEOMETRIC_REPRESENTATION_CONTEXT(2) 
PARAMETRIC_REPRESENTATION_CONTEXT() REPRESENTATION_CONTEXT('2D SPACE',''
  ) );
#3517 = ADVANCED_FACE('',(#3518),#3167,.T.);
#3518 = FACE_BOUND('',#3519,.F.);
#3519 = EDGE_LOOP('',(#3520,#3540,#3541,#3542));
#3520 = ORIENTED_EDGE('',*,*,#3521,.F.);
#3521 = EDGE_CURVE('',#3147,#3372,#3522,.T.);
#3522 = SEAM_CURVE('',#3523,(#3528,#3534),.PCURVE_S1.);
#3523 = CIRCLE('',#3524,1.);
#3524 = AXIS2_PLACEMENT_3D('',#3525,#3526,#3527);
#3525 = CARTESIAN_POINT('',(27.930717856869,-27.93071785686,7.));
#3526 = DIRECTION('',(-0.707106781187,-0.707106781187,0.));
#3527 = DIRECTION('',(0.707106781187,-0.707106781187,0.));
#3528 = PCURVE('',#3167,#3529);
#3529 = DEFINITIONAL_REPRESENTATION('',(#3530),#3533);
#3530 = B_SPLINE_CURVE_WITH_KNOTS('',1,(#3531,#3532),.UNSPECIFIED.,.F.,
  .F.,(2,2),(1.570796326795,3.14159265359),.PIECEWISE_BEZIER_KNOTS.);
#3531 = CARTESIAN_POINT('',(1.015061051086E-15,1.570796326795));
#3532 = CARTESIAN_POINT('',(1.015061051086E-15,3.14159265359));
#3533 = ( GEOMETRIC_REPRESENTATION_CONTEXT(2) 
PARAMETRIC_REPRESENTATION_CONTEXT() REPRESENTATION_CONTEXT('2D SPACE',''
  ) );
#3534 = PCURVE('',#3167,#3535);
#3535 = DEFINITIONAL_REPRESENTATION('',(#3536),#3539);
#3536 = B_SPLINE_CURVE_WITH_KNOTS('',1,(#3537,#3538),.UNSPECIFIED.,.F.,
  .F.,(2,2),(1.570796326795,3.14159265359),.PIECEWISE_BEZIER_KNOTS.);
#3537 = CARTESIAN_POINT('',(-6.28318530718,1.570796326795));
#3538 = CARTESIAN_POINT('',(-6.28318530718,3.14159265359));
#3539 = ( GEOMETRIC_REPRESENTATION_CONTEXT(2) 
PARAMETRIC_REPRESENTATION_CONTEXT() REPRESENTATION_CONTEXT('2D SPACE',''
  ) );
#3540 = ORIENTED_EDGE('',*,*,#3146,.F.);
#3541 = ORIENTED_EDGE('',*,*,#3521,.T.);
#3542 = ORIENTED_EDGE('',*,*,#3396,.T.);
#3543 = ADVANCED_FACE('',(#3544),#3202,.T.);
#3544 = FACE_BOUND('',#3545,.F.);
#3545 = EDGE_LOOP('',(#3546,#3566,#3567,#3568));
#3546 = ORIENTED_EDGE('',*,*,#3547,.F.);
#3547 = EDGE_CURVE('',#3182,#3472,#3548,.T.);
#3548 = SEAM_CURVE('',#3549,(#3554,#3560),.PCURVE_S1.);
#3549 = CIRCLE('',#3550,1.);
#3550 = AXIS2_PLACEMENT_3D('',#3551,#3552,#3553);
#3551 = CARTESIAN_POINT('',(27.930717856869,27.930717856869,7.));
#3552 = DIRECTION('',(0.707106781187,-0.707106781187,0.));
#3553 = DIRECTION('',(0.707106781187,0.707106781187,0.));
#3554 = PCURVE('',#3202,#3555);
#3555 = DEFINITIONAL_REPRESENTATION('',(#3556),#3559);
#3556 = B_SPLINE_CURVE_WITH_KNOTS('',1,(#3557,#3558),.UNSPECIFIED.,.F.,
  .F.,(2,2),(1.570796326795,3.14159265359),.PIECEWISE_BEZIER_KNOTS.);
#3557 = CARTESIAN_POINT('',(1.015061051086E-15,1.570796326795));
#3558 = CARTESIAN_POINT('',(1.015061051086E-15,3.14159265359));
#3559 = ( GEOMETRIC_REPRESENTATION_CONTEXT(2) 
PARAMETRIC_REPRESENTATION_CONTEXT() REPRESENTATION_CONTEXT('2D SPACE',''
  ) );
#3560 = PCURVE('',#3202,#3561);
#3561 = DEFINITIONAL_REPRESENTATION('',(#3562),#3565);
#3562 = B_SPLINE_CURVE_WITH_KNOTS('',1,(#3563,#3564),.UNSPECIFIED.,.F.,
  .F.,(2,2),(1.570796326795,3.14159265359),.PIECEWISE_BEZIER_KNOTS.);
#3563 = CARTESIAN_POINT('',(-6.28318530718,1.570796326795));
#3564 = CARTESIAN_POINT('',(-6.28318530718,3.14159265359));
#3565 = ( GEOMETRIC_REPRESENTATION_CONTEXT(2) 
PARAMETRIC_REPRESENTATION_CONTEXT() REPRESENTATION_CONTEXT('2D SPACE',''
  ) );
#3566 = ORIENTED_EDGE('',*,*,#3181,.F.);
#3567 = ORIENTED_EDGE('',*,*,#3547,.T.);
#3568 = ORIENTED_EDGE('',*,*,#3496,.T.);
#3569 = ADVANCED_FACE('',(#3570),#3237,.T.);
#3570 = FACE_BOUND('',#3571,.F.);
#3571 = EDGE_LOOP('',(#3572,#3592,#3593,#3594));
#3572 = ORIENTED_EDGE('',*,*,#3573,.F.);
#3573 = EDGE_CURVE('',#3217,#3422,#3574,.T.);
#3574 = SEAM_CURVE('',#3575,(#3580,#3586),.PCURVE_S1.);
#3575 = CIRCLE('',#3576,1.);
#3576 = AXIS2_PLACEMENT_3D('',#3577,#3578,#3579);
#3577 = CARTESIAN_POINT('',(-27.93071785686,27.930717856869,7.));
#3578 = DIRECTION('',(0.707106781187,0.707106781187,-0.));
#3579 = DIRECTION('',(-0.707106781187,0.707106781187,0.));
#3580 = PCURVE('',#3237,#3581);
#3581 = DEFINITIONAL_REPRESENTATION('',(#3582),#3585);
#3582 = B_SPLINE_CURVE_WITH_KNOTS('',1,(#3583,#3584),.UNSPECIFIED.,.F.,
  .F.,(2,2),(1.570796326795,3.14159265359),.PIECEWISE_BEZIER_KNOTS.);
#3583 = CARTESIAN_POINT('',(1.015061051086E-15,1.570796326795));
#3584 = CARTESIAN_POINT('',(1.015061051086E-15,3.14159265359));
#3585 = ( GEOMETRIC_REPRESENTATION_CONTEXT(2) 
PARAMETRIC_REPRESENTATION_CONTEXT() REPRESENTATION_CONTEXT('2D SPACE',''
  ) );
#3586 = PCURVE('',#3237,#3587);
#3587 = DEFINITIONAL_REPRESENTATION('',(#3588),#3591);
#3588 = B_SPLINE_CURVE_WITH_KNOTS('',1,(#3589,#3590),.UNSPECIFIED.,.F.,
  .F.,(2,2),(1.570796326795,3.14159265359),.PIECEWISE_BEZIER_KNOTS.);
#3589 = CARTESIAN_POINT('',(-6.28318530718,1.570796326795));
#3590 = CARTESIAN_POINT('',(-6.28318530718,3.14159265359));
#3591 = ( GEOMETRIC_REPRESENTATION_CONTEXT(2) 
PARAMETRIC_REPRESENTATION_CONTEXT() REPRESENTATION_CONTEXT('2D SPACE',''
  ) );
#3592 = ORIENTED_EDGE('',*,*,#3216,.F.);
#3593 = ORIENTED_EDGE('',*,*,#3573,.T.);
#3594 = ORIENTED_EDGE('',*,*,#3446,.T.);
#3595 = ADVANCED_FACE('',(#3596),#3272,.T.);
#3596 = FACE_BOUND('',#3597,.F.);
#3597 = EDGE_LOOP('',(#3598,#3618,#3619,#3620));
#3598 = ORIENTED_EDGE('',*,*,#3599,.F.);
#3599 = EDGE_CURVE('',#3252,#3322,#3600,.T.);
#3600 = SEAM_CURVE('',#3601,(#3606,#3612),.PCURVE_S1.);
#3601 = CIRCLE('',#3602,1.);
#3602 = AXIS2_PLACEMENT_3D('',#3603,#3604,#3605);
#3603 = CARTESIAN_POINT('',(-27.93071785686,-27.93071785686,7.));
#3604 = DIRECTION('',(-0.707106781187,0.707106781187,0.));
#3605 = DIRECTION('',(-0.707106781187,-0.707106781187,0.));
#3606 = PCURVE('',#3272,#3607);
#3607 = DEFINITIONAL_REPRESENTATION('',(#3608),#3611);
#3608 = B_SPLINE_CURVE_WITH_KNOTS('',1,(#3609,#3610),.UNSPECIFIED.,.F.,
  .F.,(2,2),(1.570796326795,3.14159265359),.PIECEWISE_BEZIER_KNOTS.);
#3609 = CARTESIAN_POINT('',(1.015061051086E-15,1.570796326795));
#3610 = CARTESIAN_POINT('',(1.015061051086E-15,3.14159265359));
#3611 = ( GEOMETRIC_REPRESENTATION_CONTEXT(2) 
PARAMETRIC_REPRESENTATION_CONTEXT() REPRESENTATION_CONTEXT('2D SPACE',''
  ) );
#3612 = PCURVE('',#3272,#3613);
#3613 = DEFINITIONAL_REPRESENTATION('',(#3614),#3617);
#3614 = B_SPLINE_CURVE_WITH_KNOTS('',1,(#3615,#3616),.UNSPECIFIED.,.F.,
  .F.,(2,2),(1.570796326795,3.14159265359),.PIECEWISE_BEZIER_KNOTS.);
#3615 = CARTESIAN_POINT('',(-6.28318530718,1.570796326795));
#3616 = CARTESIAN_POINT('',(-6.28318530718,3.14159265359));
#3617 = ( GEOMETRIC_REPRESENTATION_CONTEXT(2) 
PARAMETRIC_REPRESENTATION_CONTEXT() REPRESENTATION_CONTEXT('2D SPACE',''
  ) );
#3618 = ORIENTED_EDGE('',*,*,#3251,.F.);
#3619 = ORIENTED_EDGE('',*,*,#3599,.T.);
#3620 = ORIENTED_EDGE('',*,*,#3346,.T.);
#3621 = ADVANCED_FACE('',(#3622),#3303,.T.);
#3622 = FACE_BOUND('',#3623,.T.);
#3623 = EDGE_LOOP('',(#3624,#3646,#3647,#3648));
#3624 = ORIENTED_EDGE('',*,*,#3625,.F.);
#3625 = EDGE_CURVE('',#3287,#3626,#3628,.T.);
#3626 = VERTEX_POINT('',#3627);
#3627 = CARTESIAN_POINT('',(21.,0.,7.));
#3628 = SEAM_CURVE('',#3629,(#3634,#3640),.PCURVE_S1.);
#3629 = CIRCLE('',#3630,1.);
#3630 = AXIS2_PLACEMENT_3D('',#3631,#3632,#3633);
#3631 = CARTESIAN_POINT('',(22.,0.,7.));
#3632 = DIRECTION('',(0.,-1.,0.));
#3633 = DIRECTION('',(1.,0.,0.));
#3634 = PCURVE('',#3303,#3635);
#3635 = DEFINITIONAL_REPRESENTATION('',(#3636),#3639);
#3636 = B_SPLINE_CURVE_WITH_KNOTS('',1,(#3637,#3638),.UNSPECIFIED.,.F.,
  .F.,(2,2),(1.570796326795,3.14159265359),.PIECEWISE_BEZIER_KNOTS.);
#3637 = CARTESIAN_POINT('',(0.,1.570796326795));
#3638 = CARTESIAN_POINT('',(0.,3.14159265359));
#3639 = ( GEOMETRIC_REPRESENTATION_CONTEXT(2) 
PARAMETRIC_REPRESENTATION_CONTEXT() REPRESENTATION_CONTEXT('2D SPACE',''
  ) );
#3640 = PCURVE('',#3303,#3641);
#3641 = DEFINITIONAL_REPRESENTATION('',(#3642),#3645);
#3642 = B_SPLINE_CURVE_WITH_KNOTS('',1,(#3643,#3644),.UNSPECIFIED.,.F.,
  .F.,(2,2),(1.570796326795,3.14159265359),.PIECEWISE_BEZIER_KNOTS.);
#3643 = CARTESIAN_POINT('',(6.28318530718,1.570796326795));
#3644 = CARTESIAN_POINT('',(6.28318530718,3.14159265359));
#3645 = ( GEOMETRIC_REPRESENTATION_CONTEXT(2) 
PARAMETRIC_REPRESENTATION_CONTEXT() REPRESENTATION_CONTEXT('2D SPACE',''
  ) );
#3646 = ORIENTED_EDGE('',*,*,#3286,.T.);
#3647 = ORIENTED_EDGE('',*,*,#3625,.T.);
#3648 = ORIENTED_EDGE('',*,*,#3649,.F.);
#3649 = EDGE_CURVE('',#3626,#3626,#3650,.T.);
#3650 = SURFACE_CURVE('',#3651,(#3656,#3663),.PCURVE_S1.);
#3651 = CIRCLE('',#3652,21.);
#3652 = AXIS2_PLACEMENT_3D('',#3653,#3654,#3655);
#3653 = CARTESIAN_POINT('',(0.,0.,7.));
#3654 = DIRECTION('',(0.,0.,1.));
#3655 = DIRECTION('',(1.,0.,-0.));
#3656 = PCURVE('',#3303,#3657);
#3657 = DEFINITIONAL_REPRESENTATION('',(#3658),#3662);
#3658 = LINE('',#3659,#3660);
#3659 = CARTESIAN_POINT('',(0.,3.14159265359));
#3660 = VECTOR('',#3661,1.);
#3661 = DIRECTION('',(1.,0.));
#3662 = ( GEOMETRIC_REPRESENTATION_CONTEXT(2) 
PARAMETRIC_REPRESENTATION_CONTEXT() REPRESENTATION_CONTEXT('2D SPACE',''
  ) );
#3663 = PCURVE('',#3664,#3669);
#3664 = CYLINDRICAL_SURFACE('',#3665,21.);
#3665 = AXIS2_PLACEMENT_3D('',#3666,#3667,#3668);
#3666 = CARTESIAN_POINT('',(0.,0.,8.));
#3667 = DIRECTION('',(0.,0.,1.));
#3668 = DIRECTION('',(1.,0.,0.));
#3669 = DEFINITIONAL_REPRESENTATION('',(#3670),#3674);
#3670 = LINE('',#3671,#3672);
#3671 = CARTESIAN_POINT('',(0.,-1.));
#3672 = VECTOR('',#3673,1.);
#3673 = DIRECTION('',(1.,0.));
#3674 = ( GEOMETRIC_REPRESENTATION_CONTEXT(2) 
PARAMETRIC_REPRESENTATION_CONTEXT() REPRESENTATION_CONTEXT('2D SPACE',''
  ) );
#3675 = ADVANCED_FACE('',(#3676),#3664,.F.);
#3676 = FACE_BOUND('',#3677,.F.);
#3677 = EDGE_LOOP('',(#3678,#3701,#3728,#3729));
#3678 = ORIENTED_EDGE('',*,*,#3679,.T.);
#3679 = EDGE_CURVE('',#3626,#3680,#3682,.T.);
#3680 = VERTEX_POINT('',#3681);
#3681 = CARTESIAN_POINT('',(21.,0.,4.));
#3682 = SEAM_CURVE('',#3683,(#3687,#3694),.PCURVE_S1.);
#3683 = LINE('',#3684,#3685);
#3684 = CARTESIAN_POINT('',(21.,0.,8.));
#3685 = VECTOR('',#3686,1.);
#3686 = DIRECTION('',(-0.,-0.,-1.));
#3687 = PCURVE('',#3664,#3688);
#3688 = DEFINITIONAL_REPRESENTATION('',(#3689),#3693);
#3689 = LINE('',#3690,#3691);
#3690 = CARTESIAN_POINT('',(0.,0.));
#3691 = VECTOR('',#3692,1.);
#3692 = DIRECTION('',(0.,-1.));
#3693 = ( GEOMETRIC_REPRESENTATION_CONTEXT(2) 
PARAMETRIC_REPRESENTATION_CONTEXT() REPRESENTATION_CONTEXT('2D SPACE',''
  ) );
#3694 = PCURVE('',#3664,#3695);
#3695 = DEFINITIONAL_REPRESENTATION('',(#3696),#3700);
#3696 = LINE('',#3697,#3698);
#3697 = CARTESIAN_POINT('',(6.28318530718,0.));
#3698 = VECTOR('',#3699,1.);
#3699 = DIRECTION('',(0.,-1.));
#3700 = ( GEOMETRIC_REPRESENTATION_CONTEXT(2) 
PARAMETRIC_REPRESENTATION_CONTEXT() REPRESENTATION_CONTEXT('2D SPACE',''
  ) );
#3701 = ORIENTED_EDGE('',*,*,#3702,.T.);
#3702 = EDGE_CURVE('',#3680,#3680,#3703,.T.);
#3703 = SURFACE_CURVE('',#3704,(#3709,#3716),.PCURVE_S1.);
#3704 = CIRCLE('',#3705,21.);
#3705 = AXIS2_PLACEMENT_3D('',#3706,#3707,#3708);
#3706 = CARTESIAN_POINT('',(0.,0.,4.));
#3707 = DIRECTION('',(0.,0.,1.));
#3708 = DIRECTION('',(1.,0.,0.));
#3709 = PCURVE('',#3664,#3710);
#3710 = DEFINITIONAL_REPRESENTATION('',(#3711),#3715);
#3711 = LINE('',#3712,#3713);
#3712 = CARTESIAN_POINT('',(0.,-4.));
#3713 = VECTOR('',#3714,1.);
#3714 = DIRECTION('',(1.,0.));
#3715 = ( GEOMETRIC_REPRESENTATION_CONTEXT(2) 
PARAMETRIC_REPRESENTATION_CONTEXT() REPRESENTATION_CONTEXT('2D SPACE',''
  ) );
#3716 = PCURVE('',#3717,#3722);
#3717 = PLANE('',#3718);
#3718 = AXIS2_PLACEMENT_3D('',#3719,#3720,#3721);
#3719 = CARTESIAN_POINT('',(-1.041859148601E-15,1.846063891983E-16,4.));
#3720 = DIRECTION('',(0.,0.,1.));
#3721 = DIRECTION('',(1.,0.,-0.));
#3722 = DEFINITIONAL_REPRESENTATION('',(#3723),#3727);
#3723 = CIRCLE('',#3724,21.);
#3724 = AXIS2_PLACEMENT_2D('',#3725,#3726);
#3725 = CARTESIAN_POINT('',(1.041859148601E-15,-1.846063891983E-16));
#3726 = DIRECTION('',(1.,0.));
#3727 = ( GEOMETRIC_REPRESENTATION_CONTEXT(2) 
PARAMETRIC_REPRESENTATION_CONTEXT() REPRESENTATION_CONTEXT('2D SPACE',''
  ) );
#3728 = ORIENTED_EDGE('',*,*,#3679,.F.);
#3729 = ORIENTED_EDGE('',*,*,#3649,.F.);
#3730 = ADVANCED_FACE('',(#3731),#3717,.T.);
#3731 = FACE_BOUND('',#3732,.T.);
#3732 = EDGE_LOOP('',(#3733));
#3733 = ORIENTED_EDGE('',*,*,#3702,.T.);
#3734 = ( GEOMETRIC_REPRESENTATION_CONTEXT(3) 
GLOBAL_UNCERTAINTY_ASSIGNED_CONTEXT((#3738)) 
GLOBAL_UNIT_ASSIGNED_CONTEXT((#3735,#3736,#3737)) REPRESENTATION_CONTEXT
('Context #1','3D Context with UNIT and UNCERTAINTY') );
#3735 = ( LENGTH_UNIT() NAMED_UNIT(*) SI_UNIT(.MILLI.,.METRE.) );
#3736 = ( NAMED_UNIT(*) PLANE_ANGLE_UNIT() SI_UNIT($,.RADIAN.) );
#3737 = ( NAMED_UNIT(*) SI_UNIT($,.STERADIAN.) SOLID_ANGLE_UNIT() );
#3738 = UNCERTAINTY_MEASURE_WITH_UNIT(LENGTH_MEASURE(1.E-07),#3735,
  'distance_accuracy_value','confusion accuracy');
#3739 = CONTEXT_DEPENDENT_SHAPE_REPRESENTATION(#3740,#3742);
#3740 = ( REPRESENTATION_RELATIONSHIP('','',#2869,#10) 
REPRESENTATION_RELATIONSHIP_WITH_TRANSFORMATION(#3741) 
SHAPE_REPRESENTATION_RELATIONSHIP() );
#3741 = ITEM_DEFINED_TRANSFORMATION('','',#11,#27);
#3742 = PRODUCT_DEFINITION_SHAPE('Placement','Placement of an item',
  #3743);
#3743 = NEXT_ASSEMBLY_USAGE_OCCURRENCE('4','','',#5,#2864,$);
#3744 = PRODUCT_RELATED_PRODUCT_CATEGORY('part',$,(#2866));
#3745 = SHAPE_DEFINITION_REPRESENTATION(#3746,#3752);
#3746 = PRODUCT_DEFINITION_SHAPE('','',#3747);
#3747 = PRODUCT_DEFINITION('design','',#3748,#3751);
#3748 = PRODUCT_DEFINITION_FORMATION('','',#3749);
#3749 = PRODUCT('Open CASCADE STEP translator 7.9 11.5',
  'Open CASCADE STEP translator 7.9 11.5','',(#3750));
#3750 = PRODUCT_CONTEXT('',#2,'mechanical');
#3751 = PRODUCT_DEFINITION_CONTEXT('part definition',#2,'design');
#3752 = ADVANCED_BREP_SHAPE_REPRESENTATION('',(#11,#3753),#4049);
#3753 = MANIFOLD_SOLID_BREP('',#3754);
#3754 = CLOSED_SHELL('',(#3755,#3843,#3897,#3901,#3936,#3990,#4045));
#3755 = ADVANCED_FACE('',(#3756),#3770,.T.);
#3756 = FACE_BOUND('',#3757,.F.);
#3757 = EDGE_LOOP('',(#3758,#3788,#3815,#3816));
#3758 = ORIENTED_EDGE('',*,*,#3759,.T.);
#3759 = EDGE_CURVE('',#3760,#3762,#3764,.T.);
#3760 = VERTEX_POINT('',#3761);
#3761 = CARTESIAN_POINT('',(26.,0.,0.));
#3762 = VERTEX_POINT('',#3763);
#3763 = CARTESIAN_POINT('',(26.,0.,5.));
#3764 = SEAM_CURVE('',#3765,(#3769,#3781),.PCURVE_S1.);
#3765 = LINE('',#3766,#3767);
#3766 = CARTESIAN_POINT('',(26.,0.,0.));
#3767 = VECTOR('',#3768,1.);
#3768 = DIRECTION('',(0.,0.,1.));
#3769 = PCURVE('',#3770,#3775);
#3770 = CYLINDRICAL_SURFACE('',#3771,26.);
#3771 = AXIS2_PLACEMENT_3D('',#3772,#3773,#3774);
#3772 = CARTESIAN_POINT('',(0.,0.,0.));
#3773 = DIRECTION('',(-0.,-0.,-1.));
#3774 = DIRECTION('',(1.,0.,0.));
#3775 = DEFINITIONAL_REPRESENTATION('',(#3776),#3780);
#3776 = LINE('',#3777,#3778);
#3777 = CARTESIAN_POINT('',(-0.,0.));
#3778 = VECTOR('',#3779,1.);
#3779 = DIRECTION('',(-0.,-1.));
#3780 = ( GEOMETRIC_REPRESENTATION_CONTEXT(2) 
PARAMETRIC_REPRESENTATION_CONTEXT() REPRESENTATION_CONTEXT('2D SPACE',''
  ) );
#3781 = PCURVE('',#3770,#3782);
#3782 = DEFINITIONAL_REPRESENTATION('',(#3783),#3787);
#3783 = LINE('',#3784,#3785);
#3784 = CARTESIAN_POINT('',(-6.28318530718,0.));
#3785 = VECTOR('',#3786,1.);
#3786 = DIRECTION('',(-0.,-1.));
#3787 = ( GEOMETRIC_REPRESENTATION_CONTEXT(2) 
PARAMETRIC_REPRESENTATION_CONTEXT() REPRESENTATION_CONTEXT('2D SPACE',''
  ) );
#3788 = ORIENTED_EDGE('',*,*,#3789,.T.);
#3789 = EDGE_CURVE('',#3762,#3762,#3790,.T.);
#3790 = SURFACE_CURVE('',#3791,(#3796,#3803),.PCURVE_S1.);
#3791 = CIRCLE('',#3792,26.);
#3792 = AXIS2_PLACEMENT_3D('',#3793,#3794,#3795);
#3793 = CARTESIAN_POINT('',(0.,0.,5.));
#3794 = DIRECTION('',(0.,0.,1.));
#3795 = DIRECTION('',(1.,0.,-0.));
#3796 = PCURVE('',#3770,#3797);
#3797 = DEFINITIONAL_REPRESENTATION('',(#3798),#3802);
#3798 = LINE('',#3799,#3800);
#3799 = CARTESIAN_POINT('',(-0.,-5.));
#3800 = VECTOR('',#3801,1.);
#3801 = DIRECTION('',(-1.,0.));
#3802 = ( GEOMETRIC_REPRESENTATION_CONTEXT(2) 
PARAMETRIC_REPRESENTATION_CONTEXT() REPRESENTATION_CONTEXT('2D SPACE',''
  ) );
#3803 = PCURVE('',#3804,#3809);
#3804 = TOROIDAL_SURFACE('',#3805,25.,1.);
#3805 = AXIS2_PLACEMENT_3D('',#3806,#3807,#3808);
#3806 = CARTESIAN_POINT('',(0.,0.,5.));
#3807 = DIRECTION('',(0.,0.,1.));
#3808 = DIRECTION('',(1.,0.,-0.));
#3809 = DEFINITIONAL_REPRESENTATION('',(#3810),#3814);
#3810 = LINE('',#3811,#3812);
#3811 = CARTESIAN_POINT('',(0.,0.));
#3812 = VECTOR('',#3813,1.);
#3813 = DIRECTION('',(1.,0.));
#3814 = ( GEOMETRIC_REPRESENTATION_CONTEXT(2) 
PARAMETRIC_REPRESENTATION_CONTEXT() REPRESENTATION_CONTEXT('2D SPACE',''
  ) );
#3815 = ORIENTED_EDGE('',*,*,#3759,.F.);
#3816 = ORIENTED_EDGE('',*,*,#3817,.F.);
#3817 = EDGE_CURVE('',#3760,#3760,#3818,.T.);
#3818 = SURFACE_CURVE('',#3819,(#3824,#3831),.PCURVE_S1.);
#3819 = CIRCLE('',#3820,26.);
#3820 = AXIS2_PLACEMENT_3D('',#3821,#3822,#3823);
#3821 = CARTESIAN_POINT('',(0.,0.,0.));
#3822 = DIRECTION('',(0.,0.,1.));
#3823 = DIRECTION('',(1.,0.,0.));
#3824 = PCURVE('',#3770,#3825);
#3825 = DEFINITIONAL_REPRESENTATION('',(#3826),#3830);
#3826 = LINE('',#3827,#3828);
#3827 = CARTESIAN_POINT('',(-0.,0.));
#3828 = VECTOR('',#3829,1.);
#3829 = DIRECTION('',(-1.,0.));
#3830 = ( GEOMETRIC_REPRESENTATION_CONTEXT(2) 
PARAMETRIC_REPRESENTATION_CONTEXT() REPRESENTATION_CONTEXT('2D SPACE',''
  ) );
#3831 = PCURVE('',#3832,#3837);
#3832 = PLANE('',#3833);
#3833 = AXIS2_PLACEMENT_3D('',#3834,#3835,#3836);
#3834 = CARTESIAN_POINT('',(-8.415016200243E-16,2.304645920836E-15,0.));
#3835 = DIRECTION('',(0.,0.,1.));
#3836 = DIRECTION('',(1.,0.,-0.));
#3837 = DEFINITIONAL_REPRESENTATION('',(#3838),#3842);
#3838 = CIRCLE('',#3839,26.);
#3839 = AXIS2_PLACEMENT_2D('',#3840,#3841);
#3840 = CARTESIAN_POINT('',(8.415016200243E-16,-2.304645920836E-15));
#3841 = DIRECTION('',(1.,0.));
#3842 = ( GEOMETRIC_REPRESENTATION_CONTEXT(2) 
PARAMETRIC_REPRESENTATION_CONTEXT() REPRESENTATION_CONTEXT('2D SPACE',''
  ) );
#3843 = ADVANCED_FACE('',(#3844),#3804,.T.);
#3844 = FACE_BOUND('',#3845,.T.);
#3845 = EDGE_LOOP('',(#3846,#3868,#3869,#3870));
#3846 = ORIENTED_EDGE('',*,*,#3847,.F.);
#3847 = EDGE_CURVE('',#3762,#3848,#3850,.T.);
#3848 = VERTEX_POINT('',#3849);
#3849 = CARTESIAN_POINT('',(25.,0.,6.));
#3850 = SEAM_CURVE('',#3851,(#3856,#3862),.PCURVE_S1.);
#3851 = CIRCLE('',#3852,1.);
#3852 = AXIS2_PLACEMENT_3D('',#3853,#3854,#3855);
#3853 = CARTESIAN_POINT('',(25.,0.,5.));
#3854 = DIRECTION('',(0.,-1.,0.));
#3855 = DIRECTION('',(1.,0.,0.));
#3856 = PCURVE('',#3804,#3857);
#3857 = DEFINITIONAL_REPRESENTATION('',(#3858),#3861);
#3858 = B_SPLINE_CURVE_WITH_KNOTS('',1,(#3859,#3860),.UNSPECIFIED.,.F.,
  .F.,(2,2),(0.,1.570796326795),.PIECEWISE_BEZIER_KNOTS.);
#3859 = CARTESIAN_POINT('',(0.,0.));
#3860 = CARTESIAN_POINT('',(0.,1.570796326795));
#3861 = ( GEOMETRIC_REPRESENTATION_CONTEXT(2) 
PARAMETRIC_REPRESENTATION_CONTEXT() REPRESENTATION_CONTEXT('2D SPACE',''
  ) );
#3862 = PCURVE('',#3804,#3863);
#3863 = DEFINITIONAL_REPRESENTATION('',(#3864),#3867);
#3864 = B_SPLINE_CURVE_WITH_KNOTS('',1,(#3865,#3866),.UNSPECIFIED.,.F.,
  .F.,(2,2),(0.,1.570796326795),.PIECEWISE_BEZIER_KNOTS.);
#3865 = CARTESIAN_POINT('',(6.28318530718,0.));
#3866 = CARTESIAN_POINT('',(6.28318530718,1.570796326795));
#3867 = ( GEOMETRIC_REPRESENTATION_CONTEXT(2) 
PARAMETRIC_REPRESENTATION_CONTEXT() REPRESENTATION_CONTEXT('2D SPACE',''
  ) );
#3868 = ORIENTED_EDGE('',*,*,#3789,.T.);
#3869 = ORIENTED_EDGE('',*,*,#3847,.T.);
#3870 = ORIENTED_EDGE('',*,*,#3871,.F.);
#3871 = EDGE_CURVE('',#3848,#3848,#3872,.T.);
#3872 = SURFACE_CURVE('',#3873,(#3878,#3885),.PCURVE_S1.);
#3873 = CIRCLE('',#3874,25.);
#3874 = AXIS2_PLACEMENT_3D('',#3875,#3876,#3877);
#3875 = CARTESIAN_POINT('',(0.,0.,6.));
#3876 = DIRECTION('',(0.,0.,1.));
#3877 = DIRECTION('',(1.,0.,-0.));
#3878 = PCURVE('',#3804,#3879);
#3879 = DEFINITIONAL_REPRESENTATION('',(#3880),#3884);
#3880 = LINE('',#3881,#3882);
#3881 = CARTESIAN_POINT('',(0.,1.570796326795));
#3882 = VECTOR('',#3883,1.);
#3883 = DIRECTION('',(1.,0.));
#3884 = ( GEOMETRIC_REPRESENTATION_CONTEXT(2) 
PARAMETRIC_REPRESENTATION_CONTEXT() REPRESENTATION_CONTEXT('2D SPACE',''
  ) );
#3885 = PCURVE('',#3886,#3891);
#3886 = PLANE('',#3887);
#3887 = AXIS2_PLACEMENT_3D('',#3888,#3889,#3890);
#3888 = CARTESIAN_POINT('',(-8.415016200243E-16,2.304645920836E-15,6.));
#3889 = DIRECTION('',(0.,0.,1.));
#3890 = DIRECTION('',(1.,0.,-0.));
#3891 = DEFINITIONAL_REPRESENTATION('',(#3892),#3896);
#3892 = CIRCLE('',#3893,25.);
#3893 = AXIS2_PLACEMENT_2D('',#3894,#3895);
#3894 = CARTESIAN_POINT('',(8.415016200243E-16,-2.304645920836E-15));
#3895 = DIRECTION('',(1.,0.));
#3896 = ( GEOMETRIC_REPRESENTATION_CONTEXT(2) 
PARAMETRIC_REPRESENTATION_CONTEXT() REPRESENTATION_CONTEXT('2D SPACE',''
  ) );
#3897 = ADVANCED_FACE('',(#3898),#3832,.F.);
#3898 = FACE_BOUND('',#3899,.F.);
#3899 = EDGE_LOOP('',(#3900));
#3900 = ORIENTED_EDGE('',*,*,#3817,.T.);
#3901 = ADVANCED_FACE('',(#3902,#3905),#3886,.T.);
#3902 = FACE_BOUND('',#3903,.T.);
#3903 = EDGE_LOOP('',(#3904));
#3904 = ORIENTED_EDGE('',*,*,#3871,.T.);
#3905 = FACE_BOUND('',#3906,.T.);
#3906 = EDGE_LOOP('',(#3907));
#3907 = ORIENTED_EDGE('',*,*,#3908,.F.);
#3908 = EDGE_CURVE('',#3909,#3909,#3911,.T.);
#3909 = VERTEX_POINT('',#3910);
#3910 = CARTESIAN_POINT('',(21.,0.,6.));
#3911 = SURFACE_CURVE('',#3912,(#3917,#3924),.PCURVE_S1.);
#3912 = CIRCLE('',#3913,21.);
#3913 = AXIS2_PLACEMENT_3D('',#3914,#3915,#3916);
#3914 = CARTESIAN_POINT('',(0.,0.,6.));
#3915 = DIRECTION('',(0.,0.,1.));
#3916 = DIRECTION('',(1.,0.,-0.));
#3917 = PCURVE('',#3886,#3918);
#3918 = DEFINITIONAL_REPRESENTATION('',(#3919),#3923);
#3919 = CIRCLE('',#3920,21.);
#3920 = AXIS2_PLACEMENT_2D('',#3921,#3922);
#3921 = CARTESIAN_POINT('',(8.415016200243E-16,-2.304645920836E-15));
#3922 = DIRECTION('',(1.,0.));
#3923 = ( GEOMETRIC_REPRESENTATION_CONTEXT(2) 
PARAMETRIC_REPRESENTATION_CONTEXT() REPRESENTATION_CONTEXT('2D SPACE',''
  ) );
#3924 = PCURVE('',#3925,#3930);
#3925 = TOROIDAL_SURFACE('',#3926,21.,1.);
#3926 = AXIS2_PLACEMENT_3D('',#3927,#3928,#3929);
#3927 = CARTESIAN_POINT('',(0.,0.,5.));
#3928 = DIRECTION('',(0.,0.,1.));
#3929 = DIRECTION('',(1.,0.,-0.));
#3930 = DEFINITIONAL_REPRESENTATION('',(#3931),#3935);
#3931 = LINE('',#3932,#3933);
#3932 = CARTESIAN_POINT('',(0.,1.570796326795));
#3933 = VECTOR('',#3934,1.);
#3934 = DIRECTION('',(1.,0.));
#3935 = ( GEOMETRIC_REPRESENTATION_CONTEXT(2) 
PARAMETRIC_REPRESENTATION_CONTEXT() REPRESENTATION_CONTEXT('2D SPACE',''
  ) );
#3936 = ADVANCED_FACE('',(#3937),#3925,.T.);
#3937 = FACE_BOUND('',#3938,.T.);
#3938 = EDGE_LOOP('',(#3939,#3961,#3962,#3963));
#3939 = ORIENTED_EDGE('',*,*,#3940,.F.);
#3940 = EDGE_CURVE('',#3909,#3941,#3943,.T.);
#3941 = VERTEX_POINT('',#3942);
#3942 = CARTESIAN_POINT('',(20.,0.,5.));
#3943 = SEAM_CURVE('',#3944,(#3949,#3955),.PCURVE_S1.);
#3944 = CIRCLE('',#3945,1.);
#3945 = AXIS2_PLACEMENT_3D('',#3946,#3947,#3948);
#3946 = CARTESIAN_POINT('',(21.,0.,5.));
#3947 = DIRECTION('',(0.,-1.,0.));
#3948 = DIRECTION('',(1.,0.,0.));
#3949 = PCURVE('',#3925,#3950);
#3950 = DEFINITIONAL_REPRESENTATION('',(#3951),#3954);
#3951 = B_SPLINE_CURVE_WITH_KNOTS('',1,(#3952,#3953),.UNSPECIFIED.,.F.,
  .F.,(2,2),(1.570796326795,3.14159265359),.PIECEWISE_BEZIER_KNOTS.);
#3952 = CARTESIAN_POINT('',(0.,1.570796326795));
#3953 = CARTESIAN_POINT('',(0.,3.14159265359));
#3954 = ( GEOMETRIC_REPRESENTATION_CONTEXT(2) 
PARAMETRIC_REPRESENTATION_CONTEXT() REPRESENTATION_CONTEXT('2D SPACE',''
  ) );
#3955 = PCURVE('',#3925,#3956);
#3956 = DEFINITIONAL_REPRESENTATION('',(#3957),#3960);
#3957 = B_SPLINE_CURVE_WITH_KNOTS('',1,(#3958,#3959),.UNSPECIFIED.,.F.,
  .F.,(2,2),(1.570796326795,3.14159265359),.PIECEWISE_BEZIER_KNOTS.);
#3958 = CARTESIAN_POINT('',(6.28318530718,1.570796326795));
#3959 = CARTESIAN_POINT('',(6.28318530718,3.14159265359));
#3960 = ( GEOMETRIC_REPRESENTATION_CONTEXT(2) 
PARAMETRIC_REPRESENTATION_CONTEXT() REPRESENTATION_CONTEXT('2D SPACE',''
  ) );
#3961 = ORIENTED_EDGE('',*,*,#3908,.T.);
#3962 = ORIENTED_EDGE('',*,*,#3940,.T.);
#3963 = ORIENTED_EDGE('',*,*,#3964,.F.);
#3964 = EDGE_CURVE('',#3941,#3941,#3965,.T.);
#3965 = SURFACE_CURVE('',#3966,(#3971,#3978),.PCURVE_S1.);
#3966 = CIRCLE('',#3967,20.);
#3967 = AXIS2_PLACEMENT_3D('',#3968,#3969,#3970);
#3968 = CARTESIAN_POINT('',(0.,0.,5.));
#3969 = DIRECTION('',(0.,0.,1.));
#3970 = DIRECTION('',(1.,0.,-0.));
#3971 = PCURVE('',#3925,#3972);
#3972 = DEFINITIONAL_REPRESENTATION('',(#3973),#3977);
#3973 = LINE('',#3974,#3975);
#3974 = CARTESIAN_POINT('',(0.,3.14159265359));
#3975 = VECTOR('',#3976,1.);
#3976 = DIRECTION('',(1.,0.));
#3977 = ( GEOMETRIC_REPRESENTATION_CONTEXT(2) 
PARAMETRIC_REPRESENTATION_CONTEXT() REPRESENTATION_CONTEXT('2D SPACE',''
  ) );
#3978 = PCURVE('',#3979,#3984);
#3979 = CYLINDRICAL_SURFACE('',#3980,20.);
#3980 = AXIS2_PLACEMENT_3D('',#3981,#3982,#3983);
#3981 = CARTESIAN_POINT('',(0.,0.,6.));
#3982 = DIRECTION('',(0.,0.,1.));
#3983 = DIRECTION('',(1.,0.,0.));
#3984 = DEFINITIONAL_REPRESENTATION('',(#3985),#3989);
#3985 = LINE('',#3986,#3987);
#3986 = CARTESIAN_POINT('',(0.,-1.));
#3987 = VECTOR('',#3988,1.);
#3988 = DIRECTION('',(1.,0.));
#3989 = ( GEOMETRIC_REPRESENTATION_CONTEXT(2) 
PARAMETRIC_REPRESENTATION_CONTEXT() REPRESENTATION_CONTEXT('2D SPACE',''
  ) );
#3990 = ADVANCED_FACE('',(#3991),#3979,.F.);
#3991 = FACE_BOUND('',#3992,.F.);
#3992 = EDGE_LOOP('',(#3993,#4016,#4043,#4044));
#3993 = ORIENTED_EDGE('',*,*,#3994,.T.);
#3994 = EDGE_CURVE('',#3941,#3995,#3997,.T.);
#3995 = VERTEX_POINT('',#3996);
#3996 = CARTESIAN_POINT('',(20.,0.,3.));
#3997 = SEAM_CURVE('',#3998,(#4002,#4009),.PCURVE_S1.);
#3998 = LINE('',#3999,#4000);
#3999 = CARTESIAN_POINT('',(20.,0.,6.));
#4000 = VECTOR('',#4001,1.);
#4001 = DIRECTION('',(-0.,-0.,-1.));
#4002 = PCURVE('',#3979,#4003);
#4003 = DEFINITIONAL_REPRESENTATION('',(#4004),#4008);
#4004 = LINE('',#4005,#4006);
#4005 = CARTESIAN_POINT('',(0.,0.));
#4006 = VECTOR('',#4007,1.);
#4007 = DIRECTION('',(0.,-1.));
#4008 = ( GEOMETRIC_REPRESENTATION_CONTEXT(2) 
PARAMETRIC_REPRESENTATION_CONTEXT() REPRESENTATION_CONTEXT('2D SPACE',''
  ) );
#4009 = PCURVE('',#3979,#4010);
#4010 = DEFINITIONAL_REPRESENTATION('',(#4011),#4015);
#4011 = LINE('',#4012,#4013);
#4012 = CARTESIAN_POINT('',(6.28318530718,0.));
#4013 = VECTOR('',#4014,1.);
#4014 = DIRECTION('',(0.,-1.));
#4015 = ( GEOMETRIC_REPRESENTATION_CONTEXT(2) 
PARAMETRIC_REPRESENTATION_CONTEXT() REPRESENTATION_CONTEXT('2D SPACE',''
  ) );
#4016 = ORIENTED_EDGE('',*,*,#4017,.T.);
#4017 = EDGE_CURVE('',#3995,#3995,#4018,.T.);
#4018 = SURFACE_CURVE('',#4019,(#4024,#4031),.PCURVE_S1.);
#4019 = CIRCLE('',#4020,20.);
#4020 = AXIS2_PLACEMENT_3D('',#4021,#4022,#4023);
#4021 = CARTESIAN_POINT('',(0.,0.,3.));
#4022 = DIRECTION('',(0.,0.,1.));
#4023 = DIRECTION('',(1.,0.,0.));
#4024 = PCURVE('',#3979,#4025);
#4025 = DEFINITIONAL_REPRESENTATION('',(#4026),#4030);
#4026 = LINE('',#4027,#4028);
#4027 = CARTESIAN_POINT('',(0.,-3.));
#4028 = VECTOR('',#4029,1.);
#4029 = DIRECTION('',(1.,0.));
#4030 = ( GEOMETRIC_REPRESENTATION_CONTEXT(2) 
PARAMETRIC_REPRESENTATION_CONTEXT() REPRESENTATION_CONTEXT('2D SPACE',''
  ) );
#4031 = PCURVE('',#4032,#4037);
#4032 = PLANE('',#4033);
#4033 = AXIS2_PLACEMENT_3D('',#4034,#4035,#4036);
#4034 = CARTESIAN_POINT('',(-1.093952106032E-15,1.371473012632E-15,3.));
#4035 = DIRECTION('',(0.,0.,1.));
#4036 = DIRECTION('',(1.,0.,-0.));
#4037 = DEFINITIONAL_REPRESENTATION('',(#4038),#4042);
#4038 = CIRCLE('',#4039,20.);
#4039 = AXIS2_PLACEMENT_2D('',#4040,#4041);
#4040 = CARTESIAN_POINT('',(1.093952106032E-15,-1.371473012632E-15));
#4041 = DIRECTION('',(1.,0.));
#4042 = ( GEOMETRIC_REPRESENTATION_CONTEXT(2) 
PARAMETRIC_REPRESENTATION_CONTEXT() REPRESENTATION_CONTEXT('2D SPACE',''
  ) );
#4043 = ORIENTED_EDGE('',*,*,#3994,.F.);
#4044 = ORIENTED_EDGE('',*,*,#3964,.F.);
#4045 = ADVANCED_FACE('',(#4046),#4032,.T.);
#4046 = FACE_BOUND('',#4047,.T.);
#4047 = EDGE_LOOP('',(#4048));
#4048 = ORIENTED_EDGE('',*,*,#4017,.T.);
#4049 = ( GEOMETRIC_REPRESENTATION_CONTEXT(3) 
GLOBAL_UNCERTAINTY_ASSIGNED_CONTEXT((#4053)) 
GLOBAL_UNIT_ASSIGNED_CONTEXT((#4050,#4051,#4052)) REPRESENTATION_CONTEXT
('Context #1','3D Context with UNIT and UNCERTAINTY') );
#4050 = ( LENGTH_UNIT() NAMED_UNIT(*) SI_UNIT(.MILLI.,.METRE.) );
#4051 = ( NAMED_UNIT(*) PLANE_ANGLE_UNIT() SI_UNIT($,.RADIAN.) );
#4052 = ( NAMED_UNIT(*) SI_UNIT($,.STERADIAN.) SOLID_ANGLE_UNIT() );
#4053 = UNCERTAINTY_MEASURE_WITH_UNIT(LENGTH_MEASURE(1.E-07),#4050,
  'distance_accuracy_value','confusion accuracy');
#4054 = CONTEXT_DEPENDENT_SHAPE_REPRESENTATION(#4055,#4057);
#4055 = ( REPRESENTATION_RELATIONSHIP('','',#3752,#10) 
REPRESENTATION_RELATIONSHIP_WITH_TRANSFORMATION(#4056) 
SHAPE_REPRESENTATION_RELATIONSHIP() );
#4056 = ITEM_DEFINED_TRANSFORMATION('','',#11,#31);
#4057 = PRODUCT_DEFINITION_SHAPE('Placement','Placement of an item',
  #4058);
#4058 = NEXT_ASSEMBLY_USAGE_OCCURRENCE('5','','',#5,#3747,$);
#4059 = PRODUCT_RELATED_PRODUCT_CATEGORY('part',$,(#3749));
#4060 = SHAPE_DEFINITION_REPRESENTATION(#4061,#4067);
#4061 = PRODUCT_DEFINITION_SHAPE('','',#4062);
#4062 = PRODUCT_DEFINITION('design','',#4063,#4066);
#4063 = PRODUCT_DEFINITION_FORMATION('','',#4064);
#4064 = PRODUCT('Open CASCADE STEP translator 7.9 11.6',
  'Open CASCADE STEP translator 7.9 11.6','',(#4065));
#4065 = PRODUCT_CONTEXT('',#2,'mechanical');
#4066 = PRODUCT_DEFINITION_CONTEXT('part definition',#2,'design');
#4067 = ADVANCED_BREP_SHAPE_REPRESENTATION('',(#11,#4068),#4697);
#4068 = MANIFOLD_SOLID_BREP('',#4069);
#4069 = CLOSED_SHELL('',(#4070,#4190,#4266,#4342,#4451,#4524,#4551,#4578
    ,#4585,#4640,#4693));
#4070 = ADVANCED_FACE('',(#4071),#4085,.F.);
#4071 = FACE_BOUND('',#4072,.F.);
#4072 = EDGE_LOOP('',(#4073,#4108,#4136,#4164));
#4073 = ORIENTED_EDGE('',*,*,#4074,.T.);
#4074 = EDGE_CURVE('',#4075,#4077,#4079,.T.);
#4075 = VERTEX_POINT('',#4076);
#4076 = CARTESIAN_POINT('',(5.1,0.,0.));
#4077 = VERTEX_POINT('',#4078);
#4078 = CARTESIAN_POINT('',(5.1,0.,3.9));
#4079 = SURFACE_CURVE('',#4080,(#4084,#4096),.PCURVE_S1.);
#4080 = LINE('',#4081,#4082);
#4081 = CARTESIAN_POINT('',(5.1,0.,0.));
#4082 = VECTOR('',#4083,1.);
#4083 = DIRECTION('',(0.,0.,1.));
#4084 = PCURVE('',#4085,#4090);
#4085 = PLANE('',#4086);
#4086 = AXIS2_PLACEMENT_3D('',#4087,#4088,#4089);
#4087 = CARTESIAN_POINT('',(5.1,0.,0.));
#4088 = DIRECTION('',(-0.866025403784,-0.5,0.));
#4089 = DIRECTION('',(-0.5,0.866025403784,0.));
#4090 = DEFINITIONAL_REPRESENTATION('',(#4091),#4095);
#4091 = LINE('',#4092,#4093);
#4092 = CARTESIAN_POINT('',(0.,0.));
#4093 = VECTOR('',#4094,1.);
#4094 = DIRECTION('',(0.,-1.));
#4095 = ( GEOMETRIC_REPRESENTATION_CONTEXT(2) 
PARAMETRIC_REPRESENTATION_CONTEXT() REPRESENTATION_CONTEXT('2D SPACE',''
  ) );
#4096 = PCURVE('',#4097,#4102);
#4097 = PLANE('',#4098);
#4098 = AXIS2_PLACEMENT_3D('',#4099,#4100,#4101);
#4099 = CARTESIAN_POINT('',(2.55,-4.416729559301,0.));
#4100 = DIRECTION('',(-0.866025403784,0.5,0.));
#4101 = DIRECTION('',(0.5,0.866025403784,0.));
#4102 = DEFINITIONAL_REPRESENTATION('',(#4103),#4107);
#4103 = LINE('',#4104,#4105);
#4104 = CARTESIAN_POINT('',(5.1,0.));
#4105 = VECTOR('',#4106,1.);
#4106 = DIRECTION('',(0.,-1.));
#4107 = ( GEOMETRIC_REPRESENTATION_CONTEXT(2) 
PARAMETRIC_REPRESENTATION_CONTEXT() REPRESENTATION_CONTEXT('2D SPACE',''
  ) );
#4108 = ORIENTED_EDGE('',*,*,#4109,.T.);
#4109 = EDGE_CURVE('',#4077,#4110,#4112,.T.);
#4110 = VERTEX_POINT('',#4111);
#4111 = CARTESIAN_POINT('',(2.55,4.416729559301,3.9));
#4112 = SURFACE_CURVE('',#4113,(#4117,#4124),.PCURVE_S1.);
#4113 = LINE('',#4114,#4115);
#4114 = CARTESIAN_POINT('',(5.1,0.,3.9));
#4115 = VECTOR('',#4116,1.);
#4116 = DIRECTION('',(-0.5,0.866025403784,0.));
#4117 = PCURVE('',#4085,#4118);
#4118 = DEFINITIONAL_REPRESENTATION('',(#4119),#4123);
#4119 = LINE('',#4120,#4121);
#4120 = CARTESIAN_POINT('',(0.,-3.9));
#4121 = VECTOR('',#4122,1.);
#4122 = DIRECTION('',(1.,0.));
#4123 = ( GEOMETRIC_REPRESENTATION_CONTEXT(2) 
PARAMETRIC_REPRESENTATION_CONTEXT() REPRESENTATION_CONTEXT('2D SPACE',''
  ) );
#4124 = PCURVE('',#4125,#4130);
#4125 = PLANE('',#4126);
#4126 = AXIS2_PLACEMENT_3D('',#4127,#4128,#4129);
#4127 = CARTESIAN_POINT('',(-1.741526313138E-16,-2.902543855229E-16,3.9)
  );
#4128 = DIRECTION('',(0.,0.,1.));
#4129 = DIRECTION('',(1.,0.,-0.));
#4130 = DEFINITIONAL_REPRESENTATION('',(#4131),#4135);
#4131 = LINE('',#4132,#4133);
#4132 = CARTESIAN_POINT('',(5.1,2.902543855229E-16));
#4133 = VECTOR('',#4134,1.);
#4134 = DIRECTION('',(-0.5,0.866025403784));
#4135 = ( GEOMETRIC_REPRESENTATION_CONTEXT(2) 
PARAMETRIC_REPRESENTATION_CONTEXT() REPRESENTATION_CONTEXT('2D SPACE',''
  ) );
#4136 = ORIENTED_EDGE('',*,*,#4137,.F.);
#4137 = EDGE_CURVE('',#4138,#4110,#4140,.T.);
#4138 = VERTEX_POINT('',#4139);
#4139 = CARTESIAN_POINT('',(2.55,4.416729559301,0.));
#4140 = SURFACE_CURVE('',#4141,(#4145,#4152),.PCURVE_S1.);
#4141 = LINE('',#4142,#4143);
#4142 = CARTESIAN_POINT('',(2.55,4.416729559301,0.));
#4143 = VECTOR('',#4144,1.);
#4144 = DIRECTION('',(0.,0.,1.));
#4145 = PCURVE('',#4085,#4146);
#4146 = DEFINITIONAL_REPRESENTATION('',(#4147),#4151);
#4147 = LINE('',#4148,#4149);
#4148 = CARTESIAN_POINT('',(5.1,0.));
#4149 = VECTOR('',#4150,1.);
#4150 = DIRECTION('',(0.,-1.));
#4151 = ( GEOMETRIC_REPRESENTATION_CONTEXT(2) 
PARAMETRIC_REPRESENTATION_CONTEXT() REPRESENTATION_CONTEXT('2D SPACE',''
  ) );
#4152 = PCURVE('',#4153,#4158);
#4153 = PLANE('',#4154);
#4154 = AXIS2_PLACEMENT_3D('',#4155,#4156,#4157);
#4155 = CARTESIAN_POINT('',(2.55,4.416729559301,0.));
#4156 = DIRECTION('',(-1.741526313138E-16,-1.,0.));
#4157 = DIRECTION('',(-1.,1.741526313138E-16,0.));
#4158 = DEFINITIONAL_REPRESENTATION('',(#4159),#4163);
#4159 = LINE('',#4160,#4161);
#4160 = CARTESIAN_POINT('',(0.,0.));
#4161 = VECTOR('',#4162,1.);
#4162 = DIRECTION('',(0.,-1.));
#4163 = ( GEOMETRIC_REPRESENTATION_CONTEXT(2) 
PARAMETRIC_REPRESENTATION_CONTEXT() REPRESENTATION_CONTEXT('2D SPACE',''
  ) );
#4164 = ORIENTED_EDGE('',*,*,#4165,.F.);
#4165 = EDGE_CURVE('',#4075,#4138,#4166,.T.);
#4166 = SURFACE_CURVE('',#4167,(#4171,#4178),.PCURVE_S1.);
#4167 = LINE('',#4168,#4169);
#4168 = CARTESIAN_POINT('',(5.1,0.,0.));
#4169 = VECTOR('',#4170,1.);
#4170 = DIRECTION('',(-0.5,0.866025403784,0.));
#4171 = PCURVE('',#4085,#4172);
#4172 = DEFINITIONAL_REPRESENTATION('',(#4173),#4177);
#4173 = LINE('',#4174,#4175);
#4174 = CARTESIAN_POINT('',(0.,0.));
#4175 = VECTOR('',#4176,1.);
#4176 = DIRECTION('',(1.,0.));
#4177 = ( GEOMETRIC_REPRESENTATION_CONTEXT(2) 
PARAMETRIC_REPRESENTATION_CONTEXT() REPRESENTATION_CONTEXT('2D SPACE',''
  ) );
#4178 = PCURVE('',#4179,#4184);
#4179 = PLANE('',#4180);
#4180 = AXIS2_PLACEMENT_3D('',#4181,#4182,#4183);
#4181 = CARTESIAN_POINT('',(-1.741526313138E-16,-2.902543855229E-16,0.)
  );
#4182 = DIRECTION('',(0.,0.,1.));
#4183 = DIRECTION('',(1.,0.,-0.));
#4184 = DEFINITIONAL_REPRESENTATION('',(#4185),#4189);
#4185 = LINE('',#4186,#4187);
#4186 = CARTESIAN_POINT('',(5.1,2.902543855229E-16));
#4187 = VECTOR('',#4188,1.);
#4188 = DIRECTION('',(-0.5,0.866025403784));
#4189 = ( GEOMETRIC_REPRESENTATION_CONTEXT(2) 
PARAMETRIC_REPRESENTATION_CONTEXT() REPRESENTATION_CONTEXT('2D SPACE',''
  ) );
#4190 = ADVANCED_FACE('',(#4191),#4097,.F.);
#4191 = FACE_BOUND('',#4192,.F.);
#4192 = EDGE_LOOP('',(#4193,#4223,#4244,#4245));
#4193 = ORIENTED_EDGE('',*,*,#4194,.T.);
#4194 = EDGE_CURVE('',#4195,#4197,#4199,.T.);
#4195 = VERTEX_POINT('',#4196);
#4196 = CARTESIAN_POINT('',(2.55,-4.416729559301,0.));
#4197 = VERTEX_POINT('',#4198);
#4198 = CARTESIAN_POINT('',(2.55,-4.416729559301,3.9));
#4199 = SURFACE_CURVE('',#4200,(#4204,#4211),.PCURVE_S1.);
#4200 = LINE('',#4201,#4202);
#4201 = CARTESIAN_POINT('',(2.55,-4.416729559301,0.));
#4202 = VECTOR('',#4203,1.);
#4203 = DIRECTION('',(0.,0.,1.));
#4204 = PCURVE('',#4097,#4205);
#4205 = DEFINITIONAL_REPRESENTATION('',(#4206),#4210);
#4206 = LINE('',#4207,#4208);
#4207 = CARTESIAN_POINT('',(0.,0.));
#4208 = VECTOR('',#4209,1.);
#4209 = DIRECTION('',(0.,-1.));
#4210 = ( GEOMETRIC_REPRESENTATION_CONTEXT(2) 
PARAMETRIC_REPRESENTATION_CONTEXT() REPRESENTATION_CONTEXT('2D SPACE',''
  ) );
#4211 = PCURVE('',#4212,#4217);
#4212 = PLANE('',#4213);
#4213 = AXIS2_PLACEMENT_3D('',#4214,#4215,#4216);
#4214 = CARTESIAN_POINT('',(-2.55,-4.416729559301,0.));
#4215 = DIRECTION('',(6.96610525255E-16,1.,-0.));
#4216 = DIRECTION('',(1.,-6.96610525255E-16,0.));
#4217 = DEFINITIONAL_REPRESENTATION('',(#4218),#4222);
#4218 = LINE('',#4219,#4220);
#4219 = CARTESIAN_POINT('',(5.1,0.));
#4220 = VECTOR('',#4221,1.);
#4221 = DIRECTION('',(0.,-1.));
#4222 = ( GEOMETRIC_REPRESENTATION_CONTEXT(2) 
PARAMETRIC_REPRESENTATION_CONTEXT() REPRESENTATION_CONTEXT('2D SPACE',''
  ) );
#4223 = ORIENTED_EDGE('',*,*,#4224,.T.);
#4224 = EDGE_CURVE('',#4197,#4077,#4225,.T.);
#4225 = SURFACE_CURVE('',#4226,(#4230,#4237),.PCURVE_S1.);
#4226 = LINE('',#4227,#4228);
#4227 = CARTESIAN_POINT('',(2.55,-4.416729559301,3.9));
#4228 = VECTOR('',#4229,1.);
#4229 = DIRECTION('',(0.5,0.866025403784,0.));
#4230 = PCURVE('',#4097,#4231);
#4231 = DEFINITIONAL_REPRESENTATION('',(#4232),#4236);
#4232 = LINE('',#4233,#4234);
#4233 = CARTESIAN_POINT('',(0.,-3.9));
#4234 = VECTOR('',#4235,1.);
#4235 = DIRECTION('',(1.,0.));
#4236 = ( GEOMETRIC_REPRESENTATION_CONTEXT(2) 
PARAMETRIC_REPRESENTATION_CONTEXT() REPRESENTATION_CONTEXT('2D SPACE',''
  ) );
#4237 = PCURVE('',#4125,#4238);
#4238 = DEFINITIONAL_REPRESENTATION('',(#4239),#4243);
#4239 = LINE('',#4240,#4241);
#4240 = CARTESIAN_POINT('',(2.55,-4.416729559301));
#4241 = VECTOR('',#4242,1.);
#4242 = DIRECTION('',(0.5,0.866025403784));
#4243 = ( GEOMETRIC_REPRESENTATION_CONTEXT(2) 
PARAMETRIC_REPRESENTATION_CONTEXT() REPRESENTATION_CONTEXT('2D SPACE',''
  ) );
#4244 = ORIENTED_EDGE('',*,*,#4074,.F.);
#4245 = ORIENTED_EDGE('',*,*,#4246,.F.);
#4246 = EDGE_CURVE('',#4195,#4075,#4247,.T.);
#4247 = SURFACE_CURVE('',#4248,(#4252,#4259),.PCURVE_S1.);
#4248 = LINE('',#4249,#4250);
#4249 = CARTESIAN_POINT('',(2.55,-4.416729559301,0.));
#4250 = VECTOR('',#4251,1.);
#4251 = DIRECTION('',(0.5,0.866025403784,0.));
#4252 = PCURVE('',#4097,#4253);
#4253 = DEFINITIONAL_REPRESENTATION('',(#4254),#4258);
#4254 = LINE('',#4255,#4256);
#4255 = CARTESIAN_POINT('',(0.,0.));
#4256 = VECTOR('',#4257,1.);
#4257 = DIRECTION('',(1.,0.));
#4258 = ( GEOMETRIC_REPRESENTATION_CONTEXT(2) 
PARAMETRIC_REPRESENTATION_CONTEXT() REPRESENTATION_CONTEXT('2D SPACE',''
  ) );
#4259 = PCURVE('',#4179,#4260);
#4260 = DEFINITIONAL_REPRESENTATION('',(#4261),#4265);
#4261 = LINE('',#4262,#4263);
#4262 = CARTESIAN_POINT('',(2.55,-4.416729559301));
#4263 = VECTOR('',#4264,1.);
#4264 = DIRECTION('',(0.5,0.866025403784));
#4265 = ( GEOMETRIC_REPRESENTATION_CONTEXT(2) 
PARAMETRIC_REPRESENTATION_CONTEXT() REPRESENTATION_CONTEXT('2D SPACE',''
  ) );
#4266 = ADVANCED_FACE('',(#4267),#4153,.F.);
#4267 = FACE_BOUND('',#4268,.F.);
#4268 = EDGE_LOOP('',(#4269,#4270,#4293,#4321));
#4269 = ORIENTED_EDGE('',*,*,#4137,.T.);
#4270 = ORIENTED_EDGE('',*,*,#4271,.T.);
#4271 = EDGE_CURVE('',#4110,#4272,#4274,.T.);
#4272 = VERTEX_POINT('',#4273);
#4273 = CARTESIAN_POINT('',(-2.55,4.416729559301,3.9));
#4274 = SURFACE_CURVE('',#4275,(#4279,#4286),.PCURVE_S1.);
#4275 = LINE('',#4276,#4277);
#4276 = CARTESIAN_POINT('',(2.55,4.416729559301,3.9));
#4277 = VECTOR('',#4278,1.);
#4278 = DIRECTION('',(-1.,1.741526313138E-16,0.));
#4279 = PCURVE('',#4153,#4280);
#4280 = DEFINITIONAL_REPRESENTATION('',(#4281),#4285);
#4281 = LINE('',#4282,#4283);
#4282 = CARTESIAN_POINT('',(0.,-3.9));
#4283 = VECTOR('',#4284,1.);
#4284 = DIRECTION('',(1.,0.));
#4285 = ( GEOMETRIC_REPRESENTATION_CONTEXT(2) 
PARAMETRIC_REPRESENTATION_CONTEXT() REPRESENTATION_CONTEXT('2D SPACE',''
  ) );
#4286 = PCURVE('',#4125,#4287);
#4287 = DEFINITIONAL_REPRESENTATION('',(#4288),#4292);
#4288 = LINE('',#4289,#4290);
#4289 = CARTESIAN_POINT('',(2.55,4.416729559301));
#4290 = VECTOR('',#4291,1.);
#4291 = DIRECTION('',(-1.,1.741526313138E-16));
#4292 = ( GEOMETRIC_REPRESENTATION_CONTEXT(2) 
PARAMETRIC_REPRESENTATION_CONTEXT() REPRESENTATION_CONTEXT('2D SPACE',''
  ) );
#4293 = ORIENTED_EDGE('',*,*,#4294,.F.);
#4294 = EDGE_CURVE('',#4295,#4272,#4297,.T.);
#4295 = VERTEX_POINT('',#4296);
#4296 = CARTESIAN_POINT('',(-2.55,4.416729559301,0.));
#4297 = SURFACE_CURVE('',#4298,(#4302,#4309),.PCURVE_S1.);
#4298 = LINE('',#4299,#4300);
#4299 = CARTESIAN_POINT('',(-2.55,4.416729559301,0.));
#4300 = VECTOR('',#4301,1.);
#4301 = DIRECTION('',(0.,0.,1.));
#4302 = PCURVE('',#4153,#4303);
#4303 = DEFINITIONAL_REPRESENTATION('',(#4304),#4308);
#4304 = LINE('',#4305,#4306);
#4305 = CARTESIAN_POINT('',(5.1,0.));
#4306 = VECTOR('',#4307,1.);
#4307 = DIRECTION('',(0.,-1.));
#4308 = ( GEOMETRIC_REPRESENTATION_CONTEXT(2) 
PARAMETRIC_REPRESENTATION_CONTEXT() REPRESENTATION_CONTEXT('2D SPACE',''
  ) );
#4309 = PCURVE('',#4310,#4315);
#4310 = PLANE('',#4311);
#4311 = AXIS2_PLACEMENT_3D('',#4312,#4313,#4314);
#4312 = CARTESIAN_POINT('',(-2.55,4.416729559301,0.));
#4313 = DIRECTION('',(0.866025403784,-0.5,0.));
#4314 = DIRECTION('',(-0.5,-0.866025403784,0.));
#4315 = DEFINITIONAL_REPRESENTATION('',(#4316),#4320);
#4316 = LINE('',#4317,#4318);
#4317 = CARTESIAN_POINT('',(0.,0.));
#4318 = VECTOR('',#4319,1.);
#4319 = DIRECTION('',(0.,-1.));
#4320 = ( GEOMETRIC_REPRESENTATION_CONTEXT(2) 
PARAMETRIC_REPRESENTATION_CONTEXT() REPRESENTATION_CONTEXT('2D SPACE',''
  ) );
#4321 = ORIENTED_EDGE('',*,*,#4322,.F.);
#4322 = EDGE_CURVE('',#4138,#4295,#4323,.T.);
#4323 = SURFACE_CURVE('',#4324,(#4328,#4335),.PCURVE_S1.);
#4324 = LINE('',#4325,#4326);
#4325 = CARTESIAN_POINT('',(2.55,4.416729559301,0.));
#4326 = VECTOR('',#4327,1.);
#4327 = DIRECTION('',(-1.,1.741526313138E-16,0.));
#4328 = PCURVE('',#4153,#4329);
#4329 = DEFINITIONAL_REPRESENTATION('',(#4330),#4334);
#4330 = LINE('',#4331,#4332);
#4331 = CARTESIAN_POINT('',(0.,0.));
#4332 = VECTOR('',#4333,1.);
#4333 = DIRECTION('',(1.,0.));
#4334 = ( GEOMETRIC_REPRESENTATION_CONTEXT(2) 
PARAMETRIC_REPRESENTATION_CONTEXT() REPRESENTATION_CONTEXT('2D SPACE',''
  ) );
#4335 = PCURVE('',#4179,#4336);
#4336 = DEFINITIONAL_REPRESENTATION('',(#4337),#4341);
#4337 = LINE('',#4338,#4339);
#4338 = CARTESIAN_POINT('',(2.55,4.416729559301));
#4339 = VECTOR('',#4340,1.);
#4340 = DIRECTION('',(-1.,1.741526313138E-16));
#4341 = ( GEOMETRIC_REPRESENTATION_CONTEXT(2) 
PARAMETRIC_REPRESENTATION_CONTEXT() REPRESENTATION_CONTEXT('2D SPACE',''
  ) );
#4342 = ADVANCED_FACE('',(#4343,#4420),#4179,.F.);
#4343 = FACE_BOUND('',#4344,.F.);
#4344 = EDGE_LOOP('',(#4345,#4346,#4347,#4370,#4398,#4419));
#4345 = ORIENTED_EDGE('',*,*,#4165,.T.);
#4346 = ORIENTED_EDGE('',*,*,#4322,.T.);
#4347 = ORIENTED_EDGE('',*,*,#4348,.T.);
#4348 = EDGE_CURVE('',#4295,#4349,#4351,.T.);
#4349 = VERTEX_POINT('',#4350);
#4350 = CARTESIAN_POINT('',(-5.1,6.245698675652E-16,0.));
#4351 = SURFACE_CURVE('',#4352,(#4356,#4363),.PCURVE_S1.);
#4352 = LINE('',#4353,#4354);
#4353 = CARTESIAN_POINT('',(-2.55,4.416729559301,0.));
#4354 = VECTOR('',#4355,1.);
#4355 = DIRECTION('',(-0.5,-0.866025403784,0.));
#4356 = PCURVE('',#4179,#4357);
#4357 = DEFINITIONAL_REPRESENTATION('',(#4358),#4362);
#4358 = LINE('',#4359,#4360);
#4359 = CARTESIAN_POINT('',(-2.55,4.416729559301));
#4360 = VECTOR('',#4361,1.);
#4361 = DIRECTION('',(-0.5,-0.866025403784));
#4362 = ( GEOMETRIC_REPRESENTATION_CONTEXT(2) 
PARAMETRIC_REPRESENTATION_CONTEXT() REPRESENTATION_CONTEXT('2D SPACE',''
  ) );
#4363 = PCURVE('',#4310,#4364);
#4364 = DEFINITIONAL_REPRESENTATION('',(#4365),#4369);
#4365 = LINE('',#4366,#4367);
#4366 = CARTESIAN_POINT('',(0.,0.));
#4367 = VECTOR('',#4368,1.);
#4368 = DIRECTION('',(1.,0.));
#4369 = ( GEOMETRIC_REPRESENTATION_CONTEXT(2) 
PARAMETRIC_REPRESENTATION_CONTEXT() REPRESENTATION_CONTEXT('2D SPACE',''
  ) );
#4370 = ORIENTED_EDGE('',*,*,#4371,.T.);
#4371 = EDGE_CURVE('',#4349,#4372,#4374,.T.);
#4372 = VERTEX_POINT('',#4373);
#4373 = CARTESIAN_POINT('',(-2.55,-4.416729559301,0.));
#4374 = SURFACE_CURVE('',#4375,(#4379,#4386),.PCURVE_S1.);
#4375 = LINE('',#4376,#4377);
#4376 = CARTESIAN_POINT('',(-5.1,6.245698675652E-16,0.));
#4377 = VECTOR('',#4378,1.);
#4378 = DIRECTION('',(0.5,-0.866025403784,0.));
#4379 = PCURVE('',#4179,#4380);
#4380 = DEFINITIONAL_REPRESENTATION('',(#4381),#4385);
#4381 = LINE('',#4382,#4383);
#4382 = CARTESIAN_POINT('',(-5.1,9.148242530881E-16));
#4383 = VECTOR('',#4384,1.);
#4384 = DIRECTION('',(0.5,-0.866025403784));
#4385 = ( GEOMETRIC_REPRESENTATION_CONTEXT(2) 
PARAMETRIC_REPRESENTATION_CONTEXT() REPRESENTATION_CONTEXT('2D SPACE',''
  ) );
#4386 = PCURVE('',#4387,#4392);
#4387 = PLANE('',#4388);
#4388 = AXIS2_PLACEMENT_3D('',#4389,#4390,#4391);
#4389 = CARTESIAN_POINT('',(-5.1,6.245698675652E-16,0.));
#4390 = DIRECTION('',(0.866025403784,0.5,-0.));
#4391 = DIRECTION('',(0.5,-0.866025403784,0.));
#4392 = DEFINITIONAL_REPRESENTATION('',(#4393),#4397);
#4393 = LINE('',#4394,#4395);
#4394 = CARTESIAN_POINT('',(0.,0.));
#4395 = VECTOR('',#4396,1.);
#4396 = DIRECTION('',(1.,0.));
#4397 = ( GEOMETRIC_REPRESENTATION_CONTEXT(2) 
PARAMETRIC_REPRESENTATION_CONTEXT() REPRESENTATION_CONTEXT('2D SPACE',''
  ) );
#4398 = ORIENTED_EDGE('',*,*,#4399,.T.);
#4399 = EDGE_CURVE('',#4372,#4195,#4400,.T.);
#4400 = SURFACE_CURVE('',#4401,(#4405,#4412),.PCURVE_S1.);
#4401 = LINE('',#4402,#4403);
#4402 = CARTESIAN_POINT('',(-2.55,-4.416729559301,0.));
#4403 = VECTOR('',#4404,1.);
#4404 = DIRECTION('',(1.,-6.96610525255E-16,0.));
#4405 = PCURVE('',#4179,#4406);
#4406 = DEFINITIONAL_REPRESENTATION('',(#4407),#4411);
#4407 = LINE('',#4408,#4409);
#4408 = CARTESIAN_POINT('',(-2.55,-4.416729559301));
#4409 = VECTOR('',#4410,1.);
#4410 = DIRECTION('',(1.,-6.96610525255E-16));
#4411 = ( GEOMETRIC_REPRESENTATION_CONTEXT(2) 
PARAMETRIC_REPRESENTATION_CONTEXT() REPRESENTATION_CONTEXT('2D SPACE',''
  ) );
#4412 = PCURVE('',#4212,#4413);
#4413 = DEFINITIONAL_REPRESENTATION('',(#4414),#4418);
#4414 = LINE('',#4415,#4416);
#4415 = CARTESIAN_POINT('',(0.,0.));
#4416 = VECTOR('',#4417,1.);
#4417 = DIRECTION('',(1.,0.));
#4418 = ( GEOMETRIC_REPRESENTATION_CONTEXT(2) 
PARAMETRIC_REPRESENTATION_CONTEXT() REPRESENTATION_CONTEXT('2D SPACE',''
  ) );
#4419 = ORIENTED_EDGE('',*,*,#4246,.T.);
#4420 = FACE_BOUND('',#4421,.F.);
#4421 = EDGE_LOOP('',(#4422));
#4422 = ORIENTED_EDGE('',*,*,#4423,.F.);
#4423 = EDGE_CURVE('',#4424,#4424,#4426,.T.);
#4424 = VERTEX_POINT('',#4425);
#4425 = CARTESIAN_POINT('',(3.,0.,0.));
#4426 = SURFACE_CURVE('',#4427,(#4432,#4439),.PCURVE_S1.);
#4427 = CIRCLE('',#4428,3.);
#4428 = AXIS2_PLACEMENT_3D('',#4429,#4430,#4431);
#4429 = CARTESIAN_POINT('',(0.,0.,0.));
#4430 = DIRECTION('',(0.,0.,1.));
#4431 = DIRECTION('',(1.,0.,0.));
#4432 = PCURVE('',#4179,#4433);
#4433 = DEFINITIONAL_REPRESENTATION('',(#4434),#4438);
#4434 = CIRCLE('',#4435,3.);
#4435 = AXIS2_PLACEMENT_2D('',#4436,#4437);
#4436 = CARTESIAN_POINT('',(1.741526313138E-16,2.902543855229E-16));
#4437 = DIRECTION('',(1.,0.));
#4438 = ( GEOMETRIC_REPRESENTATION_CONTEXT(2) 
PARAMETRIC_REPRESENTATION_CONTEXT() REPRESENTATION_CONTEXT('2D SPACE',''
  ) );
#4439 = PCURVE('',#4440,#4445);
#4440 = CYLINDRICAL_SURFACE('',#4441,3.);
#4441 = AXIS2_PLACEMENT_3D('',#4442,#4443,#4444);
#4442 = CARTESIAN_POINT('',(0.,0.,0.));
#4443 = DIRECTION('',(0.,0.,1.));
#4444 = DIRECTION('',(1.,0.,0.));
#4445 = DEFINITIONAL_REPRESENTATION('',(#4446),#4450);
#4446 = LINE('',#4447,#4448);
#4447 = CARTESIAN_POINT('',(0.,0.));
#4448 = VECTOR('',#4449,1.);
#4449 = DIRECTION('',(1.,0.));
#4450 = ( GEOMETRIC_REPRESENTATION_CONTEXT(2) 
PARAMETRIC_REPRESENTATION_CONTEXT() REPRESENTATION_CONTEXT('2D SPACE',''
  ) );
#4451 = ADVANCED_FACE('',(#4452),#4125,.T.);
#4452 = FACE_BOUND('',#4453,.T.);
#4453 = EDGE_LOOP('',(#4454,#4455,#4456,#4479,#4502,#4523));
#4454 = ORIENTED_EDGE('',*,*,#4109,.T.);
#4455 = ORIENTED_EDGE('',*,*,#4271,.T.);
#4456 = ORIENTED_EDGE('',*,*,#4457,.T.);
#4457 = EDGE_CURVE('',#4272,#4458,#4460,.T.);
#4458 = VERTEX_POINT('',#4459);
#4459 = CARTESIAN_POINT('',(-5.1,6.245698675652E-16,3.9));
#4460 = SURFACE_CURVE('',#4461,(#4465,#4472),.PCURVE_S1.);
#4461 = LINE('',#4462,#4463);
#4462 = CARTESIAN_POINT('',(-2.55,4.416729559301,3.9));
#4463 = VECTOR('',#4464,1.);
#4464 = DIRECTION('',(-0.5,-0.866025403784,0.));
#4465 = PCURVE('',#4125,#4466);
#4466 = DEFINITIONAL_REPRESENTATION('',(#4467),#4471);
#4467 = LINE('',#4468,#4469);
#4468 = CARTESIAN_POINT('',(-2.55,4.416729559301));
#4469 = VECTOR('',#4470,1.);
#4470 = DIRECTION('',(-0.5,-0.866025403784));
#4471 = ( GEOMETRIC_REPRESENTATION_CONTEXT(2) 
PARAMETRIC_REPRESENTATION_CONTEXT() REPRESENTATION_CONTEXT('2D SPACE',''
  ) );
#4472 = PCURVE('',#4310,#4473);
#4473 = DEFINITIONAL_REPRESENTATION('',(#4474),#4478);
#4474 = LINE('',#4475,#4476);
#4475 = CARTESIAN_POINT('',(0.,-3.9));
#4476 = VECTOR('',#4477,1.);
#4477 = DIRECTION('',(1.,0.));
#4478 = ( GEOMETRIC_REPRESENTATION_CONTEXT(2) 
PARAMETRIC_REPRESENTATION_CONTEXT() REPRESENTATION_CONTEXT('2D SPACE',''
  ) );
#4479 = ORIENTED_EDGE('',*,*,#4480,.T.);
#4480 = EDGE_CURVE('',#4458,#4481,#4483,.T.);
#4481 = VERTEX_POINT('',#4482);
#4482 = CARTESIAN_POINT('',(-2.55,-4.416729559301,3.9));
#4483 = SURFACE_CURVE('',#4484,(#4488,#4495),.PCURVE_S1.);
#4484 = LINE('',#4485,#4486);
#4485 = CARTESIAN_POINT('',(-5.1,6.245698675652E-16,3.9));
#4486 = VECTOR('',#4487,1.);
#4487 = DIRECTION('',(0.5,-0.866025403784,0.));
#4488 = PCURVE('',#4125,#4489);
#4489 = DEFINITIONAL_REPRESENTATION('',(#4490),#4494);
#4490 = LINE('',#4491,#4492);
#4491 = CARTESIAN_POINT('',(-5.1,9.148242530881E-16));
#4492 = VECTOR('',#4493,1.);
#4493 = DIRECTION('',(0.5,-0.866025403784));
#4494 = ( GEOMETRIC_REPRESENTATION_CONTEXT(2) 
PARAMETRIC_REPRESENTATION_CONTEXT() REPRESENTATION_CONTEXT('2D SPACE',''
  ) );
#4495 = PCURVE('',#4387,#4496);
#4496 = DEFINITIONAL_REPRESENTATION('',(#4497),#4501);
#4497 = LINE('',#4498,#4499);
#4498 = CARTESIAN_POINT('',(0.,-3.9));
#4499 = VECTOR('',#4500,1.);
#4500 = DIRECTION('',(1.,0.));
#4501 = ( GEOMETRIC_REPRESENTATION_CONTEXT(2) 
PARAMETRIC_REPRESENTATION_CONTEXT() REPRESENTATION_CONTEXT('2D SPACE',''
  ) );
#4502 = ORIENTED_EDGE('',*,*,#4503,.T.);
#4503 = EDGE_CURVE('',#4481,#4197,#4504,.T.);
#4504 = SURFACE_CURVE('',#4505,(#4509,#4516),.PCURVE_S1.);
#4505 = LINE('',#4506,#4507);
#4506 = CARTESIAN_POINT('',(-2.55,-4.416729559301,3.9));
#4507 = VECTOR('',#4508,1.);
#4508 = DIRECTION('',(1.,-6.96610525255E-16,0.));
#4509 = PCURVE('',#4125,#4510);
#4510 = DEFINITIONAL_REPRESENTATION('',(#4511),#4515);
#4511 = LINE('',#4512,#4513);
#4512 = CARTESIAN_POINT('',(-2.55,-4.416729559301));
#4513 = VECTOR('',#4514,1.);
#4514 = DIRECTION('',(1.,-6.96610525255E-16));
#4515 = ( GEOMETRIC_REPRESENTATION_CONTEXT(2) 
PARAMETRIC_REPRESENTATION_CONTEXT() REPRESENTATION_CONTEXT('2D SPACE',''
  ) );
#4516 = PCURVE('',#4212,#4517);
#4517 = DEFINITIONAL_REPRESENTATION('',(#4518),#4522);
#4518 = LINE('',#4519,#4520);
#4519 = CARTESIAN_POINT('',(0.,-3.9));
#4520 = VECTOR('',#4521,1.);
#4521 = DIRECTION('',(1.,0.));
#4522 = ( GEOMETRIC_REPRESENTATION_CONTEXT(2) 
PARAMETRIC_REPRESENTATION_CONTEXT() REPRESENTATION_CONTEXT('2D SPACE',''
  ) );
#4523 = ORIENTED_EDGE('',*,*,#4224,.T.);
#4524 = ADVANCED_FACE('',(#4525),#4212,.F.);
#4525 = FACE_BOUND('',#4526,.F.);
#4526 = EDGE_LOOP('',(#4527,#4548,#4549,#4550));
#4527 = ORIENTED_EDGE('',*,*,#4528,.T.);
#4528 = EDGE_CURVE('',#4372,#4481,#4529,.T.);
#4529 = SURFACE_CURVE('',#4530,(#4534,#4541),.PCURVE_S1.);
#4530 = LINE('',#4531,#4532);
#4531 = CARTESIAN_POINT('',(-2.55,-4.416729559301,0.));
#4532 = VECTOR('',#4533,1.);
#4533 = DIRECTION('',(0.,0.,1.));
#4534 = PCURVE('',#4212,#4535);
#4535 = DEFINITIONAL_REPRESENTATION('',(#4536),#4540);
#4536 = LINE('',#4537,#4538);
#4537 = CARTESIAN_POINT('',(0.,0.));
#4538 = VECTOR('',#4539,1.);
#4539 = DIRECTION('',(0.,-1.));
#4540 = ( GEOMETRIC_REPRESENTATION_CONTEXT(2) 
PARAMETRIC_REPRESENTATION_CONTEXT() REPRESENTATION_CONTEXT('2D SPACE',''
  ) );
#4541 = PCURVE('',#4387,#4542);
#4542 = DEFINITIONAL_REPRESENTATION('',(#4543),#4547);
#4543 = LINE('',#4544,#4545);
#4544 = CARTESIAN_POINT('',(5.1,0.));
#4545 = VECTOR('',#4546,1.);
#4546 = DIRECTION('',(0.,-1.));
#4547 = ( GEOMETRIC_REPRESENTATION_CONTEXT(2) 
PARAMETRIC_REPRESENTATION_CONTEXT() REPRESENTATION_CONTEXT('2D SPACE',''
  ) );
#4548 = ORIENTED_EDGE('',*,*,#4503,.T.);
#4549 = ORIENTED_EDGE('',*,*,#4194,.F.);
#4550 = ORIENTED_EDGE('',*,*,#4399,.F.);
#4551 = ADVANCED_FACE('',(#4552),#4310,.F.);
#4552 = FACE_BOUND('',#4553,.F.);
#4553 = EDGE_LOOP('',(#4554,#4555,#4556,#4577));
#4554 = ORIENTED_EDGE('',*,*,#4294,.T.);
#4555 = ORIENTED_EDGE('',*,*,#4457,.T.);
#4556 = ORIENTED_EDGE('',*,*,#4557,.F.);
#4557 = EDGE_CURVE('',#4349,#4458,#4558,.T.);
#4558 = SURFACE_CURVE('',#4559,(#4563,#4570),.PCURVE_S1.);
#4559 = LINE('',#4560,#4561);
#4560 = CARTESIAN_POINT('',(-5.1,6.245698675652E-16,0.));
#4561 = VECTOR('',#4562,1.);
#4562 = DIRECTION('',(0.,0.,1.));
#4563 = PCURVE('',#4310,#4564);
#4564 = DEFINITIONAL_REPRESENTATION('',(#4565),#4569);
#4565 = LINE('',#4566,#4567);
#4566 = CARTESIAN_POINT('',(5.1,0.));
#4567 = VECTOR('',#4568,1.);
#4568 = DIRECTION('',(0.,-1.));
#4569 = ( GEOMETRIC_REPRESENTATION_CONTEXT(2) 
PARAMETRIC_REPRESENTATION_CONTEXT() REPRESENTATION_CONTEXT('2D SPACE',''
  ) );
#4570 = PCURVE('',#4387,#4571);
#4571 = DEFINITIONAL_REPRESENTATION('',(#4572),#4576);
#4572 = LINE('',#4573,#4574);
#4573 = CARTESIAN_POINT('',(0.,0.));
#4574 = VECTOR('',#4575,1.);
#4575 = DIRECTION('',(0.,-1.));
#4576 = ( GEOMETRIC_REPRESENTATION_CONTEXT(2) 
PARAMETRIC_REPRESENTATION_CONTEXT() REPRESENTATION_CONTEXT('2D SPACE',''
  ) );
#4577 = ORIENTED_EDGE('',*,*,#4348,.F.);
#4578 = ADVANCED_FACE('',(#4579),#4387,.F.);
#4579 = FACE_BOUND('',#4580,.F.);
#4580 = EDGE_LOOP('',(#4581,#4582,#4583,#4584));
#4581 = ORIENTED_EDGE('',*,*,#4557,.T.);
#4582 = ORIENTED_EDGE('',*,*,#4480,.T.);
#4583 = ORIENTED_EDGE('',*,*,#4528,.F.);
#4584 = ORIENTED_EDGE('',*,*,#4371,.F.);
#4585 = ADVANCED_FACE('',(#4586),#4440,.T.);
#4586 = FACE_BOUND('',#4587,.T.);
#4587 = EDGE_LOOP('',(#4588,#4611,#4638,#4639));
#4588 = ORIENTED_EDGE('',*,*,#4589,.T.);
#4589 = EDGE_CURVE('',#4424,#4590,#4592,.T.);
#4590 = VERTEX_POINT('',#4591);
#4591 = CARTESIAN_POINT('',(3.,0.,-19.28));
#4592 = SEAM_CURVE('',#4593,(#4597,#4604),.PCURVE_S1.);
#4593 = LINE('',#4594,#4595);
#4594 = CARTESIAN_POINT('',(3.,0.,0.));
#4595 = VECTOR('',#4596,1.);
#4596 = DIRECTION('',(-0.,-0.,-1.));
#4597 = PCURVE('',#4440,#4598);
#4598 = DEFINITIONAL_REPRESENTATION('',(#4599),#4603);
#4599 = LINE('',#4600,#4601);
#4600 = CARTESIAN_POINT('',(0.,0.));
#4601 = VECTOR('',#4602,1.);
#4602 = DIRECTION('',(0.,-1.));
#4603 = ( GEOMETRIC_REPRESENTATION_CONTEXT(2) 
PARAMETRIC_REPRESENTATION_CONTEXT() REPRESENTATION_CONTEXT('2D SPACE',''
  ) );
#4604 = PCURVE('',#4440,#4605);
#4605 = DEFINITIONAL_REPRESENTATION('',(#4606),#4610);
#4606 = LINE('',#4607,#4608);
#4607 = CARTESIAN_POINT('',(6.28318530718,0.));
#4608 = VECTOR('',#4609,1.);
#4609 = DIRECTION('',(0.,-1.));
#4610 = ( GEOMETRIC_REPRESENTATION_CONTEXT(2) 
PARAMETRIC_REPRESENTATION_CONTEXT() REPRESENTATION_CONTEXT('2D SPACE',''
  ) );
#4611 = ORIENTED_EDGE('',*,*,#4612,.T.);
#4612 = EDGE_CURVE('',#4590,#4590,#4613,.T.);
#4613 = SURFACE_CURVE('',#4614,(#4619,#4626),.PCURVE_S1.);
#4614 = CIRCLE('',#4615,3.);
#4615 = AXIS2_PLACEMENT_3D('',#4616,#4617,#4618);
#4616 = CARTESIAN_POINT('',(0.,0.,-19.28));
#4617 = DIRECTION('',(0.,0.,1.));
#4618 = DIRECTION('',(1.,0.,-0.));
#4619 = PCURVE('',#4440,#4620);
#4620 = DEFINITIONAL_REPRESENTATION('',(#4621),#4625);
#4621 = LINE('',#4622,#4623);
#4622 = CARTESIAN_POINT('',(0.,-19.28));
#4623 = VECTOR('',#4624,1.);
#4624 = DIRECTION('',(1.,0.));
#4625 = ( GEOMETRIC_REPRESENTATION_CONTEXT(2) 
PARAMETRIC_REPRESENTATION_CONTEXT() REPRESENTATION_CONTEXT('2D SPACE',''
  ) );
#4626 = PCURVE('',#4627,#4632);
#4627 = CONICAL_SURFACE('',#4628,3.,0.785398163397);
#4628 = AXIS2_PLACEMENT_3D('',#4629,#4630,#4631);
#4629 = CARTESIAN_POINT('',(0.,0.,-19.28));
#4630 = DIRECTION('',(0.,0.,1.));
#4631 = DIRECTION('',(1.,0.,-0.));
#4632 = DEFINITIONAL_REPRESENTATION('',(#4633),#4637);
#4633 = LINE('',#4634,#4635);
#4634 = CARTESIAN_POINT('',(0.,-0.));
#4635 = VECTOR('',#4636,1.);
#4636 = DIRECTION('',(1.,-0.));
#4637 = ( GEOMETRIC_REPRESENTATION_CONTEXT(2) 
PARAMETRIC_REPRESENTATION_CONTEXT() REPRESENTATION_CONTEXT('2D SPACE',''
  ) );
#4638 = ORIENTED_EDGE('',*,*,#4589,.F.);
#4639 = ORIENTED_EDGE('',*,*,#4423,.F.);
#4640 = ADVANCED_FACE('',(#4641),#4627,.T.);
#4641 = FACE_BOUND('',#4642,.F.);
#4642 = EDGE_LOOP('',(#4643,#4664,#4665,#4666));
#4643 = ORIENTED_EDGE('',*,*,#4644,.F.);
#4644 = EDGE_CURVE('',#4590,#4645,#4647,.T.);
#4645 = VERTEX_POINT('',#4646);
#4646 = CARTESIAN_POINT('',(2.28,0.,-20.));
#4647 = SEAM_CURVE('',#4648,(#4652,#4658),.PCURVE_S1.);
#4648 = LINE('',#4649,#4650);
#4649 = CARTESIAN_POINT('',(3.,0.,-19.28));
#4650 = VECTOR('',#4651,1.);
#4651 = DIRECTION('',(-0.707106781187,-0.,-0.707106781187));
#4652 = PCURVE('',#4627,#4653);
#4653 = DEFINITIONAL_REPRESENTATION('',(#4654),#4657);
#4654 = B_SPLINE_CURVE_WITH_KNOTS('',1,(#4655,#4656),.UNSPECIFIED.,.F.,
  .F.,(2,2),(0.,1.018233764909),.PIECEWISE_BEZIER_KNOTS.);
#4655 = CARTESIAN_POINT('',(0.,0.));
#4656 = CARTESIAN_POINT('',(0.,-0.72));
#4657 = ( GEOMETRIC_REPRESENTATION_CONTEXT(2) 
PARAMETRIC_REPRESENTATION_CONTEXT() REPRESENTATION_CONTEXT('2D SPACE',''
  ) );
#4658 = PCURVE('',#4627,#4659);
#4659 = DEFINITIONAL_REPRESENTATION('',(#4660),#4663);
#4660 = B_SPLINE_CURVE_WITH_KNOTS('',1,(#4661,#4662),.UNSPECIFIED.,.F.,
  .F.,(2,2),(0.,1.018233764909),.PIECEWISE_BEZIER_KNOTS.);
#4661 = CARTESIAN_POINT('',(6.28318530718,0.));
#4662 = CARTESIAN_POINT('',(6.28318530718,-0.72));
#4663 = ( GEOMETRIC_REPRESENTATION_CONTEXT(2) 
PARAMETRIC_REPRESENTATION_CONTEXT() REPRESENTATION_CONTEXT('2D SPACE',''
  ) );
#4664 = ORIENTED_EDGE('',*,*,#4612,.T.);
#4665 = ORIENTED_EDGE('',*,*,#4644,.T.);
#4666 = ORIENTED_EDGE('',*,*,#4667,.F.);
#4667 = EDGE_CURVE('',#4645,#4645,#4668,.T.);
#4668 = SURFACE_CURVE('',#4669,(#4674,#4681),.PCURVE_S1.);
#4669 = CIRCLE('',#4670,2.28);
#4670 = AXIS2_PLACEMENT_3D('',#4671,#4672,#4673);
#4671 = CARTESIAN_POINT('',(0.,0.,-20.));
#4672 = DIRECTION('',(0.,0.,1.));
#4673 = DIRECTION('',(1.,0.,-0.));
#4674 = PCURVE('',#4627,#4675);
#4675 = DEFINITIONAL_REPRESENTATION('',(#4676),#4680);
#4676 = LINE('',#4677,#4678);
#4677 = CARTESIAN_POINT('',(0.,-0.72));
#4678 = VECTOR('',#4679,1.);
#4679 = DIRECTION('',(1.,-0.));
#4680 = ( GEOMETRIC_REPRESENTATION_CONTEXT(2) 
PARAMETRIC_REPRESENTATION_CONTEXT() REPRESENTATION_CONTEXT('2D SPACE',''
  ) );
#4681 = PCURVE('',#4682,#4687);
#4682 = PLANE('',#4683);
#4683 = AXIS2_PLACEMENT_3D('',#4684,#4685,#4686);
#4684 = CARTESIAN_POINT('',(-1.709300165674E-16,-8.51133553645E-18,-20.)
  );
#4685 = DIRECTION('',(0.,0.,1.));
#4686 = DIRECTION('',(1.,0.,-0.));
#4687 = DEFINITIONAL_REPRESENTATION('',(#4688),#4692);
#4688 = CIRCLE('',#4689,2.28);
#4689 = AXIS2_PLACEMENT_2D('',#4690,#4691);
#4690 = CARTESIAN_POINT('',(1.709300165674E-16,8.51133553645E-18));
#4691 = DIRECTION('',(1.,0.));
#4692 = ( GEOMETRIC_REPRESENTATION_CONTEXT(2) 
PARAMETRIC_REPRESENTATION_CONTEXT() REPRESENTATION_CONTEXT('2D SPACE',''
  ) );
#4693 = ADVANCED_FACE('',(#4694),#4682,.F.);
#4694 = FACE_BOUND('',#4695,.F.);
#4695 = EDGE_LOOP('',(#4696));
#4696 = ORIENTED_EDGE('',*,*,#4667,.T.);
#4697 = ( GEOMETRIC_REPRESENTATION_CONTEXT(3) 
GLOBAL_UNCERTAINTY_ASSIGNED_CONTEXT((#4701)) 
GLOBAL_UNIT_ASSIGNED_CONTEXT((#4698,#4699,#4700)) REPRESENTATION_CONTEXT
('Context #1','3D Context with UNIT and UNCERTAINTY') );
#4698 = ( LENGTH_UNIT() NAMED_UNIT(*) SI_UNIT(.MILLI.,.METRE.) );
#4699 = ( NAMED_UNIT(*) PLANE_ANGLE_UNIT() SI_UNIT($,.RADIAN.) );
#4700 = ( NAMED_UNIT(*) SI_UNIT($,.STERADIAN.) SOLID_ANGLE_UNIT() );
#4701 = UNCERTAINTY_MEASURE_WITH_UNIT(LENGTH_MEASURE(1.E-07),#4698,
  'distance_accuracy_value','confusion accuracy');
#4702 = CONTEXT_DEPENDENT_SHAPE_REPRESENTATION(#4703,#4705);
#4703 = ( REPRESENTATION_RELATIONSHIP('','',#4067,#10) 
REPRESENTATION_RELATIONSHIP_WITH_TRANSFORMATION(#4704) 
SHAPE_REPRESENTATION_RELATIONSHIP() );
#4704 = ITEM_DEFINED_TRANSFORMATION('','',#11,#35);
#4705 = PRODUCT_DEFINITION_SHAPE('Placement','Placement of an item',
  #4706);
#4706 = NEXT_ASSEMBLY_USAGE_OCCURRENCE('6','','',#5,#4062,$);
#4707 = PRODUCT_RELATED_PRODUCT_CATEGORY('part',$,(#4064));
#4708 = SHAPE_DEFINITION_REPRESENTATION(#4709,#4715);
#4709 = PRODUCT_DEFINITION_SHAPE('','',#4710);
#4710 = PRODUCT_DEFINITION('design','',#4711,#4714);
#4711 = PRODUCT_DEFINITION_FORMATION('','',#4712);
#4712 = PRODUCT('Open CASCADE STEP translator 7.9 11.7',
  'Open CASCADE STEP translator 7.9 11.7','',(#4713));
#4713 = PRODUCT_CONTEXT('',#2,'mechanical');
#4714 = PRODUCT_DEFINITION_CONTEXT('part definition',#2,'design');
#4715 = ADVANCED_BREP_SHAPE_REPRESENTATION('',(#11,#4716),#5345);
#4716 = MANIFOLD_SOLID_BREP('',#4717);
#4717 = CLOSED_SHELL('',(#4718,#4838,#4914,#4990,#5099,#5172,#5199,#5226
    ,#5233,#5288,#5341));
#4718 = ADVANCED_FACE('',(#4719),#4733,.F.);
#4719 = FACE_BOUND('',#4720,.F.);
#4720 = EDGE_LOOP('',(#4721,#4756,#4784,#4812));
#4721 = ORIENTED_EDGE('',*,*,#4722,.T.);
#4722 = EDGE_CURVE('',#4723,#4725,#4727,.T.);
#4723 = VERTEX_POINT('',#4724);
#4724 = CARTESIAN_POINT('',(5.1,0.,0.));
#4725 = VERTEX_POINT('',#4726);
#4726 = CARTESIAN_POINT('',(5.1,0.,3.9));
#4727 = SURFACE_CURVE('',#4728,(#4732,#4744),.PCURVE_S1.);
#4728 = LINE('',#4729,#4730);
#4729 = CARTESIAN_POINT('',(5.1,0.,0.));
#4730 = VECTOR('',#4731,1.);
#4731 = DIRECTION('',(0.,0.,1.));
#4732 = PCURVE('',#4733,#4738);
#4733 = PLANE('',#4734);
#4734 = AXIS2_PLACEMENT_3D('',#4735,#4736,#4737);
#4735 = CARTESIAN_POINT('',(5.1,0.,0.));
#4736 = DIRECTION('',(-0.866025403784,-0.5,0.));
#4737 = DIRECTION('',(-0.5,0.866025403784,0.));
#4738 = DEFINITIONAL_REPRESENTATION('',(#4739),#4743);
#4739 = LINE('',#4740,#4741);
#4740 = CARTESIAN_POINT('',(0.,0.));
#4741 = VECTOR('',#4742,1.);
#4742 = DIRECTION('',(0.,-1.));
#4743 = ( GEOMETRIC_REPRESENTATION_CONTEXT(2) 
PARAMETRIC_REPRESENTATION_CONTEXT() REPRESENTATION_CONTEXT('2D SPACE',''
  ) );
#4744 = PCURVE('',#4745,#4750);
#4745 = PLANE('',#4746);
#4746 = AXIS2_PLACEMENT_3D('',#4747,#4748,#4749);
#4747 = CARTESIAN_POINT('',(2.55,-4.416729559301,0.));
#4748 = DIRECTION('',(-0.866025403784,0.5,0.));
#4749 = DIRECTION('',(0.5,0.866025403784,0.));
#4750 = DEFINITIONAL_REPRESENTATION('',(#4751),#4755);
#4751 = LINE('',#4752,#4753);
#4752 = CARTESIAN_POINT('',(5.1,0.));
#4753 = VECTOR('',#4754,1.);
#4754 = DIRECTION('',(0.,-1.));
#4755 = ( GEOMETRIC_REPRESENTATION_CONTEXT(2) 
PARAMETRIC_REPRESENTATION_CONTEXT() REPRESENTATION_CONTEXT('2D SPACE',''
  ) );
#4756 = ORIENTED_EDGE('',*,*,#4757,.T.);
#4757 = EDGE_CURVE('',#4725,#4758,#4760,.T.);
#4758 = VERTEX_POINT('',#4759);
#4759 = CARTESIAN_POINT('',(2.55,4.416729559301,3.9));
#4760 = SURFACE_CURVE('',#4761,(#4765,#4772),.PCURVE_S1.);
#4761 = LINE('',#4762,#4763);
#4762 = CARTESIAN_POINT('',(5.1,0.,3.9));
#4763 = VECTOR('',#4764,1.);
#4764 = DIRECTION('',(-0.5,0.866025403784,0.));
#4765 = PCURVE('',#4733,#4766);
#4766 = DEFINITIONAL_REPRESENTATION('',(#4767),#4771);
#4767 = LINE('',#4768,#4769);
#4768 = CARTESIAN_POINT('',(0.,-3.9));
#4769 = VECTOR('',#4770,1.);
#4770 = DIRECTION('',(1.,0.));
#4771 = ( GEOMETRIC_REPRESENTATION_CONTEXT(2) 
PARAMETRIC_REPRESENTATION_CONTEXT() REPRESENTATION_CONTEXT('2D SPACE',''
  ) );
#4772 = PCURVE('',#4773,#4778);
#4773 = PLANE('',#4774);
#4774 = AXIS2_PLACEMENT_3D('',#4775,#4776,#4777);
#4775 = CARTESIAN_POINT('',(-1.741526313138E-16,-2.902543855229E-16,3.9)
  );
#4776 = DIRECTION('',(0.,0.,1.));
#4777 = DIRECTION('',(1.,0.,-0.));
#4778 = DEFINITIONAL_REPRESENTATION('',(#4779),#4783);
#4779 = LINE('',#4780,#4781);
#4780 = CARTESIAN_POINT('',(5.1,2.902543855229E-16));
#4781 = VECTOR('',#4782,1.);
#4782 = DIRECTION('',(-0.5,0.866025403784));
#4783 = ( GEOMETRIC_REPRESENTATION_CONTEXT(2) 
PARAMETRIC_REPRESENTATION_CONTEXT() REPRESENTATION_CONTEXT('2D SPACE',''
  ) );
#4784 = ORIENTED_EDGE('',*,*,#4785,.F.);
#4785 = EDGE_CURVE('',#4786,#4758,#4788,.T.);
#4786 = VERTEX_POINT('',#4787);
#4787 = CARTESIAN_POINT('',(2.55,4.416729559301,0.));
#4788 = SURFACE_CURVE('',#4789,(#4793,#4800),.PCURVE_S1.);
#4789 = LINE('',#4790,#4791);
#4790 = CARTESIAN_POINT('',(2.55,4.416729559301,0.));
#4791 = VECTOR('',#4792,1.);
#4792 = DIRECTION('',(0.,0.,1.));
#4793 = PCURVE('',#4733,#4794);
#4794 = DEFINITIONAL_REPRESENTATION('',(#4795),#4799);
#4795 = LINE('',#4796,#4797);
#4796 = CARTESIAN_POINT('',(5.1,0.));
#4797 = VECTOR('',#4798,1.);
#4798 = DIRECTION('',(0.,-1.));
#4799 = ( GEOMETRIC_REPRESENTATION_CONTEXT(2) 
PARAMETRIC_REPRESENTATION_CONTEXT() REPRESENTATION_CONTEXT('2D SPACE',''
  ) );
#4800 = PCURVE('',#4801,#4806);
#4801 = PLANE('',#4802);
#4802 = AXIS2_PLACEMENT_3D('',#4803,#4804,#4805);
#4803 = CARTESIAN_POINT('',(2.55,4.416729559301,0.));
#4804 = DIRECTION('',(-1.741526313138E-16,-1.,0.));
#4805 = DIRECTION('',(-1.,1.741526313138E-16,0.));
#4806 = DEFINITIONAL_REPRESENTATION('',(#4807),#4811);
#4807 = LINE('',#4808,#4809);
#4808 = CARTESIAN_POINT('',(0.,0.));
#4809 = VECTOR('',#4810,1.);
#4810 = DIRECTION('',(0.,-1.));
#4811 = ( GEOMETRIC_REPRESENTATION_CONTEXT(2) 
PARAMETRIC_REPRESENTATION_CONTEXT() REPRESENTATION_CONTEXT('2D SPACE',''
  ) );
#4812 = ORIENTED_EDGE('',*,*,#4813,.F.);
#4813 = EDGE_CURVE('',#4723,#4786,#4814,.T.);
#4814 = SURFACE_CURVE('',#4815,(#4819,#4826),.PCURVE_S1.);
#4815 = LINE('',#4816,#4817);
#4816 = CARTESIAN_POINT('',(5.1,0.,0.));
#4817 = VECTOR('',#4818,1.);
#4818 = DIRECTION('',(-0.5,0.866025403784,0.));
#4819 = PCURVE('',#4733,#4820);
#4820 = DEFINITIONAL_REPRESENTATION('',(#4821),#4825);
#4821 = LINE('',#4822,#4823);
#4822 = CARTESIAN_POINT('',(0.,0.));
#4823 = VECTOR('',#4824,1.);
#4824 = DIRECTION('',(1.,0.));
#4825 = ( GEOMETRIC_REPRESENTATION_CONTEXT(2) 
PARAMETRIC_REPRESENTATION_CONTEXT() REPRESENTATION_CONTEXT('2D SPACE',''
  ) );
#4826 = PCURVE('',#4827,#4832);
#4827 = PLANE('',#4828);
#4828 = AXIS2_PLACEMENT_3D('',#4829,#4830,#4831);
#4829 = CARTESIAN_POINT('',(-1.741526313138E-16,-2.902543855229E-16,0.)
  );
#4830 = DIRECTION('',(0.,0.,1.));
#4831 = DIRECTION('',(1.,0.,-0.));
#4832 = DEFINITIONAL_REPRESENTATION('',(#4833),#4837);
#4833 = LINE('',#4834,#4835);
#4834 = CARTESIAN_POINT('',(5.1,2.902543855229E-16));
#4835 = VECTOR('',#4836,1.);
#4836 = DIRECTION('',(-0.5,0.866025403784));
#4837 = ( GEOMETRIC_REPRESENTATION_CONTEXT(2) 
PARAMETRIC_REPRESENTATION_CONTEXT() REPRESENTATION_CONTEXT('2D SPACE',''
  ) );
#4838 = ADVANCED_FACE('',(#4839),#4745,.F.);
#4839 = FACE_BOUND('',#4840,.F.);
#4840 = EDGE_LOOP('',(#4841,#4871,#4892,#4893));
#4841 = ORIENTED_EDGE('',*,*,#4842,.T.);
#4842 = EDGE_CURVE('',#4843,#4845,#4847,.T.);
#4843 = VERTEX_POINT('',#4844);
#4844 = CARTESIAN_POINT('',(2.55,-4.416729559301,0.));
#4845 = VERTEX_POINT('',#4846);
#4846 = CARTESIAN_POINT('',(2.55,-4.416729559301,3.9));
#4847 = SURFACE_CURVE('',#4848,(#4852,#4859),.PCURVE_S1.);
#4848 = LINE('',#4849,#4850);
#4849 = CARTESIAN_POINT('',(2.55,-4.416729559301,0.));
#4850 = VECTOR('',#4851,1.);
#4851 = DIRECTION('',(0.,0.,1.));
#4852 = PCURVE('',#4745,#4853);
#4853 = DEFINITIONAL_REPRESENTATION('',(#4854),#4858);
#4854 = LINE('',#4855,#4856);
#4855 = CARTESIAN_POINT('',(0.,0.));
#4856 = VECTOR('',#4857,1.);
#4857 = DIRECTION('',(0.,-1.));
#4858 = ( GEOMETRIC_REPRESENTATION_CONTEXT(2) 
PARAMETRIC_REPRESENTATION_CONTEXT() REPRESENTATION_CONTEXT('2D SPACE',''
  ) );
#4859 = PCURVE('',#4860,#4865);
#4860 = PLANE('',#4861);
#4861 = AXIS2_PLACEMENT_3D('',#4862,#4863,#4864);
#4862 = CARTESIAN_POINT('',(-2.55,-4.416729559301,0.));
#4863 = DIRECTION('',(6.96610525255E-16,1.,-0.));
#4864 = DIRECTION('',(1.,-6.96610525255E-16,0.));
#4865 = DEFINITIONAL_REPRESENTATION('',(#4866),#4870);
#4866 = LINE('',#4867,#4868);
#4867 = CARTESIAN_POINT('',(5.1,0.));
#4868 = VECTOR('',#4869,1.);
#4869 = DIRECTION('',(0.,-1.));
#4870 = ( GEOMETRIC_REPRESENTATION_CONTEXT(2) 
PARAMETRIC_REPRESENTATION_CONTEXT() REPRESENTATION_CONTEXT('2D SPACE',''
  ) );
#4871 = ORIENTED_EDGE('',*,*,#4872,.T.);
#4872 = EDGE_CURVE('',#4845,#4725,#4873,.T.);
#4873 = SURFACE_CURVE('',#4874,(#4878,#4885),.PCURVE_S1.);
#4874 = LINE('',#4875,#4876);
#4875 = CARTESIAN_POINT('',(2.55,-4.416729559301,3.9));
#4876 = VECTOR('',#4877,1.);
#4877 = DIRECTION('',(0.5,0.866025403784,0.));
#4878 = PCURVE('',#4745,#4879);
#4879 = DEFINITIONAL_REPRESENTATION('',(#4880),#4884);
#4880 = LINE('',#4881,#4882);
#4881 = CARTESIAN_POINT('',(0.,-3.9));
#4882 = VECTOR('',#4883,1.);
#4883 = DIRECTION('',(1.,0.));
#4884 = ( GEOMETRIC_REPRESENTATION_CONTEXT(2) 
PARAMETRIC_REPRESENTATION_CONTEXT() REPRESENTATION_CONTEXT('2D SPACE',''
  ) );
#4885 = PCURVE('',#4773,#4886);
#4886 = DEFINITIONAL_REPRESENTATION('',(#4887),#4891);
#4887 = LINE('',#4888,#4889);
#4888 = CARTESIAN_POINT('',(2.55,-4.416729559301));
#4889 = VECTOR('',#4890,1.);
#4890 = DIRECTION('',(0.5,0.866025403784));
#4891 = ( GEOMETRIC_REPRESENTATION_CONTEXT(2) 
PARAMETRIC_REPRESENTATION_CONTEXT() REPRESENTATION_CONTEXT('2D SPACE',''
  ) );
#4892 = ORIENTED_EDGE('',*,*,#4722,.F.);
#4893 = ORIENTED_EDGE('',*,*,#4894,.F.);
#4894 = EDGE_CURVE('',#4843,#4723,#4895,.T.);
#4895 = SURFACE_CURVE('',#4896,(#4900,#4907),.PCURVE_S1.);
#4896 = LINE('',#4897,#4898);
#4897 = CARTESIAN_POINT('',(2.55,-4.416729559301,0.));
#4898 = VECTOR('',#4899,1.);
#4899 = DIRECTION('',(0.5,0.866025403784,0.));
#4900 = PCURVE('',#4745,#4901);
#4901 = DEFINITIONAL_REPRESENTATION('',(#4902),#4906);
#4902 = LINE('',#4903,#4904);
#4903 = CARTESIAN_POINT('',(0.,0.));
#4904 = VECTOR('',#4905,1.);
#4905 = DIRECTION('',(1.,0.));
#4906 = ( GEOMETRIC_REPRESENTATION_CONTEXT(2) 
PARAMETRIC_REPRESENTATION_CONTEXT() REPRESENTATION_CONTEXT('2D SPACE',''
  ) );
#4907 = PCURVE('',#4827,#4908);
#4908 = DEFINITIONAL_REPRESENTATION('',(#4909),#4913);
#4909 = LINE('',#4910,#4911);
#4910 = CARTESIAN_POINT('',(2.55,-4.416729559301));
#4911 = VECTOR('',#4912,1.);
#4912 = DIRECTION('',(0.5,0.866025403784));
#4913 = ( GEOMETRIC_REPRESENTATION_CONTEXT(2) 
PARAMETRIC_REPRESENTATION_CONTEXT() REPRESENTATION_CONTEXT('2D SPACE',''
  ) );
#4914 = ADVANCED_FACE('',(#4915),#4801,.F.);
#4915 = FACE_BOUND('',#4916,.F.);
#4916 = EDGE_LOOP('',(#4917,#4918,#4941,#4969));
#4917 = ORIENTED_EDGE('',*,*,#4785,.T.);
#4918 = ORIENTED_EDGE('',*,*,#4919,.T.);
#4919 = EDGE_CURVE('',#4758,#4920,#4922,.T.);
#4920 = VERTEX_POINT('',#4921);
#4921 = CARTESIAN_POINT('',(-2.55,4.416729559301,3.9));
#4922 = SURFACE_CURVE('',#4923,(#4927,#4934),.PCURVE_S1.);
#4923 = LINE('',#4924,#4925);
#4924 = CARTESIAN_POINT('',(2.55,4.416729559301,3.9));
#4925 = VECTOR('',#4926,1.);
#4926 = DIRECTION('',(-1.,1.741526313138E-16,0.));
#4927 = PCURVE('',#4801,#4928);
#4928 = DEFINITIONAL_REPRESENTATION('',(#4929),#4933);
#4929 = LINE('',#4930,#4931);
#4930 = CARTESIAN_POINT('',(0.,-3.9));
#4931 = VECTOR('',#4932,1.);
#4932 = DIRECTION('',(1.,0.));
#4933 = ( GEOMETRIC_REPRESENTATION_CONTEXT(2) 
PARAMETRIC_REPRESENTATION_CONTEXT() REPRESENTATION_CONTEXT('2D SPACE',''
  ) );
#4934 = PCURVE('',#4773,#4935);
#4935 = DEFINITIONAL_REPRESENTATION('',(#4936),#4940);
#4936 = LINE('',#4937,#4938);
#4937 = CARTESIAN_POINT('',(2.55,4.416729559301));
#4938 = VECTOR('',#4939,1.);
#4939 = DIRECTION('',(-1.,1.741526313138E-16));
#4940 = ( GEOMETRIC_REPRESENTATION_CONTEXT(2) 
PARAMETRIC_REPRESENTATION_CONTEXT() REPRESENTATION_CONTEXT('2D SPACE',''
  ) );
#4941 = ORIENTED_EDGE('',*,*,#4942,.F.);
#4942 = EDGE_CURVE('',#4943,#4920,#4945,.T.);
#4943 = VERTEX_POINT('',#4944);
#4944 = CARTESIAN_POINT('',(-2.55,4.416729559301,0.));
#4945 = SURFACE_CURVE('',#4946,(#4950,#4957),.PCURVE_S1.);
#4946 = LINE('',#4947,#4948);
#4947 = CARTESIAN_POINT('',(-2.55,4.416729559301,0.));
#4948 = VECTOR('',#4949,1.);
#4949 = DIRECTION('',(0.,0.,1.));
#4950 = PCURVE('',#4801,#4951);
#4951 = DEFINITIONAL_REPRESENTATION('',(#4952),#4956);
#4952 = LINE('',#4953,#4954);
#4953 = CARTESIAN_POINT('',(5.1,0.));
#4954 = VECTOR('',#4955,1.);
#4955 = DIRECTION('',(0.,-1.));
#4956 = ( GEOMETRIC_REPRESENTATION_CONTEXT(2) 
PARAMETRIC_REPRESENTATION_CONTEXT() REPRESENTATION_CONTEXT('2D SPACE',''
  ) );
#4957 = PCURVE('',#4958,#4963);
#4958 = PLANE('',#4959);
#4959 = AXIS2_PLACEMENT_3D('',#4960,#4961,#4962);
#4960 = CARTESIAN_POINT('',(-2.55,4.416729559301,0.));
#4961 = DIRECTION('',(0.866025403784,-0.5,0.));
#4962 = DIRECTION('',(-0.5,-0.866025403784,0.));
#4963 = DEFINITIONAL_REPRESENTATION('',(#4964),#4968);
#4964 = LINE('',#4965,#4966);
#4965 = CARTESIAN_POINT('',(0.,0.));
#4966 = VECTOR('',#4967,1.);
#4967 = DIRECTION('',(0.,-1.));
#4968 = ( GEOMETRIC_REPRESENTATION_CONTEXT(2) 
PARAMETRIC_REPRESENTATION_CONTEXT() REPRESENTATION_CONTEXT('2D SPACE',''
  ) );
#4969 = ORIENTED_EDGE('',*,*,#4970,.F.);
#4970 = EDGE_CURVE('',#4786,#4943,#4971,.T.);
#4971 = SURFACE_CURVE('',#4972,(#4976,#4983),.PCURVE_S1.);
#4972 = LINE('',#4973,#4974);
#4973 = CARTESIAN_POINT('',(2.55,4.416729559301,0.));
#4974 = VECTOR('',#4975,1.);
#4975 = DIRECTION('',(-1.,1.741526313138E-16,0.));
#4976 = PCURVE('',#4801,#4977);
#4977 = DEFINITIONAL_REPRESENTATION('',(#4978),#4982);
#4978 = LINE('',#4979,#4980);
#4979 = CARTESIAN_POINT('',(0.,0.));
#4980 = VECTOR('',#4981,1.);
#4981 = DIRECTION('',(1.,0.));
#4982 = ( GEOMETRIC_REPRESENTATION_CONTEXT(2) 
PARAMETRIC_REPRESENTATION_CONTEXT() REPRESENTATION_CONTEXT('2D SPACE',''
  ) );
#4983 = PCURVE('',#4827,#4984);
#4984 = DEFINITIONAL_REPRESENTATION('',(#4985),#4989);
#4985 = LINE('',#4986,#4987);
#4986 = CARTESIAN_POINT('',(2.55,4.416729559301));
#4987 = VECTOR('',#4988,1.);
#4988 = DIRECTION('',(-1.,1.741526313138E-16));
#4989 = ( GEOMETRIC_REPRESENTATION_CONTEXT(2) 
PARAMETRIC_REPRESENTATION_CONTEXT() REPRESENTATION_CONTEXT('2D SPACE',''
  ) );
#4990 = ADVANCED_FACE('',(#4991,#5068),#4827,.F.);
#4991 = FACE_BOUND('',#4992,.F.);
#4992 = EDGE_LOOP('',(#4993,#4994,#4995,#5018,#5046,#5067));
#4993 = ORIENTED_EDGE('',*,*,#4813,.T.);
#4994 = ORIENTED_EDGE('',*,*,#4970,.T.);
#4995 = ORIENTED_EDGE('',*,*,#4996,.T.);
#4996 = EDGE_CURVE('',#4943,#4997,#4999,.T.);
#4997 = VERTEX_POINT('',#4998);
#4998 = CARTESIAN_POINT('',(-5.1,6.245698675652E-16,0.));
#4999 = SURFACE_CURVE('',#5000,(#5004,#5011),.PCURVE_S1.);
#5000 = LINE('',#5001,#5002);
#5001 = CARTESIAN_POINT('',(-2.55,4.416729559301,0.));
#5002 = VECTOR('',#5003,1.);
#5003 = DIRECTION('',(-0.5,-0.866025403784,0.));
#5004 = PCURVE('',#4827,#5005);
#5005 = DEFINITIONAL_REPRESENTATION('',(#5006),#5010);
#5006 = LINE('',#5007,#5008);
#5007 = CARTESIAN_POINT('',(-2.55,4.416729559301));
#5008 = VECTOR('',#5009,1.);
#5009 = DIRECTION('',(-0.5,-0.866025403784));
#5010 = ( GEOMETRIC_REPRESENTATION_CONTEXT(2) 
PARAMETRIC_REPRESENTATION_CONTEXT() REPRESENTATION_CONTEXT('2D SPACE',''
  ) );
#5011 = PCURVE('',#4958,#5012);
#5012 = DEFINITIONAL_REPRESENTATION('',(#5013),#5017);
#5013 = LINE('',#5014,#5015);
#5014 = CARTESIAN_POINT('',(0.,0.));
#5015 = VECTOR('',#5016,1.);
#5016 = DIRECTION('',(1.,0.));
#5017 = ( GEOMETRIC_REPRESENTATION_CONTEXT(2) 
PARAMETRIC_REPRESENTATION_CONTEXT() REPRESENTATION_CONTEXT('2D SPACE',''
  ) );
#5018 = ORIENTED_EDGE('',*,*,#5019,.T.);
#5019 = EDGE_CURVE('',#4997,#5020,#5022,.T.);
#5020 = VERTEX_POINT('',#5021);
#5021 = CARTESIAN_POINT('',(-2.55,-4.416729559301,0.));
#5022 = SURFACE_CURVE('',#5023,(#5027,#5034),.PCURVE_S1.);
#5023 = LINE('',#5024,#5025);
#5024 = CARTESIAN_POINT('',(-5.1,6.245698675652E-16,0.));
#5025 = VECTOR('',#5026,1.);
#5026 = DIRECTION('',(0.5,-0.866025403784,0.));
#5027 = PCURVE('',#4827,#5028);
#5028 = DEFINITIONAL_REPRESENTATION('',(#5029),#5033);
#5029 = LINE('',#5030,#5031);
#5030 = CARTESIAN_POINT('',(-5.1,9.148242530881E-16));
#5031 = VECTOR('',#5032,1.);
#5032 = DIRECTION('',(0.5,-0.866025403784));
#5033 = ( GEOMETRIC_REPRESENTATION_CONTEXT(2) 
PARAMETRIC_REPRESENTATION_CONTEXT() REPRESENTATION_CONTEXT('2D SPACE',''
  ) );
#5034 = PCURVE('',#5035,#5040);
#5035 = PLANE('',#5036);
#5036 = AXIS2_PLACEMENT_3D('',#5037,#5038,#5039);
#5037 = CARTESIAN_POINT('',(-5.1,6.245698675652E-16,0.));
#5038 = DIRECTION('',(0.866025403784,0.5,-0.));
#5039 = DIRECTION('',(0.5,-0.866025403784,0.));
#5040 = DEFINITIONAL_REPRESENTATION('',(#5041),#5045);
#5041 = LINE('',#5042,#5043);
#5042 = CARTESIAN_POINT('',(0.,0.));
#5043 = VECTOR('',#5044,1.);
#5044 = DIRECTION('',(1.,0.));
#5045 = ( GEOMETRIC_REPRESENTATION_CONTEXT(2) 
PARAMETRIC_REPRESENTATION_CONTEXT() REPRESENTATION_CONTEXT('2D SPACE',''
  ) );
#5046 = ORIENTED_EDGE('',*,*,#5047,.T.);
#5047 = EDGE_CURVE('',#5020,#4843,#5048,.T.);
#5048 = SURFACE_CURVE('',#5049,(#5053,#5060),.PCURVE_S1.);
#5049 = LINE('',#5050,#5051);
#5050 = CARTESIAN_POINT('',(-2.55,-4.416729559301,0.));
#5051 = VECTOR('',#5052,1.);
#5052 = DIRECTION('',(1.,-6.96610525255E-16,0.));
#5053 = PCURVE('',#4827,#5054);
#5054 = DEFINITIONAL_REPRESENTATION('',(#5055),#5059);
#5055 = LINE('',#5056,#5057);
#5056 = CARTESIAN_POINT('',(-2.55,-4.416729559301));
#5057 = VECTOR('',#5058,1.);
#5058 = DIRECTION('',(1.,-6.96610525255E-16));
#5059 = ( GEOMETRIC_REPRESENTATION_CONTEXT(2) 
PARAMETRIC_REPRESENTATION_CONTEXT() REPRESENTATION_CONTEXT('2D SPACE',''
  ) );
#5060 = PCURVE('',#4860,#5061);
#5061 = DEFINITIONAL_REPRESENTATION('',(#5062),#5066);
#5062 = LINE('',#5063,#5064);
#5063 = CARTESIAN_POINT('',(0.,0.));
#5064 = VECTOR('',#5065,1.);
#5065 = DIRECTION('',(1.,0.));
#5066 = ( GEOMETRIC_REPRESENTATION_CONTEXT(2) 
PARAMETRIC_REPRESENTATION_CONTEXT() REPRESENTATION_CONTEXT('2D SPACE',''
  ) );
#5067 = ORIENTED_EDGE('',*,*,#4894,.T.);
#5068 = FACE_BOUND('',#5069,.F.);
#5069 = EDGE_LOOP('',(#5070));
#5070 = ORIENTED_EDGE('',*,*,#5071,.F.);
#5071 = EDGE_CURVE('',#5072,#5072,#5074,.T.);
#5072 = VERTEX_POINT('',#5073);
#5073 = CARTESIAN_POINT('',(3.,0.,0.));
#5074 = SURFACE_CURVE('',#5075,(#5080,#5087),.PCURVE_S1.);
#5075 = CIRCLE('',#5076,3.);
#5076 = AXIS2_PLACEMENT_3D('',#5077,#5078,#5079);
#5077 = CARTESIAN_POINT('',(0.,0.,0.));
#5078 = DIRECTION('',(0.,0.,1.));
#5079 = DIRECTION('',(1.,0.,0.));
#5080 = PCURVE('',#4827,#5081);
#5081 = DEFINITIONAL_REPRESENTATION('',(#5082),#5086);
#5082 = CIRCLE('',#5083,3.);
#5083 = AXIS2_PLACEMENT_2D('',#5084,#5085);
#5084 = CARTESIAN_POINT('',(1.741526313138E-16,2.902543855229E-16));
#5085 = DIRECTION('',(1.,0.));
#5086 = ( GEOMETRIC_REPRESENTATION_CONTEXT(2) 
PARAMETRIC_REPRESENTATION_CONTEXT() REPRESENTATION_CONTEXT('2D SPACE',''
  ) );
#5087 = PCURVE('',#5088,#5093);
#5088 = CYLINDRICAL_SURFACE('',#5089,3.);
#5089 = AXIS2_PLACEMENT_3D('',#5090,#5091,#5092);
#5090 = CARTESIAN_POINT('',(0.,0.,0.));
#5091 = DIRECTION('',(0.,0.,1.));
#5092 = DIRECTION('',(1.,0.,0.));
#5093 = DEFINITIONAL_REPRESENTATION('',(#5094),#5098);
#5094 = LINE('',#5095,#5096);
#5095 = CARTESIAN_POINT('',(0.,0.));
#5096 = VECTOR('',#5097,1.);
#5097 = DIRECTION('',(1.,0.));
#5098 = ( GEOMETRIC_REPRESENTATION_CONTEXT(2) 
PARAMETRIC_REPRESENTATION_CONTEXT() REPRESENTATION_CONTEXT('2D SPACE',''
  ) );
#5099 = ADVANCED_FACE('',(#5100),#4773,.T.);
#5100 = FACE_BOUND('',#5101,.T.);
#5101 = EDGE_LOOP('',(#5102,#5103,#5104,#5127,#5150,#5171));
#5102 = ORIENTED_EDGE('',*,*,#4757,.T.);
#5103 = ORIENTED_EDGE('',*,*,#4919,.T.);
#5104 = ORIENTED_EDGE('',*,*,#5105,.T.);
#5105 = EDGE_CURVE('',#4920,#5106,#5108,.T.);
#5106 = VERTEX_POINT('',#5107);
#5107 = CARTESIAN_POINT('',(-5.1,6.245698675652E-16,3.9));
#5108 = SURFACE_CURVE('',#5109,(#5113,#5120),.PCURVE_S1.);
#5109 = LINE('',#5110,#5111);
#5110 = CARTESIAN_POINT('',(-2.55,4.416729559301,3.9));
#5111 = VECTOR('',#5112,1.);
#5112 = DIRECTION('',(-0.5,-0.866025403784,0.));
#5113 = PCURVE('',#4773,#5114);
#5114 = DEFINITIONAL_REPRESENTATION('',(#5115),#5119);
#5115 = LINE('',#5116,#5117);
#5116 = CARTESIAN_POINT('',(-2.55,4.416729559301));
#5117 = VECTOR('',#5118,1.);
#5118 = DIRECTION('',(-0.5,-0.866025403784));
#5119 = ( GEOMETRIC_REPRESENTATION_CONTEXT(2) 
PARAMETRIC_REPRESENTATION_CONTEXT() REPRESENTATION_CONTEXT('2D SPACE',''
  ) );
#5120 = PCURVE('',#4958,#5121);
#5121 = DEFINITIONAL_REPRESENTATION('',(#5122),#5126);
#5122 = LINE('',#5123,#5124);
#5123 = CARTESIAN_POINT('',(0.,-3.9));
#5124 = VECTOR('',#5125,1.);
#5125 = DIRECTION('',(1.,0.));
#5126 = ( GEOMETRIC_REPRESENTATION_CONTEXT(2) 
PARAMETRIC_REPRESENTATION_CONTEXT() REPRESENTATION_CONTEXT('2D SPACE',''
  ) );
#5127 = ORIENTED_EDGE('',*,*,#5128,.T.);
#5128 = EDGE_CURVE('',#5106,#5129,#5131,.T.);
#5129 = VERTEX_POINT('',#5130);
#5130 = CARTESIAN_POINT('',(-2.55,-4.416729559301,3.9));
#5131 = SURFACE_CURVE('',#5132,(#5136,#5143),.PCURVE_S1.);
#5132 = LINE('',#5133,#5134);
#5133 = CARTESIAN_POINT('',(-5.1,6.245698675652E-16,3.9));
#5134 = VECTOR('',#5135,1.);
#5135 = DIRECTION('',(0.5,-0.866025403784,0.));
#5136 = PCURVE('',#4773,#5137);
#5137 = DEFINITIONAL_REPRESENTATION('',(#5138),#5142);
#5138 = LINE('',#5139,#5140);
#5139 = CARTESIAN_POINT('',(-5.1,9.148242530881E-16));
#5140 = VECTOR('',#5141,1.);
#5141 = DIRECTION('',(0.5,-0.866025403784));
#5142 = ( GEOMETRIC_REPRESENTATION_CONTEXT(2) 
PARAMETRIC_REPRESENTATION_CONTEXT() REPRESENTATION_CONTEXT('2D SPACE',''
  ) );
#5143 = PCURVE('',#5035,#5144);
#5144 = DEFINITIONAL_REPRESENTATION('',(#5145),#5149);
#5145 = LINE('',#5146,#5147);
#5146 = CARTESIAN_POINT('',(0.,-3.9));
#5147 = VECTOR('',#5148,1.);
#5148 = DIRECTION('',(1.,0.));
#5149 = ( GEOMETRIC_REPRESENTATION_CONTEXT(2) 
PARAMETRIC_REPRESENTATION_CONTEXT() REPRESENTATION_CONTEXT('2D SPACE',''
  ) );
#5150 = ORIENTED_EDGE('',*,*,#5151,.T.);
#5151 = EDGE_CURVE('',#5129,#4845,#5152,.T.);
#5152 = SURFACE_CURVE('',#5153,(#5157,#5164),.PCURVE_S1.);
#5153 = LINE('',#5154,#5155);
#5154 = CARTESIAN_POINT('',(-2.55,-4.416729559301,3.9));
#5155 = VECTOR('',#5156,1.);
#5156 = DIRECTION('',(1.,-6.96610525255E-16,0.));
#5157 = PCURVE('',#4773,#5158);
#5158 = DEFINITIONAL_REPRESENTATION('',(#5159),#5163);
#5159 = LINE('',#5160,#5161);
#5160 = CARTESIAN_POINT('',(-2.55,-4.416729559301));
#5161 = VECTOR('',#5162,1.);
#5162 = DIRECTION('',(1.,-6.96610525255E-16));
#5163 = ( GEOMETRIC_REPRESENTATION_CONTEXT(2) 
PARAMETRIC_REPRESENTATION_CONTEXT() REPRESENTATION_CONTEXT('2D SPACE',''
  ) );
#5164 = PCURVE('',#4860,#5165);
#5165 = DEFINITIONAL_REPRESENTATION('',(#5166),#5170);
#5166 = LINE('',#5167,#5168);
#5167 = CARTESIAN_POINT('',(0.,-3.9));
#5168 = VECTOR('',#5169,1.);
#5169 = DIRECTION('',(1.,0.));
#5170 = ( GEOMETRIC_REPRESENTATION_CONTEXT(2) 
PARAMETRIC_REPRESENTATION_CONTEXT() REPRESENTATION_CONTEXT('2D SPACE',''
  ) );
#5171 = ORIENTED_EDGE('',*,*,#4872,.T.);
#5172 = ADVANCED_FACE('',(#5173),#4860,.F.);
#5173 = FACE_BOUND('',#5174,.F.);
#5174 = EDGE_LOOP('',(#5175,#5196,#5197,#5198));
#5175 = ORIENTED_EDGE('',*,*,#5176,.T.);
#5176 = EDGE_CURVE('',#5020,#5129,#5177,.T.);
#5177 = SURFACE_CURVE('',#5178,(#5182,#5189),.PCURVE_S1.);
#5178 = LINE('',#5179,#5180);
#5179 = CARTESIAN_POINT('',(-2.55,-4.416729559301,0.));
#5180 = VECTOR('',#5181,1.);
#5181 = DIRECTION('',(0.,0.,1.));
#5182 = PCURVE('',#4860,#5183);
#5183 = DEFINITIONAL_REPRESENTATION('',(#5184),#5188);
#5184 = LINE('',#5185,#5186);
#5185 = CARTESIAN_POINT('',(0.,0.));
#5186 = VECTOR('',#5187,1.);
#5187 = DIRECTION('',(0.,-1.));
#5188 = ( GEOMETRIC_REPRESENTATION_CONTEXT(2) 
PARAMETRIC_REPRESENTATION_CONTEXT() REPRESENTATION_CONTEXT('2D SPACE',''
  ) );
#5189 = PCURVE('',#5035,#5190);
#5190 = DEFINITIONAL_REPRESENTATION('',(#5191),#5195);
#5191 = LINE('',#5192,#5193);
#5192 = CARTESIAN_POINT('',(5.1,0.));
#5193 = VECTOR('',#5194,1.);
#5194 = DIRECTION('',(0.,-1.));
#5195 = ( GEOMETRIC_REPRESENTATION_CONTEXT(2) 
PARAMETRIC_REPRESENTATION_CONTEXT() REPRESENTATION_CONTEXT('2D SPACE',''
  ) );
#5196 = ORIENTED_EDGE('',*,*,#5151,.T.);
#5197 = ORIENTED_EDGE('',*,*,#4842,.F.);
#5198 = ORIENTED_EDGE('',*,*,#5047,.F.);
#5199 = ADVANCED_FACE('',(#5200),#4958,.F.);
#5200 = FACE_BOUND('',#5201,.F.);
#5201 = EDGE_LOOP('',(#5202,#5203,#5204,#5225));
#5202 = ORIENTED_EDGE('',*,*,#4942,.T.);
#5203 = ORIENTED_EDGE('',*,*,#5105,.T.);
#5204 = ORIENTED_EDGE('',*,*,#5205,.F.);
#5205 = EDGE_CURVE('',#4997,#5106,#5206,.T.);
#5206 = SURFACE_CURVE('',#5207,(#5211,#5218),.PCURVE_S1.);
#5207 = LINE('',#5208,#5209);
#5208 = CARTESIAN_POINT('',(-5.1,6.245698675652E-16,0.));
#5209 = VECTOR('',#5210,1.);
#5210 = DIRECTION('',(0.,0.,1.));
#5211 = PCURVE('',#4958,#5212);
#5212 = DEFINITIONAL_REPRESENTATION('',(#5213),#5217);
#5213 = LINE('',#5214,#5215);
#5214 = CARTESIAN_POINT('',(5.1,0.));
#5215 = VECTOR('',#5216,1.);
#5216 = DIRECTION('',(0.,-1.));
#5217 = ( GEOMETRIC_REPRESENTATION_CONTEXT(2) 
PARAMETRIC_REPRESENTATION_CONTEXT() REPRESENTATION_CONTEXT('2D SPACE',''
  ) );
#5218 = PCURVE('',#5035,#5219);
#5219 = DEFINITIONAL_REPRESENTATION('',(#5220),#5224);
#5220 = LINE('',#5221,#5222);
#5221 = CARTESIAN_POINT('',(0.,0.));
#5222 = VECTOR('',#5223,1.);
#5223 = DIRECTION('',(0.,-1.));
#5224 = ( GEOMETRIC_REPRESENTATION_CONTEXT(2) 
PARAMETRIC_REPRESENTATION_CONTEXT() REPRESENTATION_CONTEXT('2D SPACE',''
  ) );
#5225 = ORIENTED_EDGE('',*,*,#4996,.F.);
#5226 = ADVANCED_FACE('',(#5227),#5035,.F.);
#5227 = FACE_BOUND('',#5228,.F.);
#5228 = EDGE_LOOP('',(#5229,#5230,#5231,#5232));
#5229 = ORIENTED_EDGE('',*,*,#5205,.T.);
#5230 = ORIENTED_EDGE('',*,*,#5128,.T.);
#5231 = ORIENTED_EDGE('',*,*,#5176,.F.);
#5232 = ORIENTED_EDGE('',*,*,#5019,.F.);
#5233 = ADVANCED_FACE('',(#5234),#5088,.T.);
#5234 = FACE_BOUND('',#5235,.T.);
#5235 = EDGE_LOOP('',(#5236,#5259,#5286,#5287));
#5236 = ORIENTED_EDGE('',*,*,#5237,.T.);
#5237 = EDGE_CURVE('',#5072,#5238,#5240,.T.);
#5238 = VERTEX_POINT('',#5239);
#5239 = CARTESIAN_POINT('',(3.,0.,-19.28));
#5240 = SEAM_CURVE('',#5241,(#5245,#5252),.PCURVE_S1.);
#5241 = LINE('',#5242,#5243);
#5242 = CARTESIAN_POINT('',(3.,0.,0.));
#5243 = VECTOR('',#5244,1.);
#5244 = DIRECTION('',(-0.,-0.,-1.));
#5245 = PCURVE('',#5088,#5246);
#5246 = DEFINITIONAL_REPRESENTATION('',(#5247),#5251);
#5247 = LINE('',#5248,#5249);
#5248 = CARTESIAN_POINT('',(0.,0.));
#5249 = VECTOR('',#5250,1.);
#5250 = DIRECTION('',(0.,-1.));
#5251 = ( GEOMETRIC_REPRESENTATION_CONTEXT(2) 
PARAMETRIC_REPRESENTATION_CONTEXT() REPRESENTATION_CONTEXT('2D SPACE',''
  ) );
#5252 = PCURVE('',#5088,#5253);
#5253 = DEFINITIONAL_REPRESENTATION('',(#5254),#5258);
#5254 = LINE('',#5255,#5256);
#5255 = CARTESIAN_POINT('',(6.28318530718,0.));
#5256 = VECTOR('',#5257,1.);
#5257 = DIRECTION('',(0.,-1.));
#5258 = ( GEOMETRIC_REPRESENTATION_CONTEXT(2) 
PARAMETRIC_REPRESENTATION_CONTEXT() REPRESENTATION_CONTEXT('2D SPACE',''
  ) );
#5259 = ORIENTED_EDGE('',*,*,#5260,.T.);
#5260 = EDGE_CURVE('',#5238,#5238,#5261,.T.);
#5261 = SURFACE_CURVE('',#5262,(#5267,#5274),.PCURVE_S1.);
#5262 = CIRCLE('',#5263,3.);
#5263 = AXIS2_PLACEMENT_3D('',#5264,#5265,#5266);
#5264 = CARTESIAN_POINT('',(0.,0.,-19.28));
#5265 = DIRECTION('',(0.,0.,1.));
#5266 = DIRECTION('',(1.,0.,-0.));
#5267 = PCURVE('',#5088,#5268);
#5268 = DEFINITIONAL_REPRESENTATION('',(#5269),#5273);
#5269 = LINE('',#5270,#5271);
#5270 = CARTESIAN_POINT('',(0.,-19.28));
#5271 = VECTOR('',#5272,1.);
#5272 = DIRECTION('',(1.,0.));
#5273 = ( GEOMETRIC_REPRESENTATION_CONTEXT(2) 
PARAMETRIC_REPRESENTATION_CONTEXT() REPRESENTATION_CONTEXT('2D SPACE',''
  ) );
#5274 = PCURVE('',#5275,#5280);
#5275 = CONICAL_SURFACE('',#5276,3.,0.785398163397);
#5276 = AXIS2_PLACEMENT_3D('',#5277,#5278,#5279);
#5277 = CARTESIAN_POINT('',(0.,0.,-19.28));
#5278 = DIRECTION('',(0.,0.,1.));
#5279 = DIRECTION('',(1.,0.,-0.));
#5280 = DEFINITIONAL_REPRESENTATION('',(#5281),#5285);
#5281 = LINE('',#5282,#5283);
#5282 = CARTESIAN_POINT('',(0.,-0.));
#5283 = VECTOR('',#5284,1.);
#5284 = DIRECTION('',(1.,-0.));
#5285 = ( GEOMETRIC_REPRESENTATION_CONTEXT(2) 
PARAMETRIC_REPRESENTATION_CONTEXT() REPRESENTATION_CONTEXT('2D SPACE',''
  ) );
#5286 = ORIENTED_EDGE('',*,*,#5237,.F.);
#5287 = ORIENTED_EDGE('',*,*,#5071,.F.);
#5288 = ADVANCED_FACE('',(#5289),#5275,.T.);
#5289 = FACE_BOUND('',#5290,.F.);
#5290 = EDGE_LOOP('',(#5291,#5312,#5313,#5314));
#5291 = ORIENTED_EDGE('',*,*,#5292,.F.);
#5292 = EDGE_CURVE('',#5238,#5293,#5295,.T.);
#5293 = VERTEX_POINT('',#5294);
#5294 = CARTESIAN_POINT('',(2.28,0.,-20.));
#5295 = SEAM_CURVE('',#5296,(#5300,#5306),.PCURVE_S1.);
#5296 = LINE('',#5297,#5298);
#5297 = CARTESIAN_POINT('',(3.,0.,-19.28));
#5298 = VECTOR('',#5299,1.);
#5299 = DIRECTION('',(-0.707106781187,-0.,-0.707106781187));
#5300 = PCURVE('',#5275,#5301);
#5301 = DEFINITIONAL_REPRESENTATION('',(#5302),#5305);
#5302 = B_SPLINE_CURVE_WITH_KNOTS('',1,(#5303,#5304),.UNSPECIFIED.,.F.,
  .F.,(2,2),(0.,1.018233764909),.PIECEWISE_BEZIER_KNOTS.);
#5303 = CARTESIAN_POINT('',(0.,0.));
#5304 = CARTESIAN_POINT('',(0.,-0.72));
#5305 = ( GEOMETRIC_REPRESENTATION_CONTEXT(2) 
PARAMETRIC_REPRESENTATION_CONTEXT() REPRESENTATION_CONTEXT('2D SPACE',''
  ) );
#5306 = PCURVE('',#5275,#5307);
#5307 = DEFINITIONAL_REPRESENTATION('',(#5308),#5311);
#5308 = B_SPLINE_CURVE_WITH_KNOTS('',1,(#5309,#5310),.UNSPECIFIED.,.F.,
  .F.,(2,2),(0.,1.018233764909),.PIECEWISE_BEZIER_KNOTS.);
#5309 = CARTESIAN_POINT('',(6.28318530718,0.));
#5310 = CARTESIAN_POINT('',(6.28318530718,-0.72));
#5311 = ( GEOMETRIC_REPRESENTATION_CONTEXT(2) 
PARAMETRIC_REPRESENTATION_CONTEXT() REPRESENTATION_CONTEXT('2D SPACE',''
  ) );
#5312 = ORIENTED_EDGE('',*,*,#5260,.T.);
#5313 = ORIENTED_EDGE('',*,*,#5292,.T.);
#5314 = ORIENTED_EDGE('',*,*,#5315,.F.);
#5315 = EDGE_CURVE('',#5293,#5293,#5316,.T.);
#5316 = SURFACE_CURVE('',#5317,(#5322,#5329),.PCURVE_S1.);
#5317 = CIRCLE('',#5318,2.28);
#5318 = AXIS2_PLACEMENT_3D('',#5319,#5320,#5321);
#5319 = CARTESIAN_POINT('',(0.,0.,-20.));
#5320 = DIRECTION('',(0.,0.,1.));
#5321 = DIRECTION('',(1.,0.,-0.));
#5322 = PCURVE('',#5275,#5323);
#5323 = DEFINITIONAL_REPRESENTATION('',(#5324),#5328);
#5324 = LINE('',#5325,#5326);
#5325 = CARTESIAN_POINT('',(0.,-0.72));
#5326 = VECTOR('',#5327,1.);
#5327 = DIRECTION('',(1.,-0.));
#5328 = ( GEOMETRIC_REPRESENTATION_CONTEXT(2) 
PARAMETRIC_REPRESENTATION_CONTEXT() REPRESENTATION_CONTEXT('2D SPACE',''
  ) );
#5329 = PCURVE('',#5330,#5335);
#5330 = PLANE('',#5331);
#5331 = AXIS2_PLACEMENT_3D('',#5332,#5333,#5334);
#5332 = CARTESIAN_POINT('',(-1.709300165674E-16,-8.51133553645E-18,-20.)
  );
#5333 = DIRECTION('',(0.,0.,1.));
#5334 = DIRECTION('',(1.,0.,-0.));
#5335 = DEFINITIONAL_REPRESENTATION('',(#5336),#5340);
#5336 = CIRCLE('',#5337,2.28);
#5337 = AXIS2_PLACEMENT_2D('',#5338,#5339);
#5338 = CARTESIAN_POINT('',(1.709300165674E-16,8.51133553645E-18));
#5339 = DIRECTION('',(1.,0.));
#5340 = ( GEOMETRIC_REPRESENTATION_CONTEXT(2) 
PARAMETRIC_REPRESENTATION_CONTEXT() REPRESENTATION_CONTEXT('2D SPACE',''
  ) );
#5341 = ADVANCED_FACE('',(#5342),#5330,.F.);
#5342 = FACE_BOUND('',#5343,.F.);
#5343 = EDGE_LOOP('',(#5344));
#5344 = ORIENTED_EDGE('',*,*,#5315,.T.);
#5345 = ( GEOMETRIC_REPRESENTATION_CONTEXT(3) 
GLOBAL_UNCERTAINTY_ASSIGNED_CONTEXT((#5349)) 
GLOBAL_UNIT_ASSIGNED_CONTEXT((#5346,#5347,#5348)) REPRESENTATION_CONTEXT
('Context #1','3D Context with UNIT and UNCERTAINTY') );
#5346 = ( LENGTH_UNIT() NAMED_UNIT(*) SI_UNIT(.MILLI.,.METRE.) );
#5347 = ( NAMED_UNIT(*) PLANE_ANGLE_UNIT() SI_UNIT($,.RADIAN.) );
#5348 = ( NAMED_UNIT(*) SI_UNIT($,.STERADIAN.) SOLID_ANGLE_UNIT() );
#5349 = UNCERTAINTY_MEASURE_WITH_UNIT(LENGTH_MEASURE(1.E-07),#5346,
  'distance_accuracy_value','confusion accuracy');
#5350 = CONTEXT_DEPENDENT_SHAPE_REPRESENTATION(#5351,#5353);
#5351 = ( REPRESENTATION_RELATIONSHIP('','',#4715,#10) 
REPRESENTATION_RELATIONSHIP_WITH_TRANSFORMATION(#5352) 
SHAPE_REPRESENTATION_RELATIONSHIP() );
#5352 = ITEM_DEFINED_TRANSFORMATION('','',#11,#39);
#5353 = PRODUCT_DEFINITION_SHAPE('Placement','Placement of an item',
  #5354);
#5354 = NEXT_ASSEMBLY_USAGE_OCCURRENCE('7','','',#5,#4710,$);
#5355 = PRODUCT_RELATED_PRODUCT_CATEGORY('part',$,(#4712));
ENDSEC;
END-ISO-10303-21;
