ISO-10303-21;
HEADER;
FILE_DESCRIPTION(('Open CASCADE Model'),'2;1');
FILE_NAME('Open CASCADE Shape Model','2026-08-05T11:25:17',('Author'),(
    'Open CASCADE'),'Open CASCADE STEP processor 7.9','Open CASCADE 7.9'
  ,'Unknown');
FILE_SCHEMA(('AUTOMOTIVE_DESIGN { 1 0 10303 214 1 1 1 1 }'));
ENDSEC;
DATA;
#1 = APPLICATION_PROTOCOL_DEFINITION('international standard',
  'automotive_design',2000,#2);
#2 = APPLICATION_CONTEXT(
  'core data for automotive mechanical design processes');
#3 = SHAPE_DEFINITION_REPRESENTATION(#4,#10);
#4 = PRODUCT_DEFINITION_SHAPE('','',#5);
#5 = PRODUCT_DEFINITION('design','',#6,#9);
#6 = PRODUCT_DEFINITION_FORMATION('','',#7);
#7 = PRODUCT('Open CASCADE STEP translator 7.9 12',
  'Open CASCADE STEP translator 7.9 12','',(#8));
#8 = PRODUCT_CONTEXT('',#2,'mechanical');
#9 = PRODUCT_DEFINITION_CONTEXT('part definition',#2,'design');
#10 = SHAPE_REPRESENTATION('',(#11,#15,#19,#23,#27,#31,#35,#39,#43,#47,
    #51,#55,#59,#63,#67),#71);
#11 = AXIS2_PLACEMENT_3D('',#12,#13,#14);
#12 = CARTESIAN_POINT('',(0.,0.,0.));
#13 = DIRECTION('',(0.,0.,1.));
#14 = DIRECTION('',(1.,0.,-0.));
#15 = AXIS2_PLACEMENT_3D('',#16,#17,#18);
#16 = CARTESIAN_POINT('',(0.,0.,0.));
#17 = DIRECTION('',(0.,0.,1.));
#18 = DIRECTION('',(1.,0.,-0.));
#19 = AXIS2_PLACEMENT_3D('',#20,#21,#22);
#20 = CARTESIAN_POINT('',(-100.,0.,20.));
#21 = DIRECTION('',(0.,0.,1.));
#22 = DIRECTION('',(1.,0.,-0.));
#23 = AXIS2_PLACEMENT_3D('',#24,#25,#26);
#24 = CARTESIAN_POINT('',(100.,0.,20.));
#25 = DIRECTION('',(0.,0.,1.));
#26 = DIRECTION('',(1.,0.,-0.));
#27 = AXIS2_PLACEMENT_3D('',#28,#29,#30);
#28 = CARTESIAN_POINT('',(-130.,0.,54.));
#29 = DIRECTION('',(1.,-0.,1.110223024625E-16));
#30 = DIRECTION('',(1.110223024625E-16,0.,-1.));
#31 = AXIS2_PLACEMENT_3D('',#32,#33,#34);
#32 = CARTESIAN_POINT('',(45.,0.,54.));
#33 = DIRECTION('',(1.,-0.,1.110223024625E-16));
#34 = DIRECTION('',(1.110223024625E-16,0.,-1.));
#35 = AXIS2_PLACEMENT_3D('',#36,#37,#38);
#36 = CARTESIAN_POINT('',(-45.,0.,54.));
#37 = DIRECTION('',(1.,-0.,1.110223024625E-16));
#38 = DIRECTION('',(1.110223024625E-16,0.,-1.));
#39 = AXIS2_PLACEMENT_3D('',#40,#41,#42);
#40 = CARTESIAN_POINT('',(-127.,-27.,26.));
#41 = DIRECTION('',(0.,0.,1.));
#42 = DIRECTION('',(1.,0.,-0.));
#43 = AXIS2_PLACEMENT_3D('',#44,#45,#46);
#44 = CARTESIAN_POINT('',(-127.,27.,26.));
#45 = DIRECTION('',(0.,0.,1.));
#46 = DIRECTION('',(1.,0.,-0.));
#47 = AXIS2_PLACEMENT_3D('',#48,#49,#50);
#48 = CARTESIAN_POINT('',(-73.,-27.,26.));
#49 = DIRECTION('',(0.,0.,1.));
#50 = DIRECTION('',(1.,0.,-0.));
#51 = AXIS2_PLACEMENT_3D('',#52,#53,#54);
#52 = CARTESIAN_POINT('',(-73.,27.,26.));
#53 = DIRECTION('',(0.,0.,1.));
#54 = DIRECTION('',(1.,0.,-0.));
#55 = AXIS2_PLACEMENT_3D('',#56,#57,#58);
#56 = CARTESIAN_POINT('',(73.,-27.,26.));
#57 = DIRECTION('',(0.,0.,1.));
#58 = DIRECTION('',(1.,0.,-0.));
#59 = AXIS2_PLACEMENT_3D('',#60,#61,#62);
#60 = CARTESIAN_POINT('',(73.,27.,26.));
#61 = DIRECTION('',(0.,0.,1.));
#62 = DIRECTION('',(1.,0.,-0.));
#63 = AXIS2_PLACEMENT_3D('',#64,#65,#66);
#64 = CARTESIAN_POINT('',(127.,-27.,26.));
#65 = DIRECTION('',(0.,0.,1.));
#66 = DIRECTION('',(1.,0.,-0.));
#67 = AXIS2_PLACEMENT_3D('',#68,#69,#70);
#68 = CARTESIAN_POINT('',(127.,27.,26.));
#69 = DIRECTION('',(0.,0.,1.));
#70 = DIRECTION('',(1.,0.,-0.));
#71 = ( GEOMETRIC_REPRESENTATION_CONTEXT(3) 
GLOBAL_UNCERTAINTY_ASSIGNED_CONTEXT((#75)) GLOBAL_UNIT_ASSIGNED_CONTEXT(
(#72,#73,#74)) REPRESENTATION_CONTEXT('Context #1',
  '3D Context with UNIT and UNCERTAINTY') );
#72 = ( LENGTH_UNIT() NAMED_UNIT(*) SI_UNIT(.MILLI.,.METRE.) );
#73 = ( NAMED_UNIT(*) PLANE_ANGLE_UNIT() SI_UNIT($,.RADIAN.) );
#74 = ( NAMED_UNIT(*) SI_UNIT($,.STERADIAN.) SOLID_ANGLE_UNIT() );
#75 = UNCERTAINTY_MEASURE_WITH_UNIT(LENGTH_MEASURE(5.E-06),#72,
  'distance_accuracy_value','confusion accuracy');
#76 = PRODUCT_RELATED_PRODUCT_CATEGORY('part',$,(#7));
#77 = SHAPE_DEFINITION_REPRESENTATION(#78,#84);
#78 = PRODUCT_DEFINITION_SHAPE('','',#79);
#79 = PRODUCT_DEFINITION('design','',#80,#83);
#80 = PRODUCT_DEFINITION_FORMATION('','',#81);
#81 = PRODUCT('Open CASCADE STEP translator 7.9 12.1',
  'Open CASCADE STEP translator 7.9 12.1','',(#82));
#82 = PRODUCT_CONTEXT('',#2,'mechanical');
#83 = PRODUCT_DEFINITION_CONTEXT('part definition',#2,'design');
#84 = ADVANCED_BREP_SHAPE_REPRESENTATION('',(#11,#85),#2291);
#85 = MANIFOLD_SOLID_BREP('',#86);
#86 = CLOSED_SHELL('',(#87,#207,#290,#367,#787,#837,#890,#939,#992,#1408
    ,#1458,#1507,#1557,#1584,#1634,#1684,#1734,#1784,#1834,#1884,#1934,
    #1984,#2009,#2034,#2059,#2084,#2091,#2116,#2141,#2166,#2191,#2216,
    #2241,#2266));
#87 = ADVANCED_FACE('',(#88),#102,.F.);
#88 = FACE_BOUND('',#89,.F.);
#89 = EDGE_LOOP('',(#90,#125,#153,#181));
#90 = ORIENTED_EDGE('',*,*,#91,.F.);
#91 = EDGE_CURVE('',#92,#94,#96,.T.);
#92 = VERTEX_POINT('',#93);
#93 = CARTESIAN_POINT('',(-150.,-48.,0.));
#94 = VERTEX_POINT('',#95);
#95 = CARTESIAN_POINT('',(-150.,-48.,19.2));
#96 = SURFACE_CURVE('',#97,(#101,#113),.PCURVE_S1.);
#97 = LINE('',#98,#99);
#98 = CARTESIAN_POINT('',(-150.,-48.,0.));
#99 = VECTOR('',#100,1.);
#100 = DIRECTION('',(0.,0.,1.));
#101 = PCURVE('',#102,#107);
#102 = PLANE('',#103);
#103 = AXIS2_PLACEMENT_3D('',#104,#105,#106);
#104 = CARTESIAN_POINT('',(-150.,-60.,0.));
#105 = DIRECTION('',(1.,0.,0.));
#106 = DIRECTION('',(0.,0.,1.));
#107 = DEFINITIONAL_REPRESENTATION('',(#108),#112);
#108 = LINE('',#109,#110);
#109 = CARTESIAN_POINT('',(0.,-12.));
#110 = VECTOR('',#111,1.);
#111 = DIRECTION('',(1.,0.));
#112 = ( GEOMETRIC_REPRESENTATION_CONTEXT(2) 
PARAMETRIC_REPRESENTATION_CONTEXT() REPRESENTATION_CONTEXT('2D SPACE',''
  ) );
#113 = PCURVE('',#114,#119);
#114 = CYLINDRICAL_SURFACE('',#115,12.);
#115 = AXIS2_PLACEMENT_3D('',#116,#117,#118);
#116 = CARTESIAN_POINT('',(-138.,-48.,0.));
#117 = DIRECTION('',(0.,0.,1.));
#118 = DIRECTION('',(-1.,-0.,0.));
#119 = DEFINITIONAL_REPRESENTATION('',(#120),#124);
#120 = LINE('',#121,#122);
#121 = CARTESIAN_POINT('',(0.,0.));
#122 = VECTOR('',#123,1.);
#123 = DIRECTION('',(0.,1.));
#124 = ( GEOMETRIC_REPRESENTATION_CONTEXT(2) 
PARAMETRIC_REPRESENTATION_CONTEXT() REPRESENTATION_CONTEXT('2D SPACE',''
  ) );
#125 = ORIENTED_EDGE('',*,*,#126,.T.);
#126 = EDGE_CURVE('',#92,#127,#129,.T.);
#127 = VERTEX_POINT('',#128);
#128 = CARTESIAN_POINT('',(-150.,48.,0.));
#129 = SURFACE_CURVE('',#130,(#134,#141),.PCURVE_S1.);
#130 = LINE('',#131,#132);
#131 = CARTESIAN_POINT('',(-150.,-60.,0.));
#132 = VECTOR('',#133,1.);
#133 = DIRECTION('',(0.,1.,0.));
#134 = PCURVE('',#102,#135);
#135 = DEFINITIONAL_REPRESENTATION('',(#136),#140);
#136 = LINE('',#137,#138);
#137 = CARTESIAN_POINT('',(0.,0.));
#138 = VECTOR('',#139,1.);
#139 = DIRECTION('',(0.,-1.));
#140 = ( GEOMETRIC_REPRESENTATION_CONTEXT(2) 
PARAMETRIC_REPRESENTATION_CONTEXT() REPRESENTATION_CONTEXT('2D SPACE',''
  ) );
#141 = PCURVE('',#142,#147);
#142 = PLANE('',#143);
#143 = AXIS2_PLACEMENT_3D('',#144,#145,#146);
#144 = CARTESIAN_POINT('',(-150.,-60.,0.));
#145 = DIRECTION('',(0.,0.,1.));
#146 = DIRECTION('',(1.,0.,0.));
#147 = DEFINITIONAL_REPRESENTATION('',(#148),#152);
#148 = LINE('',#149,#150);
#149 = CARTESIAN_POINT('',(0.,0.));
#150 = VECTOR('',#151,1.);
#151 = DIRECTION('',(0.,1.));
#152 = ( GEOMETRIC_REPRESENTATION_CONTEXT(2) 
PARAMETRIC_REPRESENTATION_CONTEXT() REPRESENTATION_CONTEXT('2D SPACE',''
  ) );
#153 = ORIENTED_EDGE('',*,*,#154,.T.);
#154 = EDGE_CURVE('',#127,#155,#157,.T.);
#155 = VERTEX_POINT('',#156);
#156 = CARTESIAN_POINT('',(-150.,48.,19.2));
#157 = SURFACE_CURVE('',#158,(#162,#169),.PCURVE_S1.);
#158 = LINE('',#159,#160);
#159 = CARTESIAN_POINT('',(-150.,48.,0.));
#160 = VECTOR('',#161,1.);
#161 = DIRECTION('',(0.,0.,1.));
#162 = PCURVE('',#102,#163);
#163 = DEFINITIONAL_REPRESENTATION('',(#164),#168);
#164 = LINE('',#165,#166);
#165 = CARTESIAN_POINT('',(0.,-108.));
#166 = VECTOR('',#167,1.);
#167 = DIRECTION('',(1.,0.));
#168 = ( GEOMETRIC_REPRESENTATION_CONTEXT(2) 
PARAMETRIC_REPRESENTATION_CONTEXT() REPRESENTATION_CONTEXT('2D SPACE',''
  ) );
#169 = PCURVE('',#170,#175);
#170 = CYLINDRICAL_SURFACE('',#171,12.);
#171 = AXIS2_PLACEMENT_3D('',#172,#173,#174);
#172 = CARTESIAN_POINT('',(-138.,48.,0.));
#173 = DIRECTION('',(0.,0.,1.));
#174 = DIRECTION('',(-1.,-0.,0.));
#175 = DEFINITIONAL_REPRESENTATION('',(#176),#180);
#176 = LINE('',#177,#178);
#177 = CARTESIAN_POINT('',(-0.,0.));
#178 = VECTOR('',#179,1.);
#179 = DIRECTION('',(-0.,1.));
#180 = ( GEOMETRIC_REPRESENTATION_CONTEXT(2) 
PARAMETRIC_REPRESENTATION_CONTEXT() REPRESENTATION_CONTEXT('2D SPACE',''
  ) );
#181 = ORIENTED_EDGE('',*,*,#182,.T.);
#182 = EDGE_CURVE('',#155,#94,#183,.T.);
#183 = SURFACE_CURVE('',#184,(#188,#195),.PCURVE_S1.);
#184 = LINE('',#185,#186);
#185 = CARTESIAN_POINT('',(-150.,48.,19.2));
#186 = VECTOR('',#187,1.);
#187 = DIRECTION('',(-0.,-1.,-0.));
#188 = PCURVE('',#102,#189);
#189 = DEFINITIONAL_REPRESENTATION('',(#190),#194);
#190 = LINE('',#191,#192);
#191 = CARTESIAN_POINT('',(19.2,-108.));
#192 = VECTOR('',#193,1.);
#193 = DIRECTION('',(-0.,1.));
#194 = ( GEOMETRIC_REPRESENTATION_CONTEXT(2) 
PARAMETRIC_REPRESENTATION_CONTEXT() REPRESENTATION_CONTEXT('2D SPACE',''
  ) );
#195 = PCURVE('',#196,#201);
#196 = PLANE('',#197);
#197 = AXIS2_PLACEMENT_3D('',#198,#199,#200);
#198 = CARTESIAN_POINT('',(-149.6,48.,19.6));
#199 = DIRECTION('',(0.707106781187,6.983161618628E-18,-0.707106781187)
  );
#200 = DIRECTION('',(-4.937840934654E-18,1.,4.937840934654E-18));
#201 = DEFINITIONAL_REPRESENTATION('',(#202),#206);
#202 = LINE('',#203,#204);
#203 = CARTESIAN_POINT('',(-0.,-0.565685424949));
#204 = VECTOR('',#205,1.);
#205 = DIRECTION('',(-1.,0.));
#206 = ( GEOMETRIC_REPRESENTATION_CONTEXT(2) 
PARAMETRIC_REPRESENTATION_CONTEXT() REPRESENTATION_CONTEXT('2D SPACE',''
  ) );
#207 = ADVANCED_FACE('',(#208),#114,.T.);
#208 = FACE_BOUND('',#209,.T.);
#209 = EDGE_LOOP('',(#210,#211,#235,#263));
#210 = ORIENTED_EDGE('',*,*,#91,.F.);
#211 = ORIENTED_EDGE('',*,*,#212,.T.);
#212 = EDGE_CURVE('',#92,#213,#215,.T.);
#213 = VERTEX_POINT('',#214);
#214 = CARTESIAN_POINT('',(-138.,-60.,0.));
#215 = SURFACE_CURVE('',#216,(#221,#228),.PCURVE_S1.);
#216 = CIRCLE('',#217,12.);
#217 = AXIS2_PLACEMENT_3D('',#218,#219,#220);
#218 = CARTESIAN_POINT('',(-138.,-48.,0.));
#219 = DIRECTION('',(0.,0.,1.));
#220 = DIRECTION('',(0.,-1.,0.));
#221 = PCURVE('',#114,#222);
#222 = DEFINITIONAL_REPRESENTATION('',(#223),#227);
#223 = LINE('',#224,#225);
#224 = CARTESIAN_POINT('',(-4.712388980385,0.));
#225 = VECTOR('',#226,1.);
#226 = DIRECTION('',(1.,0.));
#227 = ( GEOMETRIC_REPRESENTATION_CONTEXT(2) 
PARAMETRIC_REPRESENTATION_CONTEXT() REPRESENTATION_CONTEXT('2D SPACE',''
  ) );
#228 = PCURVE('',#142,#229);
#229 = DEFINITIONAL_REPRESENTATION('',(#230),#234);
#230 = CIRCLE('',#231,12.);
#231 = AXIS2_PLACEMENT_2D('',#232,#233);
#232 = CARTESIAN_POINT('',(12.,12.));
#233 = DIRECTION('',(0.,-1.));
#234 = ( GEOMETRIC_REPRESENTATION_CONTEXT(2) 
PARAMETRIC_REPRESENTATION_CONTEXT() REPRESENTATION_CONTEXT('2D SPACE',''
  ) );
#235 = ORIENTED_EDGE('',*,*,#236,.T.);
#236 = EDGE_CURVE('',#213,#237,#239,.T.);
#237 = VERTEX_POINT('',#238);
#238 = CARTESIAN_POINT('',(-138.,-60.,19.2));
#239 = SURFACE_CURVE('',#240,(#244,#251),.PCURVE_S1.);
#240 = LINE('',#241,#242);
#241 = CARTESIAN_POINT('',(-138.,-60.,0.));
#242 = VECTOR('',#243,1.);
#243 = DIRECTION('',(0.,0.,1.));
#244 = PCURVE('',#114,#245);
#245 = DEFINITIONAL_REPRESENTATION('',(#246),#250);
#246 = LINE('',#247,#248);
#247 = CARTESIAN_POINT('',(1.570796326795,0.));
#248 = VECTOR('',#249,1.);
#249 = DIRECTION('',(0.,1.));
#250 = ( GEOMETRIC_REPRESENTATION_CONTEXT(2) 
PARAMETRIC_REPRESENTATION_CONTEXT() REPRESENTATION_CONTEXT('2D SPACE',''
  ) );
#251 = PCURVE('',#252,#257);
#252 = PLANE('',#253);
#253 = AXIS2_PLACEMENT_3D('',#254,#255,#256);
#254 = CARTESIAN_POINT('',(-150.,-60.,0.));
#255 = DIRECTION('',(0.,1.,0.));
#256 = DIRECTION('',(0.,0.,1.));
#257 = DEFINITIONAL_REPRESENTATION('',(#258),#262);
#258 = LINE('',#259,#260);
#259 = CARTESIAN_POINT('',(0.,12.));
#260 = VECTOR('',#261,1.);
#261 = DIRECTION('',(1.,0.));
#262 = ( GEOMETRIC_REPRESENTATION_CONTEXT(2) 
PARAMETRIC_REPRESENTATION_CONTEXT() REPRESENTATION_CONTEXT('2D SPACE',''
  ) );
#263 = ORIENTED_EDGE('',*,*,#264,.F.);
#264 = EDGE_CURVE('',#94,#237,#265,.T.);
#265 = SURFACE_CURVE('',#266,(#271,#278),.PCURVE_S1.);
#266 = CIRCLE('',#267,12.);
#267 = AXIS2_PLACEMENT_3D('',#268,#269,#270);
#268 = CARTESIAN_POINT('',(-138.,-48.,19.2));
#269 = DIRECTION('',(0.,0.,1.));
#270 = DIRECTION('',(-1.,0.,0.));
#271 = PCURVE('',#114,#272);
#272 = DEFINITIONAL_REPRESENTATION('',(#273),#277);
#273 = LINE('',#274,#275);
#274 = CARTESIAN_POINT('',(0.,19.2));
#275 = VECTOR('',#276,1.);
#276 = DIRECTION('',(1.,0.));
#277 = ( GEOMETRIC_REPRESENTATION_CONTEXT(2) 
PARAMETRIC_REPRESENTATION_CONTEXT() REPRESENTATION_CONTEXT('2D SPACE',''
  ) );
#278 = PCURVE('',#279,#284);
#279 = CONICAL_SURFACE('',#280,12.,0.785398163397);
#280 = AXIS2_PLACEMENT_3D('',#281,#282,#283);
#281 = CARTESIAN_POINT('',(-138.,-48.,19.2));
#282 = DIRECTION('',(-0.,-0.,-1.));
#283 = DIRECTION('',(-1.,0.,0.));
#284 = DEFINITIONAL_REPRESENTATION('',(#285),#289);
#285 = LINE('',#286,#287);
#286 = CARTESIAN_POINT('',(-0.,-0.));
#287 = VECTOR('',#288,1.);
#288 = DIRECTION('',(-1.,-0.));
#289 = ( GEOMETRIC_REPRESENTATION_CONTEXT(2) 
PARAMETRIC_REPRESENTATION_CONTEXT() REPRESENTATION_CONTEXT('2D SPACE',''
  ) );
#290 = ADVANCED_FACE('',(#291),#196,.F.);
#291 = FACE_BOUND('',#292,.T.);
#292 = EDGE_LOOP('',(#293,#319,#320,#341));
#293 = ORIENTED_EDGE('',*,*,#294,.F.);
#294 = EDGE_CURVE('',#155,#295,#297,.T.);
#295 = VERTEX_POINT('',#296);
#296 = CARTESIAN_POINT('',(-149.2,48.,20.));
#297 = SURFACE_CURVE('',#298,(#302,#308),.PCURVE_S1.);
#298 = LINE('',#299,#300);
#299 = CARTESIAN_POINT('',(-150.,48.,19.2));
#300 = VECTOR('',#301,1.);
#301 = DIRECTION('',(0.707106781187,-4.329780281177E-17,0.707106781187)
  );
#302 = PCURVE('',#196,#303);
#303 = DEFINITIONAL_REPRESENTATION('',(#304),#307);
#304 = B_SPLINE_CURVE_WITH_KNOTS('',1,(#305,#306),.UNSPECIFIED.,.F.,.F.,
  (2,2),(0.,1.131370849898),.PIECEWISE_BEZIER_KNOTS.);
#305 = CARTESIAN_POINT('',(0.,-0.565685424949));
#306 = CARTESIAN_POINT('',(0.,0.565685424949));
#307 = ( GEOMETRIC_REPRESENTATION_CONTEXT(2) 
PARAMETRIC_REPRESENTATION_CONTEXT() REPRESENTATION_CONTEXT('2D SPACE',''
  ) );
#308 = PCURVE('',#309,#314);
#309 = CONICAL_SURFACE('',#310,12.,0.785398163397);
#310 = AXIS2_PLACEMENT_3D('',#311,#312,#313);
#311 = CARTESIAN_POINT('',(-138.,48.,19.2));
#312 = DIRECTION('',(-0.,-0.,-1.));
#313 = DIRECTION('',(0.,1.,-0.));
#314 = DEFINITIONAL_REPRESENTATION('',(#315),#318);
#315 = B_SPLINE_CURVE_WITH_KNOTS('',1,(#316,#317),.UNSPECIFIED.,.F.,.F.,
  (2,2),(0.,1.131370849898),.PIECEWISE_BEZIER_KNOTS.);
#316 = CARTESIAN_POINT('',(-1.570796326795,0.));
#317 = CARTESIAN_POINT('',(-1.570796326795,-0.8));
#318 = ( GEOMETRIC_REPRESENTATION_CONTEXT(2) 
PARAMETRIC_REPRESENTATION_CONTEXT() REPRESENTATION_CONTEXT('2D SPACE',''
  ) );
#319 = ORIENTED_EDGE('',*,*,#182,.T.);
#320 = ORIENTED_EDGE('',*,*,#321,.T.);
#321 = EDGE_CURVE('',#94,#322,#324,.T.);
#322 = VERTEX_POINT('',#323);
#323 = CARTESIAN_POINT('',(-149.2,-48.,20.));
#324 = SURFACE_CURVE('',#325,(#329,#335),.PCURVE_S1.);
#325 = LINE('',#326,#327);
#326 = CARTESIAN_POINT('',(-150.,-48.,19.2));
#327 = VECTOR('',#328,1.);
#328 = DIRECTION('',(0.707106781187,0.,0.707106781187));
#329 = PCURVE('',#196,#330);
#330 = DEFINITIONAL_REPRESENTATION('',(#331),#334);
#331 = B_SPLINE_CURVE_WITH_KNOTS('',1,(#332,#333),.UNSPECIFIED.,.F.,.F.,
  (2,2),(0.,1.131370849898),.PIECEWISE_BEZIER_KNOTS.);
#332 = CARTESIAN_POINT('',(-96.,-0.565685424949));
#333 = CARTESIAN_POINT('',(-96.,0.565685424949));
#334 = ( GEOMETRIC_REPRESENTATION_CONTEXT(2) 
PARAMETRIC_REPRESENTATION_CONTEXT() REPRESENTATION_CONTEXT('2D SPACE',''
  ) );
#335 = PCURVE('',#279,#336);
#336 = DEFINITIONAL_REPRESENTATION('',(#337),#340);
#337 = B_SPLINE_CURVE_WITH_KNOTS('',1,(#338,#339),.UNSPECIFIED.,.F.,.F.,
  (2,2),(0.,1.131370849898),.PIECEWISE_BEZIER_KNOTS.);
#338 = CARTESIAN_POINT('',(0.,0.));
#339 = CARTESIAN_POINT('',(0.,-0.8));
#340 = ( GEOMETRIC_REPRESENTATION_CONTEXT(2) 
PARAMETRIC_REPRESENTATION_CONTEXT() REPRESENTATION_CONTEXT('2D SPACE',''
  ) );
#341 = ORIENTED_EDGE('',*,*,#342,.F.);
#342 = EDGE_CURVE('',#295,#322,#343,.T.);
#343 = SURFACE_CURVE('',#344,(#348,#355),.PCURVE_S1.);
#344 = LINE('',#345,#346);
#345 = CARTESIAN_POINT('',(-149.2,48.,20.));
#346 = VECTOR('',#347,1.);
#347 = DIRECTION('',(-0.,-1.,-0.));
#348 = PCURVE('',#196,#349);
#349 = DEFINITIONAL_REPRESENTATION('',(#350),#354);
#350 = LINE('',#351,#352);
#351 = CARTESIAN_POINT('',(-0.,0.565685424949));
#352 = VECTOR('',#353,1.);
#353 = DIRECTION('',(-1.,0.));
#354 = ( GEOMETRIC_REPRESENTATION_CONTEXT(2) 
PARAMETRIC_REPRESENTATION_CONTEXT() REPRESENTATION_CONTEXT('2D SPACE',''
  ) );
#355 = PCURVE('',#356,#361);
#356 = PLANE('',#357);
#357 = AXIS2_PLACEMENT_3D('',#358,#359,#360);
#358 = CARTESIAN_POINT('',(-150.,-60.,20.));
#359 = DIRECTION('',(0.,0.,1.));
#360 = DIRECTION('',(1.,0.,0.));
#361 = DEFINITIONAL_REPRESENTATION('',(#362),#366);
#362 = LINE('',#363,#364);
#363 = CARTESIAN_POINT('',(0.8,108.));
#364 = VECTOR('',#365,1.);
#365 = DIRECTION('',(-0.,-1.));
#366 = ( GEOMETRIC_REPRESENTATION_CONTEXT(2) 
PARAMETRIC_REPRESENTATION_CONTEXT() REPRESENTATION_CONTEXT('2D SPACE',''
  ) );
#367 = ADVANCED_FACE('',(#368,#539,#570,#601,#632,#663,#694,#725,#756),
  #142,.F.);
#368 = FACE_BOUND('',#369,.F.);
#369 = EDGE_LOOP('',(#370,#371,#372,#395,#428,#456,#485,#513));
#370 = ORIENTED_EDGE('',*,*,#126,.F.);
#371 = ORIENTED_EDGE('',*,*,#212,.T.);
#372 = ORIENTED_EDGE('',*,*,#373,.T.);
#373 = EDGE_CURVE('',#213,#374,#376,.T.);
#374 = VERTEX_POINT('',#375);
#375 = CARTESIAN_POINT('',(138.,-60.,0.));
#376 = SURFACE_CURVE('',#377,(#381,#388),.PCURVE_S1.);
#377 = LINE('',#378,#379);
#378 = CARTESIAN_POINT('',(-150.,-60.,0.));
#379 = VECTOR('',#380,1.);
#380 = DIRECTION('',(1.,0.,0.));
#381 = PCURVE('',#142,#382);
#382 = DEFINITIONAL_REPRESENTATION('',(#383),#387);
#383 = LINE('',#384,#385);
#384 = CARTESIAN_POINT('',(0.,0.));
#385 = VECTOR('',#386,1.);
#386 = DIRECTION('',(1.,0.));
#387 = ( GEOMETRIC_REPRESENTATION_CONTEXT(2) 
PARAMETRIC_REPRESENTATION_CONTEXT() REPRESENTATION_CONTEXT('2D SPACE',''
  ) );
#388 = PCURVE('',#252,#389);
#389 = DEFINITIONAL_REPRESENTATION('',(#390),#394);
#390 = LINE('',#391,#392);
#391 = CARTESIAN_POINT('',(0.,0.));
#392 = VECTOR('',#393,1.);
#393 = DIRECTION('',(0.,1.));
#394 = ( GEOMETRIC_REPRESENTATION_CONTEXT(2) 
PARAMETRIC_REPRESENTATION_CONTEXT() REPRESENTATION_CONTEXT('2D SPACE',''
  ) );
#395 = ORIENTED_EDGE('',*,*,#396,.F.);
#396 = EDGE_CURVE('',#397,#374,#399,.T.);
#397 = VERTEX_POINT('',#398);
#398 = CARTESIAN_POINT('',(150.,-48.,0.));
#399 = SURFACE_CURVE('',#400,(#405,#416),.PCURVE_S1.);
#400 = CIRCLE('',#401,12.);
#401 = AXIS2_PLACEMENT_3D('',#402,#403,#404);
#402 = CARTESIAN_POINT('',(138.,-48.,0.));
#403 = DIRECTION('',(-0.,-0.,-1.));
#404 = DIRECTION('',(0.,-1.,0.));
#405 = PCURVE('',#142,#406);
#406 = DEFINITIONAL_REPRESENTATION('',(#407),#415);
#407 = ( BOUNDED_CURVE() B_SPLINE_CURVE(2,(#408,#409,#410,#411,#412,#413
,#414),.UNSPECIFIED.,.T.,.F.) B_SPLINE_CURVE_WITH_KNOTS((1,2,2,2,2,1),(
    -2.094395102393,0.,2.094395102393,4.188790204786,6.28318530718,
8.377580409573),.UNSPECIFIED.) CURVE() GEOMETRIC_REPRESENTATION_ITEM() 
RATIONAL_B_SPLINE_CURVE((1.,0.5,1.,0.5,1.,0.5,1.)) REPRESENTATION_ITEM(
  '') );
#408 = CARTESIAN_POINT('',(288.,0.));
#409 = CARTESIAN_POINT('',(267.21539030917,0.));
#410 = CARTESIAN_POINT('',(277.60769515458,18.));
#411 = CARTESIAN_POINT('',(288.,36.));
#412 = CARTESIAN_POINT('',(298.39230484541,18.));
#413 = CARTESIAN_POINT('',(308.78460969082,1.7763568394E-14));
#414 = CARTESIAN_POINT('',(288.,0.));
#415 = ( GEOMETRIC_REPRESENTATION_CONTEXT(2) 
PARAMETRIC_REPRESENTATION_CONTEXT() REPRESENTATION_CONTEXT('2D SPACE',''
  ) );
#416 = PCURVE('',#417,#422);
#417 = CYLINDRICAL_SURFACE('',#418,12.);
#418 = AXIS2_PLACEMENT_3D('',#419,#420,#421);
#419 = CARTESIAN_POINT('',(138.,-48.,0.));
#420 = DIRECTION('',(0.,0.,1.));
#421 = DIRECTION('',(1.,0.,-0.));
#422 = DEFINITIONAL_REPRESENTATION('',(#423),#427);
#423 = LINE('',#424,#425);
#424 = CARTESIAN_POINT('',(4.712388980385,-0.));
#425 = VECTOR('',#426,1.);
#426 = DIRECTION('',(-1.,0.));
#427 = ( GEOMETRIC_REPRESENTATION_CONTEXT(2) 
PARAMETRIC_REPRESENTATION_CONTEXT() REPRESENTATION_CONTEXT('2D SPACE',''
  ) );
#428 = ORIENTED_EDGE('',*,*,#429,.T.);
#429 = EDGE_CURVE('',#397,#430,#432,.T.);
#430 = VERTEX_POINT('',#431);
#431 = CARTESIAN_POINT('',(150.,48.,0.));
#432 = SURFACE_CURVE('',#433,(#437,#444),.PCURVE_S1.);
#433 = LINE('',#434,#435);
#434 = CARTESIAN_POINT('',(150.,-60.,0.));
#435 = VECTOR('',#436,1.);
#436 = DIRECTION('',(0.,1.,0.));
#437 = PCURVE('',#142,#438);
#438 = DEFINITIONAL_REPRESENTATION('',(#439),#443);
#439 = LINE('',#440,#441);
#440 = CARTESIAN_POINT('',(300.,0.));
#441 = VECTOR('',#442,1.);
#442 = DIRECTION('',(0.,1.));
#443 = ( GEOMETRIC_REPRESENTATION_CONTEXT(2) 
PARAMETRIC_REPRESENTATION_CONTEXT() REPRESENTATION_CONTEXT('2D SPACE',''
  ) );
#444 = PCURVE('',#445,#450);
#445 = PLANE('',#446);
#446 = AXIS2_PLACEMENT_3D('',#447,#448,#449);
#447 = CARTESIAN_POINT('',(150.,-60.,0.));
#448 = DIRECTION('',(1.,0.,0.));
#449 = DIRECTION('',(0.,0.,1.));
#450 = DEFINITIONAL_REPRESENTATION('',(#451),#455);
#451 = LINE('',#452,#453);
#452 = CARTESIAN_POINT('',(0.,0.));
#453 = VECTOR('',#454,1.);
#454 = DIRECTION('',(0.,-1.));
#455 = ( GEOMETRIC_REPRESENTATION_CONTEXT(2) 
PARAMETRIC_REPRESENTATION_CONTEXT() REPRESENTATION_CONTEXT('2D SPACE',''
  ) );
#456 = ORIENTED_EDGE('',*,*,#457,.T.);
#457 = EDGE_CURVE('',#430,#458,#460,.T.);
#458 = VERTEX_POINT('',#459);
#459 = CARTESIAN_POINT('',(138.,60.,0.));
#460 = SURFACE_CURVE('',#461,(#466,#473),.PCURVE_S1.);
#461 = CIRCLE('',#462,12.);
#462 = AXIS2_PLACEMENT_3D('',#463,#464,#465);
#463 = CARTESIAN_POINT('',(138.,48.,0.));
#464 = DIRECTION('',(0.,0.,1.));
#465 = DIRECTION('',(0.,-1.,0.));
#466 = PCURVE('',#142,#467);
#467 = DEFINITIONAL_REPRESENTATION('',(#468),#472);
#468 = CIRCLE('',#469,12.);
#469 = AXIS2_PLACEMENT_2D('',#470,#471);
#470 = CARTESIAN_POINT('',(288.,108.));
#471 = DIRECTION('',(0.,-1.));
#472 = ( GEOMETRIC_REPRESENTATION_CONTEXT(2) 
PARAMETRIC_REPRESENTATION_CONTEXT() REPRESENTATION_CONTEXT('2D SPACE',''
  ) );
#473 = PCURVE('',#474,#479);
#474 = CYLINDRICAL_SURFACE('',#475,12.);
#475 = AXIS2_PLACEMENT_3D('',#476,#477,#478);
#476 = CARTESIAN_POINT('',(138.,48.,0.));
#477 = DIRECTION('',(0.,0.,1.));
#478 = DIRECTION('',(1.,0.,-0.));
#479 = DEFINITIONAL_REPRESENTATION('',(#480),#484);
#480 = LINE('',#481,#482);
#481 = CARTESIAN_POINT('',(-1.570796326795,0.));
#482 = VECTOR('',#483,1.);
#483 = DIRECTION('',(1.,0.));
#484 = ( GEOMETRIC_REPRESENTATION_CONTEXT(2) 
PARAMETRIC_REPRESENTATION_CONTEXT() REPRESENTATION_CONTEXT('2D SPACE',''
  ) );
#485 = ORIENTED_EDGE('',*,*,#486,.F.);
#486 = EDGE_CURVE('',#487,#458,#489,.T.);
#487 = VERTEX_POINT('',#488);
#488 = CARTESIAN_POINT('',(-138.,60.,0.));
#489 = SURFACE_CURVE('',#490,(#494,#501),.PCURVE_S1.);
#490 = LINE('',#491,#492);
#491 = CARTESIAN_POINT('',(-150.,60.,0.));
#492 = VECTOR('',#493,1.);
#493 = DIRECTION('',(1.,0.,0.));
#494 = PCURVE('',#142,#495);
#495 = DEFINITIONAL_REPRESENTATION('',(#496),#500);
#496 = LINE('',#497,#498);
#497 = CARTESIAN_POINT('',(0.,120.));
#498 = VECTOR('',#499,1.);
#499 = DIRECTION('',(1.,0.));
#500 = ( GEOMETRIC_REPRESENTATION_CONTEXT(2) 
PARAMETRIC_REPRESENTATION_CONTEXT() REPRESENTATION_CONTEXT('2D SPACE',''
  ) );
#501 = PCURVE('',#502,#507);
#502 = PLANE('',#503);
#503 = AXIS2_PLACEMENT_3D('',#504,#505,#506);
#504 = CARTESIAN_POINT('',(-150.,60.,0.));
#505 = DIRECTION('',(0.,1.,0.));
#506 = DIRECTION('',(0.,0.,1.));
#507 = DEFINITIONAL_REPRESENTATION('',(#508),#512);
#508 = LINE('',#509,#510);
#509 = CARTESIAN_POINT('',(0.,0.));
#510 = VECTOR('',#511,1.);
#511 = DIRECTION('',(0.,1.));
#512 = ( GEOMETRIC_REPRESENTATION_CONTEXT(2) 
PARAMETRIC_REPRESENTATION_CONTEXT() REPRESENTATION_CONTEXT('2D SPACE',''
  ) );
#513 = ORIENTED_EDGE('',*,*,#514,.F.);
#514 = EDGE_CURVE('',#127,#487,#515,.T.);
#515 = SURFACE_CURVE('',#516,(#521,#532),.PCURVE_S1.);
#516 = CIRCLE('',#517,12.);
#517 = AXIS2_PLACEMENT_3D('',#518,#519,#520);
#518 = CARTESIAN_POINT('',(-138.,48.,0.));
#519 = DIRECTION('',(-0.,-0.,-1.));
#520 = DIRECTION('',(0.,-1.,0.));
#521 = PCURVE('',#142,#522);
#522 = DEFINITIONAL_REPRESENTATION('',(#523),#531);
#523 = ( BOUNDED_CURVE() B_SPLINE_CURVE(2,(#524,#525,#526,#527,#528,#529
,#530),.UNSPECIFIED.,.T.,.F.) B_SPLINE_CURVE_WITH_KNOTS((1,2,2,2,2,1),(
    -2.094395102393,0.,2.094395102393,4.188790204786,6.28318530718,
8.377580409573),.UNSPECIFIED.) CURVE() GEOMETRIC_REPRESENTATION_ITEM() 
RATIONAL_B_SPLINE_CURVE((1.,0.5,1.,0.5,1.,0.5,1.)) REPRESENTATION_ITEM(
  '') );
#524 = CARTESIAN_POINT('',(12.,96.));
#525 = CARTESIAN_POINT('',(-8.784609690827,96.));
#526 = CARTESIAN_POINT('',(1.607695154587,114.));
#527 = CARTESIAN_POINT('',(12.,132.));
#528 = CARTESIAN_POINT('',(22.392304845413,114.));
#529 = CARTESIAN_POINT('',(32.784609690827,96.));
#530 = CARTESIAN_POINT('',(12.,96.));
#531 = ( GEOMETRIC_REPRESENTATION_CONTEXT(2) 
PARAMETRIC_REPRESENTATION_CONTEXT() REPRESENTATION_CONTEXT('2D SPACE',''
  ) );
#532 = PCURVE('',#170,#533);
#533 = DEFINITIONAL_REPRESENTATION('',(#534),#538);
#534 = LINE('',#535,#536);
#535 = CARTESIAN_POINT('',(1.570796326795,-0.));
#536 = VECTOR('',#537,1.);
#537 = DIRECTION('',(-1.,0.));
#538 = ( GEOMETRIC_REPRESENTATION_CONTEXT(2) 
PARAMETRIC_REPRESENTATION_CONTEXT() REPRESENTATION_CONTEXT('2D SPACE',''
  ) );
#539 = FACE_BOUND('',#540,.F.);
#540 = EDGE_LOOP('',(#541));
#541 = ORIENTED_EDGE('',*,*,#542,.F.);
#542 = EDGE_CURVE('',#543,#543,#545,.T.);
#543 = VERTEX_POINT('',#544);
#544 = CARTESIAN_POINT('',(-122.5,-27.,0.));
#545 = SURFACE_CURVE('',#546,(#551,#558),.PCURVE_S1.);
#546 = CIRCLE('',#547,4.5);
#547 = AXIS2_PLACEMENT_3D('',#548,#549,#550);
#548 = CARTESIAN_POINT('',(-127.,-27.,0.));
#549 = DIRECTION('',(0.,0.,1.));
#550 = DIRECTION('',(1.,0.,-0.));
#551 = PCURVE('',#142,#552);
#552 = DEFINITIONAL_REPRESENTATION('',(#553),#557);
#553 = CIRCLE('',#554,4.5);
#554 = AXIS2_PLACEMENT_2D('',#555,#556);
#555 = CARTESIAN_POINT('',(23.,33.));
#556 = DIRECTION('',(1.,0.));
#557 = ( GEOMETRIC_REPRESENTATION_CONTEXT(2) 
PARAMETRIC_REPRESENTATION_CONTEXT() REPRESENTATION_CONTEXT('2D SPACE',''
  ) );
#558 = PCURVE('',#559,#564);
#559 = CYLINDRICAL_SURFACE('',#560,4.5);
#560 = AXIS2_PLACEMENT_3D('',#561,#562,#563);
#561 = CARTESIAN_POINT('',(-127.,-27.,-280.0000002));
#562 = DIRECTION('',(-0.,-0.,-1.));
#563 = DIRECTION('',(1.,0.,0.));
#564 = DEFINITIONAL_REPRESENTATION('',(#565),#569);
#565 = LINE('',#566,#567);
#566 = CARTESIAN_POINT('',(-0.,-280.0000002));
#567 = VECTOR('',#568,1.);
#568 = DIRECTION('',(-1.,-0.));
#569 = ( GEOMETRIC_REPRESENTATION_CONTEXT(2) 
PARAMETRIC_REPRESENTATION_CONTEXT() REPRESENTATION_CONTEXT('2D SPACE',''
  ) );
#570 = FACE_BOUND('',#571,.F.);
#571 = EDGE_LOOP('',(#572));
#572 = ORIENTED_EDGE('',*,*,#573,.F.);
#573 = EDGE_CURVE('',#574,#574,#576,.T.);
#574 = VERTEX_POINT('',#575);
#575 = CARTESIAN_POINT('',(-68.5,-27.,0.));
#576 = SURFACE_CURVE('',#577,(#582,#589),.PCURVE_S1.);
#577 = CIRCLE('',#578,4.5);
#578 = AXIS2_PLACEMENT_3D('',#579,#580,#581);
#579 = CARTESIAN_POINT('',(-73.,-27.,0.));
#580 = DIRECTION('',(0.,0.,1.));
#581 = DIRECTION('',(1.,0.,-0.));
#582 = PCURVE('',#142,#583);
#583 = DEFINITIONAL_REPRESENTATION('',(#584),#588);
#584 = CIRCLE('',#585,4.5);
#585 = AXIS2_PLACEMENT_2D('',#586,#587);
#586 = CARTESIAN_POINT('',(77.,33.));
#587 = DIRECTION('',(1.,0.));
#588 = ( GEOMETRIC_REPRESENTATION_CONTEXT(2) 
PARAMETRIC_REPRESENTATION_CONTEXT() REPRESENTATION_CONTEXT('2D SPACE',''
  ) );
#589 = PCURVE('',#590,#595);
#590 = CYLINDRICAL_SURFACE('',#591,4.5);
#591 = AXIS2_PLACEMENT_3D('',#592,#593,#594);
#592 = CARTESIAN_POINT('',(-73.,-27.,-280.0000002));
#593 = DIRECTION('',(-0.,-0.,-1.));
#594 = DIRECTION('',(1.,0.,0.));
#595 = DEFINITIONAL_REPRESENTATION('',(#596),#600);
#596 = LINE('',#597,#598);
#597 = CARTESIAN_POINT('',(-0.,-280.0000002));
#598 = VECTOR('',#599,1.);
#599 = DIRECTION('',(-1.,-0.));
#600 = ( GEOMETRIC_REPRESENTATION_CONTEXT(2) 
PARAMETRIC_REPRESENTATION_CONTEXT() REPRESENTATION_CONTEXT('2D SPACE',''
  ) );
#601 = FACE_BOUND('',#602,.F.);
#602 = EDGE_LOOP('',(#603));
#603 = ORIENTED_EDGE('',*,*,#604,.F.);
#604 = EDGE_CURVE('',#605,#605,#607,.T.);
#605 = VERTEX_POINT('',#606);
#606 = CARTESIAN_POINT('',(77.5,-27.,0.));
#607 = SURFACE_CURVE('',#608,(#613,#620),.PCURVE_S1.);
#608 = CIRCLE('',#609,4.5);
#609 = AXIS2_PLACEMENT_3D('',#610,#611,#612);
#610 = CARTESIAN_POINT('',(73.,-27.,0.));
#611 = DIRECTION('',(0.,0.,1.));
#612 = DIRECTION('',(1.,0.,-0.));
#613 = PCURVE('',#142,#614);
#614 = DEFINITIONAL_REPRESENTATION('',(#615),#619);
#615 = CIRCLE('',#616,4.5);
#616 = AXIS2_PLACEMENT_2D('',#617,#618);
#617 = CARTESIAN_POINT('',(223.,33.));
#618 = DIRECTION('',(1.,0.));
#619 = ( GEOMETRIC_REPRESENTATION_CONTEXT(2) 
PARAMETRIC_REPRESENTATION_CONTEXT() REPRESENTATION_CONTEXT('2D SPACE',''
  ) );
#620 = PCURVE('',#621,#626);
#621 = CYLINDRICAL_SURFACE('',#622,4.5);
#622 = AXIS2_PLACEMENT_3D('',#623,#624,#625);
#623 = CARTESIAN_POINT('',(73.,-27.,-280.0000002));
#624 = DIRECTION('',(-0.,-0.,-1.));
#625 = DIRECTION('',(1.,0.,0.));
#626 = DEFINITIONAL_REPRESENTATION('',(#627),#631);
#627 = LINE('',#628,#629);
#628 = CARTESIAN_POINT('',(-0.,-280.0000002));
#629 = VECTOR('',#630,1.);
#630 = DIRECTION('',(-1.,-0.));
#631 = ( GEOMETRIC_REPRESENTATION_CONTEXT(2) 
PARAMETRIC_REPRESENTATION_CONTEXT() REPRESENTATION_CONTEXT('2D SPACE',''
  ) );
#632 = FACE_BOUND('',#633,.F.);
#633 = EDGE_LOOP('',(#634));
#634 = ORIENTED_EDGE('',*,*,#635,.F.);
#635 = EDGE_CURVE('',#636,#636,#638,.T.);
#636 = VERTEX_POINT('',#637);
#637 = CARTESIAN_POINT('',(131.5,-27.,0.));
#638 = SURFACE_CURVE('',#639,(#644,#651),.PCURVE_S1.);
#639 = CIRCLE('',#640,4.5);
#640 = AXIS2_PLACEMENT_3D('',#641,#642,#643);
#641 = CARTESIAN_POINT('',(127.,-27.,0.));
#642 = DIRECTION('',(0.,0.,1.));
#643 = DIRECTION('',(1.,9.473903143468E-15,-0.));
#644 = PCURVE('',#142,#645);
#645 = DEFINITIONAL_REPRESENTATION('',(#646),#650);
#646 = CIRCLE('',#647,4.5);
#647 = AXIS2_PLACEMENT_2D('',#648,#649);
#648 = CARTESIAN_POINT('',(277.,33.));
#649 = DIRECTION('',(1.,9.473903143468E-15));
#650 = ( GEOMETRIC_REPRESENTATION_CONTEXT(2) 
PARAMETRIC_REPRESENTATION_CONTEXT() REPRESENTATION_CONTEXT('2D SPACE',''
  ) );
#651 = PCURVE('',#652,#657);
#652 = CYLINDRICAL_SURFACE('',#653,4.5);
#653 = AXIS2_PLACEMENT_3D('',#654,#655,#656);
#654 = CARTESIAN_POINT('',(127.,-27.,-280.0000002));
#655 = DIRECTION('',(-0.,-0.,-1.));
#656 = DIRECTION('',(1.,0.,0.));
#657 = DEFINITIONAL_REPRESENTATION('',(#658),#662);
#658 = LINE('',#659,#660);
#659 = CARTESIAN_POINT('',(-0.,-280.0000002));
#660 = VECTOR('',#661,1.);
#661 = DIRECTION('',(-1.,-0.));
#662 = ( GEOMETRIC_REPRESENTATION_CONTEXT(2) 
PARAMETRIC_REPRESENTATION_CONTEXT() REPRESENTATION_CONTEXT('2D SPACE',''
  ) );
#663 = FACE_BOUND('',#664,.F.);
#664 = EDGE_LOOP('',(#665));
#665 = ORIENTED_EDGE('',*,*,#666,.F.);
#666 = EDGE_CURVE('',#667,#667,#669,.T.);
#667 = VERTEX_POINT('',#668);
#668 = CARTESIAN_POINT('',(-122.5,27.,0.));
#669 = SURFACE_CURVE('',#670,(#675,#682),.PCURVE_S1.);
#670 = CIRCLE('',#671,4.5);
#671 = AXIS2_PLACEMENT_3D('',#672,#673,#674);
#672 = CARTESIAN_POINT('',(-127.,27.,0.));
#673 = DIRECTION('',(0.,0.,1.));
#674 = DIRECTION('',(1.,-1.578983857245E-15,0.));
#675 = PCURVE('',#142,#676);
#676 = DEFINITIONAL_REPRESENTATION('',(#677),#681);
#677 = CIRCLE('',#678,4.5);
#678 = AXIS2_PLACEMENT_2D('',#679,#680);
#679 = CARTESIAN_POINT('',(23.,87.));
#680 = DIRECTION('',(1.,-1.578983857245E-15));
#681 = ( GEOMETRIC_REPRESENTATION_CONTEXT(2) 
PARAMETRIC_REPRESENTATION_CONTEXT() REPRESENTATION_CONTEXT('2D SPACE',''
  ) );
#682 = PCURVE('',#683,#688);
#683 = CYLINDRICAL_SURFACE('',#684,4.5);
#684 = AXIS2_PLACEMENT_3D('',#685,#686,#687);
#685 = CARTESIAN_POINT('',(-127.,27.,-280.0000002));
#686 = DIRECTION('',(-0.,-0.,-1.));
#687 = DIRECTION('',(1.,0.,0.));
#688 = DEFINITIONAL_REPRESENTATION('',(#689),#693);
#689 = LINE('',#690,#691);
#690 = CARTESIAN_POINT('',(-0.,-280.0000002));
#691 = VECTOR('',#692,1.);
#692 = DIRECTION('',(-1.,-0.));
#693 = ( GEOMETRIC_REPRESENTATION_CONTEXT(2) 
PARAMETRIC_REPRESENTATION_CONTEXT() REPRESENTATION_CONTEXT('2D SPACE',''
  ) );
#694 = FACE_BOUND('',#695,.F.);
#695 = EDGE_LOOP('',(#696));
#696 = ORIENTED_EDGE('',*,*,#697,.F.);
#697 = EDGE_CURVE('',#698,#698,#700,.T.);
#698 = VERTEX_POINT('',#699);
#699 = CARTESIAN_POINT('',(-68.5,27.,0.));
#700 = SURFACE_CURVE('',#701,(#706,#713),.PCURVE_S1.);
#701 = CIRCLE('',#702,4.5);
#702 = AXIS2_PLACEMENT_3D('',#703,#704,#705);
#703 = CARTESIAN_POINT('',(-73.,27.,0.));
#704 = DIRECTION('',(0.,0.,1.));
#705 = DIRECTION('',(1.,-1.578983857245E-15,0.));
#706 = PCURVE('',#142,#707);
#707 = DEFINITIONAL_REPRESENTATION('',(#708),#712);
#708 = CIRCLE('',#709,4.5);
#709 = AXIS2_PLACEMENT_2D('',#710,#711);
#710 = CARTESIAN_POINT('',(77.,87.));
#711 = DIRECTION('',(1.,-1.578983857245E-15));
#712 = ( GEOMETRIC_REPRESENTATION_CONTEXT(2) 
PARAMETRIC_REPRESENTATION_CONTEXT() REPRESENTATION_CONTEXT('2D SPACE',''
  ) );
#713 = PCURVE('',#714,#719);
#714 = CYLINDRICAL_SURFACE('',#715,4.5);
#715 = AXIS2_PLACEMENT_3D('',#716,#717,#718);
#716 = CARTESIAN_POINT('',(-73.,27.,-280.0000002));
#717 = DIRECTION('',(-0.,-0.,-1.));
#718 = DIRECTION('',(1.,0.,0.));
#719 = DEFINITIONAL_REPRESENTATION('',(#720),#724);
#720 = LINE('',#721,#722);
#721 = CARTESIAN_POINT('',(-0.,-280.0000002));
#722 = VECTOR('',#723,1.);
#723 = DIRECTION('',(-1.,-0.));
#724 = ( GEOMETRIC_REPRESENTATION_CONTEXT(2) 
PARAMETRIC_REPRESENTATION_CONTEXT() REPRESENTATION_CONTEXT('2D SPACE',''
  ) );
#725 = FACE_BOUND('',#726,.F.);
#726 = EDGE_LOOP('',(#727));
#727 = ORIENTED_EDGE('',*,*,#728,.F.);
#728 = EDGE_CURVE('',#729,#729,#731,.T.);
#729 = VERTEX_POINT('',#730);
#730 = CARTESIAN_POINT('',(77.5,27.,0.));
#731 = SURFACE_CURVE('',#732,(#737,#744),.PCURVE_S1.);
#732 = CIRCLE('',#733,4.5);
#733 = AXIS2_PLACEMENT_3D('',#734,#735,#736);
#734 = CARTESIAN_POINT('',(73.,27.,0.));
#735 = DIRECTION('',(0.,0.,1.));
#736 = DIRECTION('',(1.,-1.578983857245E-15,0.));
#737 = PCURVE('',#142,#738);
#738 = DEFINITIONAL_REPRESENTATION('',(#739),#743);
#739 = CIRCLE('',#740,4.5);
#740 = AXIS2_PLACEMENT_2D('',#741,#742);
#741 = CARTESIAN_POINT('',(223.,87.));
#742 = DIRECTION('',(1.,-1.578983857245E-15));
#743 = ( GEOMETRIC_REPRESENTATION_CONTEXT(2) 
PARAMETRIC_REPRESENTATION_CONTEXT() REPRESENTATION_CONTEXT('2D SPACE',''
  ) );
#744 = PCURVE('',#745,#750);
#745 = CYLINDRICAL_SURFACE('',#746,4.5);
#746 = AXIS2_PLACEMENT_3D('',#747,#748,#749);
#747 = CARTESIAN_POINT('',(73.,27.,-280.0000002));
#748 = DIRECTION('',(-0.,-0.,-1.));
#749 = DIRECTION('',(1.,0.,0.));
#750 = DEFINITIONAL_REPRESENTATION('',(#751),#755);
#751 = LINE('',#752,#753);
#752 = CARTESIAN_POINT('',(-0.,-280.0000002));
#753 = VECTOR('',#754,1.);
#754 = DIRECTION('',(-1.,-0.));
#755 = ( GEOMETRIC_REPRESENTATION_CONTEXT(2) 
PARAMETRIC_REPRESENTATION_CONTEXT() REPRESENTATION_CONTEXT('2D SPACE',''
  ) );
#756 = FACE_BOUND('',#757,.F.);
#757 = EDGE_LOOP('',(#758));
#758 = ORIENTED_EDGE('',*,*,#759,.F.);
#759 = EDGE_CURVE('',#760,#760,#762,.T.);
#760 = VERTEX_POINT('',#761);
#761 = CARTESIAN_POINT('',(131.5,27.,0.));
#762 = SURFACE_CURVE('',#763,(#768,#775),.PCURVE_S1.);
#763 = CIRCLE('',#764,4.5);
#764 = AXIS2_PLACEMENT_3D('',#765,#766,#767);
#765 = CARTESIAN_POINT('',(127.,27.,0.));
#766 = DIRECTION('',(0.,0.,1.));
#767 = DIRECTION('',(1.,7.894919286223E-15,-0.));
#768 = PCURVE('',#142,#769);
#769 = DEFINITIONAL_REPRESENTATION('',(#770),#774);
#770 = CIRCLE('',#771,4.5);
#771 = AXIS2_PLACEMENT_2D('',#772,#773);
#772 = CARTESIAN_POINT('',(277.,87.));
#773 = DIRECTION('',(1.,7.894919286223E-15));
#774 = ( GEOMETRIC_REPRESENTATION_CONTEXT(2) 
PARAMETRIC_REPRESENTATION_CONTEXT() REPRESENTATION_CONTEXT('2D SPACE',''
  ) );
#775 = PCURVE('',#776,#781);
#776 = CYLINDRICAL_SURFACE('',#777,4.5);
#777 = AXIS2_PLACEMENT_3D('',#778,#779,#780);
#778 = CARTESIAN_POINT('',(127.,27.,-280.0000002));
#779 = DIRECTION('',(-0.,-0.,-1.));
#780 = DIRECTION('',(1.,0.,0.));
#781 = DEFINITIONAL_REPRESENTATION('',(#782),#786);
#782 = LINE('',#783,#784);
#783 = CARTESIAN_POINT('',(-0.,-280.0000002));
#784 = VECTOR('',#785,1.);
#785 = DIRECTION('',(-1.,-0.));
#786 = ( GEOMETRIC_REPRESENTATION_CONTEXT(2) 
PARAMETRIC_REPRESENTATION_CONTEXT() REPRESENTATION_CONTEXT('2D SPACE',''
  ) );
#787 = ADVANCED_FACE('',(#788),#170,.T.);
#788 = FACE_BOUND('',#789,.F.);
#789 = EDGE_LOOP('',(#790,#791,#792,#815));
#790 = ORIENTED_EDGE('',*,*,#154,.F.);
#791 = ORIENTED_EDGE('',*,*,#514,.T.);
#792 = ORIENTED_EDGE('',*,*,#793,.T.);
#793 = EDGE_CURVE('',#487,#794,#796,.T.);
#794 = VERTEX_POINT('',#795);
#795 = CARTESIAN_POINT('',(-138.,60.,19.2));
#796 = SURFACE_CURVE('',#797,(#801,#808),.PCURVE_S1.);
#797 = LINE('',#798,#799);
#798 = CARTESIAN_POINT('',(-138.,60.,0.));
#799 = VECTOR('',#800,1.);
#800 = DIRECTION('',(0.,0.,1.));
#801 = PCURVE('',#170,#802);
#802 = DEFINITIONAL_REPRESENTATION('',(#803),#807);
#803 = LINE('',#804,#805);
#804 = CARTESIAN_POINT('',(-1.570796326795,0.));
#805 = VECTOR('',#806,1.);
#806 = DIRECTION('',(-0.,1.));
#807 = ( GEOMETRIC_REPRESENTATION_CONTEXT(2) 
PARAMETRIC_REPRESENTATION_CONTEXT() REPRESENTATION_CONTEXT('2D SPACE',''
  ) );
#808 = PCURVE('',#502,#809);
#809 = DEFINITIONAL_REPRESENTATION('',(#810),#814);
#810 = LINE('',#811,#812);
#811 = CARTESIAN_POINT('',(0.,12.));
#812 = VECTOR('',#813,1.);
#813 = DIRECTION('',(1.,0.));
#814 = ( GEOMETRIC_REPRESENTATION_CONTEXT(2) 
PARAMETRIC_REPRESENTATION_CONTEXT() REPRESENTATION_CONTEXT('2D SPACE',''
  ) );
#815 = ORIENTED_EDGE('',*,*,#816,.T.);
#816 = EDGE_CURVE('',#794,#155,#817,.T.);
#817 = SURFACE_CURVE('',#818,(#823,#830),.PCURVE_S1.);
#818 = CIRCLE('',#819,12.);
#819 = AXIS2_PLACEMENT_3D('',#820,#821,#822);
#820 = CARTESIAN_POINT('',(-138.,48.,19.2));
#821 = DIRECTION('',(0.,0.,1.));
#822 = DIRECTION('',(0.,1.,-0.));
#823 = PCURVE('',#170,#824);
#824 = DEFINITIONAL_REPRESENTATION('',(#825),#829);
#825 = LINE('',#826,#827);
#826 = CARTESIAN_POINT('',(-1.570796326795,19.2));
#827 = VECTOR('',#828,1.);
#828 = DIRECTION('',(1.,-0.));
#829 = ( GEOMETRIC_REPRESENTATION_CONTEXT(2) 
PARAMETRIC_REPRESENTATION_CONTEXT() REPRESENTATION_CONTEXT('2D SPACE',''
  ) );
#830 = PCURVE('',#309,#831);
#831 = DEFINITIONAL_REPRESENTATION('',(#832),#836);
#832 = LINE('',#833,#834);
#833 = CARTESIAN_POINT('',(-0.,-0.));
#834 = VECTOR('',#835,1.);
#835 = DIRECTION('',(-1.,-0.));
#836 = ( GEOMETRIC_REPRESENTATION_CONTEXT(2) 
PARAMETRIC_REPRESENTATION_CONTEXT() REPRESENTATION_CONTEXT('2D SPACE',''
  ) );
#837 = ADVANCED_FACE('',(#838),#279,.T.);
#838 = FACE_BOUND('',#839,.T.);
#839 = EDGE_LOOP('',(#840,#841,#842,#868));
#840 = ORIENTED_EDGE('',*,*,#321,.F.);
#841 = ORIENTED_EDGE('',*,*,#264,.T.);
#842 = ORIENTED_EDGE('',*,*,#843,.T.);
#843 = EDGE_CURVE('',#237,#844,#846,.T.);
#844 = VERTEX_POINT('',#845);
#845 = CARTESIAN_POINT('',(-138.,-59.2,20.));
#846 = SURFACE_CURVE('',#847,(#851,#857),.PCURVE_S1.);
#847 = LINE('',#848,#849);
#848 = CARTESIAN_POINT('',(-138.,-60.,19.2));
#849 = VECTOR('',#850,1.);
#850 = DIRECTION('',(4.329780281177E-17,0.707106781187,0.707106781187));
#851 = PCURVE('',#279,#852);
#852 = DEFINITIONAL_REPRESENTATION('',(#853),#856);
#853 = B_SPLINE_CURVE_WITH_KNOTS('',1,(#854,#855),.UNSPECIFIED.,.F.,.F.,
  (2,2),(0.,1.131370849898),.PIECEWISE_BEZIER_KNOTS.);
#854 = CARTESIAN_POINT('',(-1.570796326795,0.));
#855 = CARTESIAN_POINT('',(-1.570796326795,-0.8));
#856 = ( GEOMETRIC_REPRESENTATION_CONTEXT(2) 
PARAMETRIC_REPRESENTATION_CONTEXT() REPRESENTATION_CONTEXT('2D SPACE',''
  ) );
#857 = PCURVE('',#858,#863);
#858 = PLANE('',#859);
#859 = AXIS2_PLACEMENT_3D('',#860,#861,#862);
#860 = CARTESIAN_POINT('',(-138.,-59.6,19.6));
#861 = DIRECTION('',(6.983161618628E-18,0.707106781187,-0.707106781187)
  );
#862 = DIRECTION('',(-1.,4.937840934654E-18,-4.937840934654E-18));
#863 = DEFINITIONAL_REPRESENTATION('',(#864),#867);
#864 = B_SPLINE_CURVE_WITH_KNOTS('',1,(#865,#866),.UNSPECIFIED.,.F.,.F.,
  (2,2),(0.,1.131370849898),.PIECEWISE_BEZIER_KNOTS.);
#865 = CARTESIAN_POINT('',(0.,-0.565685424949));
#866 = CARTESIAN_POINT('',(0.,0.565685424949));
#867 = ( GEOMETRIC_REPRESENTATION_CONTEXT(2) 
PARAMETRIC_REPRESENTATION_CONTEXT() REPRESENTATION_CONTEXT('2D SPACE',''
  ) );
#868 = ORIENTED_EDGE('',*,*,#869,.F.);
#869 = EDGE_CURVE('',#322,#844,#870,.T.);
#870 = SURFACE_CURVE('',#871,(#876,#883),.PCURVE_S1.);
#871 = CIRCLE('',#872,11.2);
#872 = AXIS2_PLACEMENT_3D('',#873,#874,#875);
#873 = CARTESIAN_POINT('',(-138.,-48.,20.));
#874 = DIRECTION('',(0.,0.,1.));
#875 = DIRECTION('',(-1.,0.,0.));
#876 = PCURVE('',#279,#877);
#877 = DEFINITIONAL_REPRESENTATION('',(#878),#882);
#878 = LINE('',#879,#880);
#879 = CARTESIAN_POINT('',(-0.,-0.8));
#880 = VECTOR('',#881,1.);
#881 = DIRECTION('',(-1.,-0.));
#882 = ( GEOMETRIC_REPRESENTATION_CONTEXT(2) 
PARAMETRIC_REPRESENTATION_CONTEXT() REPRESENTATION_CONTEXT('2D SPACE',''
  ) );
#883 = PCURVE('',#356,#884);
#884 = DEFINITIONAL_REPRESENTATION('',(#885),#889);
#885 = CIRCLE('',#886,11.2);
#886 = AXIS2_PLACEMENT_2D('',#887,#888);
#887 = CARTESIAN_POINT('',(12.,12.));
#888 = DIRECTION('',(-1.,0.));
#889 = ( GEOMETRIC_REPRESENTATION_CONTEXT(2) 
PARAMETRIC_REPRESENTATION_CONTEXT() REPRESENTATION_CONTEXT('2D SPACE',''
  ) );
#890 = ADVANCED_FACE('',(#891),#252,.F.);
#891 = FACE_BOUND('',#892,.F.);
#892 = EDGE_LOOP('',(#893,#894,#917,#938));
#893 = ORIENTED_EDGE('',*,*,#236,.T.);
#894 = ORIENTED_EDGE('',*,*,#895,.T.);
#895 = EDGE_CURVE('',#237,#896,#898,.T.);
#896 = VERTEX_POINT('',#897);
#897 = CARTESIAN_POINT('',(138.,-60.,19.2));
#898 = SURFACE_CURVE('',#899,(#903,#910),.PCURVE_S1.);
#899 = LINE('',#900,#901);
#900 = CARTESIAN_POINT('',(-138.,-60.,19.2));
#901 = VECTOR('',#902,1.);
#902 = DIRECTION('',(1.,0.,0.));
#903 = PCURVE('',#252,#904);
#904 = DEFINITIONAL_REPRESENTATION('',(#905),#909);
#905 = LINE('',#906,#907);
#906 = CARTESIAN_POINT('',(19.2,12.));
#907 = VECTOR('',#908,1.);
#908 = DIRECTION('',(0.,1.));
#909 = ( GEOMETRIC_REPRESENTATION_CONTEXT(2) 
PARAMETRIC_REPRESENTATION_CONTEXT() REPRESENTATION_CONTEXT('2D SPACE',''
  ) );
#910 = PCURVE('',#858,#911);
#911 = DEFINITIONAL_REPRESENTATION('',(#912),#916);
#912 = LINE('',#913,#914);
#913 = CARTESIAN_POINT('',(-0.,-0.565685424949));
#914 = VECTOR('',#915,1.);
#915 = DIRECTION('',(-1.,0.));
#916 = ( GEOMETRIC_REPRESENTATION_CONTEXT(2) 
PARAMETRIC_REPRESENTATION_CONTEXT() REPRESENTATION_CONTEXT('2D SPACE',''
  ) );
#917 = ORIENTED_EDGE('',*,*,#918,.F.);
#918 = EDGE_CURVE('',#374,#896,#919,.T.);
#919 = SURFACE_CURVE('',#920,(#924,#931),.PCURVE_S1.);
#920 = LINE('',#921,#922);
#921 = CARTESIAN_POINT('',(138.,-60.,0.));
#922 = VECTOR('',#923,1.);
#923 = DIRECTION('',(0.,0.,1.));
#924 = PCURVE('',#252,#925);
#925 = DEFINITIONAL_REPRESENTATION('',(#926),#930);
#926 = LINE('',#927,#928);
#927 = CARTESIAN_POINT('',(0.,288.));
#928 = VECTOR('',#929,1.);
#929 = DIRECTION('',(1.,0.));
#930 = ( GEOMETRIC_REPRESENTATION_CONTEXT(2) 
PARAMETRIC_REPRESENTATION_CONTEXT() REPRESENTATION_CONTEXT('2D SPACE',''
  ) );
#931 = PCURVE('',#417,#932);
#932 = DEFINITIONAL_REPRESENTATION('',(#933),#937);
#933 = LINE('',#934,#935);
#934 = CARTESIAN_POINT('',(-1.570796326795,0.));
#935 = VECTOR('',#936,1.);
#936 = DIRECTION('',(-0.,1.));
#937 = ( GEOMETRIC_REPRESENTATION_CONTEXT(2) 
PARAMETRIC_REPRESENTATION_CONTEXT() REPRESENTATION_CONTEXT('2D SPACE',''
  ) );
#938 = ORIENTED_EDGE('',*,*,#373,.F.);
#939 = ADVANCED_FACE('',(#940),#309,.T.);
#940 = FACE_BOUND('',#941,.T.);
#941 = EDGE_LOOP('',(#942,#968,#969,#970));
#942 = ORIENTED_EDGE('',*,*,#943,.F.);
#943 = EDGE_CURVE('',#794,#944,#946,.T.);
#944 = VERTEX_POINT('',#945);
#945 = CARTESIAN_POINT('',(-138.,59.2,20.));
#946 = SURFACE_CURVE('',#947,(#951,#957),.PCURVE_S1.);
#947 = LINE('',#948,#949);
#948 = CARTESIAN_POINT('',(-138.,59.6,19.6));
#949 = VECTOR('',#950,1.);
#950 = DIRECTION('',(0.,-0.707106781187,0.707106781187));
#951 = PCURVE('',#309,#952);
#952 = DEFINITIONAL_REPRESENTATION('',(#953),#956);
#953 = B_SPLINE_CURVE_WITH_KNOTS('',1,(#954,#955),.UNSPECIFIED.,.F.,.F.,
  (2,2),(-0.565685424949,0.565685424949),.PIECEWISE_BEZIER_KNOTS.);
#954 = CARTESIAN_POINT('',(0.,0.));
#955 = CARTESIAN_POINT('',(0.,-0.8));
#956 = ( GEOMETRIC_REPRESENTATION_CONTEXT(2) 
PARAMETRIC_REPRESENTATION_CONTEXT() REPRESENTATION_CONTEXT('2D SPACE',''
  ) );
#957 = PCURVE('',#958,#963);
#958 = PLANE('',#959);
#959 = AXIS2_PLACEMENT_3D('',#960,#961,#962);
#960 = CARTESIAN_POINT('',(138.,59.6,19.6));
#961 = DIRECTION('',(-6.983161618628E-18,0.707106781187,0.707106781187)
  );
#962 = DIRECTION('',(-1.,-4.937840934654E-18,-4.937840934654E-18));
#963 = DEFINITIONAL_REPRESENTATION('',(#964),#967);
#964 = B_SPLINE_CURVE_WITH_KNOTS('',1,(#965,#966),.UNSPECIFIED.,.F.,.F.,
  (2,2),(-0.565685424949,0.565685424949),.PIECEWISE_BEZIER_KNOTS.);
#965 = CARTESIAN_POINT('',(276.,-0.565685424949));
#966 = CARTESIAN_POINT('',(276.,0.565685424949));
#967 = ( GEOMETRIC_REPRESENTATION_CONTEXT(2) 
PARAMETRIC_REPRESENTATION_CONTEXT() REPRESENTATION_CONTEXT('2D SPACE',''
  ) );
#968 = ORIENTED_EDGE('',*,*,#816,.T.);
#969 = ORIENTED_EDGE('',*,*,#294,.T.);
#970 = ORIENTED_EDGE('',*,*,#971,.F.);
#971 = EDGE_CURVE('',#944,#295,#972,.T.);
#972 = SURFACE_CURVE('',#973,(#978,#985),.PCURVE_S1.);
#973 = CIRCLE('',#974,11.2);
#974 = AXIS2_PLACEMENT_3D('',#975,#976,#977);
#975 = CARTESIAN_POINT('',(-138.,48.,20.));
#976 = DIRECTION('',(0.,0.,1.));
#977 = DIRECTION('',(0.,1.,-0.));
#978 = PCURVE('',#309,#979);
#979 = DEFINITIONAL_REPRESENTATION('',(#980),#984);
#980 = LINE('',#981,#982);
#981 = CARTESIAN_POINT('',(-0.,-0.8));
#982 = VECTOR('',#983,1.);
#983 = DIRECTION('',(-1.,-0.));
#984 = ( GEOMETRIC_REPRESENTATION_CONTEXT(2) 
PARAMETRIC_REPRESENTATION_CONTEXT() REPRESENTATION_CONTEXT('2D SPACE',''
  ) );
#985 = PCURVE('',#356,#986);
#986 = DEFINITIONAL_REPRESENTATION('',(#987),#991);
#987 = CIRCLE('',#988,11.2);
#988 = AXIS2_PLACEMENT_2D('',#989,#990);
#989 = CARTESIAN_POINT('',(12.,108.));
#990 = DIRECTION('',(0.,1.));
#991 = ( GEOMETRIC_REPRESENTATION_CONTEXT(2) 
PARAMETRIC_REPRESENTATION_CONTEXT() REPRESENTATION_CONTEXT('2D SPACE',''
  ) );
#992 = ADVANCED_FACE('',(#993,#1128,#1163,#1198,#1233,#1268,#1303,#1338,
    #1373),#356,.T.);
#993 = FACE_BOUND('',#994,.T.);
#994 = EDGE_LOOP('',(#995,#996,#1019,#1048,#1076,#1105,#1126,#1127));
#995 = ORIENTED_EDGE('',*,*,#869,.T.);
#996 = ORIENTED_EDGE('',*,*,#997,.T.);
#997 = EDGE_CURVE('',#844,#998,#1000,.T.);
#998 = VERTEX_POINT('',#999);
#999 = CARTESIAN_POINT('',(138.,-59.2,20.));
#1000 = SURFACE_CURVE('',#1001,(#1005,#1012),.PCURVE_S1.);
#1001 = LINE('',#1002,#1003);
#1002 = CARTESIAN_POINT('',(-138.,-59.2,20.));
#1003 = VECTOR('',#1004,1.);
#1004 = DIRECTION('',(1.,0.,0.));
#1005 = PCURVE('',#356,#1006);
#1006 = DEFINITIONAL_REPRESENTATION('',(#1007),#1011);
#1007 = LINE('',#1008,#1009);
#1008 = CARTESIAN_POINT('',(12.,0.8));
#1009 = VECTOR('',#1010,1.);
#1010 = DIRECTION('',(1.,0.));
#1011 = ( GEOMETRIC_REPRESENTATION_CONTEXT(2) 
PARAMETRIC_REPRESENTATION_CONTEXT() REPRESENTATION_CONTEXT('2D SPACE',''
  ) );
#1012 = PCURVE('',#858,#1013);
#1013 = DEFINITIONAL_REPRESENTATION('',(#1014),#1018);
#1014 = LINE('',#1015,#1016);
#1015 = CARTESIAN_POINT('',(-0.,0.565685424949));
#1016 = VECTOR('',#1017,1.);
#1017 = DIRECTION('',(-1.,0.));
#1018 = ( GEOMETRIC_REPRESENTATION_CONTEXT(2) 
PARAMETRIC_REPRESENTATION_CONTEXT() REPRESENTATION_CONTEXT('2D SPACE',''
  ) );
#1019 = ORIENTED_EDGE('',*,*,#1020,.T.);
#1020 = EDGE_CURVE('',#998,#1021,#1023,.T.);
#1021 = VERTEX_POINT('',#1022);
#1022 = CARTESIAN_POINT('',(149.2,-48.,20.));
#1023 = SURFACE_CURVE('',#1024,(#1029,#1036),.PCURVE_S1.);
#1024 = CIRCLE('',#1025,11.2);
#1025 = AXIS2_PLACEMENT_3D('',#1026,#1027,#1028);
#1026 = CARTESIAN_POINT('',(138.,-48.,20.));
#1027 = DIRECTION('',(0.,0.,1.));
#1028 = DIRECTION('',(0.,-1.,0.));
#1029 = PCURVE('',#356,#1030);
#1030 = DEFINITIONAL_REPRESENTATION('',(#1031),#1035);
#1031 = CIRCLE('',#1032,11.2);
#1032 = AXIS2_PLACEMENT_2D('',#1033,#1034);
#1033 = CARTESIAN_POINT('',(288.,12.));
#1034 = DIRECTION('',(0.,-1.));
#1035 = ( GEOMETRIC_REPRESENTATION_CONTEXT(2) 
PARAMETRIC_REPRESENTATION_CONTEXT() REPRESENTATION_CONTEXT('2D SPACE',''
  ) );
#1036 = PCURVE('',#1037,#1042);
#1037 = CONICAL_SURFACE('',#1038,12.,0.785398163397);
#1038 = AXIS2_PLACEMENT_3D('',#1039,#1040,#1041);
#1039 = CARTESIAN_POINT('',(138.,-48.,19.2));
#1040 = DIRECTION('',(-0.,-0.,-1.));
#1041 = DIRECTION('',(0.,-1.,0.));
#1042 = DEFINITIONAL_REPRESENTATION('',(#1043),#1047);
#1043 = LINE('',#1044,#1045);
#1044 = CARTESIAN_POINT('',(-0.,-0.8));
#1045 = VECTOR('',#1046,1.);
#1046 = DIRECTION('',(-1.,-0.));
#1047 = ( GEOMETRIC_REPRESENTATION_CONTEXT(2) 
PARAMETRIC_REPRESENTATION_CONTEXT() REPRESENTATION_CONTEXT('2D SPACE',''
  ) );
#1048 = ORIENTED_EDGE('',*,*,#1049,.T.);
#1049 = EDGE_CURVE('',#1021,#1050,#1052,.T.);
#1050 = VERTEX_POINT('',#1051);
#1051 = CARTESIAN_POINT('',(149.2,48.,20.));
#1052 = SURFACE_CURVE('',#1053,(#1057,#1064),.PCURVE_S1.);
#1053 = LINE('',#1054,#1055);
#1054 = CARTESIAN_POINT('',(149.2,-48.,20.));
#1055 = VECTOR('',#1056,1.);
#1056 = DIRECTION('',(0.,1.,0.));
#1057 = PCURVE('',#356,#1058);
#1058 = DEFINITIONAL_REPRESENTATION('',(#1059),#1063);
#1059 = LINE('',#1060,#1061);
#1060 = CARTESIAN_POINT('',(299.2,12.));
#1061 = VECTOR('',#1062,1.);
#1062 = DIRECTION('',(0.,1.));
#1063 = ( GEOMETRIC_REPRESENTATION_CONTEXT(2) 
PARAMETRIC_REPRESENTATION_CONTEXT() REPRESENTATION_CONTEXT('2D SPACE',''
  ) );
#1064 = PCURVE('',#1065,#1070);
#1065 = PLANE('',#1066);
#1066 = AXIS2_PLACEMENT_3D('',#1067,#1068,#1069);
#1067 = CARTESIAN_POINT('',(149.6,-48.,19.6));
#1068 = DIRECTION('',(0.707106781187,-6.983161618628E-18,0.707106781187)
  );
#1069 = DIRECTION('',(4.937840934654E-18,1.,4.937840934654E-18));
#1070 = DEFINITIONAL_REPRESENTATION('',(#1071),#1075);
#1071 = LINE('',#1072,#1073);
#1072 = CARTESIAN_POINT('',(0.,0.565685424949));
#1073 = VECTOR('',#1074,1.);
#1074 = DIRECTION('',(1.,0.));
#1075 = ( GEOMETRIC_REPRESENTATION_CONTEXT(2) 
PARAMETRIC_REPRESENTATION_CONTEXT() REPRESENTATION_CONTEXT('2D SPACE',''
  ) );
#1076 = ORIENTED_EDGE('',*,*,#1077,.T.);
#1077 = EDGE_CURVE('',#1050,#1078,#1080,.T.);
#1078 = VERTEX_POINT('',#1079);
#1079 = CARTESIAN_POINT('',(138.,59.2,20.));
#1080 = SURFACE_CURVE('',#1081,(#1086,#1093),.PCURVE_S1.);
#1081 = CIRCLE('',#1082,11.2);
#1082 = AXIS2_PLACEMENT_3D('',#1083,#1084,#1085);
#1083 = CARTESIAN_POINT('',(138.,48.,20.));
#1084 = DIRECTION('',(0.,0.,1.));
#1085 = DIRECTION('',(1.,0.,-0.));
#1086 = PCURVE('',#356,#1087);
#1087 = DEFINITIONAL_REPRESENTATION('',(#1088),#1092);
#1088 = CIRCLE('',#1089,11.2);
#1089 = AXIS2_PLACEMENT_2D('',#1090,#1091);
#1090 = CARTESIAN_POINT('',(288.,108.));
#1091 = DIRECTION('',(1.,0.));
#1092 = ( GEOMETRIC_REPRESENTATION_CONTEXT(2) 
PARAMETRIC_REPRESENTATION_CONTEXT() REPRESENTATION_CONTEXT('2D SPACE',''
  ) );
#1093 = PCURVE('',#1094,#1099);
#1094 = CONICAL_SURFACE('',#1095,12.,0.785398163397);
#1095 = AXIS2_PLACEMENT_3D('',#1096,#1097,#1098);
#1096 = CARTESIAN_POINT('',(138.,48.,19.2));
#1097 = DIRECTION('',(-0.,-0.,-1.));
#1098 = DIRECTION('',(1.,0.,0.));
#1099 = DEFINITIONAL_REPRESENTATION('',(#1100),#1104);
#1100 = LINE('',#1101,#1102);
#1101 = CARTESIAN_POINT('',(-0.,-0.8));
#1102 = VECTOR('',#1103,1.);
#1103 = DIRECTION('',(-1.,-0.));
#1104 = ( GEOMETRIC_REPRESENTATION_CONTEXT(2) 
PARAMETRIC_REPRESENTATION_CONTEXT() REPRESENTATION_CONTEXT('2D SPACE',''
  ) );
#1105 = ORIENTED_EDGE('',*,*,#1106,.T.);
#1106 = EDGE_CURVE('',#1078,#944,#1107,.T.);
#1107 = SURFACE_CURVE('',#1108,(#1112,#1119),.PCURVE_S1.);
#1108 = LINE('',#1109,#1110);
#1109 = CARTESIAN_POINT('',(138.,59.2,20.));
#1110 = VECTOR('',#1111,1.);
#1111 = DIRECTION('',(-1.,-0.,-0.));
#1112 = PCURVE('',#356,#1113);
#1113 = DEFINITIONAL_REPRESENTATION('',(#1114),#1118);
#1114 = LINE('',#1115,#1116);
#1115 = CARTESIAN_POINT('',(288.,119.2));
#1116 = VECTOR('',#1117,1.);
#1117 = DIRECTION('',(-1.,-0.));
#1118 = ( GEOMETRIC_REPRESENTATION_CONTEXT(2) 
PARAMETRIC_REPRESENTATION_CONTEXT() REPRESENTATION_CONTEXT('2D SPACE',''
  ) );
#1119 = PCURVE('',#958,#1120);
#1120 = DEFINITIONAL_REPRESENTATION('',(#1121),#1125);
#1121 = LINE('',#1122,#1123);
#1122 = CARTESIAN_POINT('',(0.,0.565685424949));
#1123 = VECTOR('',#1124,1.);
#1124 = DIRECTION('',(1.,0.));
#1125 = ( GEOMETRIC_REPRESENTATION_CONTEXT(2) 
PARAMETRIC_REPRESENTATION_CONTEXT() REPRESENTATION_CONTEXT('2D SPACE',''
  ) );
#1126 = ORIENTED_EDGE('',*,*,#971,.T.);
#1127 = ORIENTED_EDGE('',*,*,#342,.T.);
#1128 = FACE_BOUND('',#1129,.T.);
#1129 = EDGE_LOOP('',(#1130));
#1130 = ORIENTED_EDGE('',*,*,#1131,.T.);
#1131 = EDGE_CURVE('',#1132,#1132,#1134,.T.);
#1132 = VERTEX_POINT('',#1133);
#1133 = CARTESIAN_POINT('',(-121.7,-27.,20.));
#1134 = SURFACE_CURVE('',#1135,(#1140,#1151),.PCURVE_S1.);
#1135 = CIRCLE('',#1136,5.3);
#1136 = AXIS2_PLACEMENT_3D('',#1137,#1138,#1139);
#1137 = CARTESIAN_POINT('',(-127.,-27.,20.));
#1138 = DIRECTION('',(0.,-0.,-1.));
#1139 = DIRECTION('',(1.,0.,-0.));
#1140 = PCURVE('',#356,#1141);
#1141 = DEFINITIONAL_REPRESENTATION('',(#1142),#1150);
#1142 = ( BOUNDED_CURVE() B_SPLINE_CURVE(2,(#1143,#1144,#1145,#1146,
#1147,#1148,#1149),.UNSPECIFIED.,.T.,.F.) B_SPLINE_CURVE_WITH_KNOTS((1,2
    ,2,2,2,1),(-2.094395102393,0.,2.094395102393,4.188790204786,
6.28318530718,8.377580409573),.UNSPECIFIED.) CURVE() 
GEOMETRIC_REPRESENTATION_ITEM() RATIONAL_B_SPLINE_CURVE((1.,0.5,1.,0.5,
1.,0.5,1.)) REPRESENTATION_ITEM('') );
#1143 = CARTESIAN_POINT('',(28.3,33.));
#1144 = CARTESIAN_POINT('',(28.3,23.820130719885));
#1145 = CARTESIAN_POINT('',(20.35,28.410065359942));
#1146 = CARTESIAN_POINT('',(12.4,33.));
#1147 = CARTESIAN_POINT('',(20.35,37.589934640058));
#1148 = CARTESIAN_POINT('',(28.3,42.179869280115));
#1149 = CARTESIAN_POINT('',(28.3,33.));
#1150 = ( GEOMETRIC_REPRESENTATION_CONTEXT(2) 
PARAMETRIC_REPRESENTATION_CONTEXT() REPRESENTATION_CONTEXT('2D SPACE',''
  ) );
#1151 = PCURVE('',#1152,#1157);
#1152 = CONICAL_SURFACE('',#1153,4.5,0.785398163397);
#1153 = AXIS2_PLACEMENT_3D('',#1154,#1155,#1156);
#1154 = CARTESIAN_POINT('',(-127.,-27.,19.2));
#1155 = DIRECTION('',(0.,0.,1.));
#1156 = DIRECTION('',(1.,0.,-0.));
#1157 = DEFINITIONAL_REPRESENTATION('',(#1158),#1162);
#1158 = LINE('',#1159,#1160);
#1159 = CARTESIAN_POINT('',(-0.,0.8));
#1160 = VECTOR('',#1161,1.);
#1161 = DIRECTION('',(-1.,0.));
#1162 = ( GEOMETRIC_REPRESENTATION_CONTEXT(2) 
PARAMETRIC_REPRESENTATION_CONTEXT() REPRESENTATION_CONTEXT('2D SPACE',''
  ) );
#1163 = FACE_BOUND('',#1164,.T.);
#1164 = EDGE_LOOP('',(#1165));
#1165 = ORIENTED_EDGE('',*,*,#1166,.T.);
#1166 = EDGE_CURVE('',#1167,#1167,#1169,.T.);
#1167 = VERTEX_POINT('',#1168);
#1168 = CARTESIAN_POINT('',(-67.7,-27.,20.));
#1169 = SURFACE_CURVE('',#1170,(#1175,#1186),.PCURVE_S1.);
#1170 = CIRCLE('',#1171,5.3);
#1171 = AXIS2_PLACEMENT_3D('',#1172,#1173,#1174);
#1172 = CARTESIAN_POINT('',(-73.,-27.,20.));
#1173 = DIRECTION('',(0.,-0.,-1.));
#1174 = DIRECTION('',(1.,0.,-0.));
#1175 = PCURVE('',#356,#1176);
#1176 = DEFINITIONAL_REPRESENTATION('',(#1177),#1185);
#1177 = ( BOUNDED_CURVE() B_SPLINE_CURVE(2,(#1178,#1179,#1180,#1181,
#1182,#1183,#1184),.UNSPECIFIED.,.T.,.F.) B_SPLINE_CURVE_WITH_KNOTS((1,2
    ,2,2,2,1),(-2.094395102393,0.,2.094395102393,4.188790204786,
6.28318530718,8.377580409573),.UNSPECIFIED.) CURVE() 
GEOMETRIC_REPRESENTATION_ITEM() RATIONAL_B_SPLINE_CURVE((1.,0.5,1.,0.5,
1.,0.5,1.)) REPRESENTATION_ITEM('') );
#1178 = CARTESIAN_POINT('',(82.3,33.));
#1179 = CARTESIAN_POINT('',(82.3,23.820130719885));
#1180 = CARTESIAN_POINT('',(74.35,28.410065359942));
#1181 = CARTESIAN_POINT('',(66.4,33.));
#1182 = CARTESIAN_POINT('',(74.35,37.589934640058));
#1183 = CARTESIAN_POINT('',(82.3,42.179869280115));
#1184 = CARTESIAN_POINT('',(82.3,33.));
#1185 = ( GEOMETRIC_REPRESENTATION_CONTEXT(2) 
PARAMETRIC_REPRESENTATION_CONTEXT() REPRESENTATION_CONTEXT('2D SPACE',''
  ) );
#1186 = PCURVE('',#1187,#1192);
#1187 = CONICAL_SURFACE('',#1188,4.5,0.785398163397);
#1188 = AXIS2_PLACEMENT_3D('',#1189,#1190,#1191);
#1189 = CARTESIAN_POINT('',(-73.,-27.,19.2));
#1190 = DIRECTION('',(0.,0.,1.));
#1191 = DIRECTION('',(1.,0.,-0.));
#1192 = DEFINITIONAL_REPRESENTATION('',(#1193),#1197);
#1193 = LINE('',#1194,#1195);
#1194 = CARTESIAN_POINT('',(-0.,0.8));
#1195 = VECTOR('',#1196,1.);
#1196 = DIRECTION('',(-1.,0.));
#1197 = ( GEOMETRIC_REPRESENTATION_CONTEXT(2) 
PARAMETRIC_REPRESENTATION_CONTEXT() REPRESENTATION_CONTEXT('2D SPACE',''
  ) );
#1198 = FACE_BOUND('',#1199,.T.);
#1199 = EDGE_LOOP('',(#1200));
#1200 = ORIENTED_EDGE('',*,*,#1201,.T.);
#1201 = EDGE_CURVE('',#1202,#1202,#1204,.T.);
#1202 = VERTEX_POINT('',#1203);
#1203 = CARTESIAN_POINT('',(78.3,-27.,20.));
#1204 = SURFACE_CURVE('',#1205,(#1210,#1221),.PCURVE_S1.);
#1205 = CIRCLE('',#1206,5.3);
#1206 = AXIS2_PLACEMENT_3D('',#1207,#1208,#1209);
#1207 = CARTESIAN_POINT('',(73.,-27.,20.));
#1208 = DIRECTION('',(0.,-0.,-1.));
#1209 = DIRECTION('',(1.,0.,-0.));
#1210 = PCURVE('',#356,#1211);
#1211 = DEFINITIONAL_REPRESENTATION('',(#1212),#1220);
#1212 = ( BOUNDED_CURVE() B_SPLINE_CURVE(2,(#1213,#1214,#1215,#1216,
#1217,#1218,#1219),.UNSPECIFIED.,.T.,.F.) B_SPLINE_CURVE_WITH_KNOTS((1,2
    ,2,2,2,1),(-2.094395102393,0.,2.094395102393,4.188790204786,
6.28318530718,8.377580409573),.UNSPECIFIED.) CURVE() 
GEOMETRIC_REPRESENTATION_ITEM() RATIONAL_B_SPLINE_CURVE((1.,0.5,1.,0.5,
1.,0.5,1.)) REPRESENTATION_ITEM('') );
#1213 = CARTESIAN_POINT('',(228.3,33.));
#1214 = CARTESIAN_POINT('',(228.3,23.820130719885));
#1215 = CARTESIAN_POINT('',(220.35,28.410065359942));
#1216 = CARTESIAN_POINT('',(212.4,33.));
#1217 = CARTESIAN_POINT('',(220.35,37.589934640058));
#1218 = CARTESIAN_POINT('',(228.3,42.179869280115));
#1219 = CARTESIAN_POINT('',(228.3,33.));
#1220 = ( GEOMETRIC_REPRESENTATION_CONTEXT(2) 
PARAMETRIC_REPRESENTATION_CONTEXT() REPRESENTATION_CONTEXT('2D SPACE',''
  ) );
#1221 = PCURVE('',#1222,#1227);
#1222 = CONICAL_SURFACE('',#1223,4.5,0.785398163397);
#1223 = AXIS2_PLACEMENT_3D('',#1224,#1225,#1226);
#1224 = CARTESIAN_POINT('',(73.,-27.,19.2));
#1225 = DIRECTION('',(0.,0.,1.));
#1226 = DIRECTION('',(1.,0.,-0.));
#1227 = DEFINITIONAL_REPRESENTATION('',(#1228),#1232);
#1228 = LINE('',#1229,#1230);
#1229 = CARTESIAN_POINT('',(-0.,0.8));
#1230 = VECTOR('',#1231,1.);
#1231 = DIRECTION('',(-1.,0.));
#1232 = ( GEOMETRIC_REPRESENTATION_CONTEXT(2) 
PARAMETRIC_REPRESENTATION_CONTEXT() REPRESENTATION_CONTEXT('2D SPACE',''
  ) );
#1233 = FACE_BOUND('',#1234,.T.);
#1234 = EDGE_LOOP('',(#1235));
#1235 = ORIENTED_EDGE('',*,*,#1236,.T.);
#1236 = EDGE_CURVE('',#1237,#1237,#1239,.T.);
#1237 = VERTEX_POINT('',#1238);
#1238 = CARTESIAN_POINT('',(132.3,-27.,20.));
#1239 = SURFACE_CURVE('',#1240,(#1245,#1256),.PCURVE_S1.);
#1240 = CIRCLE('',#1241,5.3);
#1241 = AXIS2_PLACEMENT_3D('',#1242,#1243,#1244);
#1242 = CARTESIAN_POINT('',(127.,-27.,20.));
#1243 = DIRECTION('',(0.,-0.,-1.));
#1244 = DIRECTION('',(1.,0.,-0.));
#1245 = PCURVE('',#356,#1246);
#1246 = DEFINITIONAL_REPRESENTATION('',(#1247),#1255);
#1247 = ( BOUNDED_CURVE() B_SPLINE_CURVE(2,(#1248,#1249,#1250,#1251,
#1252,#1253,#1254),.UNSPECIFIED.,.T.,.F.) B_SPLINE_CURVE_WITH_KNOTS((1,2
    ,2,2,2,1),(-2.094395102393,0.,2.094395102393,4.188790204786,
6.28318530718,8.377580409573),.UNSPECIFIED.) CURVE() 
GEOMETRIC_REPRESENTATION_ITEM() RATIONAL_B_SPLINE_CURVE((1.,0.5,1.,0.5,
1.,0.5,1.)) REPRESENTATION_ITEM('') );
#1248 = CARTESIAN_POINT('',(282.3,33.));
#1249 = CARTESIAN_POINT('',(282.3,23.820130719885));
#1250 = CARTESIAN_POINT('',(274.35,28.410065359942));
#1251 = CARTESIAN_POINT('',(266.4,33.));
#1252 = CARTESIAN_POINT('',(274.35,37.589934640058));
#1253 = CARTESIAN_POINT('',(282.3,42.179869280115));
#1254 = CARTESIAN_POINT('',(282.3,33.));
#1255 = ( GEOMETRIC_REPRESENTATION_CONTEXT(2) 
PARAMETRIC_REPRESENTATION_CONTEXT() REPRESENTATION_CONTEXT('2D SPACE',''
  ) );
#1256 = PCURVE('',#1257,#1262);
#1257 = CONICAL_SURFACE('',#1258,4.5,0.785398163397);
#1258 = AXIS2_PLACEMENT_3D('',#1259,#1260,#1261);
#1259 = CARTESIAN_POINT('',(127.,-27.,19.2));
#1260 = DIRECTION('',(0.,0.,1.));
#1261 = DIRECTION('',(1.,0.,-0.));
#1262 = DEFINITIONAL_REPRESENTATION('',(#1263),#1267);
#1263 = LINE('',#1264,#1265);
#1264 = CARTESIAN_POINT('',(-0.,0.8));
#1265 = VECTOR('',#1266,1.);
#1266 = DIRECTION('',(-1.,0.));
#1267 = ( GEOMETRIC_REPRESENTATION_CONTEXT(2) 
PARAMETRIC_REPRESENTATION_CONTEXT() REPRESENTATION_CONTEXT('2D SPACE',''
  ) );
#1268 = FACE_BOUND('',#1269,.T.);
#1269 = EDGE_LOOP('',(#1270));
#1270 = ORIENTED_EDGE('',*,*,#1271,.T.);
#1271 = EDGE_CURVE('',#1272,#1272,#1274,.T.);
#1272 = VERTEX_POINT('',#1273);
#1273 = CARTESIAN_POINT('',(-121.7,27.,20.));
#1274 = SURFACE_CURVE('',#1275,(#1280,#1291),.PCURVE_S1.);
#1275 = CIRCLE('',#1276,5.3);
#1276 = AXIS2_PLACEMENT_3D('',#1277,#1278,#1279);
#1277 = CARTESIAN_POINT('',(-127.,27.,20.));
#1278 = DIRECTION('',(0.,-0.,-1.));
#1279 = DIRECTION('',(1.,-7.894919286223E-16,0.));
#1280 = PCURVE('',#356,#1281);
#1281 = DEFINITIONAL_REPRESENTATION('',(#1282),#1290);
#1282 = ( BOUNDED_CURVE() B_SPLINE_CURVE(2,(#1283,#1284,#1285,#1286,
#1287,#1288,#1289),.UNSPECIFIED.,.T.,.F.) B_SPLINE_CURVE_WITH_KNOTS((1,2
    ,2,2,2,1),(-2.094395102393,0.,2.094395102393,4.188790204786,
6.28318530718,8.377580409573),.UNSPECIFIED.) CURVE() 
GEOMETRIC_REPRESENTATION_ITEM() RATIONAL_B_SPLINE_CURVE((1.,0.5,1.,0.5,
1.,0.5,1.)) REPRESENTATION_ITEM('') );
#1283 = CARTESIAN_POINT('',(28.3,87.));
#1284 = CARTESIAN_POINT('',(28.3,77.820130719885));
#1285 = CARTESIAN_POINT('',(20.35,82.410065359942));
#1286 = CARTESIAN_POINT('',(12.4,87.));
#1287 = CARTESIAN_POINT('',(20.35,91.589934640058));
#1288 = CARTESIAN_POINT('',(28.3,96.179869280115));
#1289 = CARTESIAN_POINT('',(28.3,87.));
#1290 = ( GEOMETRIC_REPRESENTATION_CONTEXT(2) 
PARAMETRIC_REPRESENTATION_CONTEXT() REPRESENTATION_CONTEXT('2D SPACE',''
  ) );
#1291 = PCURVE('',#1292,#1297);
#1292 = CONICAL_SURFACE('',#1293,4.5,0.785398163397);
#1293 = AXIS2_PLACEMENT_3D('',#1294,#1295,#1296);
#1294 = CARTESIAN_POINT('',(-127.,27.,19.2));
#1295 = DIRECTION('',(0.,0.,1.));
#1296 = DIRECTION('',(1.,-7.894919286223E-16,0.));
#1297 = DEFINITIONAL_REPRESENTATION('',(#1298),#1302);
#1298 = LINE('',#1299,#1300);
#1299 = CARTESIAN_POINT('',(-0.,0.8));
#1300 = VECTOR('',#1301,1.);
#1301 = DIRECTION('',(-1.,0.));
#1302 = ( GEOMETRIC_REPRESENTATION_CONTEXT(2) 
PARAMETRIC_REPRESENTATION_CONTEXT() REPRESENTATION_CONTEXT('2D SPACE',''
  ) );
#1303 = FACE_BOUND('',#1304,.T.);
#1304 = EDGE_LOOP('',(#1305));
#1305 = ORIENTED_EDGE('',*,*,#1306,.T.);
#1306 = EDGE_CURVE('',#1307,#1307,#1309,.T.);
#1307 = VERTEX_POINT('',#1308);
#1308 = CARTESIAN_POINT('',(-67.7,27.,20.));
#1309 = SURFACE_CURVE('',#1310,(#1315,#1326),.PCURVE_S1.);
#1310 = CIRCLE('',#1311,5.3);
#1311 = AXIS2_PLACEMENT_3D('',#1312,#1313,#1314);
#1312 = CARTESIAN_POINT('',(-73.,27.,20.));
#1313 = DIRECTION('',(0.,-0.,-1.));
#1314 = DIRECTION('',(1.,-7.894919286223E-16,0.));
#1315 = PCURVE('',#356,#1316);
#1316 = DEFINITIONAL_REPRESENTATION('',(#1317),#1325);
#1317 = ( BOUNDED_CURVE() B_SPLINE_CURVE(2,(#1318,#1319,#1320,#1321,
#1322,#1323,#1324),.UNSPECIFIED.,.T.,.F.) B_SPLINE_CURVE_WITH_KNOTS((1,2
    ,2,2,2,1),(-2.094395102393,0.,2.094395102393,4.188790204786,
6.28318530718,8.377580409573),.UNSPECIFIED.) CURVE() 
GEOMETRIC_REPRESENTATION_ITEM() RATIONAL_B_SPLINE_CURVE((1.,0.5,1.,0.5,
1.,0.5,1.)) REPRESENTATION_ITEM('') );
#1318 = CARTESIAN_POINT('',(82.3,87.));
#1319 = CARTESIAN_POINT('',(82.3,77.820130719885));
#1320 = CARTESIAN_POINT('',(74.35,82.410065359942));
#1321 = CARTESIAN_POINT('',(66.4,87.));
#1322 = CARTESIAN_POINT('',(74.35,91.589934640058));
#1323 = CARTESIAN_POINT('',(82.3,96.179869280115));
#1324 = CARTESIAN_POINT('',(82.3,87.));
#1325 = ( GEOMETRIC_REPRESENTATION_CONTEXT(2) 
PARAMETRIC_REPRESENTATION_CONTEXT() REPRESENTATION_CONTEXT('2D SPACE',''
  ) );
#1326 = PCURVE('',#1327,#1332);
#1327 = CONICAL_SURFACE('',#1328,4.5,0.785398163397);
#1328 = AXIS2_PLACEMENT_3D('',#1329,#1330,#1331);
#1329 = CARTESIAN_POINT('',(-73.,27.,19.2));
#1330 = DIRECTION('',(0.,0.,1.));
#1331 = DIRECTION('',(1.,-7.894919286223E-16,0.));
#1332 = DEFINITIONAL_REPRESENTATION('',(#1333),#1337);
#1333 = LINE('',#1334,#1335);
#1334 = CARTESIAN_POINT('',(-0.,0.8));
#1335 = VECTOR('',#1336,1.);
#1336 = DIRECTION('',(-1.,0.));
#1337 = ( GEOMETRIC_REPRESENTATION_CONTEXT(2) 
PARAMETRIC_REPRESENTATION_CONTEXT() REPRESENTATION_CONTEXT('2D SPACE',''
  ) );
#1338 = FACE_BOUND('',#1339,.T.);
#1339 = EDGE_LOOP('',(#1340));
#1340 = ORIENTED_EDGE('',*,*,#1341,.T.);
#1341 = EDGE_CURVE('',#1342,#1342,#1344,.T.);
#1342 = VERTEX_POINT('',#1343);
#1343 = CARTESIAN_POINT('',(78.3,27.,20.));
#1344 = SURFACE_CURVE('',#1345,(#1350,#1361),.PCURVE_S1.);
#1345 = CIRCLE('',#1346,5.3);
#1346 = AXIS2_PLACEMENT_3D('',#1347,#1348,#1349);
#1347 = CARTESIAN_POINT('',(73.,27.,20.));
#1348 = DIRECTION('',(0.,-0.,-1.));
#1349 = DIRECTION('',(1.,-7.894919286223E-16,0.));
#1350 = PCURVE('',#356,#1351);
#1351 = DEFINITIONAL_REPRESENTATION('',(#1352),#1360);
#1352 = ( BOUNDED_CURVE() B_SPLINE_CURVE(2,(#1353,#1354,#1355,#1356,
#1357,#1358,#1359),.UNSPECIFIED.,.T.,.F.) B_SPLINE_CURVE_WITH_KNOTS((1,2
    ,2,2,2,1),(-2.094395102393,0.,2.094395102393,4.188790204786,
6.28318530718,8.377580409573),.UNSPECIFIED.) CURVE() 
GEOMETRIC_REPRESENTATION_ITEM() RATIONAL_B_SPLINE_CURVE((1.,0.5,1.,0.5,
1.,0.5,1.)) REPRESENTATION_ITEM('') );
#1353 = CARTESIAN_POINT('',(228.3,87.));
#1354 = CARTESIAN_POINT('',(228.3,77.820130719885));
#1355 = CARTESIAN_POINT('',(220.35,82.410065359942));
#1356 = CARTESIAN_POINT('',(212.4,87.));
#1357 = CARTESIAN_POINT('',(220.35,91.589934640058));
#1358 = CARTESIAN_POINT('',(228.3,96.179869280115));
#1359 = CARTESIAN_POINT('',(228.3,87.));
#1360 = ( GEOMETRIC_REPRESENTATION_CONTEXT(2) 
PARAMETRIC_REPRESENTATION_CONTEXT() REPRESENTATION_CONTEXT('2D SPACE',''
  ) );
#1361 = PCURVE('',#1362,#1367);
#1362 = CONICAL_SURFACE('',#1363,4.5,0.785398163397);
#1363 = AXIS2_PLACEMENT_3D('',#1364,#1365,#1366);
#1364 = CARTESIAN_POINT('',(73.,27.,19.2));
#1365 = DIRECTION('',(0.,0.,1.));
#1366 = DIRECTION('',(1.,-7.894919286223E-16,0.));
#1367 = DEFINITIONAL_REPRESENTATION('',(#1368),#1372);
#1368 = LINE('',#1369,#1370);
#1369 = CARTESIAN_POINT('',(-0.,0.8));
#1370 = VECTOR('',#1371,1.);
#1371 = DIRECTION('',(-1.,0.));
#1372 = ( GEOMETRIC_REPRESENTATION_CONTEXT(2) 
PARAMETRIC_REPRESENTATION_CONTEXT() REPRESENTATION_CONTEXT('2D SPACE',''
  ) );
#1373 = FACE_BOUND('',#1374,.T.);
#1374 = EDGE_LOOP('',(#1375));
#1375 = ORIENTED_EDGE('',*,*,#1376,.T.);
#1376 = EDGE_CURVE('',#1377,#1377,#1379,.T.);
#1377 = VERTEX_POINT('',#1378);
#1378 = CARTESIAN_POINT('',(132.3,27.,20.));
#1379 = SURFACE_CURVE('',#1380,(#1385,#1396),.PCURVE_S1.);
#1380 = CIRCLE('',#1381,5.3);
#1381 = AXIS2_PLACEMENT_3D('',#1382,#1383,#1384);
#1382 = CARTESIAN_POINT('',(127.,27.,20.));
#1383 = DIRECTION('',(0.,-0.,-1.));
#1384 = DIRECTION('',(1.,-7.894919286223E-16,0.));
#1385 = PCURVE('',#356,#1386);
#1386 = DEFINITIONAL_REPRESENTATION('',(#1387),#1395);
#1387 = ( BOUNDED_CURVE() B_SPLINE_CURVE(2,(#1388,#1389,#1390,#1391,
#1392,#1393,#1394),.UNSPECIFIED.,.T.,.F.) B_SPLINE_CURVE_WITH_KNOTS((1,2
    ,2,2,2,1),(-2.094395102393,0.,2.094395102393,4.188790204786,
6.28318530718,8.377580409573),.UNSPECIFIED.) CURVE() 
GEOMETRIC_REPRESENTATION_ITEM() RATIONAL_B_SPLINE_CURVE((1.,0.5,1.,0.5,
1.,0.5,1.)) REPRESENTATION_ITEM('') );
#1388 = CARTESIAN_POINT('',(282.3,87.));
#1389 = CARTESIAN_POINT('',(282.3,77.820130719885));
#1390 = CARTESIAN_POINT('',(274.35,82.410065359942));
#1391 = CARTESIAN_POINT('',(266.4,87.));
#1392 = CARTESIAN_POINT('',(274.35,91.589934640058));
#1393 = CARTESIAN_POINT('',(282.3,96.179869280115));
#1394 = CARTESIAN_POINT('',(282.3,87.));
#1395 = ( GEOMETRIC_REPRESENTATION_CONTEXT(2) 
PARAMETRIC_REPRESENTATION_CONTEXT() REPRESENTATION_CONTEXT('2D SPACE',''
  ) );
#1396 = PCURVE('',#1397,#1402);
#1397 = CONICAL_SURFACE('',#1398,4.5,0.785398163397);
#1398 = AXIS2_PLACEMENT_3D('',#1399,#1400,#1401);
#1399 = CARTESIAN_POINT('',(127.,27.,19.2));
#1400 = DIRECTION('',(0.,0.,1.));
#1401 = DIRECTION('',(1.,-7.894919286223E-16,0.));
#1402 = DEFINITIONAL_REPRESENTATION('',(#1403),#1407);
#1403 = LINE('',#1404,#1405);
#1404 = CARTESIAN_POINT('',(-0.,0.8));
#1405 = VECTOR('',#1406,1.);
#1406 = DIRECTION('',(-1.,0.));
#1407 = ( GEOMETRIC_REPRESENTATION_CONTEXT(2) 
PARAMETRIC_REPRESENTATION_CONTEXT() REPRESENTATION_CONTEXT('2D SPACE',''
  ) );
#1408 = ADVANCED_FACE('',(#1409),#417,.T.);
#1409 = FACE_BOUND('',#1410,.F.);
#1410 = EDGE_LOOP('',(#1411,#1434,#1435,#1436));
#1411 = ORIENTED_EDGE('',*,*,#1412,.F.);
#1412 = EDGE_CURVE('',#397,#1413,#1415,.T.);
#1413 = VERTEX_POINT('',#1414);
#1414 = CARTESIAN_POINT('',(150.,-48.,19.2));
#1415 = SURFACE_CURVE('',#1416,(#1420,#1427),.PCURVE_S1.);
#1416 = LINE('',#1417,#1418);
#1417 = CARTESIAN_POINT('',(150.,-48.,0.));
#1418 = VECTOR('',#1419,1.);
#1419 = DIRECTION('',(0.,0.,1.));
#1420 = PCURVE('',#417,#1421);
#1421 = DEFINITIONAL_REPRESENTATION('',(#1422),#1426);
#1422 = LINE('',#1423,#1424);
#1423 = CARTESIAN_POINT('',(-0.,0.));
#1424 = VECTOR('',#1425,1.);
#1425 = DIRECTION('',(-0.,1.));
#1426 = ( GEOMETRIC_REPRESENTATION_CONTEXT(2) 
PARAMETRIC_REPRESENTATION_CONTEXT() REPRESENTATION_CONTEXT('2D SPACE',''
  ) );
#1427 = PCURVE('',#445,#1428);
#1428 = DEFINITIONAL_REPRESENTATION('',(#1429),#1433);
#1429 = LINE('',#1430,#1431);
#1430 = CARTESIAN_POINT('',(0.,-12.));
#1431 = VECTOR('',#1432,1.);
#1432 = DIRECTION('',(1.,0.));
#1433 = ( GEOMETRIC_REPRESENTATION_CONTEXT(2) 
PARAMETRIC_REPRESENTATION_CONTEXT() REPRESENTATION_CONTEXT('2D SPACE',''
  ) );
#1434 = ORIENTED_EDGE('',*,*,#396,.T.);
#1435 = ORIENTED_EDGE('',*,*,#918,.T.);
#1436 = ORIENTED_EDGE('',*,*,#1437,.T.);
#1437 = EDGE_CURVE('',#896,#1413,#1438,.T.);
#1438 = SURFACE_CURVE('',#1439,(#1444,#1451),.PCURVE_S1.);
#1439 = CIRCLE('',#1440,12.);
#1440 = AXIS2_PLACEMENT_3D('',#1441,#1442,#1443);
#1441 = CARTESIAN_POINT('',(138.,-48.,19.2));
#1442 = DIRECTION('',(0.,0.,1.));
#1443 = DIRECTION('',(0.,-1.,0.));
#1444 = PCURVE('',#417,#1445);
#1445 = DEFINITIONAL_REPRESENTATION('',(#1446),#1450);
#1446 = LINE('',#1447,#1448);
#1447 = CARTESIAN_POINT('',(-1.570796326795,19.2));
#1448 = VECTOR('',#1449,1.);
#1449 = DIRECTION('',(1.,-0.));
#1450 = ( GEOMETRIC_REPRESENTATION_CONTEXT(2) 
PARAMETRIC_REPRESENTATION_CONTEXT() REPRESENTATION_CONTEXT('2D SPACE',''
  ) );
#1451 = PCURVE('',#1037,#1452);
#1452 = DEFINITIONAL_REPRESENTATION('',(#1453),#1457);
#1453 = LINE('',#1454,#1455);
#1454 = CARTESIAN_POINT('',(-0.,-0.));
#1455 = VECTOR('',#1456,1.);
#1456 = DIRECTION('',(-1.,-0.));
#1457 = ( GEOMETRIC_REPRESENTATION_CONTEXT(2) 
PARAMETRIC_REPRESENTATION_CONTEXT() REPRESENTATION_CONTEXT('2D SPACE',''
  ) );
#1458 = ADVANCED_FACE('',(#1459),#445,.T.);
#1459 = FACE_BOUND('',#1460,.T.);
#1460 = EDGE_LOOP('',(#1461,#1462,#1463,#1486));
#1461 = ORIENTED_EDGE('',*,*,#1412,.F.);
#1462 = ORIENTED_EDGE('',*,*,#429,.T.);
#1463 = ORIENTED_EDGE('',*,*,#1464,.T.);
#1464 = EDGE_CURVE('',#430,#1465,#1467,.T.);
#1465 = VERTEX_POINT('',#1466);
#1466 = CARTESIAN_POINT('',(150.,48.,19.2));
#1467 = SURFACE_CURVE('',#1468,(#1472,#1479),.PCURVE_S1.);
#1468 = LINE('',#1469,#1470);
#1469 = CARTESIAN_POINT('',(150.,48.,0.));
#1470 = VECTOR('',#1471,1.);
#1471 = DIRECTION('',(0.,0.,1.));
#1472 = PCURVE('',#445,#1473);
#1473 = DEFINITIONAL_REPRESENTATION('',(#1474),#1478);
#1474 = LINE('',#1475,#1476);
#1475 = CARTESIAN_POINT('',(0.,-108.));
#1476 = VECTOR('',#1477,1.);
#1477 = DIRECTION('',(1.,0.));
#1478 = ( GEOMETRIC_REPRESENTATION_CONTEXT(2) 
PARAMETRIC_REPRESENTATION_CONTEXT() REPRESENTATION_CONTEXT('2D SPACE',''
  ) );
#1479 = PCURVE('',#474,#1480);
#1480 = DEFINITIONAL_REPRESENTATION('',(#1481),#1485);
#1481 = LINE('',#1482,#1483);
#1482 = CARTESIAN_POINT('',(0.,0.));
#1483 = VECTOR('',#1484,1.);
#1484 = DIRECTION('',(0.,1.));
#1485 = ( GEOMETRIC_REPRESENTATION_CONTEXT(2) 
PARAMETRIC_REPRESENTATION_CONTEXT() REPRESENTATION_CONTEXT('2D SPACE',''
  ) );
#1486 = ORIENTED_EDGE('',*,*,#1487,.F.);
#1487 = EDGE_CURVE('',#1413,#1465,#1488,.T.);
#1488 = SURFACE_CURVE('',#1489,(#1493,#1500),.PCURVE_S1.);
#1489 = LINE('',#1490,#1491);
#1490 = CARTESIAN_POINT('',(150.,-48.,19.2));
#1491 = VECTOR('',#1492,1.);
#1492 = DIRECTION('',(0.,1.,0.));
#1493 = PCURVE('',#445,#1494);
#1494 = DEFINITIONAL_REPRESENTATION('',(#1495),#1499);
#1495 = LINE('',#1496,#1497);
#1496 = CARTESIAN_POINT('',(19.2,-12.));
#1497 = VECTOR('',#1498,1.);
#1498 = DIRECTION('',(0.,-1.));
#1499 = ( GEOMETRIC_REPRESENTATION_CONTEXT(2) 
PARAMETRIC_REPRESENTATION_CONTEXT() REPRESENTATION_CONTEXT('2D SPACE',''
  ) );
#1500 = PCURVE('',#1065,#1501);
#1501 = DEFINITIONAL_REPRESENTATION('',(#1502),#1506);
#1502 = LINE('',#1503,#1504);
#1503 = CARTESIAN_POINT('',(0.,-0.565685424949));
#1504 = VECTOR('',#1505,1.);
#1505 = DIRECTION('',(1.,0.));
#1506 = ( GEOMETRIC_REPRESENTATION_CONTEXT(2) 
PARAMETRIC_REPRESENTATION_CONTEXT() REPRESENTATION_CONTEXT('2D SPACE',''
  ) );
#1507 = ADVANCED_FACE('',(#1508),#474,.T.);
#1508 = FACE_BOUND('',#1509,.T.);
#1509 = EDGE_LOOP('',(#1510,#1511,#1512,#1535));
#1510 = ORIENTED_EDGE('',*,*,#1464,.F.);
#1511 = ORIENTED_EDGE('',*,*,#457,.T.);
#1512 = ORIENTED_EDGE('',*,*,#1513,.T.);
#1513 = EDGE_CURVE('',#458,#1514,#1516,.T.);
#1514 = VERTEX_POINT('',#1515);
#1515 = CARTESIAN_POINT('',(138.,60.,19.2));
#1516 = SURFACE_CURVE('',#1517,(#1521,#1528),.PCURVE_S1.);
#1517 = LINE('',#1518,#1519);
#1518 = CARTESIAN_POINT('',(138.,60.,0.));
#1519 = VECTOR('',#1520,1.);
#1520 = DIRECTION('',(0.,0.,1.));
#1521 = PCURVE('',#474,#1522);
#1522 = DEFINITIONAL_REPRESENTATION('',(#1523),#1527);
#1523 = LINE('',#1524,#1525);
#1524 = CARTESIAN_POINT('',(1.570796326795,0.));
#1525 = VECTOR('',#1526,1.);
#1526 = DIRECTION('',(0.,1.));
#1527 = ( GEOMETRIC_REPRESENTATION_CONTEXT(2) 
PARAMETRIC_REPRESENTATION_CONTEXT() REPRESENTATION_CONTEXT('2D SPACE',''
  ) );
#1528 = PCURVE('',#502,#1529);
#1529 = DEFINITIONAL_REPRESENTATION('',(#1530),#1534);
#1530 = LINE('',#1531,#1532);
#1531 = CARTESIAN_POINT('',(0.,288.));
#1532 = VECTOR('',#1533,1.);
#1533 = DIRECTION('',(1.,0.));
#1534 = ( GEOMETRIC_REPRESENTATION_CONTEXT(2) 
PARAMETRIC_REPRESENTATION_CONTEXT() REPRESENTATION_CONTEXT('2D SPACE',''
  ) );
#1535 = ORIENTED_EDGE('',*,*,#1536,.F.);
#1536 = EDGE_CURVE('',#1465,#1514,#1537,.T.);
#1537 = SURFACE_CURVE('',#1538,(#1543,#1550),.PCURVE_S1.);
#1538 = CIRCLE('',#1539,12.);
#1539 = AXIS2_PLACEMENT_3D('',#1540,#1541,#1542);
#1540 = CARTESIAN_POINT('',(138.,48.,19.2));
#1541 = DIRECTION('',(0.,0.,1.));
#1542 = DIRECTION('',(1.,0.,-0.));
#1543 = PCURVE('',#474,#1544);
#1544 = DEFINITIONAL_REPRESENTATION('',(#1545),#1549);
#1545 = LINE('',#1546,#1547);
#1546 = CARTESIAN_POINT('',(0.,19.2));
#1547 = VECTOR('',#1548,1.);
#1548 = DIRECTION('',(1.,0.));
#1549 = ( GEOMETRIC_REPRESENTATION_CONTEXT(2) 
PARAMETRIC_REPRESENTATION_CONTEXT() REPRESENTATION_CONTEXT('2D SPACE',''
  ) );
#1550 = PCURVE('',#1094,#1551);
#1551 = DEFINITIONAL_REPRESENTATION('',(#1552),#1556);
#1552 = LINE('',#1553,#1554);
#1553 = CARTESIAN_POINT('',(-0.,-0.));
#1554 = VECTOR('',#1555,1.);
#1555 = DIRECTION('',(-1.,-0.));
#1556 = ( GEOMETRIC_REPRESENTATION_CONTEXT(2) 
PARAMETRIC_REPRESENTATION_CONTEXT() REPRESENTATION_CONTEXT('2D SPACE',''
  ) );
#1557 = ADVANCED_FACE('',(#1558),#502,.T.);
#1558 = FACE_BOUND('',#1559,.T.);
#1559 = EDGE_LOOP('',(#1560,#1561,#1582,#1583));
#1560 = ORIENTED_EDGE('',*,*,#793,.T.);
#1561 = ORIENTED_EDGE('',*,*,#1562,.F.);
#1562 = EDGE_CURVE('',#1514,#794,#1563,.T.);
#1563 = SURFACE_CURVE('',#1564,(#1568,#1575),.PCURVE_S1.);
#1564 = LINE('',#1565,#1566);
#1565 = CARTESIAN_POINT('',(138.,60.,19.2));
#1566 = VECTOR('',#1567,1.);
#1567 = DIRECTION('',(-1.,-0.,-0.));
#1568 = PCURVE('',#502,#1569);
#1569 = DEFINITIONAL_REPRESENTATION('',(#1570),#1574);
#1570 = LINE('',#1571,#1572);
#1571 = CARTESIAN_POINT('',(19.2,288.));
#1572 = VECTOR('',#1573,1.);
#1573 = DIRECTION('',(-0.,-1.));
#1574 = ( GEOMETRIC_REPRESENTATION_CONTEXT(2) 
PARAMETRIC_REPRESENTATION_CONTEXT() REPRESENTATION_CONTEXT('2D SPACE',''
  ) );
#1575 = PCURVE('',#958,#1576);
#1576 = DEFINITIONAL_REPRESENTATION('',(#1577),#1581);
#1577 = LINE('',#1578,#1579);
#1578 = CARTESIAN_POINT('',(0.,-0.565685424949));
#1579 = VECTOR('',#1580,1.);
#1580 = DIRECTION('',(1.,0.));
#1581 = ( GEOMETRIC_REPRESENTATION_CONTEXT(2) 
PARAMETRIC_REPRESENTATION_CONTEXT() REPRESENTATION_CONTEXT('2D SPACE',''
  ) );
#1582 = ORIENTED_EDGE('',*,*,#1513,.F.);
#1583 = ORIENTED_EDGE('',*,*,#486,.F.);
#1584 = ADVANCED_FACE('',(#1585),#559,.F.);
#1585 = FACE_BOUND('',#1586,.T.);
#1586 = EDGE_LOOP('',(#1587,#1610,#1632,#1633));
#1587 = ORIENTED_EDGE('',*,*,#1588,.T.);
#1588 = EDGE_CURVE('',#543,#1589,#1591,.T.);
#1589 = VERTEX_POINT('',#1590);
#1590 = CARTESIAN_POINT('',(-122.5,-27.,19.2));
#1591 = SEAM_CURVE('',#1592,(#1596,#1603),.PCURVE_S1.);
#1592 = LINE('',#1593,#1594);
#1593 = CARTESIAN_POINT('',(-122.5,-27.,-280.0000002));
#1594 = VECTOR('',#1595,1.);
#1595 = DIRECTION('',(0.,0.,1.));
#1596 = PCURVE('',#559,#1597);
#1597 = DEFINITIONAL_REPRESENTATION('',(#1598),#1602);
#1598 = LINE('',#1599,#1600);
#1599 = CARTESIAN_POINT('',(-0.,0.));
#1600 = VECTOR('',#1601,1.);
#1601 = DIRECTION('',(-0.,-1.));
#1602 = ( GEOMETRIC_REPRESENTATION_CONTEXT(2) 
PARAMETRIC_REPRESENTATION_CONTEXT() REPRESENTATION_CONTEXT('2D SPACE',''
  ) );
#1603 = PCURVE('',#559,#1604);
#1604 = DEFINITIONAL_REPRESENTATION('',(#1605),#1609);
#1605 = LINE('',#1606,#1607);
#1606 = CARTESIAN_POINT('',(-6.28318530718,0.));
#1607 = VECTOR('',#1608,1.);
#1608 = DIRECTION('',(-0.,-1.));
#1609 = ( GEOMETRIC_REPRESENTATION_CONTEXT(2) 
PARAMETRIC_REPRESENTATION_CONTEXT() REPRESENTATION_CONTEXT('2D SPACE',''
  ) );
#1610 = ORIENTED_EDGE('',*,*,#1611,.F.);
#1611 = EDGE_CURVE('',#1589,#1589,#1612,.T.);
#1612 = SURFACE_CURVE('',#1613,(#1618,#1625),.PCURVE_S1.);
#1613 = CIRCLE('',#1614,4.5);
#1614 = AXIS2_PLACEMENT_3D('',#1615,#1616,#1617);
#1615 = CARTESIAN_POINT('',(-127.,-27.,19.2));
#1616 = DIRECTION('',(0.,-0.,-1.));
#1617 = DIRECTION('',(1.,0.,-0.));
#1618 = PCURVE('',#559,#1619);
#1619 = DEFINITIONAL_REPRESENTATION('',(#1620),#1624);
#1620 = LINE('',#1621,#1622);
#1621 = CARTESIAN_POINT('',(-6.28318530718,-299.2000002));
#1622 = VECTOR('',#1623,1.);
#1623 = DIRECTION('',(1.,-0.));
#1624 = ( GEOMETRIC_REPRESENTATION_CONTEXT(2) 
PARAMETRIC_REPRESENTATION_CONTEXT() REPRESENTATION_CONTEXT('2D SPACE',''
  ) );
#1625 = PCURVE('',#1152,#1626);
#1626 = DEFINITIONAL_REPRESENTATION('',(#1627),#1631);
#1627 = LINE('',#1628,#1629);
#1628 = CARTESIAN_POINT('',(-0.,0.));
#1629 = VECTOR('',#1630,1.);
#1630 = DIRECTION('',(-1.,0.));
#1631 = ( GEOMETRIC_REPRESENTATION_CONTEXT(2) 
PARAMETRIC_REPRESENTATION_CONTEXT() REPRESENTATION_CONTEXT('2D SPACE',''
  ) );
#1632 = ORIENTED_EDGE('',*,*,#1588,.F.);
#1633 = ORIENTED_EDGE('',*,*,#542,.F.);
#1634 = ADVANCED_FACE('',(#1635),#590,.F.);
#1635 = FACE_BOUND('',#1636,.T.);
#1636 = EDGE_LOOP('',(#1637,#1660,#1682,#1683));
#1637 = ORIENTED_EDGE('',*,*,#1638,.T.);
#1638 = EDGE_CURVE('',#574,#1639,#1641,.T.);
#1639 = VERTEX_POINT('',#1640);
#1640 = CARTESIAN_POINT('',(-68.5,-27.,19.2));
#1641 = SEAM_CURVE('',#1642,(#1646,#1653),.PCURVE_S1.);
#1642 = LINE('',#1643,#1644);
#1643 = CARTESIAN_POINT('',(-68.5,-27.,-280.0000002));
#1644 = VECTOR('',#1645,1.);
#1645 = DIRECTION('',(0.,0.,1.));
#1646 = PCURVE('',#590,#1647);
#1647 = DEFINITIONAL_REPRESENTATION('',(#1648),#1652);
#1648 = LINE('',#1649,#1650);
#1649 = CARTESIAN_POINT('',(-0.,0.));
#1650 = VECTOR('',#1651,1.);
#1651 = DIRECTION('',(-0.,-1.));
#1652 = ( GEOMETRIC_REPRESENTATION_CONTEXT(2) 
PARAMETRIC_REPRESENTATION_CONTEXT() REPRESENTATION_CONTEXT('2D SPACE',''
  ) );
#1653 = PCURVE('',#590,#1654);
#1654 = DEFINITIONAL_REPRESENTATION('',(#1655),#1659);
#1655 = LINE('',#1656,#1657);
#1656 = CARTESIAN_POINT('',(-6.28318530718,0.));
#1657 = VECTOR('',#1658,1.);
#1658 = DIRECTION('',(-0.,-1.));
#1659 = ( GEOMETRIC_REPRESENTATION_CONTEXT(2) 
PARAMETRIC_REPRESENTATION_CONTEXT() REPRESENTATION_CONTEXT('2D SPACE',''
  ) );
#1660 = ORIENTED_EDGE('',*,*,#1661,.F.);
#1661 = EDGE_CURVE('',#1639,#1639,#1662,.T.);
#1662 = SURFACE_CURVE('',#1663,(#1668,#1675),.PCURVE_S1.);
#1663 = CIRCLE('',#1664,4.5);
#1664 = AXIS2_PLACEMENT_3D('',#1665,#1666,#1667);
#1665 = CARTESIAN_POINT('',(-73.,-27.,19.2));
#1666 = DIRECTION('',(0.,-0.,-1.));
#1667 = DIRECTION('',(1.,0.,-0.));
#1668 = PCURVE('',#590,#1669);
#1669 = DEFINITIONAL_REPRESENTATION('',(#1670),#1674);
#1670 = LINE('',#1671,#1672);
#1671 = CARTESIAN_POINT('',(-6.28318530718,-299.2000002));
#1672 = VECTOR('',#1673,1.);
#1673 = DIRECTION('',(1.,-0.));
#1674 = ( GEOMETRIC_REPRESENTATION_CONTEXT(2) 
PARAMETRIC_REPRESENTATION_CONTEXT() REPRESENTATION_CONTEXT('2D SPACE',''
  ) );
#1675 = PCURVE('',#1187,#1676);
#1676 = DEFINITIONAL_REPRESENTATION('',(#1677),#1681);
#1677 = LINE('',#1678,#1679);
#1678 = CARTESIAN_POINT('',(-0.,0.));
#1679 = VECTOR('',#1680,1.);
#1680 = DIRECTION('',(-1.,0.));
#1681 = ( GEOMETRIC_REPRESENTATION_CONTEXT(2) 
PARAMETRIC_REPRESENTATION_CONTEXT() REPRESENTATION_CONTEXT('2D SPACE',''
  ) );
#1682 = ORIENTED_EDGE('',*,*,#1638,.F.);
#1683 = ORIENTED_EDGE('',*,*,#573,.F.);
#1684 = ADVANCED_FACE('',(#1685),#621,.F.);
#1685 = FACE_BOUND('',#1686,.T.);
#1686 = EDGE_LOOP('',(#1687,#1710,#1732,#1733));
#1687 = ORIENTED_EDGE('',*,*,#1688,.T.);
#1688 = EDGE_CURVE('',#605,#1689,#1691,.T.);
#1689 = VERTEX_POINT('',#1690);
#1690 = CARTESIAN_POINT('',(77.5,-27.,19.2));
#1691 = SEAM_CURVE('',#1692,(#1696,#1703),.PCURVE_S1.);
#1692 = LINE('',#1693,#1694);
#1693 = CARTESIAN_POINT('',(77.5,-27.,-280.0000002));
#1694 = VECTOR('',#1695,1.);
#1695 = DIRECTION('',(0.,0.,1.));
#1696 = PCURVE('',#621,#1697);
#1697 = DEFINITIONAL_REPRESENTATION('',(#1698),#1702);
#1698 = LINE('',#1699,#1700);
#1699 = CARTESIAN_POINT('',(-0.,0.));
#1700 = VECTOR('',#1701,1.);
#1701 = DIRECTION('',(-0.,-1.));
#1702 = ( GEOMETRIC_REPRESENTATION_CONTEXT(2) 
PARAMETRIC_REPRESENTATION_CONTEXT() REPRESENTATION_CONTEXT('2D SPACE',''
  ) );
#1703 = PCURVE('',#621,#1704);
#1704 = DEFINITIONAL_REPRESENTATION('',(#1705),#1709);
#1705 = LINE('',#1706,#1707);
#1706 = CARTESIAN_POINT('',(-6.28318530718,0.));
#1707 = VECTOR('',#1708,1.);
#1708 = DIRECTION('',(-0.,-1.));
#1709 = ( GEOMETRIC_REPRESENTATION_CONTEXT(2) 
PARAMETRIC_REPRESENTATION_CONTEXT() REPRESENTATION_CONTEXT('2D SPACE',''
  ) );
#1710 = ORIENTED_EDGE('',*,*,#1711,.F.);
#1711 = EDGE_CURVE('',#1689,#1689,#1712,.T.);
#1712 = SURFACE_CURVE('',#1713,(#1718,#1725),.PCURVE_S1.);
#1713 = CIRCLE('',#1714,4.5);
#1714 = AXIS2_PLACEMENT_3D('',#1715,#1716,#1717);
#1715 = CARTESIAN_POINT('',(73.,-27.,19.2));
#1716 = DIRECTION('',(0.,-0.,-1.));
#1717 = DIRECTION('',(1.,0.,-0.));
#1718 = PCURVE('',#621,#1719);
#1719 = DEFINITIONAL_REPRESENTATION('',(#1720),#1724);
#1720 = LINE('',#1721,#1722);
#1721 = CARTESIAN_POINT('',(-6.28318530718,-299.2000002));
#1722 = VECTOR('',#1723,1.);
#1723 = DIRECTION('',(1.,-0.));
#1724 = ( GEOMETRIC_REPRESENTATION_CONTEXT(2) 
PARAMETRIC_REPRESENTATION_CONTEXT() REPRESENTATION_CONTEXT('2D SPACE',''
  ) );
#1725 = PCURVE('',#1222,#1726);
#1726 = DEFINITIONAL_REPRESENTATION('',(#1727),#1731);
#1727 = LINE('',#1728,#1729);
#1728 = CARTESIAN_POINT('',(-0.,0.));
#1729 = VECTOR('',#1730,1.);
#1730 = DIRECTION('',(-1.,0.));
#1731 = ( GEOMETRIC_REPRESENTATION_CONTEXT(2) 
PARAMETRIC_REPRESENTATION_CONTEXT() REPRESENTATION_CONTEXT('2D SPACE',''
  ) );
#1732 = ORIENTED_EDGE('',*,*,#1688,.F.);
#1733 = ORIENTED_EDGE('',*,*,#604,.F.);
#1734 = ADVANCED_FACE('',(#1735),#652,.F.);
#1735 = FACE_BOUND('',#1736,.T.);
#1736 = EDGE_LOOP('',(#1737,#1760,#1782,#1783));
#1737 = ORIENTED_EDGE('',*,*,#1738,.T.);
#1738 = EDGE_CURVE('',#636,#1739,#1741,.T.);
#1739 = VERTEX_POINT('',#1740);
#1740 = CARTESIAN_POINT('',(131.5,-27.,19.2));
#1741 = SEAM_CURVE('',#1742,(#1746,#1753),.PCURVE_S1.);
#1742 = LINE('',#1743,#1744);
#1743 = CARTESIAN_POINT('',(131.5,-27.,-280.0000002));
#1744 = VECTOR('',#1745,1.);
#1745 = DIRECTION('',(0.,0.,1.));
#1746 = PCURVE('',#652,#1747);
#1747 = DEFINITIONAL_REPRESENTATION('',(#1748),#1752);
#1748 = LINE('',#1749,#1750);
#1749 = CARTESIAN_POINT('',(-0.,0.));
#1750 = VECTOR('',#1751,1.);
#1751 = DIRECTION('',(-0.,-1.));
#1752 = ( GEOMETRIC_REPRESENTATION_CONTEXT(2) 
PARAMETRIC_REPRESENTATION_CONTEXT() REPRESENTATION_CONTEXT('2D SPACE',''
  ) );
#1753 = PCURVE('',#652,#1754);
#1754 = DEFINITIONAL_REPRESENTATION('',(#1755),#1759);
#1755 = LINE('',#1756,#1757);
#1756 = CARTESIAN_POINT('',(-6.28318530718,0.));
#1757 = VECTOR('',#1758,1.);
#1758 = DIRECTION('',(-0.,-1.));
#1759 = ( GEOMETRIC_REPRESENTATION_CONTEXT(2) 
PARAMETRIC_REPRESENTATION_CONTEXT() REPRESENTATION_CONTEXT('2D SPACE',''
  ) );
#1760 = ORIENTED_EDGE('',*,*,#1761,.F.);
#1761 = EDGE_CURVE('',#1739,#1739,#1762,.T.);
#1762 = SURFACE_CURVE('',#1763,(#1768,#1775),.PCURVE_S1.);
#1763 = CIRCLE('',#1764,4.5);
#1764 = AXIS2_PLACEMENT_3D('',#1765,#1766,#1767);
#1765 = CARTESIAN_POINT('',(127.,-27.,19.2));
#1766 = DIRECTION('',(0.,-0.,-1.));
#1767 = DIRECTION('',(1.,0.,-0.));
#1768 = PCURVE('',#652,#1769);
#1769 = DEFINITIONAL_REPRESENTATION('',(#1770),#1774);
#1770 = LINE('',#1771,#1772);
#1771 = CARTESIAN_POINT('',(-6.28318530718,-299.2000002));
#1772 = VECTOR('',#1773,1.);
#1773 = DIRECTION('',(1.,-0.));
#1774 = ( GEOMETRIC_REPRESENTATION_CONTEXT(2) 
PARAMETRIC_REPRESENTATION_CONTEXT() REPRESENTATION_CONTEXT('2D SPACE',''
  ) );
#1775 = PCURVE('',#1257,#1776);
#1776 = DEFINITIONAL_REPRESENTATION('',(#1777),#1781);
#1777 = LINE('',#1778,#1779);
#1778 = CARTESIAN_POINT('',(-0.,0.));
#1779 = VECTOR('',#1780,1.);
#1780 = DIRECTION('',(-1.,0.));
#1781 = ( GEOMETRIC_REPRESENTATION_CONTEXT(2) 
PARAMETRIC_REPRESENTATION_CONTEXT() REPRESENTATION_CONTEXT('2D SPACE',''
  ) );
#1782 = ORIENTED_EDGE('',*,*,#1738,.F.);
#1783 = ORIENTED_EDGE('',*,*,#635,.F.);
#1784 = ADVANCED_FACE('',(#1785),#683,.F.);
#1785 = FACE_BOUND('',#1786,.T.);
#1786 = EDGE_LOOP('',(#1787,#1810,#1832,#1833));
#1787 = ORIENTED_EDGE('',*,*,#1788,.T.);
#1788 = EDGE_CURVE('',#667,#1789,#1791,.T.);
#1789 = VERTEX_POINT('',#1790);
#1790 = CARTESIAN_POINT('',(-122.5,27.,19.2));
#1791 = SEAM_CURVE('',#1792,(#1796,#1803),.PCURVE_S1.);
#1792 = LINE('',#1793,#1794);
#1793 = CARTESIAN_POINT('',(-122.5,27.,-280.0000002));
#1794 = VECTOR('',#1795,1.);
#1795 = DIRECTION('',(0.,0.,1.));
#1796 = PCURVE('',#683,#1797);
#1797 = DEFINITIONAL_REPRESENTATION('',(#1798),#1802);
#1798 = LINE('',#1799,#1800);
#1799 = CARTESIAN_POINT('',(-0.,0.));
#1800 = VECTOR('',#1801,1.);
#1801 = DIRECTION('',(-0.,-1.));
#1802 = ( GEOMETRIC_REPRESENTATION_CONTEXT(2) 
PARAMETRIC_REPRESENTATION_CONTEXT() REPRESENTATION_CONTEXT('2D SPACE',''
  ) );
#1803 = PCURVE('',#683,#1804);
#1804 = DEFINITIONAL_REPRESENTATION('',(#1805),#1809);
#1805 = LINE('',#1806,#1807);
#1806 = CARTESIAN_POINT('',(-6.28318530718,0.));
#1807 = VECTOR('',#1808,1.);
#1808 = DIRECTION('',(-0.,-1.));
#1809 = ( GEOMETRIC_REPRESENTATION_CONTEXT(2) 
PARAMETRIC_REPRESENTATION_CONTEXT() REPRESENTATION_CONTEXT('2D SPACE',''
  ) );
#1810 = ORIENTED_EDGE('',*,*,#1811,.F.);
#1811 = EDGE_CURVE('',#1789,#1789,#1812,.T.);
#1812 = SURFACE_CURVE('',#1813,(#1818,#1825),.PCURVE_S1.);
#1813 = CIRCLE('',#1814,4.5);
#1814 = AXIS2_PLACEMENT_3D('',#1815,#1816,#1817);
#1815 = CARTESIAN_POINT('',(-127.,27.,19.2));
#1816 = DIRECTION('',(0.,-0.,-1.));
#1817 = DIRECTION('',(1.,-7.894919286223E-16,0.));
#1818 = PCURVE('',#683,#1819);
#1819 = DEFINITIONAL_REPRESENTATION('',(#1820),#1824);
#1820 = LINE('',#1821,#1822);
#1821 = CARTESIAN_POINT('',(-6.28318530718,-299.2000002));
#1822 = VECTOR('',#1823,1.);
#1823 = DIRECTION('',(1.,-0.));
#1824 = ( GEOMETRIC_REPRESENTATION_CONTEXT(2) 
PARAMETRIC_REPRESENTATION_CONTEXT() REPRESENTATION_CONTEXT('2D SPACE',''
  ) );
#1825 = PCURVE('',#1292,#1826);
#1826 = DEFINITIONAL_REPRESENTATION('',(#1827),#1831);
#1827 = LINE('',#1828,#1829);
#1828 = CARTESIAN_POINT('',(-0.,0.));
#1829 = VECTOR('',#1830,1.);
#1830 = DIRECTION('',(-1.,0.));
#1831 = ( GEOMETRIC_REPRESENTATION_CONTEXT(2) 
PARAMETRIC_REPRESENTATION_CONTEXT() REPRESENTATION_CONTEXT('2D SPACE',''
  ) );
#1832 = ORIENTED_EDGE('',*,*,#1788,.F.);
#1833 = ORIENTED_EDGE('',*,*,#666,.F.);
#1834 = ADVANCED_FACE('',(#1835),#714,.F.);
#1835 = FACE_BOUND('',#1836,.T.);
#1836 = EDGE_LOOP('',(#1837,#1860,#1882,#1883));
#1837 = ORIENTED_EDGE('',*,*,#1838,.T.);
#1838 = EDGE_CURVE('',#698,#1839,#1841,.T.);
#1839 = VERTEX_POINT('',#1840);
#1840 = CARTESIAN_POINT('',(-68.5,27.,19.2));
#1841 = SEAM_CURVE('',#1842,(#1846,#1853),.PCURVE_S1.);
#1842 = LINE('',#1843,#1844);
#1843 = CARTESIAN_POINT('',(-68.5,27.,-280.0000002));
#1844 = VECTOR('',#1845,1.);
#1845 = DIRECTION('',(0.,0.,1.));
#1846 = PCURVE('',#714,#1847);
#1847 = DEFINITIONAL_REPRESENTATION('',(#1848),#1852);
#1848 = LINE('',#1849,#1850);
#1849 = CARTESIAN_POINT('',(-0.,0.));
#1850 = VECTOR('',#1851,1.);
#1851 = DIRECTION('',(-0.,-1.));
#1852 = ( GEOMETRIC_REPRESENTATION_CONTEXT(2) 
PARAMETRIC_REPRESENTATION_CONTEXT() REPRESENTATION_CONTEXT('2D SPACE',''
  ) );
#1853 = PCURVE('',#714,#1854);
#1854 = DEFINITIONAL_REPRESENTATION('',(#1855),#1859);
#1855 = LINE('',#1856,#1857);
#1856 = CARTESIAN_POINT('',(-6.28318530718,0.));
#1857 = VECTOR('',#1858,1.);
#1858 = DIRECTION('',(-0.,-1.));
#1859 = ( GEOMETRIC_REPRESENTATION_CONTEXT(2) 
PARAMETRIC_REPRESENTATION_CONTEXT() REPRESENTATION_CONTEXT('2D SPACE',''
  ) );
#1860 = ORIENTED_EDGE('',*,*,#1861,.F.);
#1861 = EDGE_CURVE('',#1839,#1839,#1862,.T.);
#1862 = SURFACE_CURVE('',#1863,(#1868,#1875),.PCURVE_S1.);
#1863 = CIRCLE('',#1864,4.5);
#1864 = AXIS2_PLACEMENT_3D('',#1865,#1866,#1867);
#1865 = CARTESIAN_POINT('',(-73.,27.,19.2));
#1866 = DIRECTION('',(0.,-0.,-1.));
#1867 = DIRECTION('',(1.,-7.894919286223E-16,0.));
#1868 = PCURVE('',#714,#1869);
#1869 = DEFINITIONAL_REPRESENTATION('',(#1870),#1874);
#1870 = LINE('',#1871,#1872);
#1871 = CARTESIAN_POINT('',(-6.28318530718,-299.2000002));
#1872 = VECTOR('',#1873,1.);
#1873 = DIRECTION('',(1.,-0.));
#1874 = ( GEOMETRIC_REPRESENTATION_CONTEXT(2) 
PARAMETRIC_REPRESENTATION_CONTEXT() REPRESENTATION_CONTEXT('2D SPACE',''
  ) );
#1875 = PCURVE('',#1327,#1876);
#1876 = DEFINITIONAL_REPRESENTATION('',(#1877),#1881);
#1877 = LINE('',#1878,#1879);
#1878 = CARTESIAN_POINT('',(-0.,0.));
#1879 = VECTOR('',#1880,1.);
#1880 = DIRECTION('',(-1.,0.));
#1881 = ( GEOMETRIC_REPRESENTATION_CONTEXT(2) 
PARAMETRIC_REPRESENTATION_CONTEXT() REPRESENTATION_CONTEXT('2D SPACE',''
  ) );
#1882 = ORIENTED_EDGE('',*,*,#1838,.F.);
#1883 = ORIENTED_EDGE('',*,*,#697,.F.);
#1884 = ADVANCED_FACE('',(#1885),#745,.F.);
#1885 = FACE_BOUND('',#1886,.T.);
#1886 = EDGE_LOOP('',(#1887,#1910,#1932,#1933));
#1887 = ORIENTED_EDGE('',*,*,#1888,.T.);
#1888 = EDGE_CURVE('',#729,#1889,#1891,.T.);
#1889 = VERTEX_POINT('',#1890);
#1890 = CARTESIAN_POINT('',(77.5,27.,19.2));
#1891 = SEAM_CURVE('',#1892,(#1896,#1903),.PCURVE_S1.);
#1892 = LINE('',#1893,#1894);
#1893 = CARTESIAN_POINT('',(77.5,27.,-280.0000002));
#1894 = VECTOR('',#1895,1.);
#1895 = DIRECTION('',(0.,0.,1.));
#1896 = PCURVE('',#745,#1897);
#1897 = DEFINITIONAL_REPRESENTATION('',(#1898),#1902);
#1898 = LINE('',#1899,#1900);
#1899 = CARTESIAN_POINT('',(-0.,0.));
#1900 = VECTOR('',#1901,1.);
#1901 = DIRECTION('',(-0.,-1.));
#1902 = ( GEOMETRIC_REPRESENTATION_CONTEXT(2) 
PARAMETRIC_REPRESENTATION_CONTEXT() REPRESENTATION_CONTEXT('2D SPACE',''
  ) );
#1903 = PCURVE('',#745,#1904);
#1904 = DEFINITIONAL_REPRESENTATION('',(#1905),#1909);
#1905 = LINE('',#1906,#1907);
#1906 = CARTESIAN_POINT('',(-6.28318530718,0.));
#1907 = VECTOR('',#1908,1.);
#1908 = DIRECTION('',(-0.,-1.));
#1909 = ( GEOMETRIC_REPRESENTATION_CONTEXT(2) 
PARAMETRIC_REPRESENTATION_CONTEXT() REPRESENTATION_CONTEXT('2D SPACE',''
  ) );
#1910 = ORIENTED_EDGE('',*,*,#1911,.F.);
#1911 = EDGE_CURVE('',#1889,#1889,#1912,.T.);
#1912 = SURFACE_CURVE('',#1913,(#1918,#1925),.PCURVE_S1.);
#1913 = CIRCLE('',#1914,4.5);
#1914 = AXIS2_PLACEMENT_3D('',#1915,#1916,#1917);
#1915 = CARTESIAN_POINT('',(73.,27.,19.2));
#1916 = DIRECTION('',(0.,-0.,-1.));
#1917 = DIRECTION('',(1.,-7.894919286223E-16,0.));
#1918 = PCURVE('',#745,#1919);
#1919 = DEFINITIONAL_REPRESENTATION('',(#1920),#1924);
#1920 = LINE('',#1921,#1922);
#1921 = CARTESIAN_POINT('',(-6.28318530718,-299.2000002));
#1922 = VECTOR('',#1923,1.);
#1923 = DIRECTION('',(1.,-0.));
#1924 = ( GEOMETRIC_REPRESENTATION_CONTEXT(2) 
PARAMETRIC_REPRESENTATION_CONTEXT() REPRESENTATION_CONTEXT('2D SPACE',''
  ) );
#1925 = PCURVE('',#1362,#1926);
#1926 = DEFINITIONAL_REPRESENTATION('',(#1927),#1931);
#1927 = LINE('',#1928,#1929);
#1928 = CARTESIAN_POINT('',(-0.,0.));
#1929 = VECTOR('',#1930,1.);
#1930 = DIRECTION('',(-1.,0.));
#1931 = ( GEOMETRIC_REPRESENTATION_CONTEXT(2) 
PARAMETRIC_REPRESENTATION_CONTEXT() REPRESENTATION_CONTEXT('2D SPACE',''
  ) );
#1932 = ORIENTED_EDGE('',*,*,#1888,.F.);
#1933 = ORIENTED_EDGE('',*,*,#728,.F.);
#1934 = ADVANCED_FACE('',(#1935),#776,.F.);
#1935 = FACE_BOUND('',#1936,.T.);
#1936 = EDGE_LOOP('',(#1937,#1960,#1982,#1983));
#1937 = ORIENTED_EDGE('',*,*,#1938,.T.);
#1938 = EDGE_CURVE('',#760,#1939,#1941,.T.);
#1939 = VERTEX_POINT('',#1940);
#1940 = CARTESIAN_POINT('',(131.5,27.,19.2));
#1941 = SEAM_CURVE('',#1942,(#1946,#1953),.PCURVE_S1.);
#1942 = LINE('',#1943,#1944);
#1943 = CARTESIAN_POINT('',(131.5,27.,-280.0000002));
#1944 = VECTOR('',#1945,1.);
#1945 = DIRECTION('',(0.,0.,1.));
#1946 = PCURVE('',#776,#1947);
#1947 = DEFINITIONAL_REPRESENTATION('',(#1948),#1952);
#1948 = LINE('',#1949,#1950);
#1949 = CARTESIAN_POINT('',(-0.,0.));
#1950 = VECTOR('',#1951,1.);
#1951 = DIRECTION('',(-0.,-1.));
#1952 = ( GEOMETRIC_REPRESENTATION_CONTEXT(2) 
PARAMETRIC_REPRESENTATION_CONTEXT() REPRESENTATION_CONTEXT('2D SPACE',''
  ) );
#1953 = PCURVE('',#776,#1954);
#1954 = DEFINITIONAL_REPRESENTATION('',(#1955),#1959);
#1955 = LINE('',#1956,#1957);
#1956 = CARTESIAN_POINT('',(-6.28318530718,0.));
#1957 = VECTOR('',#1958,1.);
#1958 = DIRECTION('',(-0.,-1.));
#1959 = ( GEOMETRIC_REPRESENTATION_CONTEXT(2) 
PARAMETRIC_REPRESENTATION_CONTEXT() REPRESENTATION_CONTEXT('2D SPACE',''
  ) );
#1960 = ORIENTED_EDGE('',*,*,#1961,.F.);
#1961 = EDGE_CURVE('',#1939,#1939,#1962,.T.);
#1962 = SURFACE_CURVE('',#1963,(#1968,#1975),.PCURVE_S1.);
#1963 = CIRCLE('',#1964,4.5);
#1964 = AXIS2_PLACEMENT_3D('',#1965,#1966,#1967);
#1965 = CARTESIAN_POINT('',(127.,27.,19.2));
#1966 = DIRECTION('',(0.,-0.,-1.));
#1967 = DIRECTION('',(1.,-7.894919286223E-16,0.));
#1968 = PCURVE('',#776,#1969);
#1969 = DEFINITIONAL_REPRESENTATION('',(#1970),#1974);
#1970 = LINE('',#1971,#1972);
#1971 = CARTESIAN_POINT('',(-6.28318530718,-299.2000002));
#1972 = VECTOR('',#1973,1.);
#1973 = DIRECTION('',(1.,-0.));
#1974 = ( GEOMETRIC_REPRESENTATION_CONTEXT(2) 
PARAMETRIC_REPRESENTATION_CONTEXT() REPRESENTATION_CONTEXT('2D SPACE',''
  ) );
#1975 = PCURVE('',#1397,#1976);
#1976 = DEFINITIONAL_REPRESENTATION('',(#1977),#1981);
#1977 = LINE('',#1978,#1979);
#1978 = CARTESIAN_POINT('',(-0.,0.));
#1979 = VECTOR('',#1980,1.);
#1980 = DIRECTION('',(-1.,0.));
#1981 = ( GEOMETRIC_REPRESENTATION_CONTEXT(2) 
PARAMETRIC_REPRESENTATION_CONTEXT() REPRESENTATION_CONTEXT('2D SPACE',''
  ) );
#1982 = ORIENTED_EDGE('',*,*,#1938,.F.);
#1983 = ORIENTED_EDGE('',*,*,#759,.F.);
#1984 = ADVANCED_FACE('',(#1985),#858,.F.);
#1985 = FACE_BOUND('',#1986,.T.);
#1986 = EDGE_LOOP('',(#1987,#1988,#1989,#2008));
#1987 = ORIENTED_EDGE('',*,*,#843,.F.);
#1988 = ORIENTED_EDGE('',*,*,#895,.T.);
#1989 = ORIENTED_EDGE('',*,*,#1990,.T.);
#1990 = EDGE_CURVE('',#896,#998,#1991,.T.);
#1991 = SURFACE_CURVE('',#1992,(#1996,#2002),.PCURVE_S1.);
#1992 = LINE('',#1993,#1994);
#1993 = CARTESIAN_POINT('',(138.,-59.6,19.6));
#1994 = VECTOR('',#1995,1.);
#1995 = DIRECTION('',(-0.,0.707106781187,0.707106781187));
#1996 = PCURVE('',#858,#1997);
#1997 = DEFINITIONAL_REPRESENTATION('',(#1998),#2001);
#1998 = B_SPLINE_CURVE_WITH_KNOTS('',1,(#1999,#2000),.UNSPECIFIED.,.F.,
  .F.,(2,2),(-0.565685424949,0.565685424949),.PIECEWISE_BEZIER_KNOTS.);
#1999 = CARTESIAN_POINT('',(-276.,-0.565685424949));
#2000 = CARTESIAN_POINT('',(-276.,0.565685424949));
#2001 = ( GEOMETRIC_REPRESENTATION_CONTEXT(2) 
PARAMETRIC_REPRESENTATION_CONTEXT() REPRESENTATION_CONTEXT('2D SPACE',''
  ) );
#2002 = PCURVE('',#1037,#2003);
#2003 = DEFINITIONAL_REPRESENTATION('',(#2004),#2007);
#2004 = B_SPLINE_CURVE_WITH_KNOTS('',1,(#2005,#2006),.UNSPECIFIED.,.F.,
  .F.,(2,2),(-0.565685424949,0.565685424949),.PIECEWISE_BEZIER_KNOTS.);
#2005 = CARTESIAN_POINT('',(0.,0.));
#2006 = CARTESIAN_POINT('',(0.,-0.8));
#2007 = ( GEOMETRIC_REPRESENTATION_CONTEXT(2) 
PARAMETRIC_REPRESENTATION_CONTEXT() REPRESENTATION_CONTEXT('2D SPACE',''
  ) );
#2008 = ORIENTED_EDGE('',*,*,#997,.F.);
#2009 = ADVANCED_FACE('',(#2010),#958,.T.);
#2010 = FACE_BOUND('',#2011,.T.);
#2011 = EDGE_LOOP('',(#2012,#2031,#2032,#2033));
#2012 = ORIENTED_EDGE('',*,*,#2013,.F.);
#2013 = EDGE_CURVE('',#1514,#1078,#2014,.T.);
#2014 = SURFACE_CURVE('',#2015,(#2019,#2025),.PCURVE_S1.);
#2015 = LINE('',#2016,#2017);
#2016 = CARTESIAN_POINT('',(138.,60.,19.2));
#2017 = VECTOR('',#2018,1.);
#2018 = DIRECTION('',(-4.329780281177E-17,-0.707106781187,0.707106781187
    ));
#2019 = PCURVE('',#958,#2020);
#2020 = DEFINITIONAL_REPRESENTATION('',(#2021),#2024);
#2021 = B_SPLINE_CURVE_WITH_KNOTS('',1,(#2022,#2023),.UNSPECIFIED.,.F.,
  .F.,(2,2),(0.,1.131370849898),.PIECEWISE_BEZIER_KNOTS.);
#2022 = CARTESIAN_POINT('',(0.,-0.565685424949));
#2023 = CARTESIAN_POINT('',(0.,0.565685424949));
#2024 = ( GEOMETRIC_REPRESENTATION_CONTEXT(2) 
PARAMETRIC_REPRESENTATION_CONTEXT() REPRESENTATION_CONTEXT('2D SPACE',''
  ) );
#2025 = PCURVE('',#1094,#2026);
#2026 = DEFINITIONAL_REPRESENTATION('',(#2027),#2030);
#2027 = B_SPLINE_CURVE_WITH_KNOTS('',1,(#2028,#2029),.UNSPECIFIED.,.F.,
  .F.,(2,2),(0.,1.131370849898),.PIECEWISE_BEZIER_KNOTS.);
#2028 = CARTESIAN_POINT('',(-1.570796326795,0.));
#2029 = CARTESIAN_POINT('',(-1.570796326795,-0.8));
#2030 = ( GEOMETRIC_REPRESENTATION_CONTEXT(2) 
PARAMETRIC_REPRESENTATION_CONTEXT() REPRESENTATION_CONTEXT('2D SPACE',''
  ) );
#2031 = ORIENTED_EDGE('',*,*,#1562,.T.);
#2032 = ORIENTED_EDGE('',*,*,#943,.T.);
#2033 = ORIENTED_EDGE('',*,*,#1106,.F.);
#2034 = ADVANCED_FACE('',(#2035),#1037,.T.);
#2035 = FACE_BOUND('',#2036,.T.);
#2036 = EDGE_LOOP('',(#2037,#2038,#2039,#2058));
#2037 = ORIENTED_EDGE('',*,*,#1990,.F.);
#2038 = ORIENTED_EDGE('',*,*,#1437,.T.);
#2039 = ORIENTED_EDGE('',*,*,#2040,.T.);
#2040 = EDGE_CURVE('',#1413,#1021,#2041,.T.);
#2041 = SURFACE_CURVE('',#2042,(#2046,#2052),.PCURVE_S1.);
#2042 = LINE('',#2043,#2044);
#2043 = CARTESIAN_POINT('',(150.,-48.,19.2));
#2044 = VECTOR('',#2045,1.);
#2045 = DIRECTION('',(-0.707106781187,4.329780281177E-17,0.707106781187)
  );
#2046 = PCURVE('',#1037,#2047);
#2047 = DEFINITIONAL_REPRESENTATION('',(#2048),#2051);
#2048 = B_SPLINE_CURVE_WITH_KNOTS('',1,(#2049,#2050),.UNSPECIFIED.,.F.,
  .F.,(2,2),(0.,1.131370849898),.PIECEWISE_BEZIER_KNOTS.);
#2049 = CARTESIAN_POINT('',(-1.570796326795,0.));
#2050 = CARTESIAN_POINT('',(-1.570796326795,-0.8));
#2051 = ( GEOMETRIC_REPRESENTATION_CONTEXT(2) 
PARAMETRIC_REPRESENTATION_CONTEXT() REPRESENTATION_CONTEXT('2D SPACE',''
  ) );
#2052 = PCURVE('',#1065,#2053);
#2053 = DEFINITIONAL_REPRESENTATION('',(#2054),#2057);
#2054 = B_SPLINE_CURVE_WITH_KNOTS('',1,(#2055,#2056),.UNSPECIFIED.,.F.,
  .F.,(2,2),(0.,1.131370849898),.PIECEWISE_BEZIER_KNOTS.);
#2055 = CARTESIAN_POINT('',(0.,-0.565685424949));
#2056 = CARTESIAN_POINT('',(0.,0.565685424949));
#2057 = ( GEOMETRIC_REPRESENTATION_CONTEXT(2) 
PARAMETRIC_REPRESENTATION_CONTEXT() REPRESENTATION_CONTEXT('2D SPACE',''
  ) );
#2058 = ORIENTED_EDGE('',*,*,#1020,.F.);
#2059 = ADVANCED_FACE('',(#2060),#1065,.T.);
#2060 = FACE_BOUND('',#2061,.T.);
#2061 = EDGE_LOOP('',(#2062,#2063,#2064,#2083));
#2062 = ORIENTED_EDGE('',*,*,#2040,.F.);
#2063 = ORIENTED_EDGE('',*,*,#1487,.T.);
#2064 = ORIENTED_EDGE('',*,*,#2065,.T.);
#2065 = EDGE_CURVE('',#1465,#1050,#2066,.T.);
#2066 = SURFACE_CURVE('',#2067,(#2071,#2077),.PCURVE_S1.);
#2067 = LINE('',#2068,#2069);
#2068 = CARTESIAN_POINT('',(149.6,48.,19.6));
#2069 = VECTOR('',#2070,1.);
#2070 = DIRECTION('',(-0.707106781187,0.,0.707106781187));
#2071 = PCURVE('',#1065,#2072);
#2072 = DEFINITIONAL_REPRESENTATION('',(#2073),#2076);
#2073 = B_SPLINE_CURVE_WITH_KNOTS('',1,(#2074,#2075),.UNSPECIFIED.,.F.,
  .F.,(2,2),(-0.565685424949,0.565685424949),.PIECEWISE_BEZIER_KNOTS.);
#2074 = CARTESIAN_POINT('',(96.,-0.565685424949));
#2075 = CARTESIAN_POINT('',(96.,0.565685424949));
#2076 = ( GEOMETRIC_REPRESENTATION_CONTEXT(2) 
PARAMETRIC_REPRESENTATION_CONTEXT() REPRESENTATION_CONTEXT('2D SPACE',''
  ) );
#2077 = PCURVE('',#1094,#2078);
#2078 = DEFINITIONAL_REPRESENTATION('',(#2079),#2082);
#2079 = B_SPLINE_CURVE_WITH_KNOTS('',1,(#2080,#2081),.UNSPECIFIED.,.F.,
  .F.,(2,2),(-0.565685424949,0.565685424949),.PIECEWISE_BEZIER_KNOTS.);
#2080 = CARTESIAN_POINT('',(0.,0.));
#2081 = CARTESIAN_POINT('',(0.,-0.8));
#2082 = ( GEOMETRIC_REPRESENTATION_CONTEXT(2) 
PARAMETRIC_REPRESENTATION_CONTEXT() REPRESENTATION_CONTEXT('2D SPACE',''
  ) );
#2083 = ORIENTED_EDGE('',*,*,#1049,.F.);
#2084 = ADVANCED_FACE('',(#2085),#1094,.T.);
#2085 = FACE_BOUND('',#2086,.T.);
#2086 = EDGE_LOOP('',(#2087,#2088,#2089,#2090));
#2087 = ORIENTED_EDGE('',*,*,#2065,.F.);
#2088 = ORIENTED_EDGE('',*,*,#1536,.T.);
#2089 = ORIENTED_EDGE('',*,*,#2013,.T.);
#2090 = ORIENTED_EDGE('',*,*,#1077,.F.);
#2091 = ADVANCED_FACE('',(#2092),#1152,.F.);
#2092 = FACE_BOUND('',#2093,.T.);
#2093 = EDGE_LOOP('',(#2094,#2113,#2114,#2115));
#2094 = ORIENTED_EDGE('',*,*,#2095,.F.);
#2095 = EDGE_CURVE('',#1589,#1132,#2096,.T.);
#2096 = SEAM_CURVE('',#2097,(#2101,#2107),.PCURVE_S1.);
#2097 = LINE('',#2098,#2099);
#2098 = CARTESIAN_POINT('',(-122.5,-27.,19.2));
#2099 = VECTOR('',#2100,1.);
#2100 = DIRECTION('',(0.707106781187,0.,0.707106781187));
#2101 = PCURVE('',#1152,#2102);
#2102 = DEFINITIONAL_REPRESENTATION('',(#2103),#2106);
#2103 = B_SPLINE_CURVE_WITH_KNOTS('',1,(#2104,#2105),.UNSPECIFIED.,.F.,
  .F.,(2,2),(0.,1.131370849898),.PIECEWISE_BEZIER_KNOTS.);
#2104 = CARTESIAN_POINT('',(0.,0.));
#2105 = CARTESIAN_POINT('',(0.,0.8));
#2106 = ( GEOMETRIC_REPRESENTATION_CONTEXT(2) 
PARAMETRIC_REPRESENTATION_CONTEXT() REPRESENTATION_CONTEXT('2D SPACE',''
  ) );
#2107 = PCURVE('',#1152,#2108);
#2108 = DEFINITIONAL_REPRESENTATION('',(#2109),#2112);
#2109 = B_SPLINE_CURVE_WITH_KNOTS('',1,(#2110,#2111),.UNSPECIFIED.,.F.,
  .F.,(2,2),(0.,1.131370849898),.PIECEWISE_BEZIER_KNOTS.);
#2110 = CARTESIAN_POINT('',(-6.28318530718,0.));
#2111 = CARTESIAN_POINT('',(-6.28318530718,0.8));
#2112 = ( GEOMETRIC_REPRESENTATION_CONTEXT(2) 
PARAMETRIC_REPRESENTATION_CONTEXT() REPRESENTATION_CONTEXT('2D SPACE',''
  ) );
#2113 = ORIENTED_EDGE('',*,*,#1611,.T.);
#2114 = ORIENTED_EDGE('',*,*,#2095,.T.);
#2115 = ORIENTED_EDGE('',*,*,#1131,.F.);
#2116 = ADVANCED_FACE('',(#2117),#1187,.F.);
#2117 = FACE_BOUND('',#2118,.T.);
#2118 = EDGE_LOOP('',(#2119,#2138,#2139,#2140));
#2119 = ORIENTED_EDGE('',*,*,#2120,.F.);
#2120 = EDGE_CURVE('',#1639,#1167,#2121,.T.);
#2121 = SEAM_CURVE('',#2122,(#2126,#2132),.PCURVE_S1.);
#2122 = LINE('',#2123,#2124);
#2123 = CARTESIAN_POINT('',(-68.5,-27.,19.2));
#2124 = VECTOR('',#2125,1.);
#2125 = DIRECTION('',(0.707106781187,0.,0.707106781187));
#2126 = PCURVE('',#1187,#2127);
#2127 = DEFINITIONAL_REPRESENTATION('',(#2128),#2131);
#2128 = B_SPLINE_CURVE_WITH_KNOTS('',1,(#2129,#2130),.UNSPECIFIED.,.F.,
  .F.,(2,2),(0.,1.131370849898),.PIECEWISE_BEZIER_KNOTS.);
#2129 = CARTESIAN_POINT('',(0.,0.));
#2130 = CARTESIAN_POINT('',(0.,0.8));
#2131 = ( GEOMETRIC_REPRESENTATION_CONTEXT(2) 
PARAMETRIC_REPRESENTATION_CONTEXT() REPRESENTATION_CONTEXT('2D SPACE',''
  ) );
#2132 = PCURVE('',#1187,#2133);
#2133 = DEFINITIONAL_REPRESENTATION('',(#2134),#2137);
#2134 = B_SPLINE_CURVE_WITH_KNOTS('',1,(#2135,#2136),.UNSPECIFIED.,.F.,
  .F.,(2,2),(0.,1.131370849898),.PIECEWISE_BEZIER_KNOTS.);
#2135 = CARTESIAN_POINT('',(-6.28318530718,0.));
#2136 = CARTESIAN_POINT('',(-6.28318530718,0.8));
#2137 = ( GEOMETRIC_REPRESENTATION_CONTEXT(2) 
PARAMETRIC_REPRESENTATION_CONTEXT() REPRESENTATION_CONTEXT('2D SPACE',''
  ) );
#2138 = ORIENTED_EDGE('',*,*,#1661,.T.);
#2139 = ORIENTED_EDGE('',*,*,#2120,.T.);
#2140 = ORIENTED_EDGE('',*,*,#1166,.F.);
#2141 = ADVANCED_FACE('',(#2142),#1222,.F.);
#2142 = FACE_BOUND('',#2143,.T.);
#2143 = EDGE_LOOP('',(#2144,#2163,#2164,#2165));
#2144 = ORIENTED_EDGE('',*,*,#2145,.F.);
#2145 = EDGE_CURVE('',#1689,#1202,#2146,.T.);
#2146 = SEAM_CURVE('',#2147,(#2151,#2157),.PCURVE_S1.);
#2147 = LINE('',#2148,#2149);
#2148 = CARTESIAN_POINT('',(77.5,-27.,19.2));
#2149 = VECTOR('',#2150,1.);
#2150 = DIRECTION('',(0.707106781187,0.,0.707106781187));
#2151 = PCURVE('',#1222,#2152);
#2152 = DEFINITIONAL_REPRESENTATION('',(#2153),#2156);
#2153 = B_SPLINE_CURVE_WITH_KNOTS('',1,(#2154,#2155),.UNSPECIFIED.,.F.,
  .F.,(2,2),(0.,1.131370849898),.PIECEWISE_BEZIER_KNOTS.);
#2154 = CARTESIAN_POINT('',(0.,0.));
#2155 = CARTESIAN_POINT('',(0.,0.8));
#2156 = ( GEOMETRIC_REPRESENTATION_CONTEXT(2) 
PARAMETRIC_REPRESENTATION_CONTEXT() REPRESENTATION_CONTEXT('2D SPACE',''
  ) );
#2157 = PCURVE('',#1222,#2158);
#2158 = DEFINITIONAL_REPRESENTATION('',(#2159),#2162);
#2159 = B_SPLINE_CURVE_WITH_KNOTS('',1,(#2160,#2161),.UNSPECIFIED.,.F.,
  .F.,(2,2),(0.,1.131370849898),.PIECEWISE_BEZIER_KNOTS.);
#2160 = CARTESIAN_POINT('',(-6.28318530718,0.));
#2161 = CARTESIAN_POINT('',(-6.28318530718,0.8));
#2162 = ( GEOMETRIC_REPRESENTATION_CONTEXT(2) 
PARAMETRIC_REPRESENTATION_CONTEXT() REPRESENTATION_CONTEXT('2D SPACE',''
  ) );
#2163 = ORIENTED_EDGE('',*,*,#1711,.T.);
#2164 = ORIENTED_EDGE('',*,*,#2145,.T.);
#2165 = ORIENTED_EDGE('',*,*,#1201,.F.);
#2166 = ADVANCED_FACE('',(#2167),#1257,.F.);
#2167 = FACE_BOUND('',#2168,.T.);
#2168 = EDGE_LOOP('',(#2169,#2188,#2189,#2190));
#2169 = ORIENTED_EDGE('',*,*,#2170,.F.);
#2170 = EDGE_CURVE('',#1739,#1237,#2171,.T.);
#2171 = SEAM_CURVE('',#2172,(#2176,#2182),.PCURVE_S1.);
#2172 = LINE('',#2173,#2174);
#2173 = CARTESIAN_POINT('',(131.5,-27.,19.2));
#2174 = VECTOR('',#2175,1.);
#2175 = DIRECTION('',(0.707106781187,0.,0.707106781187));
#2176 = PCURVE('',#1257,#2177);
#2177 = DEFINITIONAL_REPRESENTATION('',(#2178),#2181);
#2178 = B_SPLINE_CURVE_WITH_KNOTS('',1,(#2179,#2180),.UNSPECIFIED.,.F.,
  .F.,(2,2),(0.,1.131370849898),.PIECEWISE_BEZIER_KNOTS.);
#2179 = CARTESIAN_POINT('',(0.,0.));
#2180 = CARTESIAN_POINT('',(0.,0.8));
#2181 = ( GEOMETRIC_REPRESENTATION_CONTEXT(2) 
PARAMETRIC_REPRESENTATION_CONTEXT() REPRESENTATION_CONTEXT('2D SPACE',''
  ) );
#2182 = PCURVE('',#1257,#2183);
#2183 = DEFINITIONAL_REPRESENTATION('',(#2184),#2187);
#2184 = B_SPLINE_CURVE_WITH_KNOTS('',1,(#2185,#2186),.UNSPECIFIED.,.F.,
  .F.,(2,2),(0.,1.131370849898),.PIECEWISE_BEZIER_KNOTS.);
#2185 = CARTESIAN_POINT('',(-6.28318530718,0.));
#2186 = CARTESIAN_POINT('',(-6.28318530718,0.8));
#2187 = ( GEOMETRIC_REPRESENTATION_CONTEXT(2) 
PARAMETRIC_REPRESENTATION_CONTEXT() REPRESENTATION_CONTEXT('2D SPACE',''
  ) );
#2188 = ORIENTED_EDGE('',*,*,#1761,.T.);
#2189 = ORIENTED_EDGE('',*,*,#2170,.T.);
#2190 = ORIENTED_EDGE('',*,*,#1236,.F.);
#2191 = ADVANCED_FACE('',(#2192),#1292,.F.);
#2192 = FACE_BOUND('',#2193,.T.);
#2193 = EDGE_LOOP('',(#2194,#2213,#2214,#2215));
#2194 = ORIENTED_EDGE('',*,*,#2195,.F.);
#2195 = EDGE_CURVE('',#1789,#1272,#2196,.T.);
#2196 = SEAM_CURVE('',#2197,(#2201,#2207),.PCURVE_S1.);
#2197 = LINE('',#2198,#2199);
#2198 = CARTESIAN_POINT('',(-122.5,27.,19.2));
#2199 = VECTOR('',#2200,1.);
#2200 = DIRECTION('',(0.707106781187,-5.582550964209E-16,0.707106781187)
  );
#2201 = PCURVE('',#1292,#2202);
#2202 = DEFINITIONAL_REPRESENTATION('',(#2203),#2206);
#2203 = B_SPLINE_CURVE_WITH_KNOTS('',1,(#2204,#2205),.UNSPECIFIED.,.F.,
  .F.,(2,2),(0.,1.131370849898),.PIECEWISE_BEZIER_KNOTS.);
#2204 = CARTESIAN_POINT('',(0.,0.));
#2205 = CARTESIAN_POINT('',(0.,0.8));
#2206 = ( GEOMETRIC_REPRESENTATION_CONTEXT(2) 
PARAMETRIC_REPRESENTATION_CONTEXT() REPRESENTATION_CONTEXT('2D SPACE',''
  ) );
#2207 = PCURVE('',#1292,#2208);
#2208 = DEFINITIONAL_REPRESENTATION('',(#2209),#2212);
#2209 = B_SPLINE_CURVE_WITH_KNOTS('',1,(#2210,#2211),.UNSPECIFIED.,.F.,
  .F.,(2,2),(0.,1.131370849898),.PIECEWISE_BEZIER_KNOTS.);
#2210 = CARTESIAN_POINT('',(-6.28318530718,0.));
#2211 = CARTESIAN_POINT('',(-6.28318530718,0.8));
#2212 = ( GEOMETRIC_REPRESENTATION_CONTEXT(2) 
PARAMETRIC_REPRESENTATION_CONTEXT() REPRESENTATION_CONTEXT('2D SPACE',''
  ) );
#2213 = ORIENTED_EDGE('',*,*,#1811,.T.);
#2214 = ORIENTED_EDGE('',*,*,#2195,.T.);
#2215 = ORIENTED_EDGE('',*,*,#1271,.F.);
#2216 = ADVANCED_FACE('',(#2217),#1327,.F.);
#2217 = FACE_BOUND('',#2218,.T.);
#2218 = EDGE_LOOP('',(#2219,#2238,#2239,#2240));
#2219 = ORIENTED_EDGE('',*,*,#2220,.F.);
#2220 = EDGE_CURVE('',#1839,#1307,#2221,.T.);
#2221 = SEAM_CURVE('',#2222,(#2226,#2232),.PCURVE_S1.);
#2222 = LINE('',#2223,#2224);
#2223 = CARTESIAN_POINT('',(-68.5,27.,19.2));
#2224 = VECTOR('',#2225,1.);
#2225 = DIRECTION('',(0.707106781187,-5.582550964209E-16,0.707106781187)
  );
#2226 = PCURVE('',#1327,#2227);
#2227 = DEFINITIONAL_REPRESENTATION('',(#2228),#2231);
#2228 = B_SPLINE_CURVE_WITH_KNOTS('',1,(#2229,#2230),.UNSPECIFIED.,.F.,
  .F.,(2,2),(0.,1.131370849898),.PIECEWISE_BEZIER_KNOTS.);
#2229 = CARTESIAN_POINT('',(0.,0.));
#2230 = CARTESIAN_POINT('',(0.,0.8));
#2231 = ( GEOMETRIC_REPRESENTATION_CONTEXT(2) 
PARAMETRIC_REPRESENTATION_CONTEXT() REPRESENTATION_CONTEXT('2D SPACE',''
  ) );
#2232 = PCURVE('',#1327,#2233);
#2233 = DEFINITIONAL_REPRESENTATION('',(#2234),#2237);
#2234 = B_SPLINE_CURVE_WITH_KNOTS('',1,(#2235,#2236),.UNSPECIFIED.,.F.,
  .F.,(2,2),(0.,1.131370849898),.PIECEWISE_BEZIER_KNOTS.);
#2235 = CARTESIAN_POINT('',(-6.28318530718,0.));
#2236 = CARTESIAN_POINT('',(-6.28318530718,0.8));
#2237 = ( GEOMETRIC_REPRESENTATION_CONTEXT(2) 
PARAMETRIC_REPRESENTATION_CONTEXT() REPRESENTATION_CONTEXT('2D SPACE',''
  ) );
#2238 = ORIENTED_EDGE('',*,*,#1861,.T.);
#2239 = ORIENTED_EDGE('',*,*,#2220,.T.);
#2240 = ORIENTED_EDGE('',*,*,#1306,.F.);
#2241 = ADVANCED_FACE('',(#2242),#1362,.F.);
#2242 = FACE_BOUND('',#2243,.T.);
#2243 = EDGE_LOOP('',(#2244,#2263,#2264,#2265));
#2244 = ORIENTED_EDGE('',*,*,#2245,.F.);
#2245 = EDGE_CURVE('',#1889,#1342,#2246,.T.);
#2246 = SEAM_CURVE('',#2247,(#2251,#2257),.PCURVE_S1.);
#2247 = LINE('',#2248,#2249);
#2248 = CARTESIAN_POINT('',(77.5,27.,19.2));
#2249 = VECTOR('',#2250,1.);
#2250 = DIRECTION('',(0.707106781187,-5.582550964209E-16,0.707106781187)
  );
#2251 = PCURVE('',#1362,#2252);
#2252 = DEFINITIONAL_REPRESENTATION('',(#2253),#2256);
#2253 = B_SPLINE_CURVE_WITH_KNOTS('',1,(#2254,#2255),.UNSPECIFIED.,.F.,
  .F.,(2,2),(0.,1.131370849898),.PIECEWISE_BEZIER_KNOTS.);
#2254 = CARTESIAN_POINT('',(0.,0.));
#2255 = CARTESIAN_POINT('',(0.,0.8));
#2256 = ( GEOMETRIC_REPRESENTATION_CONTEXT(2) 
PARAMETRIC_REPRESENTATION_CONTEXT() REPRESENTATION_CONTEXT('2D SPACE',''
  ) );
#2257 = PCURVE('',#1362,#2258);
#2258 = DEFINITIONAL_REPRESENTATION('',(#2259),#2262);
#2259 = B_SPLINE_CURVE_WITH_KNOTS('',1,(#2260,#2261),.UNSPECIFIED.,.F.,
  .F.,(2,2),(0.,1.131370849898),.PIECEWISE_BEZIER_KNOTS.);
#2260 = CARTESIAN_POINT('',(-6.28318530718,0.));
#2261 = CARTESIAN_POINT('',(-6.28318530718,0.8));
#2262 = ( GEOMETRIC_REPRESENTATION_CONTEXT(2) 
PARAMETRIC_REPRESENTATION_CONTEXT() REPRESENTATION_CONTEXT('2D SPACE',''
  ) );
#2263 = ORIENTED_EDGE('',*,*,#1911,.T.);
#2264 = ORIENTED_EDGE('',*,*,#2245,.T.);
#2265 = ORIENTED_EDGE('',*,*,#1341,.F.);
#2266 = ADVANCED_FACE('',(#2267),#1397,.F.);
#2267 = FACE_BOUND('',#2268,.T.);
#2268 = EDGE_LOOP('',(#2269,#2288,#2289,#2290));
#2269 = ORIENTED_EDGE('',*,*,#2270,.F.);
#2270 = EDGE_CURVE('',#1939,#1377,#2271,.T.);
#2271 = SEAM_CURVE('',#2272,(#2276,#2282),.PCURVE_S1.);
#2272 = LINE('',#2273,#2274);
#2273 = CARTESIAN_POINT('',(131.5,27.,19.2));
#2274 = VECTOR('',#2275,1.);
#2275 = DIRECTION('',(0.707106781187,-5.582550964209E-16,0.707106781187)
  );
#2276 = PCURVE('',#1397,#2277);
#2277 = DEFINITIONAL_REPRESENTATION('',(#2278),#2281);
#2278 = B_SPLINE_CURVE_WITH_KNOTS('',1,(#2279,#2280),.UNSPECIFIED.,.F.,
  .F.,(2,2),(0.,1.131370849898),.PIECEWISE_BEZIER_KNOTS.);
#2279 = CARTESIAN_POINT('',(0.,0.));
#2280 = CARTESIAN_POINT('',(0.,0.8));
#2281 = ( GEOMETRIC_REPRESENTATION_CONTEXT(2) 
PARAMETRIC_REPRESENTATION_CONTEXT() REPRESENTATION_CONTEXT('2D SPACE',''
  ) );
#2282 = PCURVE('',#1397,#2283);
#2283 = DEFINITIONAL_REPRESENTATION('',(#2284),#2287);
#2284 = B_SPLINE_CURVE_WITH_KNOTS('',1,(#2285,#2286),.UNSPECIFIED.,.F.,
  .F.,(2,2),(0.,1.131370849898),.PIECEWISE_BEZIER_KNOTS.);
#2285 = CARTESIAN_POINT('',(-6.28318530718,0.));
#2286 = CARTESIAN_POINT('',(-6.28318530718,0.8));
#2287 = ( GEOMETRIC_REPRESENTATION_CONTEXT(2) 
PARAMETRIC_REPRESENTATION_CONTEXT() REPRESENTATION_CONTEXT('2D SPACE',''
  ) );
#2288 = ORIENTED_EDGE('',*,*,#1961,.T.);
#2289 = ORIENTED_EDGE('',*,*,#2270,.T.);
#2290 = ORIENTED_EDGE('',*,*,#1376,.F.);
#2291 = ( GEOMETRIC_REPRESENTATION_CONTEXT(3) 
GLOBAL_UNCERTAINTY_ASSIGNED_CONTEXT((#2295)) 
GLOBAL_UNIT_ASSIGNED_CONTEXT((#2292,#2293,#2294)) REPRESENTATION_CONTEXT
('Context #1','3D Context with UNIT and UNCERTAINTY') );
#2292 = ( LENGTH_UNIT() NAMED_UNIT(*) SI_UNIT(.MILLI.,.METRE.) );
#2293 = ( NAMED_UNIT(*) PLANE_ANGLE_UNIT() SI_UNIT($,.RADIAN.) );
#2294 = ( NAMED_UNIT(*) SI_UNIT($,.STERADIAN.) SOLID_ANGLE_UNIT() );
#2295 = UNCERTAINTY_MEASURE_WITH_UNIT(LENGTH_MEASURE(1.E-07),#2292,
  'distance_accuracy_value','confusion accuracy');
#2296 = CONTEXT_DEPENDENT_SHAPE_REPRESENTATION(#2297,#2299);
#2297 = ( REPRESENTATION_RELATIONSHIP('','',#84,#10) 
REPRESENTATION_RELATIONSHIP_WITH_TRANSFORMATION(#2298) 
SHAPE_REPRESENTATION_RELATIONSHIP() );
#2298 = ITEM_DEFINED_TRANSFORMATION('','',#11,#15);
#2299 = PRODUCT_DEFINITION_SHAPE('Placement','Placement of an item',
  #2300);
#2300 = NEXT_ASSEMBLY_USAGE_OCCURRENCE('8','','',#5,#79,$);
#2301 = PRODUCT_RELATED_PRODUCT_CATEGORY('part',$,(#81));
#2302 = SHAPE_DEFINITION_REPRESENTATION(#2303,#2309);
#2303 = PRODUCT_DEFINITION_SHAPE('','',#2304);
#2304 = PRODUCT_DEFINITION('design','',#2305,#2308);
#2305 = PRODUCT_DEFINITION_FORMATION('','',#2306);
#2306 = PRODUCT('Open CASCADE STEP translator 7.9 12.2',
  'Open CASCADE STEP translator 7.9 12.2','',(#2307));
#2307 = PRODUCT_CONTEXT('',#2,'mechanical');
#2308 = PRODUCT_DEFINITION_CONTEXT('part definition',#2,'design');
#2309 = SHAPE_REPRESENTATION('',(#11,#2310),#2314);
#2310 = AXIS2_PLACEMENT_3D('',#2311,#2312,#2313);
#2311 = CARTESIAN_POINT('',(0.,0.,0.));
#2312 = DIRECTION('',(0.,0.,1.));
#2313 = DIRECTION('',(1.,0.,-0.));
#2314 = ( GEOMETRIC_REPRESENTATION_CONTEXT(3) 
GLOBAL_UNCERTAINTY_ASSIGNED_CONTEXT((#2318)) 
GLOBAL_UNIT_ASSIGNED_CONTEXT((#2315,#2316,#2317)) REPRESENTATION_CONTEXT
('Context #1','3D Context with UNIT and UNCERTAINTY') );
#2315 = ( LENGTH_UNIT() NAMED_UNIT(*) SI_UNIT(.MILLI.,.METRE.) );
#2316 = ( NAMED_UNIT(*) PLANE_ANGLE_UNIT() SI_UNIT($,.RADIAN.) );
#2317 = ( NAMED_UNIT(*) SI_UNIT($,.STERADIAN.) SOLID_ANGLE_UNIT() );
#2318 = UNCERTAINTY_MEASURE_WITH_UNIT(LENGTH_MEASURE(1.E-05),#2315,
  'distance_accuracy_value','confusion accuracy');
#2319 = CONTEXT_DEPENDENT_SHAPE_REPRESENTATION(#2320,#2322);
#2320 = ( REPRESENTATION_RELATIONSHIP('','',#2309,#10) 
REPRESENTATION_RELATIONSHIP_WITH_TRANSFORMATION(#2321) 
SHAPE_REPRESENTATION_RELATIONSHIP() );
#2321 = ITEM_DEFINED_TRANSFORMATION('','',#11,#19);
#2322 = PRODUCT_DEFINITION_SHAPE('Placement','Placement of an item',
  #2323);
#2323 = NEXT_ASSEMBLY_USAGE_OCCURRENCE('17','','',#5,#2304,$);
#2324 = PRODUCT_RELATED_PRODUCT_CATEGORY('part',$,(#2306));
#2325 = SHAPE_DEFINITION_REPRESENTATION(#2326,#2332);
#2326 = PRODUCT_DEFINITION_SHAPE('','',#2327);
#2327 = PRODUCT_DEFINITION('design','',#2328,#2331);
#2328 = PRODUCT_DEFINITION_FORMATION('','',#2329);
#2329 = PRODUCT('Open CASCADE STEP translator 7.9 12.2.1',
  'Open CASCADE STEP translator 7.9 12.2.1','',(#2330));
#2330 = PRODUCT_CONTEXT('',#2,'mechanical');
#2331 = PRODUCT_DEFINITION_CONTEXT('part definition',#2,'design');
#2332 = SHAPE_REPRESENTATION('',(#11,#2333,#2337,#2341,#2345,#2349,#2353
    ,#2357),#2361);
#2333 = AXIS2_PLACEMENT_3D('',#2334,#2335,#2336);
#2334 = CARTESIAN_POINT('',(0.,0.,0.));
#2335 = DIRECTION('',(0.,0.,1.));
#2336 = DIRECTION('',(1.,0.,-0.));
#2337 = AXIS2_PLACEMENT_3D('',#2338,#2339,#2340);
#2338 = CARTESIAN_POINT('',(-12.,0.,34.));
#2339 = DIRECTION('',(1.,-0.,1.110223024625E-16));
#2340 = DIRECTION('',(1.110223024625E-16,0.,-1.));
#2341 = AXIS2_PLACEMENT_3D('',#2342,#2343,#2344);
#2342 = CARTESIAN_POINT('',(15.,0.,34.));
#2343 = DIRECTION('',(1.,-0.,1.110223024625E-16));
#2344 = DIRECTION('',(1.110223024625E-16,0.,-1.));
#2345 = AXIS2_PLACEMENT_3D('',#2346,#2347,#2348);
#2346 = CARTESIAN_POINT('',(15.,0.,34.));
#2347 = DIRECTION('',(1.,-0.,1.110223024625E-16));
#2348 = DIRECTION('',(1.110223024625E-16,0.,-1.));
#2349 = AXIS2_PLACEMENT_3D('',#2350,#2351,#2352);
#2350 = CARTESIAN_POINT('',(-21.,0.,34.));
#2351 = DIRECTION('',(1.,-0.,1.110223024625E-16));
#2352 = DIRECTION('',(1.110223024625E-16,0.,-1.));
#2353 = AXIS2_PLACEMENT_3D('',#2354,#2355,#2356);
#2354 = CARTESIAN_POINT('',(0.,27.,60.));
#2355 = DIRECTION('',(0.,0.,1.));
#2356 = DIRECTION('',(1.,0.,-0.));
#2357 = AXIS2_PLACEMENT_3D('',#2358,#2359,#2360);
#2358 = CARTESIAN_POINT('',(0.,-27.,60.));
#2359 = DIRECTION('',(0.,0.,1.));
#2360 = DIRECTION('',(1.,0.,-0.));
#2361 = ( GEOMETRIC_REPRESENTATION_CONTEXT(3) 
GLOBAL_UNCERTAINTY_ASSIGNED_CONTEXT((#2365)) 
GLOBAL_UNIT_ASSIGNED_CONTEXT((#2362,#2363,#2364)) REPRESENTATION_CONTEXT
('Context #1','3D Context with UNIT and UNCERTAINTY') );
#2362 = ( LENGTH_UNIT() NAMED_UNIT(*) SI_UNIT(.MILLI.,.METRE.) );
#2363 = ( NAMED_UNIT(*) PLANE_ANGLE_UNIT() SI_UNIT($,.RADIAN.) );
#2364 = ( NAMED_UNIT(*) SI_UNIT($,.STERADIAN.) SOLID_ANGLE_UNIT() );
#2365 = UNCERTAINTY_MEASURE_WITH_UNIT(LENGTH_MEASURE(1.E-05),#2362,
  'distance_accuracy_value','confusion accuracy');
#2366 = CONTEXT_DEPENDENT_SHAPE_REPRESENTATION(#2367,#2369);
#2367 = ( REPRESENTATION_RELATIONSHIP('','',#2332,#2309) 
REPRESENTATION_RELATIONSHIP_WITH_TRANSFORMATION(#2368) 
SHAPE_REPRESENTATION_RELATIONSHIP() );
#2368 = ITEM_DEFINED_TRANSFORMATION('','',#11,#2310);
#2369 = PRODUCT_DEFINITION_SHAPE('Placement','Placement of an item',
  #2370);
#2370 = NEXT_ASSEMBLY_USAGE_OCCURRENCE('16','','',#2304,#2327,$);
#2371 = PRODUCT_RELATED_PRODUCT_CATEGORY('part',$,(#2329));
#2372 = SHAPE_DEFINITION_REPRESENTATION(#2373,#2379);
#2373 = PRODUCT_DEFINITION_SHAPE('','',#2374);
#2374 = PRODUCT_DEFINITION('design','',#2375,#2378);
#2375 = PRODUCT_DEFINITION_FORMATION('','',#2376);
#2376 = PRODUCT('Open CASCADE STEP translator 7.9 12.2.1.1',
  'Open CASCADE STEP translator 7.9 12.2.1.1','',(#2377));
#2377 = PRODUCT_CONTEXT('',#2,'mechanical');
#2378 = PRODUCT_DEFINITION_CONTEXT('part definition',#2,'design');
#2379 = ADVANCED_BREP_SHAPE_REPRESENTATION('',(#11,#2380),#4552);
#2380 = MANIFOLD_SOLID_BREP('',#2381);
#2381 = CLOSED_SHELL('',(#2382,#2835,#2999,#3192,#3337,#3394,#3443,#3552
    ,#3884,#3957,#3985,#4037,#4064,#4100,#4155,#4210,#4392,#4427,#4456,
    #4491,#4525));
#2382 = ADVANCED_FACE('',(#2383),#2397,.T.);
#2383 = FACE_BOUND('',#2384,.T.);
#2384 = EDGE_LOOP('',(#2385,#2420,#2678,#2728,#2751,#2780,#2808));
#2385 = ORIENTED_EDGE('',*,*,#2386,.T.);
#2386 = EDGE_CURVE('',#2387,#2389,#2391,.T.);
#2387 = VERTEX_POINT('',#2388);
#2388 = CARTESIAN_POINT('',(-15.,25.,56.));
#2389 = VERTEX_POINT('',#2390);
#2390 = CARTESIAN_POINT('',(-4.908156476723,25.,56.));
#2391 = SURFACE_CURVE('',#2392,(#2396,#2408),.PCURVE_S1.);
#2392 = LINE('',#2393,#2394);
#2393 = CARTESIAN_POINT('',(-15.,25.,56.));
#2394 = VECTOR('',#2395,1.);
#2395 = DIRECTION('',(1.,0.,0.));
#2396 = PCURVE('',#2397,#2402);
#2397 = CYLINDRICAL_SURFACE('',#2398,10.);
#2398 = AXIS2_PLACEMENT_3D('',#2399,#2400,#2401);
#2399 = CARTESIAN_POINT('',(-15.,25.,46.));
#2400 = DIRECTION('',(1.,0.,0.));
#2401 = DIRECTION('',(-0.,1.,0.));
#2402 = DEFINITIONAL_REPRESENTATION('',(#2403),#2407);
#2403 = LINE('',#2404,#2405);
#2404 = CARTESIAN_POINT('',(1.570796326795,0.));
#2405 = VECTOR('',#2406,1.);
#2406 = DIRECTION('',(0.,1.));
#2407 = ( GEOMETRIC_REPRESENTATION_CONTEXT(2) 
PARAMETRIC_REPRESENTATION_CONTEXT() REPRESENTATION_CONTEXT('2D SPACE',''
  ) );
#2408 = PCURVE('',#2409,#2414);
#2409 = PLANE('',#2410);
#2410 = AXIS2_PLACEMENT_3D('',#2411,#2412,#2413);
#2411 = CARTESIAN_POINT('',(-15.,-35.,56.));
#2412 = DIRECTION('',(0.,0.,1.));
#2413 = DIRECTION('',(1.,0.,0.));
#2414 = DEFINITIONAL_REPRESENTATION('',(#2415),#2419);
#2415 = LINE('',#2416,#2417);
#2416 = CARTESIAN_POINT('',(0.,60.));
#2417 = VECTOR('',#2418,1.);
#2418 = DIRECTION('',(1.,0.));
#2419 = ( GEOMETRIC_REPRESENTATION_CONTEXT(2) 
PARAMETRIC_REPRESENTATION_CONTEXT() REPRESENTATION_CONTEXT('2D SPACE',''
  ) );
#2420 = ORIENTED_EDGE('',*,*,#2421,.T.);
#2421 = EDGE_CURVE('',#2389,#2422,#2424,.T.);
#2422 = VERTEX_POINT('',#2423);
#2423 = CARTESIAN_POINT('',(5.295235298988,27.172061277844,
    55.76125759343));
#2424 = SURFACE_CURVE('',#2425,(#2472,#2578),.PCURVE_S1.);
#2425 = B_SPLINE_CURVE_WITH_KNOTS('',12,(#2426,#2427,#2428,#2429,#2430,
    #2431,#2432,#2433,#2434,#2435,#2436,#2437,#2438,#2439,#2440,#2441,
    #2442,#2443,#2444,#2445,#2446,#2447,#2448,#2449,#2450,#2451,#2452,
    #2453,#2454,#2455,#2456,#2457,#2458,#2459,#2460,#2461,#2462,#2463,
    #2464,#2465,#2466,#2467,#2468,#2469,#2470,#2471),.UNSPECIFIED.,.F.,
  .F.,(13,11,11,11,13),(39.372489632146,42.23279170966,46.99617176551,
    51.984702992979,56.113691983295),.UNSPECIFIED.);
#2426 = CARTESIAN_POINT('',(-4.908156476723,25.,56.));
#2427 = CARTESIAN_POINT('',(-5.026110071334,25.289467349669,
    55.999999999988));
#2428 = CARTESIAN_POINT('',(-5.127546872374,25.591364585319,
    55.990939000856));
#2429 = CARTESIAN_POINT('',(-5.210256373708,25.905569051817,
    55.970961137359));
#2430 = CARTESIAN_POINT('',(-5.271906531666,26.222067152788,
    55.940434979041));
#2431 = CARTESIAN_POINT('',(-5.312756579703,26.548344907388,
    55.896968629138));
#2432 = CARTESIAN_POINT('',(-5.330750582305,26.877219887082,
    55.840507825663));
#2433 = CARTESIAN_POINT('',(-5.325002247599,27.196806862614,
    55.772875165851));
#2434 = CARTESIAN_POINT('',(-5.298433895856,27.506970057547,
    55.695382467626));
#2435 = CARTESIAN_POINT('',(-5.254000976103,27.810015204172,
    55.609131353643));
#2436 = CARTESIAN_POINT('',(-5.191572570932,28.097888778337,
    55.516272352848));
#2437 = CARTESIAN_POINT('',(-5.114202313861,28.374153779674,
    55.41778265017));
#2438 = CARTESIAN_POINT('',(-4.871829964255,29.074396540747,
    55.144391536033));
#2439 = CARTESIAN_POINT('',(-4.683072337736,29.474341540183,
    54.962391464376));
#2440 = CARTESIAN_POINT('',(-4.464470364116,29.837618386285,
    54.774579590259));
#2441 = CARTESIAN_POINT('',(-4.220861419498,30.166854835101,
    54.58482465746));
#2442 = CARTESIAN_POINT('',(-3.956382392147,30.464099389599,
    54.396863014208));
#2443 = CARTESIAN_POINT('',(-3.673617276296,30.731662464752,
    54.213481621069));
#2444 = CARTESIAN_POINT('',(-3.373277606105,30.972157868435,
    54.036494979643));
#2445 = CARTESIAN_POINT('',(-3.05506362956,31.187383988514,
    53.867785886245));
#2446 = CARTESIAN_POINT('',(-2.718880485506,31.377436591463,
    53.710307661051));
#2447 = CARTESIAN_POINT('',(-2.365311595147,31.541370851232,
    53.567910514715));
#2448 = CARTESIAN_POINT('',(-1.995181020163,31.678829240293,
    53.444157143057));
#2449 = CARTESIAN_POINT('',(-1.206955846048,31.902994535651,
    53.236922946552));
#2450 = CARTESIAN_POINT('',(-0.787586797981,31.986912366754,
    53.155716472672));
#2451 = CARTESIAN_POINT('',(-0.353066878171,32.039965638195,
    53.102451205238));
#2452 = CARTESIAN_POINT('',(8.763300432409E-02,32.052646280114,
    53.088343073534));
#2453 = CARTESIAN_POINT('',(0.525512609755,32.045874900628,
    53.096206214519));
#2454 = CARTESIAN_POINT('',(0.986330825803,31.974097130183,
    53.167363418704));
#2455 = CARTESIAN_POINT('',(1.373822349177,31.905995122438,
    53.237438161847));
#2456 = CARTESIAN_POINT('',(1.812366735045,31.772216096536,
    53.364262935135));
#2457 = CARTESIAN_POINT('',(2.178256739169,31.633449624876,53.4912454122
    ));
#2458 = CARTESIAN_POINT('',(2.552287869075,31.456166141786,
    53.644557932559));
#2459 = CARTESIAN_POINT('',(2.900186030795,31.25280222015,53.8094370828)
  );
#2460 = CARTESIAN_POINT('',(3.501215602142,30.827716890598,
    54.129934827206));
#2461 = CARTESIAN_POINT('',(3.759843663155,30.615528671845,
    54.28209652818));
#2462 = CARTESIAN_POINT('',(4.004573866366,30.380946488249,
    54.439893742046));
#2463 = CARTESIAN_POINT('',(4.235268833779,30.13428152864,
    54.599427331883));
#2464 = CARTESIAN_POINT('',(4.453161179339,29.83487272979,
    54.768900267857));
#2465 = CARTESIAN_POINT('',(4.645469510666,29.575543086007,
    54.919813281825));
#2466 = CARTESIAN_POINT('',(4.836341861522,29.192016674575,
    55.100278456573));
#2467 = CARTESIAN_POINT('',(4.983055564834,28.886495354021,
    55.240676879761));
#2468 = CARTESIAN_POINT('',(5.122329451073,28.474069644457,
    55.402072616195));
#2469 = CARTESIAN_POINT('',(5.219079782577,28.06430333466,
    55.538463487326));
#2470 = CARTESIAN_POINT('',(5.278815289309,27.6251886804,55.660428322656
    ));
#2471 = CARTESIAN_POINT('',(5.295235298988,27.172061277844,
    55.76125759343));
#2472 = PCURVE('',#2397,#2473);
#2473 = DEFINITIONAL_REPRESENTATION('',(#2474),#2577);
#2474 = B_SPLINE_CURVE_WITH_KNOTS('',11,(#2475,#2476,#2477,#2478,#2479,
    #2480,#2481,#2482,#2483,#2484,#2485,#2486,#2487,#2488,#2489,#2490,
    #2491,#2492,#2493,#2494,#2495,#2496,#2497,#2498,#2499,#2500,#2501,
    #2502,#2503,#2504,#2505,#2506,#2507,#2508,#2509,#2510,#2511,#2512,
    #2513,#2514,#2515,#2516,#2517,#2518,#2519,#2520,#2521,#2522,#2523,
    #2524,#2525,#2526,#2527,#2528,#2529,#2530,#2531,#2532,#2533,#2534,
    #2535,#2536,#2537,#2538,#2539,#2540,#2541,#2542,#2543,#2544,#2545,
    #2546,#2547,#2548,#2549,#2550,#2551,#2552,#2553,#2554,#2555,#2556,
    #2557,#2558,#2559,#2560,#2561,#2562,#2563,#2564,#2565,#2566,#2567,
    #2568,#2569,#2570,#2571,#2572,#2573,#2574,#2575,#2576),
  .UNSPECIFIED.,.F.,.F.,(12,10,10,10,10,10,10,10,10,10,12),(
    39.372489632146,41.46513992604,41.988302499513,42.511465072987,
    43.557790219933,45.650440513827,46.696765660774,47.743090807721,
    51.928391395508,54.021041689402,56.113691983295),.UNSPECIFIED.);
#2475 = CARTESIAN_POINT('',(1.570796326795,10.091843523277));
#2476 = CARTESIAN_POINT('',(1.54769308609,9.997701289571));
#2477 = CARTESIAN_POINT('',(1.523789310341,9.91416241327));
#2478 = CARTESIAN_POINT('',(1.499089851246,9.842419184503));
#2479 = CARTESIAN_POINT('',(1.47395879867,9.783566545804));
#2480 = CARTESIAN_POINT('',(1.44832251413,9.738067178025));
#2481 = CARTESIAN_POINT('',(1.422241474405,9.706497623293));
#2482 = CARTESIAN_POINT('',(1.396059185203,9.689408200498));
#2483 = CARTESIAN_POINT('',(1.370067685821,9.6866435286));
#2484 = CARTESIAN_POINT('',(1.344336532103,9.697299230966));
#2485 = CARTESIAN_POINT('',(1.31903561706,9.720633848095));
#2486 = CARTESIAN_POINT('',(1.288043303304,9.764482961481));
#2487 = CARTESIAN_POINT('',(1.281876654638,9.773987114312));
#2488 = CARTESIAN_POINT('',(1.275743341759,9.78421164964));
#2489 = CARTESIAN_POINT('',(1.269644765262,9.795142472453));
#2490 = CARTESIAN_POINT('',(1.263582204621,9.806765340305));
#2491 = CARTESIAN_POINT('',(1.257556818211,9.819065863448));
#2492 = CARTESIAN_POINT('',(1.251569643275,9.832029504661));
#2493 = CARTESIAN_POINT('',(1.245621595964,9.84564157943));
#2494 = CARTESIAN_POINT('',(1.239713471299,9.859887255792));
#2495 = CARTESIAN_POINT('',(1.2338459432,9.874751554444));
#2496 = CARTESIAN_POINT('',(1.222193185737,9.905687142924));
#2497 = CARTESIAN_POINT('',(1.21640766349,9.92175979603));
#2498 = CARTESIAN_POINT('',(1.210665135773,9.938416426734));
#2499 = CARTESIAN_POINT('',(1.20496299145,9.955648741906));
#2500 = CARTESIAN_POINT('',(1.199303290699,9.973443700546));
#2501 = CARTESIAN_POINT('',(1.193689633379,9.991783367439));
#2502 = CARTESIAN_POINT('',(1.188122680586,10.010650402302));
#2503 = CARTESIAN_POINT('',(1.182599978065,10.030031887896));
#2504 = CARTESIAN_POINT('',(1.177120173094,10.049918456826));
#2505 = CARTESIAN_POINT('',(1.171686159821,10.070299934386));
#2506 = CARTESIAN_POINT('',(1.155516073402,10.13288904515));
#2507 = CARTESIAN_POINT('',(1.144913411668,10.176542773704));
#2508 = CARTESIAN_POINT('',(1.134486804506,10.222037205468));
#2509 = CARTESIAN_POINT('',(1.124234877873,10.269290693956));
#2510 = CARTESIAN_POINT('',(1.114156224975,10.318226897686));
#2511 = CARTESIAN_POINT('',(1.104249406294,10.368774780208));
#2512 = CARTESIAN_POINT('',(1.094512949554,10.420868610051));
#2513 = CARTESIAN_POINT('',(1.084945349754,10.474447960797));
#2514 = CARTESIAN_POINT('',(1.075545069141,10.529457711002));
#2515 = CARTESIAN_POINT('',(1.066310537229,10.585848044262));
#2516 = CARTESIAN_POINT('',(1.039099377906,10.759027258981));
#2517 = CARTESIAN_POINT('',(1.021615356019,10.879822480941));
#2518 = CARTESIAN_POINT('',(1.004776939947,11.005593059049));
#2519 = CARTESIAN_POINT('',(0.988572446799,11.136053874398));
#2520 = CARTESIAN_POINT('',(0.972991303346,11.270993554697));
#2521 = CARTESIAN_POINT('',(0.958025499763,11.410264296257));
#2522 = CARTESIAN_POINT('',(0.943670849557,11.553769696661));
#2523 = CARTESIAN_POINT('',(0.929928055921,11.701450600383));
#2524 = CARTESIAN_POINT('',(0.916803584257,11.853268954968));
#2525 = CARTESIAN_POINT('',(0.904310341095,12.009189679856));
#2526 = CARTESIAN_POINT('',(0.886547068313,12.249145979606));
#2527 = CARTESIAN_POINT('',(0.880788557447,12.330143369145));
#2528 = CARTESIAN_POINT('',(0.875195187986,12.412148094206));
#2529 = CARTESIAN_POINT('',(0.869769783274,12.49515401665));
#2530 = CARTESIAN_POINT('',(0.864515428658,12.579153481125));
#2531 = CARTESIAN_POINT('',(0.859435471478,12.664137314794));
#2532 = CARTESIAN_POINT('',(0.854533521082,12.750094827692));
#2533 = CARTESIAN_POINT('',(0.84981344881,12.837013812352));
#2534 = CARTESIAN_POINT('',(0.845279388007,12.924880544122));
#2535 = CARTESIAN_POINT('',(0.840935734015,13.013679780947));
#2536 = CARTESIAN_POINT('',(0.83263855434,13.193109746031));
#2537 = CARTESIAN_POINT('',(0.828685135114,13.283736917068));
#2538 = CARTESIAN_POINT('',(0.824930129384,13.375271705854));
#2539 = CARTESIAN_POINT('',(0.821381051322,13.467672571089));
#2540 = CARTESIAN_POINT('',(0.818041808256,13.560923058695));
#2541 = CARTESIAN_POINT('',(0.81491532776,13.655009781987));
#2542 = CARTESIAN_POINT('',(0.812007087047,13.749891522982));
#2543 = CARTESIAN_POINT('',(0.809324811692,13.845497749907));
#2544 = CARTESIAN_POINT('',(0.806874480243,13.941757935602));
#2545 = CARTESIAN_POINT('',(0.804657641219,14.03862615834));
#2546 = CARTESIAN_POINT('',(0.794769028148,14.525638151119));
#2547 = CARTESIAN_POINT('',(0.790672810731,14.923755819573));
#2548 = CARTESIAN_POINT('',(0.790699047182,15.326853446855));
#2549 = CARTESIAN_POINT('',(0.794709229892,15.727193543894));
#2550 = CARTESIAN_POINT('',(0.803601523867,16.129509998474));
#2551 = CARTESIAN_POINT('',(0.815040030991,16.498675545125));
#2552 = CARTESIAN_POINT('',(0.831310386405,16.880778665664));
#2553 = CARTESIAN_POINT('',(0.849355025027,17.222665696304));
#2554 = CARTESIAN_POINT('',(0.870682959633,17.561309192268));
#2555 = CARTESIAN_POINT('',(0.894520673188,17.881144203727));
#2556 = CARTESIAN_POINT('',(0.934006072567,18.335914445695));
#2557 = CARTESIAN_POINT('',(0.947790303891,18.483427780901));
#2558 = CARTESIAN_POINT('',(0.962188148382,18.626504178734));
#2559 = CARTESIAN_POINT('',(0.977217970499,18.765673920595));
#2560 = CARTESIAN_POINT('',(0.992780621949,18.900142158873));
#2561 = CARTESIAN_POINT('',(1.009117036356,19.03062538355));
#2562 = CARTESIAN_POINT('',(1.025937715512,19.156013487295));
#2563 = CARTESIAN_POINT('',(1.043475965153,19.276727908788));
#2564 = CARTESIAN_POINT('',(1.061640670228,19.392131194953));
#2565 = CARTESIAN_POINT('',(1.080486059551,19.501934740403));
#2566 = CARTESIAN_POINT('',(1.119540733951,19.709287871562));
#2567 = CARTESIAN_POINT('',(1.139750575792,19.806839399615));
#2568 = CARTESIAN_POINT('',(1.160657710321,19.897773374896));
#2569 = CARTESIAN_POINT('',(1.18225489327,19.981464844768));
#2570 = CARTESIAN_POINT('',(1.204585966989,20.057296968276));
#2571 = CARTESIAN_POINT('',(1.227616218936,20.124401434522));
#2572 = CARTESIAN_POINT('',(1.25142668927,20.182032214417));
#2573 = CARTESIAN_POINT('',(1.275947932647,20.229033358032));
#2574 = CARTESIAN_POINT('',(1.300793501046,20.263727810525));
#2575 = CARTESIAN_POINT('',(1.326179104044,20.286156782148));
#2576 = CARTESIAN_POINT('',(1.351844977444,20.295235298988));
#2577 = ( GEOMETRIC_REPRESENTATION_CONTEXT(2) 
PARAMETRIC_REPRESENTATION_CONTEXT() REPRESENTATION_CONTEXT('2D SPACE',''
  ) );
#2578 = PCURVE('',#2579,#2672);
#2579 = B_SPLINE_SURFACE_WITH_KNOTS('',1,12,(
    (#2580,#2581,#2582,#2583,#2584,#2585,#2586,#2587,#2588,#2589,#2590
      ,#2591,#2592,#2593,#2594,#2595,#2596,#2597,#2598,#2599,#2600,#2601
      ,#2602,#2603,#2604,#2605,#2606,#2607,#2608,#2609,#2610,#2611,#2612
      ,#2613,#2614,#2615,#2616,#2617,#2618,#2619,#2620,#2621,#2622,#2623
      ,#2624,#2625)
    ,(#2626,#2627,#2628,#2629,#2630,#2631,#2632,#2633,#2634,#2635,#2636
      ,#2637,#2638,#2639,#2640,#2641,#2642,#2643,#2644,#2645,#2646,#2647
      ,#2648,#2649,#2650,#2651,#2652,#2653,#2654,#2655,#2656,#2657,#2658
      ,#2659,#2660,#2661,#2662,#2663,#2664,#2665,#2666,#2667,#2668,#2669
      ,#2670,#2671
    )),.UNSPECIFIED.,.F.,.F.,.F.,(2,2),(13,11,11,11,13),(0.,
    16.741202351149),(39.372489632146,42.23279170966,46.99617176551,
    51.984702992979,56.113691983295),.UNSPECIFIED.);
#2580 = CARTESIAN_POINT('',(-4.167302668916,25.301886792453,55.2));
#2581 = CARTESIAN_POINT('',(-4.260011562324,25.529401670265,
    55.199999999987));
#2582 = CARTESIAN_POINT('',(-4.340386029906,25.765170447037,
    55.193435678453));
#2583 = CARTESIAN_POINT('',(-4.406961465815,26.009009897833,
    55.179242795202));
#2584 = CARTESIAN_POINT('',(-4.458882565248,26.254257556256,
    55.157667005878));
#2585 = CARTESIAN_POINT('',(-4.496041687847,26.507687667948,
    55.127133627426));
#2586 = CARTESIAN_POINT('',(-4.517261302041,26.763927923292,
    55.087713795237));
#2587 = CARTESIAN_POINT('',(-4.522011471421,27.014922207776,
    55.040443155146));
#2588 = CARTESIAN_POINT('',(-4.511560574317,27.26239919631,
    54.985781975766));
#2589 = CARTESIAN_POINT('',(-4.4873179498,27.508096458871,
    54.924341617074));
#2590 = CARTESIAN_POINT('',(-4.449409964294,27.744051611747,
    54.85773078167));
#2591 = CARTESIAN_POINT('',(-4.39920507982,27.975002490093,
    54.786084481639));
#2592 = CARTESIAN_POINT('',(-4.234840986058,28.569990973328,
    54.584941302278));
#2593 = CARTESIAN_POINT('',(-4.100518213763,28.92074680663,
    54.448682696263));
#2594 = CARTESIAN_POINT('',(-3.938547939617,29.250192337379,
    54.305203830487));
#2595 = CARTESIAN_POINT('',(-3.751515630265,29.558592989333,
    54.157260486009));
#2596 = CARTESIAN_POINT('',(-3.541953160003,29.845703470526,
    54.007912499126));
#2597 = CARTESIAN_POINT('',(-3.311521267145,30.111750391165,
    53.859711997926));
#2598 = CARTESIAN_POINT('',(-3.060560023874,30.357466654428,
    53.71455469411));
#2599 = CARTESIAN_POINT('',(-2.788596393459,30.583014082719,
    53.574433966332));
#2600 = CARTESIAN_POINT('',(-2.49528881823,30.787030607442,
    53.442233364859));
#2601 = CARTESIAN_POINT('',(-2.181006293956,30.966985330864,
    53.321629548289));
#2602 = CARTESIAN_POINT('',(-1.846783546553,31.120518913184,
    53.216154658725));
#2603 = CARTESIAN_POINT('',(-1.126107005543,31.37431675057,
    53.038717974657));
#2604 = CARTESIAN_POINT('',(-0.738124440814,31.471683101781,
    52.968648361495));
#2605 = CARTESIAN_POINT('',(-0.332027350704,31.533904880559,
    52.922524774214));
#2606 = CARTESIAN_POINT('',(8.049980912272E-02,31.551990968355,
    52.909719923214));
#2607 = CARTESIAN_POINT('',(0.496648093199,31.53873814063,
    52.917602238964));
#2608 = CARTESIAN_POINT('',(0.920884915385,31.460635754496,
    52.977696868151));
#2609 = CARTESIAN_POINT('',(1.288846435008,31.372815370198,
    53.040552707051));
#2610 = CARTESIAN_POINT('',(1.683449071086,31.223388513748,
    53.14812675185));
#2611 = CARTESIAN_POINT('',(2.016723453641,31.066004134171,
    53.257432050915));
#2612 = CARTESIAN_POINT('',(2.34736217849,30.872023206583,
    53.386933979638));
#2613 = CARTESIAN_POINT('',(2.649847582761,30.65572186966,
    53.524786909331));
#2614 = CARTESIAN_POINT('',(3.161438699418,30.216904209917,
    53.789139448738));
#2615 = CARTESIAN_POINT('',(3.377250072707,30.002317405659,
    53.913346913751));
#2616 = CARTESIAN_POINT('',(3.577171728111,29.769537193858,
    54.040936789669));
#2617 = CARTESIAN_POINT('',(3.760699248053,29.532998736891,
    54.167077989219));
#2618 = CARTESIAN_POINT('',(3.930775823743,29.245470428163,
    54.30215234795));
#2619 = CARTESIAN_POINT('',(4.073460993699,29.015174657847,
    54.414976824571));
#2620 = CARTESIAN_POINT('',(4.215815896908,28.661781251699,
    54.555822539022));
#2621 = CARTESIAN_POINT('',(4.314703020739,28.403008247366,
    54.657251195624));
#2622 = CARTESIAN_POINT('',(4.4097070394,28.050386644289,54.776132485204
    ));
#2623 = CARTESIAN_POINT('',(4.468419755064,27.712865334176,
    54.874000603704));
#2624 = CARTESIAN_POINT('',(4.5,27.359411296923,54.960535431526));
#2625 = CARTESIAN_POINT('',(4.5,27.,55.031723155697));
#2626 = CARTESIAN_POINT('',(-4.908156476723,25.,56.));
#2627 = CARTESIAN_POINT('',(-5.026110071334,25.289467349669,
    55.999999999988));
#2628 = CARTESIAN_POINT('',(-5.127546872374,25.591364585319,
    55.990939000856));
#2629 = CARTESIAN_POINT('',(-5.210256373708,25.905569051817,
    55.970961137359));
#2630 = CARTESIAN_POINT('',(-5.271906531666,26.222067152788,
    55.940434979041));
#2631 = CARTESIAN_POINT('',(-5.312756579703,26.548344907388,
    55.896968629138));
#2632 = CARTESIAN_POINT('',(-5.330750582305,26.877219887082,
    55.840507825663));
#2633 = CARTESIAN_POINT('',(-5.325002247599,27.196806862614,
    55.772875165851));
#2634 = CARTESIAN_POINT('',(-5.298433895856,27.506970057547,
    55.695382467626));
#2635 = CARTESIAN_POINT('',(-5.254000976103,27.810015204172,
    55.609131353643));
#2636 = CARTESIAN_POINT('',(-5.191572570932,28.097888778337,
    55.516272352848));
#2637 = CARTESIAN_POINT('',(-5.114202313861,28.374153779674,
    55.41778265017));
#2638 = CARTESIAN_POINT('',(-4.871829964255,29.074396540747,
    55.144391536033));
#2639 = CARTESIAN_POINT('',(-4.683072337736,29.474341540183,
    54.962391464376));
#2640 = CARTESIAN_POINT('',(-4.464470364116,29.837618386285,
    54.774579590259));
#2641 = CARTESIAN_POINT('',(-4.220861419498,30.166854835101,
    54.58482465746));
#2642 = CARTESIAN_POINT('',(-3.956382392147,30.464099389599,
    54.396863014208));
#2643 = CARTESIAN_POINT('',(-3.673617276296,30.731662464752,
    54.213481621069));
#2644 = CARTESIAN_POINT('',(-3.373277606105,30.972157868435,
    54.036494979643));
#2645 = CARTESIAN_POINT('',(-3.05506362956,31.187383988514,
    53.867785886245));
#2646 = CARTESIAN_POINT('',(-2.718880485506,31.377436591463,
    53.710307661051));
#2647 = CARTESIAN_POINT('',(-2.365311595147,31.541370851232,
    53.567910514715));
#2648 = CARTESIAN_POINT('',(-1.995181020163,31.678829240293,
    53.444157143057));
#2649 = CARTESIAN_POINT('',(-1.206955846048,31.902994535651,
    53.236922946552));
#2650 = CARTESIAN_POINT('',(-0.787586797981,31.986912366754,
    53.155716472672));
#2651 = CARTESIAN_POINT('',(-0.353066878171,32.039965638195,
    53.102451205238));
#2652 = CARTESIAN_POINT('',(8.763300432409E-02,32.052646280114,
    53.088343073534));
#2653 = CARTESIAN_POINT('',(0.525512609755,32.045874900628,
    53.096206214519));
#2654 = CARTESIAN_POINT('',(0.986330825803,31.974097130183,
    53.167363418704));
#2655 = CARTESIAN_POINT('',(1.373822349177,31.905995122438,
    53.237438161847));
#2656 = CARTESIAN_POINT('',(1.812366735045,31.772216096536,
    53.364262935135));
#2657 = CARTESIAN_POINT('',(2.178256739169,31.633449624876,53.4912454122
    ));
#2658 = CARTESIAN_POINT('',(2.552287869075,31.456166141786,
    53.644557932559));
#2659 = CARTESIAN_POINT('',(2.900186030795,31.25280222015,53.8094370828)
  );
#2660 = CARTESIAN_POINT('',(3.501215602142,30.827716890598,
    54.129934827206));
#2661 = CARTESIAN_POINT('',(3.759843663155,30.615528671845,
    54.28209652818));
#2662 = CARTESIAN_POINT('',(4.004573866366,30.380946488249,
    54.439893742046));
#2663 = CARTESIAN_POINT('',(4.235268833779,30.13428152864,
    54.599427331883));
#2664 = CARTESIAN_POINT('',(4.453161179339,29.83487272979,
    54.768900267857));
#2665 = CARTESIAN_POINT('',(4.645469510666,29.575543086007,
    54.919813281825));
#2666 = CARTESIAN_POINT('',(4.836341861522,29.192016674575,
    55.100278456573));
#2667 = CARTESIAN_POINT('',(4.983055564834,28.886495354021,
    55.240676879761));
#2668 = CARTESIAN_POINT('',(5.122329451073,28.474069644457,
    55.402072616195));
#2669 = CARTESIAN_POINT('',(5.219079782577,28.06430333466,
    55.538463487326));
#2670 = CARTESIAN_POINT('',(5.278815289309,27.6251886804,55.660428322656
    ));
#2671 = CARTESIAN_POINT('',(5.295235298988,27.172061277844,
    55.76125759343));
#2672 = DEFINITIONAL_REPRESENTATION('',(#2673),#2677);
#2673 = LINE('',#2674,#2675);
#2674 = CARTESIAN_POINT('',(16.741202351149,0.));
#2675 = VECTOR('',#2676,1.);
#2676 = DIRECTION('',(0.,1.));
#2677 = ( GEOMETRIC_REPRESENTATION_CONTEXT(2) 
PARAMETRIC_REPRESENTATION_CONTEXT() REPRESENTATION_CONTEXT('2D SPACE',''
  ) );
#2678 = ORIENTED_EDGE('',*,*,#2679,.T.);
#2679 = EDGE_CURVE('',#2422,#2680,#2682,.T.);
#2680 = VERTEX_POINT('',#2681);
#2681 = CARTESIAN_POINT('',(4.908156476723,25.,56.));
#2682 = SURFACE_CURVE('',#2683,(#2692,#2704),.PCURVE_S1.);
#2683 = B_SPLINE_CURVE_WITH_KNOTS('',7,(#2684,#2685,#2686,#2687,#2688,
    #2689,#2690,#2691),.UNSPECIFIED.,.F.,.F.,(8,8),(56.113691983295,
    57.766732090649),.PIECEWISE_BEZIER_KNOTS.);
#2684 = CARTESIAN_POINT('',(5.295235298988,27.172061277844,
    55.76125759343));
#2685 = CARTESIAN_POINT('',(5.306504581874,26.861073587671,
    55.830458135803));
#2686 = CARTESIAN_POINT('',(5.296156066335,26.542347067921,
    55.889263362968));
#2687 = CARTESIAN_POINT('',(5.262194837345,26.219801751863,
    55.935960321269));
#2688 = CARTESIAN_POINT('',(5.205061216365,25.901324407905,
    55.969375321365));
#2689 = CARTESIAN_POINT('',(5.124996433677,25.588328062535,
    55.990373456833));
#2690 = CARTESIAN_POINT('',(5.025342274162,25.287583115339,56.));
#2691 = CARTESIAN_POINT('',(4.908156476723,25.,56.));
#2692 = PCURVE('',#2397,#2693);
#2693 = DEFINITIONAL_REPRESENTATION('',(#2694),#2703);
#2694 = B_SPLINE_CURVE_WITH_KNOTS('',7,(#2695,#2696,#2697,#2698,#2699,
    #2700,#2701,#2702),.UNSPECIFIED.,.F.,.F.,(8,8),(56.113691983295,
    57.766732090649),.PIECEWISE_BEZIER_KNOTS.);
#2695 = CARTESIAN_POINT('',(1.351844977444,20.295235298988));
#2696 = CARTESIAN_POINT('',(1.383704365151,20.306504581874));
#2697 = CARTESIAN_POINT('',(1.416093328025,20.296155964655));
#2698 = CARTESIAN_POINT('',(1.448645099104,20.262195145381));
#2699 = CARTESIAN_POINT('',(1.480624614024,20.205060851333));
#2700 = CARTESIAN_POINT('',(1.511963647955,20.124996602142));
#2701 = CARTESIAN_POINT('',(1.542038015261,20.025342274162));
#2702 = CARTESIAN_POINT('',(1.570796326795,19.908156476723));
#2703 = ( GEOMETRIC_REPRESENTATION_CONTEXT(2) 
PARAMETRIC_REPRESENTATION_CONTEXT() REPRESENTATION_CONTEXT('2D SPACE',''
  ) );
#2704 = PCURVE('',#2705,#2722);
#2705 = B_SPLINE_SURFACE_WITH_KNOTS('',1,7,(
    (#2706,#2707,#2708,#2709,#2710,#2711,#2712,#2713)
    ,(#2714,#2715,#2716,#2717,#2718,#2719,#2720,#2721
  )),.UNSPECIFIED.,.F.,.F.,.F.,(2,2),(8,8),(0.,1.653040107354),(
    56.113691983295,57.766732090649),.PIECEWISE_BEZIER_KNOTS.);
#2706 = CARTESIAN_POINT('',(4.5,27.,55.031723155697));
#2707 = CARTESIAN_POINT('',(4.5,26.753330987219,55.080580289001));
#2708 = CARTESIAN_POINT('',(4.484257263473,26.503324507969,
    55.121861732201));
#2709 = CARTESIAN_POINT('',(4.451778518551,26.252381258051,
    55.154526714991));
#2710 = CARTESIAN_POINT('',(4.403128873111,26.005525427741,
    55.178113275861));
#2711 = CARTESIAN_POINT('',(4.338389506876,25.762631767299,
    55.19303409671));
#2712 = CARTESIAN_POINT('',(4.259413076228,25.527932938564,55.2));
#2713 = CARTESIAN_POINT('',(4.167302668916,25.301886792453,55.2));
#2714 = CARTESIAN_POINT('',(5.295235298988,27.172061277844,
    55.76125759343));
#2715 = CARTESIAN_POINT('',(5.306504581874,26.861073587671,
    55.830458135803));
#2716 = CARTESIAN_POINT('',(5.296156066335,26.542347067921,
    55.889263362968));
#2717 = CARTESIAN_POINT('',(5.262194837345,26.219801751863,
    55.935960321269));
#2718 = CARTESIAN_POINT('',(5.205061216365,25.901324407905,
    55.969375321365));
#2719 = CARTESIAN_POINT('',(5.124996433677,25.588328062535,
    55.990373456833));
#2720 = CARTESIAN_POINT('',(5.025342274162,25.287583115339,56.));
#2721 = CARTESIAN_POINT('',(4.908156476723,25.,56.));
#2722 = DEFINITIONAL_REPRESENTATION('',(#2723),#2727);
#2723 = LINE('',#2724,#2725);
#2724 = CARTESIAN_POINT('',(1.653040107354,0.));
#2725 = VECTOR('',#2726,1.);
#2726 = DIRECTION('',(0.,1.));
#2727 = ( GEOMETRIC_REPRESENTATION_CONTEXT(2) 
PARAMETRIC_REPRESENTATION_CONTEXT() REPRESENTATION_CONTEXT('2D SPACE',''
  ) );
#2728 = ORIENTED_EDGE('',*,*,#2729,.T.);
#2729 = EDGE_CURVE('',#2680,#2730,#2732,.T.);
#2730 = VERTEX_POINT('',#2731);
#2731 = CARTESIAN_POINT('',(15.,25.,56.));
#2732 = SURFACE_CURVE('',#2733,(#2737,#2744),.PCURVE_S1.);
#2733 = LINE('',#2734,#2735);
#2734 = CARTESIAN_POINT('',(-15.,25.,56.));
#2735 = VECTOR('',#2736,1.);
#2736 = DIRECTION('',(1.,0.,0.));
#2737 = PCURVE('',#2397,#2738);
#2738 = DEFINITIONAL_REPRESENTATION('',(#2739),#2743);
#2739 = LINE('',#2740,#2741);
#2740 = CARTESIAN_POINT('',(1.570796326795,0.));
#2741 = VECTOR('',#2742,1.);
#2742 = DIRECTION('',(0.,1.));
#2743 = ( GEOMETRIC_REPRESENTATION_CONTEXT(2) 
PARAMETRIC_REPRESENTATION_CONTEXT() REPRESENTATION_CONTEXT('2D SPACE',''
  ) );
#2744 = PCURVE('',#2409,#2745);
#2745 = DEFINITIONAL_REPRESENTATION('',(#2746),#2750);
#2746 = LINE('',#2747,#2748);
#2747 = CARTESIAN_POINT('',(0.,60.));
#2748 = VECTOR('',#2749,1.);
#2749 = DIRECTION('',(1.,0.));
#2750 = ( GEOMETRIC_REPRESENTATION_CONTEXT(2) 
PARAMETRIC_REPRESENTATION_CONTEXT() REPRESENTATION_CONTEXT('2D SPACE',''
  ) );
#2751 = ORIENTED_EDGE('',*,*,#2752,.F.);
#2752 = EDGE_CURVE('',#2753,#2730,#2755,.T.);
#2753 = VERTEX_POINT('',#2754);
#2754 = CARTESIAN_POINT('',(15.,35.,46.));
#2755 = SURFACE_CURVE('',#2756,(#2761,#2768),.PCURVE_S1.);
#2756 = CIRCLE('',#2757,10.);
#2757 = AXIS2_PLACEMENT_3D('',#2758,#2759,#2760);
#2758 = CARTESIAN_POINT('',(15.,25.,46.));
#2759 = DIRECTION('',(1.,0.,0.));
#2760 = DIRECTION('',(-0.,0.,1.));
#2761 = PCURVE('',#2397,#2762);
#2762 = DEFINITIONAL_REPRESENTATION('',(#2763),#2767);
#2763 = LINE('',#2764,#2765);
#2764 = CARTESIAN_POINT('',(-4.712388980385,30.));
#2765 = VECTOR('',#2766,1.);
#2766 = DIRECTION('',(1.,0.));
#2767 = ( GEOMETRIC_REPRESENTATION_CONTEXT(2) 
PARAMETRIC_REPRESENTATION_CONTEXT() REPRESENTATION_CONTEXT('2D SPACE',''
  ) );
#2768 = PCURVE('',#2769,#2774);
#2769 = PLANE('',#2770);
#2770 = AXIS2_PLACEMENT_3D('',#2771,#2772,#2773);
#2771 = CARTESIAN_POINT('',(15.,-35.,0.));
#2772 = DIRECTION('',(1.,0.,0.));
#2773 = DIRECTION('',(0.,0.,1.));
#2774 = DEFINITIONAL_REPRESENTATION('',(#2775),#2779);
#2775 = CIRCLE('',#2776,10.);
#2776 = AXIS2_PLACEMENT_2D('',#2777,#2778);
#2777 = CARTESIAN_POINT('',(46.,-60.));
#2778 = DIRECTION('',(1.,0.));
#2779 = ( GEOMETRIC_REPRESENTATION_CONTEXT(2) 
PARAMETRIC_REPRESENTATION_CONTEXT() REPRESENTATION_CONTEXT('2D SPACE',''
  ) );
#2780 = ORIENTED_EDGE('',*,*,#2781,.F.);
#2781 = EDGE_CURVE('',#2782,#2753,#2784,.T.);
#2782 = VERTEX_POINT('',#2783);
#2783 = CARTESIAN_POINT('',(-15.,35.,46.));
#2784 = SURFACE_CURVE('',#2785,(#2789,#2796),.PCURVE_S1.);
#2785 = LINE('',#2786,#2787);
#2786 = CARTESIAN_POINT('',(-15.,35.,46.));
#2787 = VECTOR('',#2788,1.);
#2788 = DIRECTION('',(1.,0.,0.));
#2789 = PCURVE('',#2397,#2790);
#2790 = DEFINITIONAL_REPRESENTATION('',(#2791),#2795);
#2791 = LINE('',#2792,#2793);
#2792 = CARTESIAN_POINT('',(0.,0.));
#2793 = VECTOR('',#2794,1.);
#2794 = DIRECTION('',(0.,1.));
#2795 = ( GEOMETRIC_REPRESENTATION_CONTEXT(2) 
PARAMETRIC_REPRESENTATION_CONTEXT() REPRESENTATION_CONTEXT('2D SPACE',''
  ) );
#2796 = PCURVE('',#2797,#2802);
#2797 = PLANE('',#2798);
#2798 = AXIS2_PLACEMENT_3D('',#2799,#2800,#2801);
#2799 = CARTESIAN_POINT('',(-15.,35.,0.));
#2800 = DIRECTION('',(0.,1.,0.));
#2801 = DIRECTION('',(0.,0.,1.));
#2802 = DEFINITIONAL_REPRESENTATION('',(#2803),#2807);
#2803 = LINE('',#2804,#2805);
#2804 = CARTESIAN_POINT('',(46.,0.));
#2805 = VECTOR('',#2806,1.);
#2806 = DIRECTION('',(0.,1.));
#2807 = ( GEOMETRIC_REPRESENTATION_CONTEXT(2) 
PARAMETRIC_REPRESENTATION_CONTEXT() REPRESENTATION_CONTEXT('2D SPACE',''
  ) );
#2808 = ORIENTED_EDGE('',*,*,#2809,.T.);
#2809 = EDGE_CURVE('',#2782,#2387,#2810,.T.);
#2810 = SURFACE_CURVE('',#2811,(#2816,#2823),.PCURVE_S1.);
#2811 = CIRCLE('',#2812,10.);
#2812 = AXIS2_PLACEMENT_3D('',#2813,#2814,#2815);
#2813 = CARTESIAN_POINT('',(-15.,25.,46.));
#2814 = DIRECTION('',(1.,0.,0.));
#2815 = DIRECTION('',(-0.,0.,1.));
#2816 = PCURVE('',#2397,#2817);
#2817 = DEFINITIONAL_REPRESENTATION('',(#2818),#2822);
#2818 = LINE('',#2819,#2820);
#2819 = CARTESIAN_POINT('',(-4.712388980385,0.));
#2820 = VECTOR('',#2821,1.);
#2821 = DIRECTION('',(1.,0.));
#2822 = ( GEOMETRIC_REPRESENTATION_CONTEXT(2) 
PARAMETRIC_REPRESENTATION_CONTEXT() REPRESENTATION_CONTEXT('2D SPACE',''
  ) );
#2823 = PCURVE('',#2824,#2829);
#2824 = PLANE('',#2825);
#2825 = AXIS2_PLACEMENT_3D('',#2826,#2827,#2828);
#2826 = CARTESIAN_POINT('',(-15.,-35.,0.));
#2827 = DIRECTION('',(1.,0.,0.));
#2828 = DIRECTION('',(0.,0.,1.));
#2829 = DEFINITIONAL_REPRESENTATION('',(#2830),#2834);
#2830 = CIRCLE('',#2831,10.);
#2831 = AXIS2_PLACEMENT_2D('',#2832,#2833);
#2832 = CARTESIAN_POINT('',(46.,-60.));
#2833 = DIRECTION('',(1.,0.));
#2834 = ( GEOMETRIC_REPRESENTATION_CONTEXT(2) 
PARAMETRIC_REPRESENTATION_CONTEXT() REPRESENTATION_CONTEXT('2D SPACE',''
  ) );
#2835 = ADVANCED_FACE('',(#2836),#2409,.T.);
#2836 = FACE_BOUND('',#2837,.T.);
#2837 = EDGE_LOOP('',(#2838,#2868,#2901,#2924,#2945,#2946,#2977,#2978));
#2838 = ORIENTED_EDGE('',*,*,#2839,.T.);
#2839 = EDGE_CURVE('',#2840,#2842,#2844,.T.);
#2840 = VERTEX_POINT('',#2841);
#2841 = CARTESIAN_POINT('',(-15.,-25.,56.));
#2842 = VERTEX_POINT('',#2843);
#2843 = CARTESIAN_POINT('',(-4.908156476723,-25.,56.));
#2844 = SURFACE_CURVE('',#2845,(#2849,#2856),.PCURVE_S1.);
#2845 = LINE('',#2846,#2847);
#2846 = CARTESIAN_POINT('',(-15.,-25.,56.));
#2847 = VECTOR('',#2848,1.);
#2848 = DIRECTION('',(1.,0.,0.));
#2849 = PCURVE('',#2409,#2850);
#2850 = DEFINITIONAL_REPRESENTATION('',(#2851),#2855);
#2851 = LINE('',#2852,#2853);
#2852 = CARTESIAN_POINT('',(0.,10.));
#2853 = VECTOR('',#2854,1.);
#2854 = DIRECTION('',(1.,0.));
#2855 = ( GEOMETRIC_REPRESENTATION_CONTEXT(2) 
PARAMETRIC_REPRESENTATION_CONTEXT() REPRESENTATION_CONTEXT('2D SPACE',''
  ) );
#2856 = PCURVE('',#2857,#2862);
#2857 = CYLINDRICAL_SURFACE('',#2858,10.);
#2858 = AXIS2_PLACEMENT_3D('',#2859,#2860,#2861);
#2859 = CARTESIAN_POINT('',(-15.,-25.,46.));
#2860 = DIRECTION('',(1.,0.,0.));
#2861 = DIRECTION('',(0.,-1.,0.));
#2862 = DEFINITIONAL_REPRESENTATION('',(#2863),#2867);
#2863 = LINE('',#2864,#2865);
#2864 = CARTESIAN_POINT('',(-1.570796326795,0.));
#2865 = VECTOR('',#2866,1.);
#2866 = DIRECTION('',(-0.,1.));
#2867 = ( GEOMETRIC_REPRESENTATION_CONTEXT(2) 
PARAMETRIC_REPRESENTATION_CONTEXT() REPRESENTATION_CONTEXT('2D SPACE',''
  ) );
#2868 = ORIENTED_EDGE('',*,*,#2869,.T.);
#2869 = EDGE_CURVE('',#2842,#2870,#2872,.T.);
#2870 = VERTEX_POINT('',#2871);
#2871 = CARTESIAN_POINT('',(4.908156476723,-25.,56.));
#2872 = SURFACE_CURVE('',#2873,(#2878,#2889),.PCURVE_S1.);
#2873 = CIRCLE('',#2874,5.3);
#2874 = AXIS2_PLACEMENT_3D('',#2875,#2876,#2877);
#2875 = CARTESIAN_POINT('',(0.,-27.,56.));
#2876 = DIRECTION('',(-0.,0.,-1.));
#2877 = DIRECTION('',(-0.895806416478,0.444444444444,0.));
#2878 = PCURVE('',#2409,#2879);
#2879 = DEFINITIONAL_REPRESENTATION('',(#2880),#2888);
#2880 = ( BOUNDED_CURVE() B_SPLINE_CURVE(2,(#2881,#2882,#2883,#2884,
#2885,#2886,#2887),.UNSPECIFIED.,.T.,.F.) B_SPLINE_CURVE_WITH_KNOTS((1,2
    ,2,2,2,1),(-2.094395102393,0.,2.094395102393,4.188790204786,
6.28318530718,8.377580409573),.UNSPECIFIED.) CURVE() 
GEOMETRIC_REPRESENTATION_ITEM() RATIONAL_B_SPLINE_CURVE((1.,0.5,1.,0.5,
1.,0.5,1.)) REPRESENTATION_ITEM('') );
#2881 = CARTESIAN_POINT('',(10.252225992669,10.355555555556));
#2882 = CARTESIAN_POINT('',(14.332167894942,18.578941359108));
#2883 = CARTESIAN_POINT('',(19.413857954802,10.933915123999));
#2884 = CARTESIAN_POINT('',(24.495548014663,3.288888888889));
#2885 = CARTESIAN_POINT('',(15.333916052529,2.710529320446));
#2886 = CARTESIAN_POINT('',(6.172284090395,2.132169752003));
#2887 = CARTESIAN_POINT('',(10.252225992669,10.355555555556));
#2888 = ( GEOMETRIC_REPRESENTATION_CONTEXT(2) 
PARAMETRIC_REPRESENTATION_CONTEXT() REPRESENTATION_CONTEXT('2D SPACE',''
  ) );
#2889 = PCURVE('',#2890,#2895);
#2890 = CONICAL_SURFACE('',#2891,4.5,0.785398163397);
#2891 = AXIS2_PLACEMENT_3D('',#2892,#2893,#2894);
#2892 = CARTESIAN_POINT('',(0.,-27.,55.2));
#2893 = DIRECTION('',(0.,0.,1.));
#2894 = DIRECTION('',(-0.895806416478,0.444444444444,0.));
#2895 = DEFINITIONAL_REPRESENTATION('',(#2896),#2900);
#2896 = LINE('',#2897,#2898);
#2897 = CARTESIAN_POINT('',(0.,0.8));
#2898 = VECTOR('',#2899,1.);
#2899 = DIRECTION('',(-1.,-0.));
#2900 = ( GEOMETRIC_REPRESENTATION_CONTEXT(2) 
PARAMETRIC_REPRESENTATION_CONTEXT() REPRESENTATION_CONTEXT('2D SPACE',''
  ) );
#2901 = ORIENTED_EDGE('',*,*,#2902,.T.);
#2902 = EDGE_CURVE('',#2870,#2903,#2905,.T.);
#2903 = VERTEX_POINT('',#2904);
#2904 = CARTESIAN_POINT('',(15.,-25.,56.));
#2905 = SURFACE_CURVE('',#2906,(#2910,#2917),.PCURVE_S1.);
#2906 = LINE('',#2907,#2908);
#2907 = CARTESIAN_POINT('',(-15.,-25.,56.));
#2908 = VECTOR('',#2909,1.);
#2909 = DIRECTION('',(1.,0.,0.));
#2910 = PCURVE('',#2409,#2911);
#2911 = DEFINITIONAL_REPRESENTATION('',(#2912),#2916);
#2912 = LINE('',#2913,#2914);
#2913 = CARTESIAN_POINT('',(0.,10.));
#2914 = VECTOR('',#2915,1.);
#2915 = DIRECTION('',(1.,0.));
#2916 = ( GEOMETRIC_REPRESENTATION_CONTEXT(2) 
PARAMETRIC_REPRESENTATION_CONTEXT() REPRESENTATION_CONTEXT('2D SPACE',''
  ) );
#2917 = PCURVE('',#2857,#2918);
#2918 = DEFINITIONAL_REPRESENTATION('',(#2919),#2923);
#2919 = LINE('',#2920,#2921);
#2920 = CARTESIAN_POINT('',(-1.570796326795,0.));
#2921 = VECTOR('',#2922,1.);
#2922 = DIRECTION('',(-0.,1.));
#2923 = ( GEOMETRIC_REPRESENTATION_CONTEXT(2) 
PARAMETRIC_REPRESENTATION_CONTEXT() REPRESENTATION_CONTEXT('2D SPACE',''
  ) );
#2924 = ORIENTED_EDGE('',*,*,#2925,.T.);
#2925 = EDGE_CURVE('',#2903,#2730,#2926,.T.);
#2926 = SURFACE_CURVE('',#2927,(#2931,#2938),.PCURVE_S1.);
#2927 = LINE('',#2928,#2929);
#2928 = CARTESIAN_POINT('',(15.,-35.,56.));
#2929 = VECTOR('',#2930,1.);
#2930 = DIRECTION('',(0.,1.,0.));
#2931 = PCURVE('',#2409,#2932);
#2932 = DEFINITIONAL_REPRESENTATION('',(#2933),#2937);
#2933 = LINE('',#2934,#2935);
#2934 = CARTESIAN_POINT('',(30.,0.));
#2935 = VECTOR('',#2936,1.);
#2936 = DIRECTION('',(0.,1.));
#2937 = ( GEOMETRIC_REPRESENTATION_CONTEXT(2) 
PARAMETRIC_REPRESENTATION_CONTEXT() REPRESENTATION_CONTEXT('2D SPACE',''
  ) );
#2938 = PCURVE('',#2769,#2939);
#2939 = DEFINITIONAL_REPRESENTATION('',(#2940),#2944);
#2940 = LINE('',#2941,#2942);
#2941 = CARTESIAN_POINT('',(56.,0.));
#2942 = VECTOR('',#2943,1.);
#2943 = DIRECTION('',(0.,-1.));
#2944 = ( GEOMETRIC_REPRESENTATION_CONTEXT(2) 
PARAMETRIC_REPRESENTATION_CONTEXT() REPRESENTATION_CONTEXT('2D SPACE',''
  ) );
#2945 = ORIENTED_EDGE('',*,*,#2729,.F.);
#2946 = ORIENTED_EDGE('',*,*,#2947,.T.);
#2947 = EDGE_CURVE('',#2680,#2389,#2948,.T.);
#2948 = SURFACE_CURVE('',#2949,(#2954,#2965),.PCURVE_S1.);
#2949 = CIRCLE('',#2950,5.3);
#2950 = AXIS2_PLACEMENT_3D('',#2951,#2952,#2953);
#2951 = CARTESIAN_POINT('',(0.,27.,56.));
#2952 = DIRECTION('',(0.,-0.,-1.));
#2953 = DIRECTION('',(0.895806416478,-0.444444444444,0.));
#2954 = PCURVE('',#2409,#2955);
#2955 = DEFINITIONAL_REPRESENTATION('',(#2956),#2964);
#2956 = ( BOUNDED_CURVE() B_SPLINE_CURVE(2,(#2957,#2958,#2959,#2960,
#2961,#2962,#2963),.UNSPECIFIED.,.T.,.F.) B_SPLINE_CURVE_WITH_KNOTS((1,2
    ,2,2,2,1),(-2.094395102393,0.,2.094395102393,4.188790204786,
6.28318530718,8.377580409573),.UNSPECIFIED.) CURVE() 
GEOMETRIC_REPRESENTATION_ITEM() RATIONAL_B_SPLINE_CURVE((1.,0.5,1.,0.5,
1.,0.5,1.)) REPRESENTATION_ITEM('') );
#2957 = CARTESIAN_POINT('',(19.747774007331,59.644444444444));
#2958 = CARTESIAN_POINT('',(15.667832105058,51.421058640892));
#2959 = CARTESIAN_POINT('',(10.586142045198,59.066084876001));
#2960 = CARTESIAN_POINT('',(5.504451985337,66.711111111111));
#2961 = CARTESIAN_POINT('',(14.666083947471,67.289470679554));
#2962 = CARTESIAN_POINT('',(23.827715909605,67.867830247997));
#2963 = CARTESIAN_POINT('',(19.747774007331,59.644444444444));
#2964 = ( GEOMETRIC_REPRESENTATION_CONTEXT(2) 
PARAMETRIC_REPRESENTATION_CONTEXT() REPRESENTATION_CONTEXT('2D SPACE',''
  ) );
#2965 = PCURVE('',#2966,#2971);
#2966 = CONICAL_SURFACE('',#2967,4.5,0.785398163397);
#2967 = AXIS2_PLACEMENT_3D('',#2968,#2969,#2970);
#2968 = CARTESIAN_POINT('',(0.,27.,55.2));
#2969 = DIRECTION('',(0.,0.,1.));
#2970 = DIRECTION('',(0.895806416478,-0.444444444444,0.));
#2971 = DEFINITIONAL_REPRESENTATION('',(#2972),#2976);
#2972 = LINE('',#2973,#2974);
#2973 = CARTESIAN_POINT('',(-0.,0.8));
#2974 = VECTOR('',#2975,1.);
#2975 = DIRECTION('',(-1.,0.));
#2976 = ( GEOMETRIC_REPRESENTATION_CONTEXT(2) 
PARAMETRIC_REPRESENTATION_CONTEXT() REPRESENTATION_CONTEXT('2D SPACE',''
  ) );
#2977 = ORIENTED_EDGE('',*,*,#2386,.F.);
#2978 = ORIENTED_EDGE('',*,*,#2979,.F.);
#2979 = EDGE_CURVE('',#2840,#2387,#2980,.T.);
#2980 = SURFACE_CURVE('',#2981,(#2985,#2992),.PCURVE_S1.);
#2981 = LINE('',#2982,#2983);
#2982 = CARTESIAN_POINT('',(-15.,-35.,56.));
#2983 = VECTOR('',#2984,1.);
#2984 = DIRECTION('',(0.,1.,0.));
#2985 = PCURVE('',#2409,#2986);
#2986 = DEFINITIONAL_REPRESENTATION('',(#2987),#2991);
#2987 = LINE('',#2988,#2989);
#2988 = CARTESIAN_POINT('',(0.,0.));
#2989 = VECTOR('',#2990,1.);
#2990 = DIRECTION('',(0.,1.));
#2991 = ( GEOMETRIC_REPRESENTATION_CONTEXT(2) 
PARAMETRIC_REPRESENTATION_CONTEXT() REPRESENTATION_CONTEXT('2D SPACE',''
  ) );
#2992 = PCURVE('',#2824,#2993);
#2993 = DEFINITIONAL_REPRESENTATION('',(#2994),#2998);
#2994 = LINE('',#2995,#2996);
#2995 = CARTESIAN_POINT('',(56.,0.));
#2996 = VECTOR('',#2997,1.);
#2997 = DIRECTION('',(0.,-1.));
#2998 = ( GEOMETRIC_REPRESENTATION_CONTEXT(2) 
PARAMETRIC_REPRESENTATION_CONTEXT() REPRESENTATION_CONTEXT('2D SPACE',''
  ) );
#2999 = ADVANCED_FACE('',(#3000),#2579,.F.);
#3000 = FACE_BOUND('',#3001,.F.);
#3001 = EDGE_LOOP('',(#3002,#3023,#3024,#3044));
#3002 = ORIENTED_EDGE('',*,*,#3003,.T.);
#3003 = EDGE_CURVE('',#3004,#2389,#3006,.T.);
#3004 = VERTEX_POINT('',#3005);
#3005 = CARTESIAN_POINT('',(-4.167302668916,25.301886792453,55.2));
#3006 = SURFACE_CURVE('',#3007,(#3011,#3017),.PCURVE_S1.);
#3007 = LINE('',#3008,#3009);
#3008 = CARTESIAN_POINT('',(-4.167302668916,25.301886792453,55.2));
#3009 = VECTOR('',#3010,1.);
#3010 = DIRECTION('',(-0.654828439211,-0.266832747618,0.707106781187));
#3011 = PCURVE('',#2579,#3012);
#3012 = DEFINITIONAL_REPRESENTATION('',(#3013),#3016);
#3013 = B_SPLINE_CURVE_WITH_KNOTS('',1,(#3014,#3015),.UNSPECIFIED.,.F.,
  .F.,(2,2),(0.,1.131370849898),.PIECEWISE_BEZIER_KNOTS.);
#3014 = CARTESIAN_POINT('',(0.,39.372489632146));
#3015 = CARTESIAN_POINT('',(16.741202351149,39.372489632146));
#3016 = ( GEOMETRIC_REPRESENTATION_CONTEXT(2) 
PARAMETRIC_REPRESENTATION_CONTEXT() REPRESENTATION_CONTEXT('2D SPACE',''
  ) );
#3017 = PCURVE('',#2966,#3018);
#3018 = DEFINITIONAL_REPRESENTATION('',(#3019),#3022);
#3019 = B_SPLINE_CURVE_WITH_KNOTS('',1,(#3020,#3021),.UNSPECIFIED.,.F.,
  .F.,(2,2),(0.,1.131370849898),.PIECEWISE_BEZIER_KNOTS.);
#3020 = CARTESIAN_POINT('',(-2.29409642372,0.));
#3021 = CARTESIAN_POINT('',(-2.29409642372,0.8));
#3022 = ( GEOMETRIC_REPRESENTATION_CONTEXT(2) 
PARAMETRIC_REPRESENTATION_CONTEXT() REPRESENTATION_CONTEXT('2D SPACE',''
  ) );
#3023 = ORIENTED_EDGE('',*,*,#2421,.T.);
#3024 = ORIENTED_EDGE('',*,*,#3025,.F.);
#3025 = EDGE_CURVE('',#3026,#2422,#3028,.T.);
#3026 = VERTEX_POINT('',#3027);
#3027 = CARTESIAN_POINT('',(4.5,27.,55.031723155697));
#3028 = SURFACE_CURVE('',#3029,(#3032,#3038),.PCURVE_S1.);
#3029 = B_SPLINE_CURVE_WITH_KNOTS('',1,(#3030,#3031),.UNSPECIFIED.,.F.,
  .F.,(2,2),(0.,16.741202351149),.PIECEWISE_BEZIER_KNOTS.);
#3030 = CARTESIAN_POINT('',(4.5,27.,55.031723155697));
#3031 = CARTESIAN_POINT('',(5.295235298988,27.172061277844,
    55.76125759343));
#3032 = PCURVE('',#2579,#3033);
#3033 = DEFINITIONAL_REPRESENTATION('',(#3034),#3037);
#3034 = B_SPLINE_CURVE_WITH_KNOTS('',1,(#3035,#3036),.UNSPECIFIED.,.F.,
  .F.,(2,2),(0.,16.741202351149),.PIECEWISE_BEZIER_KNOTS.);
#3035 = CARTESIAN_POINT('',(0.,56.113691983295));
#3036 = CARTESIAN_POINT('',(16.741202351149,56.113691983295));
#3037 = ( GEOMETRIC_REPRESENTATION_CONTEXT(2) 
PARAMETRIC_REPRESENTATION_CONTEXT() REPRESENTATION_CONTEXT('2D SPACE',''
  ) );
#3038 = PCURVE('',#2705,#3039);
#3039 = DEFINITIONAL_REPRESENTATION('',(#3040),#3043);
#3040 = B_SPLINE_CURVE_WITH_KNOTS('',1,(#3041,#3042),.UNSPECIFIED.,.F.,
  .F.,(2,2),(0.,16.741202351149),.PIECEWISE_BEZIER_KNOTS.);
#3041 = CARTESIAN_POINT('',(0.,56.113691983295));
#3042 = CARTESIAN_POINT('',(1.653040107354,56.113691983295));
#3043 = ( GEOMETRIC_REPRESENTATION_CONTEXT(2) 
PARAMETRIC_REPRESENTATION_CONTEXT() REPRESENTATION_CONTEXT('2D SPACE',''
  ) );
#3044 = ORIENTED_EDGE('',*,*,#3045,.F.);
#3045 = EDGE_CURVE('',#3004,#3026,#3046,.T.);
#3046 = SURFACE_CURVE('',#3047,(#3094,#3101),.PCURVE_S1.);
#3047 = B_SPLINE_CURVE_WITH_KNOTS('',12,(#3048,#3049,#3050,#3051,#3052,
    #3053,#3054,#3055,#3056,#3057,#3058,#3059,#3060,#3061,#3062,#3063,
    #3064,#3065,#3066,#3067,#3068,#3069,#3070,#3071,#3072,#3073,#3074,
    #3075,#3076,#3077,#3078,#3079,#3080,#3081,#3082,#3083,#3084,#3085,
    #3086,#3087,#3088,#3089,#3090,#3091,#3092,#3093),.UNSPECIFIED.,.F.,
  .F.,(13,11,11,11,13),(39.372489632146,42.23279170966,46.99617176551,
    51.984702992979,56.113691983295),.UNSPECIFIED.);
#3048 = CARTESIAN_POINT('',(-4.167302668916,25.301886792453,55.2));
#3049 = CARTESIAN_POINT('',(-4.260011562324,25.529401670265,
    55.199999999987));
#3050 = CARTESIAN_POINT('',(-4.340386029906,25.765170447037,
    55.193435678453));
#3051 = CARTESIAN_POINT('',(-4.406961465815,26.009009897833,
    55.179242795202));
#3052 = CARTESIAN_POINT('',(-4.458882565248,26.254257556256,
    55.157667005878));
#3053 = CARTESIAN_POINT('',(-4.496041687847,26.507687667948,
    55.127133627426));
#3054 = CARTESIAN_POINT('',(-4.517261302041,26.763927923292,
    55.087713795237));
#3055 = CARTESIAN_POINT('',(-4.522011471421,27.014922207776,
    55.040443155146));
#3056 = CARTESIAN_POINT('',(-4.511560574317,27.26239919631,
    54.985781975766));
#3057 = CARTESIAN_POINT('',(-4.4873179498,27.508096458871,
    54.924341617074));
#3058 = CARTESIAN_POINT('',(-4.449409964294,27.744051611747,
    54.85773078167));
#3059 = CARTESIAN_POINT('',(-4.39920507982,27.975002490093,
    54.786084481639));
#3060 = CARTESIAN_POINT('',(-4.234840986058,28.569990973328,
    54.584941302278));
#3061 = CARTESIAN_POINT('',(-4.100518213763,28.92074680663,
    54.448682696263));
#3062 = CARTESIAN_POINT('',(-3.938547939617,29.250192337379,
    54.305203830487));
#3063 = CARTESIAN_POINT('',(-3.751515630265,29.558592989333,
    54.157260486009));
#3064 = CARTESIAN_POINT('',(-3.541953160003,29.845703470526,
    54.007912499126));
#3065 = CARTESIAN_POINT('',(-3.311521267145,30.111750391165,
    53.859711997926));
#3066 = CARTESIAN_POINT('',(-3.060560023874,30.357466654428,
    53.71455469411));
#3067 = CARTESIAN_POINT('',(-2.788596393459,30.583014082719,
    53.574433966332));
#3068 = CARTESIAN_POINT('',(-2.49528881823,30.787030607442,
    53.442233364859));
#3069 = CARTESIAN_POINT('',(-2.181006293956,30.966985330864,
    53.321629548289));
#3070 = CARTESIAN_POINT('',(-1.846783546553,31.120518913184,
    53.216154658725));
#3071 = CARTESIAN_POINT('',(-1.126107005543,31.37431675057,
    53.038717974657));
#3072 = CARTESIAN_POINT('',(-0.738124440814,31.471683101781,
    52.968648361495));
#3073 = CARTESIAN_POINT('',(-0.332027350704,31.533904880559,
    52.922524774214));
#3074 = CARTESIAN_POINT('',(8.049980912272E-02,31.551990968355,
    52.909719923214));
#3075 = CARTESIAN_POINT('',(0.496648093199,31.53873814063,
    52.917602238964));
#3076 = CARTESIAN_POINT('',(0.920884915385,31.460635754496,
    52.977696868151));
#3077 = CARTESIAN_POINT('',(1.288846435008,31.372815370198,
    53.040552707051));
#3078 = CARTESIAN_POINT('',(1.683449071086,31.223388513748,
    53.14812675185));
#3079 = CARTESIAN_POINT('',(2.016723453641,31.066004134171,
    53.257432050915));
#3080 = CARTESIAN_POINT('',(2.34736217849,30.872023206583,
    53.386933979638));
#3081 = CARTESIAN_POINT('',(2.649847582761,30.65572186966,
    53.524786909331));
#3082 = CARTESIAN_POINT('',(3.161438699418,30.216904209917,
    53.789139448738));
#3083 = CARTESIAN_POINT('',(3.377250072707,30.002317405659,
    53.913346913751));
#3084 = CARTESIAN_POINT('',(3.577171728111,29.769537193858,
    54.040936789669));
#3085 = CARTESIAN_POINT('',(3.760699248053,29.532998736891,
    54.167077989219));
#3086 = CARTESIAN_POINT('',(3.930775823743,29.245470428163,
    54.30215234795));
#3087 = CARTESIAN_POINT('',(4.073460993699,29.015174657847,
    54.414976824571));
#3088 = CARTESIAN_POINT('',(4.215815896908,28.661781251699,
    54.555822539022));
#3089 = CARTESIAN_POINT('',(4.314703020739,28.403008247366,
    54.657251195624));
#3090 = CARTESIAN_POINT('',(4.4097070394,28.050386644289,54.776132485204
    ));
#3091 = CARTESIAN_POINT('',(4.468419755064,27.712865334176,
    54.874000603704));
#3092 = CARTESIAN_POINT('',(4.5,27.359411296923,54.960535431526));
#3093 = CARTESIAN_POINT('',(4.5,27.,55.031723155697));
#3094 = PCURVE('',#2579,#3095);
#3095 = DEFINITIONAL_REPRESENTATION('',(#3096),#3100);
#3096 = LINE('',#3097,#3098);
#3097 = CARTESIAN_POINT('',(0.,0.));
#3098 = VECTOR('',#3099,1.);
#3099 = DIRECTION('',(0.,1.));
#3100 = ( GEOMETRIC_REPRESENTATION_CONTEXT(2) 
PARAMETRIC_REPRESENTATION_CONTEXT() REPRESENTATION_CONTEXT('2D SPACE',''
  ) );
#3101 = PCURVE('',#3102,#3107);
#3102 = CYLINDRICAL_SURFACE('',#3103,4.5);
#3103 = AXIS2_PLACEMENT_3D('',#3104,#3105,#3106);
#3104 = CARTESIAN_POINT('',(0.,27.,-14.0000002));
#3105 = DIRECTION('',(-0.,-0.,-1.));
#3106 = DIRECTION('',(1.,0.,0.));
#3107 = DEFINITIONAL_REPRESENTATION('',(#3108),#3191);
#3108 = B_SPLINE_CURVE_WITH_KNOTS('',11,(#3109,#3110,#3111,#3112,#3113,
    #3114,#3115,#3116,#3117,#3118,#3119,#3120,#3121,#3122,#3123,#3124,
    #3125,#3126,#3127,#3128,#3129,#3130,#3131,#3132,#3133,#3134,#3135,
    #3136,#3137,#3138,#3139,#3140,#3141,#3142,#3143,#3144,#3145,#3146,
    #3147,#3148,#3149,#3150,#3151,#3152,#3153,#3154,#3155,#3156,#3157,
    #3158,#3159,#3160,#3161,#3162,#3163,#3164,#3165,#3166,#3167,#3168,
    #3169,#3170,#3171,#3172,#3173,#3174,#3175,#3176,#3177,#3178,#3179,
    #3180,#3181,#3182,#3183,#3184,#3185,#3186,#3187,#3188,#3189,#3190),
  .UNSPECIFIED.,.F.,.F.,(12,10,10,10,10,10,10,10,12),(39.372489632146,
    41.46513992604,42.511465072987,43.557790219933,45.650440513827,
    47.743090807721,51.928391395508,54.021041689402,56.113691983295),
  .UNSPECIFIED.);
#3109 = CARTESIAN_POINT('',(-3.528534891778,-69.2000002));
#3110 = CARTESIAN_POINT('',(-3.484960826915,-69.20000019998));
#3111 = CARTESIAN_POINT('',(-3.440957688887,-69.19578123416));
#3112 = CARTESIAN_POINT('',(-3.396517988638,-69.1868048315));
#3113 = CARTESIAN_POINT('',(-3.352085715175,-69.17302791576));
#3114 = CARTESIAN_POINT('',(-3.307384339226,-69.15397652254));
#3115 = CARTESIAN_POINT('',(-3.262383457362,-69.12936605088));
#3116 = CARTESIAN_POINT('',(-3.217499182742,-69.0993441091));
#3117 = CARTESIAN_POINT('',(-3.173016178741,-69.0642101438));
#3118 = CARTESIAN_POINT('',(-3.128855420168,-69.02422354547));
#3119 = CARTESIAN_POINT('',(-3.085191351402,-68.97984877647));
#3120 = CARTESIAN_POINT('',(-3.020471965103,-68.9073290604));
#3121 = CARTESIAN_POINT('',(-2.999034837935,-68.8821681456));
#3122 = CARTESIAN_POINT('',(-2.97769311963,-68.85603336068));
#3123 = CARTESIAN_POINT('',(-2.9566572621,-68.82915148615));
#3124 = CARTESIAN_POINT('',(-2.935378537125,-68.80112849967));
#3125 = CARTESIAN_POINT('',(-2.914879854797,-68.77282457218));
#3126 = CARTESIAN_POINT('',(-2.89382949835,-68.74329051229));
#3127 = CARTESIAN_POINT('',(-2.873370603223,-68.71339539428));
#3128 = CARTESIAN_POINT('',(-2.852912685596,-68.68284077585));
#3129 = CARTESIAN_POINT('',(-2.832624126437,-68.65174312667));
#3130 = CARTESIAN_POINT('',(-2.792311489668,-68.58854287748));
#3131 = CARTESIAN_POINT('',(-2.772289475937,-68.5564396313));
#3132 = CARTESIAN_POINT('',(-2.752394700436,-68.52387727915));
#3133 = CARTESIAN_POINT('',(-2.732620177756,-68.49089903496));
#3134 = CARTESIAN_POINT('',(-2.712959003465,-68.45754731009));
#3135 = CARTESIAN_POINT('',(-2.693404354178,-68.42386371494));
#3136 = CARTESIAN_POINT('',(-2.673949487457,-68.38988905666));
#3137 = CARTESIAN_POINT('',(-2.654587741925,-68.35566334176));
#3138 = CARTESIAN_POINT('',(-2.63531253716,-68.32122577369));
#3139 = CARTESIAN_POINT('',(-2.616117373775,-68.28661475468));
#3140 = CARTESIAN_POINT('',(-2.558752752563,-68.18237414443));
#3141 = CARTESIAN_POINT('',(-2.520802369832,-68.11233570338));
#3142 = CARTESIAN_POINT('',(-2.483093701569,-68.04205654765));
#3143 = CARTESIAN_POINT('',(-2.445571169185,-67.97182118206));
#3144 = CARTESIAN_POINT('',(-2.408176147303,-67.90190188359));
#3145 = CARTESIAN_POINT('',(-2.370848512122,-67.83256596066));
#3146 = CARTESIAN_POINT('',(-2.333528189547,-67.76408300417));
#3147 = CARTESIAN_POINT('',(-2.296156703583,-67.6967321482));
#3148 = CARTESIAN_POINT('',(-2.258678724487,-67.63080932139));
#3149 = CARTESIAN_POINT('',(-2.221043617096,-67.56663450573));
#3150 = CARTESIAN_POINT('',(-2.145370361014,-67.44248347535));
#3151 = CARTESIAN_POINT('',(-2.107329487966,-67.38250226501));
#3152 = CARTESIAN_POINT('',(-2.069055081674,-67.32497685826));
#3153 = CARTESIAN_POINT('',(-2.030482242623,-67.27025051187));
#3154 = CARTESIAN_POINT('',(-1.991592298857,-67.2187267788));
#3155 = CARTESIAN_POINT('',(-1.95237823472,-67.17082995905));
#3156 = CARTESIAN_POINT('',(-1.912808836179,-67.12696469366));
#3157 = CARTESIAN_POINT('',(-1.872844625041,-67.08752525322));
#3158 = CARTESIAN_POINT('',(-1.832496599817,-67.05293837581));
#3159 = CARTESIAN_POINT('',(-1.791856746583,-67.02365683146));
#3160 = CARTESIAN_POINT('',(-1.669188192932,-66.95254892458));
#3161 = CARTESIAN_POINT('',(-1.586427510738,-66.92744643524));
#3162 = CARTESIAN_POINT('',(-1.50300656,-66.92734542306));
#3163 = CARTESIAN_POINT('',(-1.419995909992,-66.95215269946));
#3164 = CARTESIAN_POINT('',(-1.336317975446,-67.00603716696));
#3165 = CARTESIAN_POINT('',(-1.257858332112,-67.07613291613));
#3166 = CARTESIAN_POINT('',(-1.176099525034,-67.17128083347));
#3167 = CARTESIAN_POINT('',(-1.10037201972,-67.27499094189));
#3168 = CARTESIAN_POINT('',(-1.023502513386,-67.39259033421));
#3169 = CARTESIAN_POINT('',(-0.947980945314,-67.51829249669));
#3170 = CARTESIAN_POINT('',(-0.835395748242,-67.7156878167));
#3171 = CARTESIAN_POINT('',(-0.797984221259,-67.78296486651));
#3172 = CARTESIAN_POINT('',(-0.760609299863,-67.85143865987));
#3173 = CARTESIAN_POINT('',(-0.72328784325,-67.92074231181));
#3174 = CARTESIAN_POINT('',(-0.685883298422,-67.99071038795));
#3175 = CARTESIAN_POINT('',(-0.648319744976,-68.06108176795));
#3176 = CARTESIAN_POINT('',(-0.610606833045,-68.13148413931));
#3177 = CARTESIAN_POINT('',(-0.572701064077,-68.20163106905));
#3178 = CARTESIAN_POINT('',(-0.534478386004,-68.2713378103));
#3179 = CARTESIAN_POINT('',(-0.4959129786,-68.3402466831));
#3180 = CARTESIAN_POINT('',(-0.417981805001,-68.47584740955));
#3181 = CARTESIAN_POINT('',(-0.378609740817,-68.54254704131));
#3182 = CARTESIAN_POINT('',(-0.338829745074,-68.60775083851));
#3183 = CARTESIAN_POINT('',(-0.298468152469,-68.67128952607));
#3184 = CARTESIAN_POINT('',(-0.257665167967,-68.73253357559));
#3185 = CARTESIAN_POINT('',(-0.216240242943,-68.79128740906));
#3186 = CARTESIAN_POINT('',(-0.173941951956,-68.84742243533));
#3187 = CARTESIAN_POINT('',(-0.131017035006,-68.90009827524));
#3188 = CARTESIAN_POINT('',(-8.790304685584E-02,-68.94828786644));
#3189 = CARTESIAN_POINT('',(-4.415914993706E-02,-68.99236412477));
#3190 = CARTESIAN_POINT('',(4.589062177955E-16,-69.03172335569));
#3191 = ( GEOMETRIC_REPRESENTATION_CONTEXT(2) 
PARAMETRIC_REPRESENTATION_CONTEXT() REPRESENTATION_CONTEXT('2D SPACE',''
  ) );
#3192 = ADVANCED_FACE('',(#3193,#3302),#2824,.F.);
#3193 = FACE_BOUND('',#3194,.F.);
#3194 = EDGE_LOOP('',(#3195,#3225,#3253,#3274,#3275,#3276));
#3195 = ORIENTED_EDGE('',*,*,#3196,.F.);
#3196 = EDGE_CURVE('',#3197,#3199,#3201,.T.);
#3197 = VERTEX_POINT('',#3198);
#3198 = CARTESIAN_POINT('',(-15.,-35.,0.));
#3199 = VERTEX_POINT('',#3200);
#3200 = CARTESIAN_POINT('',(-15.,-35.,46.));
#3201 = SURFACE_CURVE('',#3202,(#3206,#3213),.PCURVE_S1.);
#3202 = LINE('',#3203,#3204);
#3203 = CARTESIAN_POINT('',(-15.,-35.,0.));
#3204 = VECTOR('',#3205,1.);
#3205 = DIRECTION('',(0.,0.,1.));
#3206 = PCURVE('',#2824,#3207);
#3207 = DEFINITIONAL_REPRESENTATION('',(#3208),#3212);
#3208 = LINE('',#3209,#3210);
#3209 = CARTESIAN_POINT('',(0.,0.));
#3210 = VECTOR('',#3211,1.);
#3211 = DIRECTION('',(1.,0.));
#3212 = ( GEOMETRIC_REPRESENTATION_CONTEXT(2) 
PARAMETRIC_REPRESENTATION_CONTEXT() REPRESENTATION_CONTEXT('2D SPACE',''
  ) );
#3213 = PCURVE('',#3214,#3219);
#3214 = PLANE('',#3215);
#3215 = AXIS2_PLACEMENT_3D('',#3216,#3217,#3218);
#3216 = CARTESIAN_POINT('',(-15.,-35.,0.));
#3217 = DIRECTION('',(0.,1.,0.));
#3218 = DIRECTION('',(0.,0.,1.));
#3219 = DEFINITIONAL_REPRESENTATION('',(#3220),#3224);
#3220 = LINE('',#3221,#3222);
#3221 = CARTESIAN_POINT('',(0.,0.));
#3222 = VECTOR('',#3223,1.);
#3223 = DIRECTION('',(1.,0.));
#3224 = ( GEOMETRIC_REPRESENTATION_CONTEXT(2) 
PARAMETRIC_REPRESENTATION_CONTEXT() REPRESENTATION_CONTEXT('2D SPACE',''
  ) );
#3225 = ORIENTED_EDGE('',*,*,#3226,.T.);
#3226 = EDGE_CURVE('',#3197,#3227,#3229,.T.);
#3227 = VERTEX_POINT('',#3228);
#3228 = CARTESIAN_POINT('',(-15.,35.,0.));
#3229 = SURFACE_CURVE('',#3230,(#3234,#3241),.PCURVE_S1.);
#3230 = LINE('',#3231,#3232);
#3231 = CARTESIAN_POINT('',(-15.,-35.,0.));
#3232 = VECTOR('',#3233,1.);
#3233 = DIRECTION('',(0.,1.,0.));
#3234 = PCURVE('',#2824,#3235);
#3235 = DEFINITIONAL_REPRESENTATION('',(#3236),#3240);
#3236 = LINE('',#3237,#3238);
#3237 = CARTESIAN_POINT('',(0.,0.));
#3238 = VECTOR('',#3239,1.);
#3239 = DIRECTION('',(0.,-1.));
#3240 = ( GEOMETRIC_REPRESENTATION_CONTEXT(2) 
PARAMETRIC_REPRESENTATION_CONTEXT() REPRESENTATION_CONTEXT('2D SPACE',''
  ) );
#3241 = PCURVE('',#3242,#3247);
#3242 = PLANE('',#3243);
#3243 = AXIS2_PLACEMENT_3D('',#3244,#3245,#3246);
#3244 = CARTESIAN_POINT('',(-15.,-35.,0.));
#3245 = DIRECTION('',(0.,0.,1.));
#3246 = DIRECTION('',(1.,0.,0.));
#3247 = DEFINITIONAL_REPRESENTATION('',(#3248),#3252);
#3248 = LINE('',#3249,#3250);
#3249 = CARTESIAN_POINT('',(0.,0.));
#3250 = VECTOR('',#3251,1.);
#3251 = DIRECTION('',(0.,1.));
#3252 = ( GEOMETRIC_REPRESENTATION_CONTEXT(2) 
PARAMETRIC_REPRESENTATION_CONTEXT() REPRESENTATION_CONTEXT('2D SPACE',''
  ) );
#3253 = ORIENTED_EDGE('',*,*,#3254,.T.);
#3254 = EDGE_CURVE('',#3227,#2782,#3255,.T.);
#3255 = SURFACE_CURVE('',#3256,(#3260,#3267),.PCURVE_S1.);
#3256 = LINE('',#3257,#3258);
#3257 = CARTESIAN_POINT('',(-15.,35.,0.));
#3258 = VECTOR('',#3259,1.);
#3259 = DIRECTION('',(0.,0.,1.));
#3260 = PCURVE('',#2824,#3261);
#3261 = DEFINITIONAL_REPRESENTATION('',(#3262),#3266);
#3262 = LINE('',#3263,#3264);
#3263 = CARTESIAN_POINT('',(0.,-70.));
#3264 = VECTOR('',#3265,1.);
#3265 = DIRECTION('',(1.,0.));
#3266 = ( GEOMETRIC_REPRESENTATION_CONTEXT(2) 
PARAMETRIC_REPRESENTATION_CONTEXT() REPRESENTATION_CONTEXT('2D SPACE',''
  ) );
#3267 = PCURVE('',#2797,#3268);
#3268 = DEFINITIONAL_REPRESENTATION('',(#3269),#3273);
#3269 = LINE('',#3270,#3271);
#3270 = CARTESIAN_POINT('',(0.,0.));
#3271 = VECTOR('',#3272,1.);
#3272 = DIRECTION('',(1.,0.));
#3273 = ( GEOMETRIC_REPRESENTATION_CONTEXT(2) 
PARAMETRIC_REPRESENTATION_CONTEXT() REPRESENTATION_CONTEXT('2D SPACE',''
  ) );
#3274 = ORIENTED_EDGE('',*,*,#2809,.T.);
#3275 = ORIENTED_EDGE('',*,*,#2979,.F.);
#3276 = ORIENTED_EDGE('',*,*,#3277,.F.);
#3277 = EDGE_CURVE('',#3199,#2840,#3278,.T.);
#3278 = SURFACE_CURVE('',#3279,(#3284,#3295),.PCURVE_S1.);
#3279 = CIRCLE('',#3280,10.);
#3280 = AXIS2_PLACEMENT_3D('',#3281,#3282,#3283);
#3281 = CARTESIAN_POINT('',(-15.,-25.,46.));
#3282 = DIRECTION('',(-1.,0.,-0.));
#3283 = DIRECTION('',(-0.,0.,1.));
#3284 = PCURVE('',#2824,#3285);
#3285 = DEFINITIONAL_REPRESENTATION('',(#3286),#3294);
#3286 = ( BOUNDED_CURVE() B_SPLINE_CURVE(2,(#3287,#3288,#3289,#3290,
#3291,#3292,#3293),.UNSPECIFIED.,.T.,.F.) B_SPLINE_CURVE_WITH_KNOTS((1,2
    ,2,2,2,1),(-2.094395102393,0.,2.094395102393,4.188790204786,
6.28318530718,8.377580409573),.UNSPECIFIED.) CURVE() 
GEOMETRIC_REPRESENTATION_ITEM() RATIONAL_B_SPLINE_CURVE((1.,0.5,1.,0.5,
1.,0.5,1.)) REPRESENTATION_ITEM('') );
#3287 = CARTESIAN_POINT('',(56.,-10.));
#3288 = CARTESIAN_POINT('',(56.,-27.32050807568));
#3289 = CARTESIAN_POINT('',(41.,-18.66025403784));
#3290 = CARTESIAN_POINT('',(26.,-10.));
#3291 = CARTESIAN_POINT('',(41.,-1.339745962156));
#3292 = CARTESIAN_POINT('',(56.,7.320508075689));
#3293 = CARTESIAN_POINT('',(56.,-10.));
#3294 = ( GEOMETRIC_REPRESENTATION_CONTEXT(2) 
PARAMETRIC_REPRESENTATION_CONTEXT() REPRESENTATION_CONTEXT('2D SPACE',''
  ) );
#3295 = PCURVE('',#2857,#3296);
#3296 = DEFINITIONAL_REPRESENTATION('',(#3297),#3301);
#3297 = LINE('',#3298,#3299);
#3298 = CARTESIAN_POINT('',(4.712388980385,-0.));
#3299 = VECTOR('',#3300,1.);
#3300 = DIRECTION('',(-1.,0.));
#3301 = ( GEOMETRIC_REPRESENTATION_CONTEXT(2) 
PARAMETRIC_REPRESENTATION_CONTEXT() REPRESENTATION_CONTEXT('2D SPACE',''
  ) );
#3302 = FACE_BOUND('',#3303,.F.);
#3303 = EDGE_LOOP('',(#3304));
#3304 = ORIENTED_EDGE('',*,*,#3305,.T.);
#3305 = EDGE_CURVE('',#3306,#3306,#3308,.T.);
#3306 = VERTEX_POINT('',#3307);
#3307 = CARTESIAN_POINT('',(-15.,0.,55.));
#3308 = SURFACE_CURVE('',#3309,(#3314,#3325),.PCURVE_S1.);
#3309 = CIRCLE('',#3310,21.);
#3310 = AXIS2_PLACEMENT_3D('',#3311,#3312,#3313);
#3311 = CARTESIAN_POINT('',(-15.,0.,34.));
#3312 = DIRECTION('',(-1.,0.,1.110223024625E-16));
#3313 = DIRECTION('',(1.110223024625E-16,0.,1.));
#3314 = PCURVE('',#2824,#3315);
#3315 = DEFINITIONAL_REPRESENTATION('',(#3316),#3324);
#3316 = ( BOUNDED_CURVE() B_SPLINE_CURVE(2,(#3317,#3318,#3319,#3320,
#3321,#3322,#3323),.UNSPECIFIED.,.T.,.F.) B_SPLINE_CURVE_WITH_KNOTS((1,2
    ,2,2,2,1),(-2.094395102393,0.,2.094395102393,4.188790204786,
6.28318530718,8.377580409573),.UNSPECIFIED.) CURVE() 
GEOMETRIC_REPRESENTATION_ITEM() RATIONAL_B_SPLINE_CURVE((1.,0.5,1.,0.5,
1.,0.5,1.)) REPRESENTATION_ITEM('') );
#3317 = CARTESIAN_POINT('',(55.,-35.));
#3318 = CARTESIAN_POINT('',(55.,-71.37306695894));
#3319 = CARTESIAN_POINT('',(23.5,-53.18653347947));
#3320 = CARTESIAN_POINT('',(-8.,-35.));
#3321 = CARTESIAN_POINT('',(23.5,-16.81346652052));
#3322 = CARTESIAN_POINT('',(55.,1.373066958946));
#3323 = CARTESIAN_POINT('',(55.,-35.));
#3324 = ( GEOMETRIC_REPRESENTATION_CONTEXT(2) 
PARAMETRIC_REPRESENTATION_CONTEXT() REPRESENTATION_CONTEXT('2D SPACE',''
  ) );
#3325 = PCURVE('',#3326,#3331);
#3326 = CYLINDRICAL_SURFACE('',#3327,21.);
#3327 = AXIS2_PLACEMENT_3D('',#3328,#3329,#3330);
#3328 = CARTESIAN_POINT('',(-3.,0.,34.));
#3329 = DIRECTION('',(1.,-0.,-1.110223024625E-16));
#3330 = DIRECTION('',(1.110223024625E-16,0.,1.));
#3331 = DEFINITIONAL_REPRESENTATION('',(#3332),#3336);
#3332 = LINE('',#3333,#3334);
#3333 = CARTESIAN_POINT('',(-0.,-12.));
#3334 = VECTOR('',#3335,1.);
#3335 = DIRECTION('',(-1.,0.));
#3336 = ( GEOMETRIC_REPRESENTATION_CONTEXT(2) 
PARAMETRIC_REPRESENTATION_CONTEXT() REPRESENTATION_CONTEXT('2D SPACE',''
  ) );
#3337 = ADVANCED_FACE('',(#3338),#2705,.F.);
#3338 = FACE_BOUND('',#3339,.F.);
#3339 = EDGE_LOOP('',(#3340,#3341,#3342,#3363));
#3340 = ORIENTED_EDGE('',*,*,#3025,.T.);
#3341 = ORIENTED_EDGE('',*,*,#2679,.T.);
#3342 = ORIENTED_EDGE('',*,*,#3343,.F.);
#3343 = EDGE_CURVE('',#3344,#2680,#3346,.T.);
#3344 = VERTEX_POINT('',#3345);
#3345 = CARTESIAN_POINT('',(4.167302668916,25.301886792453,55.2));
#3346 = SURFACE_CURVE('',#3347,(#3351,#3357),.PCURVE_S1.);
#3347 = LINE('',#3348,#3349);
#3348 = CARTESIAN_POINT('',(4.167302668916,25.301886792453,55.2));
#3349 = VECTOR('',#3350,1.);
#3350 = DIRECTION('',(0.654828439211,-0.266832747618,0.707106781187));
#3351 = PCURVE('',#2705,#3352);
#3352 = DEFINITIONAL_REPRESENTATION('',(#3353),#3356);
#3353 = B_SPLINE_CURVE_WITH_KNOTS('',1,(#3354,#3355),.UNSPECIFIED.,.F.,
  .F.,(2,2),(0.,1.131370849898),.PIECEWISE_BEZIER_KNOTS.);
#3354 = CARTESIAN_POINT('',(0.,57.766732090649));
#3355 = CARTESIAN_POINT('',(1.653040107354,57.766732090649));
#3356 = ( GEOMETRIC_REPRESENTATION_CONTEXT(2) 
PARAMETRIC_REPRESENTATION_CONTEXT() REPRESENTATION_CONTEXT('2D SPACE',''
  ) );
#3357 = PCURVE('',#2966,#3358);
#3358 = DEFINITIONAL_REPRESENTATION('',(#3359),#3362);
#3359 = B_SPLINE_CURVE_WITH_KNOTS('',1,(#3360,#3361),.UNSPECIFIED.,.F.,
  .F.,(2,2),(0.,1.131370849898),.PIECEWISE_BEZIER_KNOTS.);
#3360 = CARTESIAN_POINT('',(7.361175349294E-02,0.));
#3361 = CARTESIAN_POINT('',(7.361175349294E-02,0.8));
#3362 = ( GEOMETRIC_REPRESENTATION_CONTEXT(2) 
PARAMETRIC_REPRESENTATION_CONTEXT() REPRESENTATION_CONTEXT('2D SPACE',''
  ) );
#3363 = ORIENTED_EDGE('',*,*,#3364,.F.);
#3364 = EDGE_CURVE('',#3026,#3344,#3365,.T.);
#3365 = SURFACE_CURVE('',#3366,(#3375,#3382),.PCURVE_S1.);
#3366 = B_SPLINE_CURVE_WITH_KNOTS('',7,(#3367,#3368,#3369,#3370,#3371,
    #3372,#3373,#3374),.UNSPECIFIED.,.F.,.F.,(8,8),(56.113691983295,
    57.766732090649),.PIECEWISE_BEZIER_KNOTS.);
#3367 = CARTESIAN_POINT('',(4.5,27.,55.031723155697));
#3368 = CARTESIAN_POINT('',(4.5,26.753330987219,55.080580289001));
#3369 = CARTESIAN_POINT('',(4.484257263473,26.503324507969,
    55.121861732201));
#3370 = CARTESIAN_POINT('',(4.451778518551,26.252381258051,
    55.154526714991));
#3371 = CARTESIAN_POINT('',(4.403128873111,26.005525427741,
    55.178113275861));
#3372 = CARTESIAN_POINT('',(4.338389506876,25.762631767299,
    55.19303409671));
#3373 = CARTESIAN_POINT('',(4.259413076228,25.527932938564,55.2));
#3374 = CARTESIAN_POINT('',(4.167302668916,25.301886792453,55.2));
#3375 = PCURVE('',#2705,#3376);
#3376 = DEFINITIONAL_REPRESENTATION('',(#3377),#3381);
#3377 = LINE('',#3378,#3379);
#3378 = CARTESIAN_POINT('',(0.,0.));
#3379 = VECTOR('',#3380,1.);
#3380 = DIRECTION('',(0.,1.));
#3381 = ( GEOMETRIC_REPRESENTATION_CONTEXT(2) 
PARAMETRIC_REPRESENTATION_CONTEXT() REPRESENTATION_CONTEXT('2D SPACE',''
  ) );
#3382 = PCURVE('',#3102,#3383);
#3383 = DEFINITIONAL_REPRESENTATION('',(#3384),#3393);
#3384 = B_SPLINE_CURVE_WITH_KNOTS('',7,(#3385,#3386,#3387,#3388,#3389,
    #3390,#3391,#3392),.UNSPECIFIED.,.F.,.F.,(8,8),(56.113691983295,
    57.766732090649),.PIECEWISE_BEZIER_KNOTS.);
#3385 = CARTESIAN_POINT('',(-6.28318530718,-69.03172335569));
#3386 = CARTESIAN_POINT('',(-6.228369971006,-69.080580489));
#3387 = CARTESIAN_POINT('',(-6.172813690686,-69.12186215577));
#3388 = CARTESIAN_POINT('',(-6.116776396908,-69.15452642862));
#3389 = CARTESIAN_POINT('',(-6.061083826221,-69.17811389106));
#3390 = CARTESIAN_POINT('',(-6.005407786238,-69.19303415656));
#3391 = CARTESIAN_POINT('',(-5.950485864408,-69.2000002));
#3392 = CARTESIAN_POINT('',(-5.896243068991,-69.2000002));
#3393 = ( GEOMETRIC_REPRESENTATION_CONTEXT(2) 
PARAMETRIC_REPRESENTATION_CONTEXT() REPRESENTATION_CONTEXT('2D SPACE',''
  ) );
#3394 = ADVANCED_FACE('',(#3395),#2797,.T.);
#3395 = FACE_BOUND('',#3396,.T.);
#3396 = EDGE_LOOP('',(#3397,#3420,#3441,#3442));
#3397 = ORIENTED_EDGE('',*,*,#3398,.F.);
#3398 = EDGE_CURVE('',#3399,#2753,#3401,.T.);
#3399 = VERTEX_POINT('',#3400);
#3400 = CARTESIAN_POINT('',(15.,35.,0.));
#3401 = SURFACE_CURVE('',#3402,(#3406,#3413),.PCURVE_S1.);
#3402 = LINE('',#3403,#3404);
#3403 = CARTESIAN_POINT('',(15.,35.,0.));
#3404 = VECTOR('',#3405,1.);
#3405 = DIRECTION('',(0.,0.,1.));
#3406 = PCURVE('',#2797,#3407);
#3407 = DEFINITIONAL_REPRESENTATION('',(#3408),#3412);
#3408 = LINE('',#3409,#3410);
#3409 = CARTESIAN_POINT('',(0.,30.));
#3410 = VECTOR('',#3411,1.);
#3411 = DIRECTION('',(1.,0.));
#3412 = ( GEOMETRIC_REPRESENTATION_CONTEXT(2) 
PARAMETRIC_REPRESENTATION_CONTEXT() REPRESENTATION_CONTEXT('2D SPACE',''
  ) );
#3413 = PCURVE('',#2769,#3414);
#3414 = DEFINITIONAL_REPRESENTATION('',(#3415),#3419);
#3415 = LINE('',#3416,#3417);
#3416 = CARTESIAN_POINT('',(0.,-70.));
#3417 = VECTOR('',#3418,1.);
#3418 = DIRECTION('',(1.,0.));
#3419 = ( GEOMETRIC_REPRESENTATION_CONTEXT(2) 
PARAMETRIC_REPRESENTATION_CONTEXT() REPRESENTATION_CONTEXT('2D SPACE',''
  ) );
#3420 = ORIENTED_EDGE('',*,*,#3421,.F.);
#3421 = EDGE_CURVE('',#3227,#3399,#3422,.T.);
#3422 = SURFACE_CURVE('',#3423,(#3427,#3434),.PCURVE_S1.);
#3423 = LINE('',#3424,#3425);
#3424 = CARTESIAN_POINT('',(-15.,35.,0.));
#3425 = VECTOR('',#3426,1.);
#3426 = DIRECTION('',(1.,0.,0.));
#3427 = PCURVE('',#2797,#3428);
#3428 = DEFINITIONAL_REPRESENTATION('',(#3429),#3433);
#3429 = LINE('',#3430,#3431);
#3430 = CARTESIAN_POINT('',(0.,0.));
#3431 = VECTOR('',#3432,1.);
#3432 = DIRECTION('',(0.,1.));
#3433 = ( GEOMETRIC_REPRESENTATION_CONTEXT(2) 
PARAMETRIC_REPRESENTATION_CONTEXT() REPRESENTATION_CONTEXT('2D SPACE',''
  ) );
#3434 = PCURVE('',#3242,#3435);
#3435 = DEFINITIONAL_REPRESENTATION('',(#3436),#3440);
#3436 = LINE('',#3437,#3438);
#3437 = CARTESIAN_POINT('',(0.,70.));
#3438 = VECTOR('',#3439,1.);
#3439 = DIRECTION('',(1.,0.));
#3440 = ( GEOMETRIC_REPRESENTATION_CONTEXT(2) 
PARAMETRIC_REPRESENTATION_CONTEXT() REPRESENTATION_CONTEXT('2D SPACE',''
  ) );
#3441 = ORIENTED_EDGE('',*,*,#3254,.T.);
#3442 = ORIENTED_EDGE('',*,*,#2781,.T.);
#3443 = ADVANCED_FACE('',(#3444,#3521),#2769,.T.);
#3444 = FACE_BOUND('',#3445,.T.);
#3445 = EDGE_LOOP('',(#3446,#3471,#3492,#3493,#3494,#3495));
#3446 = ORIENTED_EDGE('',*,*,#3447,.F.);
#3447 = EDGE_CURVE('',#3448,#3450,#3452,.T.);
#3448 = VERTEX_POINT('',#3449);
#3449 = CARTESIAN_POINT('',(15.,-35.,0.));
#3450 = VERTEX_POINT('',#3451);
#3451 = CARTESIAN_POINT('',(15.,-35.,46.));
#3452 = SURFACE_CURVE('',#3453,(#3457,#3464),.PCURVE_S1.);
#3453 = LINE('',#3454,#3455);
#3454 = CARTESIAN_POINT('',(15.,-35.,0.));
#3455 = VECTOR('',#3456,1.);
#3456 = DIRECTION('',(0.,0.,1.));
#3457 = PCURVE('',#2769,#3458);
#3458 = DEFINITIONAL_REPRESENTATION('',(#3459),#3463);
#3459 = LINE('',#3460,#3461);
#3460 = CARTESIAN_POINT('',(0.,0.));
#3461 = VECTOR('',#3462,1.);
#3462 = DIRECTION('',(1.,0.));
#3463 = ( GEOMETRIC_REPRESENTATION_CONTEXT(2) 
PARAMETRIC_REPRESENTATION_CONTEXT() REPRESENTATION_CONTEXT('2D SPACE',''
  ) );
#3464 = PCURVE('',#3214,#3465);
#3465 = DEFINITIONAL_REPRESENTATION('',(#3466),#3470);
#3466 = LINE('',#3467,#3468);
#3467 = CARTESIAN_POINT('',(0.,30.));
#3468 = VECTOR('',#3469,1.);
#3469 = DIRECTION('',(1.,0.));
#3470 = ( GEOMETRIC_REPRESENTATION_CONTEXT(2) 
PARAMETRIC_REPRESENTATION_CONTEXT() REPRESENTATION_CONTEXT('2D SPACE',''
  ) );
#3471 = ORIENTED_EDGE('',*,*,#3472,.T.);
#3472 = EDGE_CURVE('',#3448,#3399,#3473,.T.);
#3473 = SURFACE_CURVE('',#3474,(#3478,#3485),.PCURVE_S1.);
#3474 = LINE('',#3475,#3476);
#3475 = CARTESIAN_POINT('',(15.,-35.,0.));
#3476 = VECTOR('',#3477,1.);
#3477 = DIRECTION('',(0.,1.,0.));
#3478 = PCURVE('',#2769,#3479);
#3479 = DEFINITIONAL_REPRESENTATION('',(#3480),#3484);
#3480 = LINE('',#3481,#3482);
#3481 = CARTESIAN_POINT('',(0.,0.));
#3482 = VECTOR('',#3483,1.);
#3483 = DIRECTION('',(0.,-1.));
#3484 = ( GEOMETRIC_REPRESENTATION_CONTEXT(2) 
PARAMETRIC_REPRESENTATION_CONTEXT() REPRESENTATION_CONTEXT('2D SPACE',''
  ) );
#3485 = PCURVE('',#3242,#3486);
#3486 = DEFINITIONAL_REPRESENTATION('',(#3487),#3491);
#3487 = LINE('',#3488,#3489);
#3488 = CARTESIAN_POINT('',(30.,0.));
#3489 = VECTOR('',#3490,1.);
#3490 = DIRECTION('',(0.,1.));
#3491 = ( GEOMETRIC_REPRESENTATION_CONTEXT(2) 
PARAMETRIC_REPRESENTATION_CONTEXT() REPRESENTATION_CONTEXT('2D SPACE',''
  ) );
#3492 = ORIENTED_EDGE('',*,*,#3398,.T.);
#3493 = ORIENTED_EDGE('',*,*,#2752,.T.);
#3494 = ORIENTED_EDGE('',*,*,#2925,.F.);
#3495 = ORIENTED_EDGE('',*,*,#3496,.F.);
#3496 = EDGE_CURVE('',#3450,#2903,#3497,.T.);
#3497 = SURFACE_CURVE('',#3498,(#3503,#3514),.PCURVE_S1.);
#3498 = CIRCLE('',#3499,10.);
#3499 = AXIS2_PLACEMENT_3D('',#3500,#3501,#3502);
#3500 = CARTESIAN_POINT('',(15.,-25.,46.));
#3501 = DIRECTION('',(-1.,0.,-0.));
#3502 = DIRECTION('',(-0.,0.,1.));
#3503 = PCURVE('',#2769,#3504);
#3504 = DEFINITIONAL_REPRESENTATION('',(#3505),#3513);
#3505 = ( BOUNDED_CURVE() B_SPLINE_CURVE(2,(#3506,#3507,#3508,#3509,
#3510,#3511,#3512),.UNSPECIFIED.,.T.,.F.) B_SPLINE_CURVE_WITH_KNOTS((1,2
    ,2,2,2,1),(-2.094395102393,0.,2.094395102393,4.188790204786,
6.28318530718,8.377580409573),.UNSPECIFIED.) CURVE() 
GEOMETRIC_REPRESENTATION_ITEM() RATIONAL_B_SPLINE_CURVE((1.,0.5,1.,0.5,
1.,0.5,1.)) REPRESENTATION_ITEM('') );
#3506 = CARTESIAN_POINT('',(56.,-10.));
#3507 = CARTESIAN_POINT('',(56.,-27.32050807568));
#3508 = CARTESIAN_POINT('',(41.,-18.66025403784));
#3509 = CARTESIAN_POINT('',(26.,-10.));
#3510 = CARTESIAN_POINT('',(41.,-1.339745962156));
#3511 = CARTESIAN_POINT('',(56.,7.320508075689));
#3512 = CARTESIAN_POINT('',(56.,-10.));
#3513 = ( GEOMETRIC_REPRESENTATION_CONTEXT(2) 
PARAMETRIC_REPRESENTATION_CONTEXT() REPRESENTATION_CONTEXT('2D SPACE',''
  ) );
#3514 = PCURVE('',#2857,#3515);
#3515 = DEFINITIONAL_REPRESENTATION('',(#3516),#3520);
#3516 = LINE('',#3517,#3518);
#3517 = CARTESIAN_POINT('',(4.712388980385,30.));
#3518 = VECTOR('',#3519,1.);
#3519 = DIRECTION('',(-1.,0.));
#3520 = ( GEOMETRIC_REPRESENTATION_CONTEXT(2) 
PARAMETRIC_REPRESENTATION_CONTEXT() REPRESENTATION_CONTEXT('2D SPACE',''
  ) );
#3521 = FACE_BOUND('',#3522,.T.);
#3522 = EDGE_LOOP('',(#3523));
#3523 = ORIENTED_EDGE('',*,*,#3524,.F.);
#3524 = EDGE_CURVE('',#3525,#3525,#3527,.T.);
#3525 = VERTEX_POINT('',#3526);
#3526 = CARTESIAN_POINT('',(15.,0.,13.));
#3527 = SURFACE_CURVE('',#3528,(#3533,#3540),.PCURVE_S1.);
#3528 = CIRCLE('',#3529,21.);
#3529 = AXIS2_PLACEMENT_3D('',#3530,#3531,#3532);
#3530 = CARTESIAN_POINT('',(15.,0.,34.));
#3531 = DIRECTION('',(1.,-0.,1.110223024625E-16));
#3532 = DIRECTION('',(1.110223024625E-16,0.,-1.));
#3533 = PCURVE('',#2769,#3534);
#3534 = DEFINITIONAL_REPRESENTATION('',(#3535),#3539);
#3535 = CIRCLE('',#3536,21.);
#3536 = AXIS2_PLACEMENT_2D('',#3537,#3538);
#3537 = CARTESIAN_POINT('',(34.,-35.));
#3538 = DIRECTION('',(-1.,0.));
#3539 = ( GEOMETRIC_REPRESENTATION_CONTEXT(2) 
PARAMETRIC_REPRESENTATION_CONTEXT() REPRESENTATION_CONTEXT('2D SPACE',''
  ) );
#3540 = PCURVE('',#3541,#3546);
#3541 = CYLINDRICAL_SURFACE('',#3542,21.);
#3542 = AXIS2_PLACEMENT_3D('',#3543,#3544,#3545);
#3543 = CARTESIAN_POINT('',(3.,0.,34.));
#3544 = DIRECTION('',(-1.,-0.,-1.110223024625E-16));
#3545 = DIRECTION('',(1.110223024625E-16,0.,-1.));
#3546 = DEFINITIONAL_REPRESENTATION('',(#3547),#3551);
#3547 = LINE('',#3548,#3549);
#3548 = CARTESIAN_POINT('',(-0.,-12.));
#3549 = VECTOR('',#3550,1.);
#3550 = DIRECTION('',(-1.,0.));
#3551 = ( GEOMETRIC_REPRESENTATION_CONTEXT(2) 
PARAMETRIC_REPRESENTATION_CONTEXT() REPRESENTATION_CONTEXT('2D SPACE',''
  ) );
#3552 = ADVANCED_FACE('',(#3553),#2857,.T.);
#3553 = FACE_BOUND('',#3554,.F.);
#3554 = EDGE_LOOP('',(#3555,#3556,#3816,#3860,#3861,#3862,#3883));
#3555 = ORIENTED_EDGE('',*,*,#2839,.T.);
#3556 = ORIENTED_EDGE('',*,*,#3557,.F.);
#3557 = EDGE_CURVE('',#3558,#2842,#3560,.T.);
#3558 = VERTEX_POINT('',#3559);
#3559 = CARTESIAN_POINT('',(5.295231753405,-27.17208108578,
    55.761253185773));
#3560 = SURFACE_CURVE('',#3561,(#3612,#3708),.PCURVE_S1.);
#3561 = B_SPLINE_CURVE_WITH_KNOTS('',13,(#3562,#3563,#3564,#3565,#3566,
    #3567,#3568,#3569,#3570,#3571,#3572,#3573,#3574,#3575,#3576,#3577,
    #3578,#3579,#3580,#3581,#3582,#3583,#3584,#3585,#3586,#3587,#3588,
    #3589,#3590,#3591,#3592,#3593,#3594,#3595,#3596,#3597,#3598,#3599,
    #3600,#3601,#3602,#3603,#3604,#3605,#3606,#3607,#3608,#3609,#3610,
    #3611),.UNSPECIFIED.,.F.,.F.,(14,12,12,12,14),(41.025644927338,
    45.154941054476,50.144205567551,54.90657711735,57.766732087121),
  .UNSPECIFIED.);
#3562 = CARTESIAN_POINT('',(5.295231753405,-27.17208108578,
    55.761253185773));
#3563 = CARTESIAN_POINT('',(5.280068651921,-27.59029166479,
    55.66819266667));
#3564 = CARTESIAN_POINT('',(5.228774379677,-27.99546704172,
    55.557761397152));
#3565 = CARTESIAN_POINT('',(5.14144173452,-28.38448264776,
    55.430790145863));
#3566 = CARTESIAN_POINT('',(5.038419969009,-28.73791997367,
    55.301341043541));
#3567 = CARTESIAN_POINT('',(4.866539799729,-29.12325155243,
    55.130659378698));
#3568 = CARTESIAN_POINT('',(4.767855401885,-29.3320869874,
    55.034759831475));
#3569 = CARTESIAN_POINT('',(4.526300523561,-29.75570660176,
    54.821438040399));
#3570 = CARTESIAN_POINT('',(4.388224665042,-29.91198642496,
    54.721874102898));
#3571 = CARTESIAN_POINT('',(4.156136755588,-30.2265977454,
    54.542409625603));
#3572 = CARTESIAN_POINT('',(3.950455591332,-30.43045900611,
    54.405767138134));
#3573 = CARTESIAN_POINT('',(3.71971106027,-30.64884750495,
    54.258343387545));
#3574 = CARTESIAN_POINT('',(3.480243047804,-30.84255885359,
    54.118744663059));
#3575 = CARTESIAN_POINT('',(2.925507654178,-31.23489226265,
    53.822940374907));
#3576 = CARTESIAN_POINT('',(2.605410783888,-31.42491384159,
    53.669888576579));
#3577 = CARTESIAN_POINT('',(2.268052785089,-31.59144338706,
    53.527587112921));
#3578 = CARTESIAN_POINT('',(1.916765819484,-31.73300184184,
    53.400293600074));
#3579 = CARTESIAN_POINT('',(1.549413074205,-31.85070718471,
    53.289590743105));
#3580 = CARTESIAN_POINT('',(1.165344055285,-31.94383552695,
    53.198608129367));
#3581 = CARTESIAN_POINT('',(0.767666609402,-32.00946932056,
    53.132587654177));
#3582 = CARTESIAN_POINT('',(0.36124167096,-32.04524266523,
    53.096084101708));
#3583 = CARTESIAN_POINT('',(-4.850518630855E-02,-32.05085718674,
    53.090717593847));
#3584 = CARTESIAN_POINT('',(-0.45497377227,-32.02696842539,
    53.115479308895));
#3585 = CARTESIAN_POINT('',(-0.851864787662,-31.97408551264,
    53.168120397239));
#3586 = CARTESIAN_POINT('',(-1.238195843214,-31.89414002142,
    53.245111556791));
#3587 = CARTESIAN_POINT('',(-1.965955749521,-31.68711033518,
    53.436498769869));
#3588 = CARTESIAN_POINT('',(-2.30841636275,-31.56250698322,
    53.548907851545));
#3589 = CARTESIAN_POINT('',(-2.637673465285,-31.41493938605,
    53.677662070502));
#3590 = CARTESIAN_POINT('',(-2.951108479125,-31.24608061767,
    53.819138875989));
#3591 = CARTESIAN_POINT('',(-3.250452711708,-31.05538807435,
    53.971306254052));
#3592 = CARTESIAN_POINT('',(-3.535506520104,-30.8425738493,
    54.13189875573));
#3593 = CARTESIAN_POINT('',(-3.804459629588,-30.60773771068,
    54.298392375647));
#3594 = CARTESIAN_POINT('',(-4.057152198652,-30.34988934443,
    54.468988847519));
#3595 = CARTESIAN_POINT('',(-4.294540101855,-30.06651576849,
    54.642563863294));
#3596 = CARTESIAN_POINT('',(-4.514588801063,-29.75494587483,
    54.81732220333));
#3597 = CARTESIAN_POINT('',(-4.711670911053,-29.41365427129,
    54.990006590348));
#3598 = CARTESIAN_POINT('',(-4.883136048143,-29.04145898435,
    55.157198425572));
#3599 = CARTESIAN_POINT('',(-5.106855523489,-28.3955804267,
    55.40944872803));
#3600 = CARTESIAN_POINT('',(-5.179451406516,-28.14190036197,
    55.500677477027));
#3601 = CARTESIAN_POINT('',(-5.239139606537,-27.87698839991,
    55.587385451998));
#3602 = CARTESIAN_POINT('',(-5.284801395204,-27.60216508825,
    55.668430551883));
#3603 = CARTESIAN_POINT('',(-5.314907372818,-27.31784463833,
    55.742737343213));
#3604 = CARTESIAN_POINT('',(-5.32780692987,-27.02506629082,
    55.809109262898));
#3605 = CARTESIAN_POINT('',(-5.322208601503,-26.72652184121,
    55.866282378443));
#3606 = CARTESIAN_POINT('',(-5.297460164405,-26.4260167202,
    55.913253103545));
#3607 = CARTESIAN_POINT('',(-5.253598702396,-26.12715437931,
    55.94963392237));
#3608 = CARTESIAN_POINT('',(-5.191305552635,-25.83263773525,
    55.975740381692));
#3609 = CARTESIAN_POINT('',(-5.11186910697,-25.54493736032,
    55.992290145828));
#3610 = CARTESIAN_POINT('',(-5.01702981523,-25.26718369076,
    55.999999999982));
#3611 = CARTESIAN_POINT('',(-4.908156476723,-25.,56.));
#3612 = PCURVE('',#2857,#3613);
#3613 = DEFINITIONAL_REPRESENTATION('',(#3614),#3707);
#3614 = B_SPLINE_CURVE_WITH_KNOTS('',10,(#3615,#3616,#3617,#3618,#3619,
    #3620,#3621,#3622,#3623,#3624,#3625,#3626,#3627,#3628,#3629,#3630,
    #3631,#3632,#3633,#3634,#3635,#3636,#3637,#3638,#3639,#3640,#3641,
    #3642,#3643,#3644,#3645,#3646,#3647,#3648,#3649,#3650,#3651,#3652,
    #3653,#3654,#3655,#3656,#3657,#3658,#3659,#3660,#3661,#3662,#3663,
    #3664,#3665,#3666,#3667,#3668,#3669,#3670,#3671,#3672,#3673,#3674,
    #3675,#3676,#3677,#3678,#3679,#3680,#3681,#3682,#3683,#3684,#3685,
    #3686,#3687,#3688,#3689,#3690,#3691,#3692,#3693,#3694,#3695,#3696,
    #3697,#3698,#3699,#3700,#3701,#3702,#3703,#3704,#3705,#3706),
  .UNSPECIFIED.,.F.,.F.,(11,9,9,9,9,9,9,9,9,9,11),(41.025644927338,
    43.118280822311,44.164598769797,45.210916717284,49.396188507229,
    50.442506454716,51.488824402202,53.581460297175,54.627778244662,
    55.674096192148,57.766732087121),.UNSPECIFIED.);
#3615 = CARTESIAN_POINT('',(-1.351842948203,20.295231753405));
#3616 = CARTESIAN_POINT('',(-1.323616877123,20.285242131854));
#3617 = CARTESIAN_POINT('',(-1.295785513964,20.259146112891));
#3618 = CARTESIAN_POINT('',(-1.268453509167,20.217180056935));
#3619 = CARTESIAN_POINT('',(-1.241943775974,20.162948190931));
#3620 = CARTESIAN_POINT('',(-1.215776616652,20.092689266295));
#3621 = CARTESIAN_POINT('',(-1.191037237759,20.014182188728));
#3622 = CARTESIAN_POINT('',(-1.166962228814,19.924506903883));
#3623 = CARTESIAN_POINT('',(-1.143829324937,19.826296978943));
#3624 = CARTESIAN_POINT('',(-1.121513820885,19.719745802348));
#3625 = CARTESIAN_POINT('',(-1.08929262805,19.548694768843));
#3626 = CARTESIAN_POINT('',(-1.078759681172,19.48980054932));
#3627 = CARTESIAN_POINT('',(-1.068434407995,19.429124331248));
#3628 = CARTESIAN_POINT('',(-1.058315174687,19.366745598633));
#3629 = CARTESIAN_POINT('',(-1.048399109233,19.302730672137));
#3630 = CARTESIAN_POINT('',(-1.038682720044,19.237135271258));
#3631 = CARTESIAN_POINT('',(-1.029162514567,19.170007076915));
#3632 = CARTESIAN_POINT('',(-1.019835617899,19.10138829356));
#3633 = CARTESIAN_POINT('',(-1.010700391399,19.031318211734));
#3634 = CARTESIAN_POINT('',(-0.992813711188,18.888353328838));
#3635 = CARTESIAN_POINT('',(-0.984060375098,18.815452415223));
#3636 = CARTESIAN_POINT('',(-0.975508685535,18.74121407095));
#3637 = CARTESIAN_POINT('',(-0.96712288699,18.665544108494));
#3638 = CARTESIAN_POINT('',(-0.958959743992,18.588673573042));
#3639 = CARTESIAN_POINT('',(-0.950972277052,18.510456524699));
#3640 = CARTESIAN_POINT('',(-0.943135754105,18.430816035587));
#3641 = CARTESIAN_POINT('',(-0.935534612343,18.350057038891));
#3642 = CARTESIAN_POINT('',(-0.928105867618,18.267960931041));
#3643 = CARTESIAN_POINT('',(-0.89191701136,17.851164384429));
#3644 = CARTESIAN_POINT('',(-0.866011720424,17.497397626558));
#3645 = CARTESIAN_POINT('',(-0.843232218193,17.123244593377));
#3646 = CARTESIAN_POINT('',(-0.824039327246,16.732344818098));
#3647 = CARTESIAN_POINT('',(-0.808407893235,16.320360930102));
#3648 = CARTESIAN_POINT('',(-0.797099724333,15.889721753434));
#3649 = CARTESIAN_POINT('',(-0.790958387967,15.448701754124));
#3650 = CARTESIAN_POINT('',(-0.7899392638,15.004221106059));
#3651 = CARTESIAN_POINT('',(-0.793969561092,14.565198686405));
#3652 = CARTESIAN_POINT('',(-0.804838035884,14.029603063846));
#3653 = CARTESIAN_POINT('',(-0.807303454844,13.923139545762));
#3654 = CARTESIAN_POINT('',(-0.810055321941,13.817440328447));
#3655 = CARTESIAN_POINT('',(-0.813086761751,13.712560231655));
#3656 = CARTESIAN_POINT('',(-0.816391101449,13.608554261382));
#3657 = CARTESIAN_POINT('',(-0.819961771197,13.505495220472));
#3658 = CARTESIAN_POINT('',(-0.823791488101,13.403465868109));
#3659 = CARTESIAN_POINT('',(-0.827871909005,13.302536626665));
#3660 = CARTESIAN_POINT('',(-0.832194937471,13.202739835007));
#3661 = CARTESIAN_POINT('',(-0.841318802986,13.005363258659));
#3662 = CARTESIAN_POINT('',(-0.846119099018,12.907798929382));
#3663 = CARTESIAN_POINT('',(-0.85115117616,12.811380691553));
#3664 = CARTESIAN_POINT('',(-0.856408937876,12.716128157455));
#3665 = CARTESIAN_POINT('',(-0.861886773266,12.622058419001));
#3666 = CARTESIAN_POINT('',(-0.867579557058,12.529186047886));
#3667 = CARTESIAN_POINT('',(-0.873482649614,12.437523095413));
#3668 = CARTESIAN_POINT('',(-0.879591896929,12.347079092648));
#3669 = CARTESIAN_POINT('',(-0.885903630628,12.257861050313));
#3670 = CARTESIAN_POINT('',(-0.905436742649,11.993898275901));
#3671 = CARTESIAN_POINT('',(-0.919255835741,11.82285544843));
#3672 = CARTESIAN_POINT('',(-0.933847532069,11.656808268694));
#3673 = CARTESIAN_POINT('',(-0.949192743412,11.495839597047));
#3674 = CARTESIAN_POINT('',(-0.965280849712,11.34004150575));
#3675 = CARTESIAN_POINT('',(-0.98211113374,11.18952029885));
#3676 = CARTESIAN_POINT('',(-0.999692509146,11.044416907446));
#3677 = CARTESIAN_POINT('',(-1.018041541969,10.904942661118));
#3678 = CARTESIAN_POINT('',(-1.03717876555,10.771430434793));
#3679 = CARTESIAN_POINT('',(-1.067095550544,10.580886540016));
#3680 = CARTESIAN_POINT('',(-1.077269479592,10.518989760539));
#3681 = CARTESIAN_POINT('',(-1.087647721897,10.458776647937));
#3682 = CARTESIAN_POINT('',(-1.098232630695,10.400320898956));
#3683 = CARTESIAN_POINT('',(-1.109026266596,10.343704092405));
#3684 = CARTESIAN_POINT('',(-1.120030397565,10.289015689039));
#3685 = CARTESIAN_POINT('',(-1.131246498945,10.236353031698));
#3686 = CARTESIAN_POINT('',(-1.142675753435,10.185821345176));
#3687 = CARTESIAN_POINT('',(-1.154319051108,10.137533736319));
#3688 = CARTESIAN_POINT('',(-1.17803492769,10.045688651615));
#3689 = CARTESIAN_POINT('',(-1.190107535684,10.00213379803));
#3690 = CARTESIAN_POINT('',(-1.20239330951,9.961059250202));
#3691 = CARTESIAN_POINT('',(-1.214898786837,9.922594952418));
#3692 = CARTESIAN_POINT('',(-1.227622111194,9.886900194167));
#3693 = CARTESIAN_POINT('',(-1.240552003306,9.854151861592));
#3694 = CARTESIAN_POINT('',(-1.253674445814,9.824523833763));
#3695 = CARTESIAN_POINT('',(-1.26697938775,9.798172435725));
#3696 = CARTESIAN_POINT('',(-1.280459775135,9.775242859619));
#3697 = CARTESIAN_POINT('',(-1.321366091909,9.717248677891));
#3698 = CARTESIAN_POINT('',(-1.349263050577,9.692960561738));
#3699 = CARTESIAN_POINT('',(-1.377647612836,9.684286101701));
#3700 = CARTESIAN_POINT('',(-1.406365820289,9.692393075679));
#3701 = CARTESIAN_POINT('',(-1.435127528392,9.717997526021));
#3702 = CARTESIAN_POINT('',(-1.463633094658,9.761221457944));
#3703 = CARTESIAN_POINT('',(-1.49165506938,9.821532035843));
#3704 = CARTESIAN_POINT('',(-1.51898780875,9.897753281989));
#3705 = CARTESIAN_POINT('',(-1.545383240998,9.988289017964));
#3706 = CARTESIAN_POINT('',(-1.570796326795,10.091843523277));
#3707 = ( GEOMETRIC_REPRESENTATION_CONTEXT(2) 
PARAMETRIC_REPRESENTATION_CONTEXT() REPRESENTATION_CONTEXT('2D SPACE',''
  ) );
#3708 = PCURVE('',#3709,#3810);
#3709 = B_SPLINE_SURFACE_WITH_KNOTS('',1,13,(
    (#3710,#3711,#3712,#3713,#3714,#3715,#3716,#3717,#3718,#3719,#3720
      ,#3721,#3722,#3723,#3724,#3725,#3726,#3727,#3728,#3729,#3730,#3731
      ,#3732,#3733,#3734,#3735,#3736,#3737,#3738,#3739,#3740,#3741,#3742
      ,#3743,#3744,#3745,#3746,#3747,#3748,#3749,#3750,#3751,#3752,#3753
      ,#3754,#3755,#3756,#3757,#3758,#3759)
    ,(#3760,#3761,#3762,#3763,#3764,#3765,#3766,#3767,#3768,#3769,#3770
      ,#3771,#3772,#3773,#3774,#3775,#3776,#3777,#3778,#3779,#3780,#3781
      ,#3782,#3783,#3784,#3785,#3786,#3787,#3788,#3789,#3790,#3791,#3792
      ,#3793,#3794,#3795,#3796,#3797,#3798,#3799,#3800,#3801,#3802,#3803
      ,#3804,#3805,#3806,#3807,#3808,#3809
    )),.UNSPECIFIED.,.F.,.F.,.F.,(2,2),(14,12,12,12,14),(0.,
    16.741087159784),(41.025644927338,45.154941054476,50.144205567551,
    54.90657711735,57.766732087121),.UNSPECIFIED.);
#3710 = CARTESIAN_POINT('',(5.295231753405,-27.17208108578,
    55.761253185773));
#3711 = CARTESIAN_POINT('',(5.280068651921,-27.59029166479,
    55.66819266667));
#3712 = CARTESIAN_POINT('',(5.228774379677,-27.99546704172,
    55.557761397152));
#3713 = CARTESIAN_POINT('',(5.14144173452,-28.38448264776,
    55.430790145863));
#3714 = CARTESIAN_POINT('',(5.038419969009,-28.73791997367,
    55.301341043541));
#3715 = CARTESIAN_POINT('',(4.866539799729,-29.12325155243,
    55.130659378698));
#3716 = CARTESIAN_POINT('',(4.767855401885,-29.3320869874,
    55.034759831475));
#3717 = CARTESIAN_POINT('',(4.526300523561,-29.75570660176,
    54.821438040399));
#3718 = CARTESIAN_POINT('',(4.388224665042,-29.91198642496,
    54.721874102898));
#3719 = CARTESIAN_POINT('',(4.156136755588,-30.2265977454,
    54.542409625603));
#3720 = CARTESIAN_POINT('',(3.950455591332,-30.43045900611,
    54.405767138134));
#3721 = CARTESIAN_POINT('',(3.71971106027,-30.64884750495,
    54.258343387545));
#3722 = CARTESIAN_POINT('',(3.480243047804,-30.84255885359,
    54.118744663059));
#3723 = CARTESIAN_POINT('',(2.925507654178,-31.23489226265,
    53.822940374907));
#3724 = CARTESIAN_POINT('',(2.605410783888,-31.42491384159,
    53.669888576579));
#3725 = CARTESIAN_POINT('',(2.268052785089,-31.59144338706,
    53.527587112921));
#3726 = CARTESIAN_POINT('',(1.916765819484,-31.73300184184,
    53.400293600074));
#3727 = CARTESIAN_POINT('',(1.549413074205,-31.85070718471,
    53.289590743105));
#3728 = CARTESIAN_POINT('',(1.165344055285,-31.94383552695,
    53.198608129367));
#3729 = CARTESIAN_POINT('',(0.767666609402,-32.00946932056,
    53.132587654177));
#3730 = CARTESIAN_POINT('',(0.36124167096,-32.04524266523,
    53.096084101708));
#3731 = CARTESIAN_POINT('',(-4.850518630855E-02,-32.05085718674,
    53.090717593847));
#3732 = CARTESIAN_POINT('',(-0.45497377227,-32.02696842539,
    53.115479308895));
#3733 = CARTESIAN_POINT('',(-0.851864787662,-31.97408551264,
    53.168120397239));
#3734 = CARTESIAN_POINT('',(-1.238195843214,-31.89414002142,
    53.245111556791));
#3735 = CARTESIAN_POINT('',(-1.965955749521,-31.68711033518,
    53.436498769869));
#3736 = CARTESIAN_POINT('',(-2.30841636275,-31.56250698322,
    53.548907851545));
#3737 = CARTESIAN_POINT('',(-2.637673465285,-31.41493938605,
    53.677662070502));
#3738 = CARTESIAN_POINT('',(-2.951108479125,-31.24608061767,
    53.819138875989));
#3739 = CARTESIAN_POINT('',(-3.250452711708,-31.05538807435,
    53.971306254052));
#3740 = CARTESIAN_POINT('',(-3.535506520104,-30.8425738493,
    54.13189875573));
#3741 = CARTESIAN_POINT('',(-3.804459629588,-30.60773771068,
    54.298392375647));
#3742 = CARTESIAN_POINT('',(-4.057152198652,-30.34988934443,
    54.468988847519));
#3743 = CARTESIAN_POINT('',(-4.294540101855,-30.06651576849,
    54.642563863294));
#3744 = CARTESIAN_POINT('',(-4.514588801063,-29.75494587483,
    54.81732220333));
#3745 = CARTESIAN_POINT('',(-4.711670911053,-29.41365427129,
    54.990006590348));
#3746 = CARTESIAN_POINT('',(-4.883136048143,-29.04145898435,
    55.157198425572));
#3747 = CARTESIAN_POINT('',(-5.106855523489,-28.3955804267,
    55.40944872803));
#3748 = CARTESIAN_POINT('',(-5.179451406516,-28.14190036197,
    55.500677477027));
#3749 = CARTESIAN_POINT('',(-5.239139606537,-27.87698839991,
    55.587385451998));
#3750 = CARTESIAN_POINT('',(-5.284801395204,-27.60216508825,
    55.668430551883));
#3751 = CARTESIAN_POINT('',(-5.314907372818,-27.31784463833,
    55.742737343213));
#3752 = CARTESIAN_POINT('',(-5.32780692987,-27.02506629082,
    55.809109262898));
#3753 = CARTESIAN_POINT('',(-5.322208601503,-26.72652184121,
    55.866282378443));
#3754 = CARTESIAN_POINT('',(-5.297460164405,-26.4260167202,
    55.913253103545));
#3755 = CARTESIAN_POINT('',(-5.253598702396,-26.12715437931,
    55.94963392237));
#3756 = CARTESIAN_POINT('',(-5.191305552635,-25.83263773525,
    55.975740381692));
#3757 = CARTESIAN_POINT('',(-5.11186910697,-25.54493736032,
    55.992290145828));
#3758 = CARTESIAN_POINT('',(-5.01702981523,-25.26718369076,
    55.999999999982));
#3759 = CARTESIAN_POINT('',(-4.908156476723,-25.,56.));
#3760 = CARTESIAN_POINT('',(4.5,-27.,55.031721430803));
#3761 = CARTESIAN_POINT('',(4.499999999999,-27.33171941054,
    54.966016653185));
#3762 = CARTESIAN_POINT('',(4.473599396536,-27.65795674454,
    54.887581108462));
#3763 = CARTESIAN_POINT('',(4.421103559574,-27.97538686583,
    54.797095372197));
#3764 = CARTESIAN_POINT('',(4.351528572637,-28.27949478162,
    54.700903081235));
#3765 = CARTESIAN_POINT('',(4.239589599482,-28.59405248924,
    54.580455247934));
#3766 = CARTESIAN_POINT('',(4.15616277513,-28.8131634373,54.497404423777
    ));
#3767 = CARTESIAN_POINT('',(3.99355492505,-29.15295802921,
    54.348728821603));
#3768 = CARTESIAN_POINT('',(3.873627272444,-29.33850275881,
    54.258249345927));
#3769 = CARTESIAN_POINT('',(3.700792589632,-29.61245863117,
    54.125082070466));
#3770 = CARTESIAN_POINT('',(3.53203377228,-29.8215747024,54.012352224315
    ));
#3771 = CARTESIAN_POINT('',(3.343882726389,-30.03556930016,
    53.894108548182));
#3772 = CARTESIAN_POINT('',(3.143589207575,-30.23221414551,
    53.779913877904));
#3773 = CARTESIAN_POINT('',(2.671403832211,-30.63723255977,
    53.53592579447));
#3774 = CARTESIAN_POINT('',(2.393600233822,-30.8388259137,
    53.408124308795));
#3775 = CARTESIAN_POINT('',(2.095550063197,-31.02009852839,
    53.287976035722));
#3776 = CARTESIAN_POINT('',(1.780027461403,-31.1780636119,
    53.179514949775));
#3777 = CARTESIAN_POINT('',(1.445390229676,-31.31231557794,
    53.084462172974));
#3778 = CARTESIAN_POINT('',(1.09121619639,-31.42071762668,
    53.005843051233));
#3779 = CARTESIAN_POINT('',(0.720626261622,-31.49859337562,
    52.948521819743));
#3780 = CARTESIAN_POINT('',(0.339149456495,-31.54152669164,
    52.916762472728));
#3781 = CARTESIAN_POINT('',(-4.627041647732E-02,-31.5479155042,
    52.912152756144));
#3782 = CARTESIAN_POINT('',(-0.427508672486,-31.51891538809,
    52.933746216243));
#3783 = CARTESIAN_POINT('',(-0.797497021156,-31.45677941662,
    52.979345247696));
#3784 = CARTESIAN_POINT('',(-1.154680051456,-31.36428496204,
    53.045727007982));
#3785 = CARTESIAN_POINT('',(-1.820048869788,-31.12990465517,
    53.209588887597));
#3786 = CARTESIAN_POINT('',(-2.129751261926,-30.99055961569,
    53.305467561177));
#3787 = CARTESIAN_POINT('',(-2.422811116916,-30.8282848783,
    53.414498362441));
#3788 = CARTESIAN_POINT('',(-2.698108776921,-30.64608370802,
    53.533589138777));
#3789 = CARTESIAN_POINT('',(-2.955840224894,-30.44445136316,
    53.66053021505));
#3790 = CARTESIAN_POINT('',(-3.195813783817,-30.22488658184,
    53.79281138513));
#3791 = CARTESIAN_POINT('',(-3.417759428154,-29.9889266979,
    53.928106198722));
#3792 = CARTESIAN_POINT('',(-3.621979760571,-29.7360095214,
    54.065004304529));
#3793 = CARTESIAN_POINT('',(-3.808528355838,-29.46446419791,
    54.202392475116));
#3794 = CARTESIAN_POINT('',(-3.975728253186,-29.17451894125,
    54.338114295635));
#3795 = CARTESIAN_POINT('',(-4.120733573231,-28.86782292563,
    54.469223252845));
#3796 = CARTESIAN_POINT('',(-4.242483318268,-28.54205067959,
    54.594331549552));
#3797 = CARTESIAN_POINT('',(-4.394230121239,-27.99317643283,
    54.779937078763));
#3798 = CARTESIAN_POINT('',(-4.441523657468,-27.78104265168,
    54.846309605244));
#3799 = CARTESIAN_POINT('',(-4.478347475974,-27.56263117222,
    54.908788664823));
#3800 = CARTESIAN_POINT('',(-4.50411302381,-27.33947479447,
    54.96658983552));
#3801 = CARTESIAN_POINT('',(-4.518045939053,-27.11187342057,
    55.019093244642));
#3802 = CARTESIAN_POINT('',(-4.519345055501,-26.88025757903,
    55.065683323994));
#3803 = CARTESIAN_POINT('',(-4.507427062015,-26.64628066119,
    55.105693602045));
#3804 = CARTESIAN_POINT('',(-4.482056417035,-26.41240970698,
    55.138575473217));
#3805 = CARTESIAN_POINT('',(-4.44335092612,-26.18074976525,
    55.164134876623));
#3806 = CARTESIAN_POINT('',(-4.391740545199,-25.95250195337,
    55.182603287321));
#3807 = CARTESIAN_POINT('',(-4.327940523825,-25.72882059891,
    55.194429915744));
#3808 = CARTESIAN_POINT('',(-4.25287990267,-25.5119000195,55.19999999999
    ));
#3809 = CARTESIAN_POINT('',(-4.167302668916,-25.30188679245,55.2));
#3810 = DEFINITIONAL_REPRESENTATION('',(#3811),#3815);
#3811 = LINE('',#3812,#3813);
#3812 = CARTESIAN_POINT('',(0.,0.));
#3813 = VECTOR('',#3814,1.);
#3814 = DIRECTION('',(0.,1.));
#3815 = ( GEOMETRIC_REPRESENTATION_CONTEXT(2) 
PARAMETRIC_REPRESENTATION_CONTEXT() REPRESENTATION_CONTEXT('2D SPACE',''
  ) );
#3816 = ORIENTED_EDGE('',*,*,#3817,.F.);
#3817 = EDGE_CURVE('',#2870,#3558,#3818,.T.);
#3818 = SURFACE_CURVE('',#3819,(#3827,#3838),.PCURVE_S1.);
#3819 = B_SPLINE_CURVE_WITH_KNOTS('',6,(#3820,#3821,#3822,#3823,#3824,
    #3825,#3826),.UNSPECIFIED.,.F.,.F.,(7,7),(39.372489630582,
    41.025644927338),.PIECEWISE_BEZIER_KNOTS.);
#3820 = CARTESIAN_POINT('',(4.908156476723,-25.,56.));
#3821 = CARTESIAN_POINT('',(5.044872672047,-25.33551223977,56.));
#3822 = CARTESIAN_POINT('',(5.157127373976,-25.68957601322,
    55.986520353547));
#3823 = CARTESIAN_POINT('',(5.24080728355,-26.05980663789,
    55.956553062933));
#3824 = CARTESIAN_POINT('',(5.291139888333,-26.43482050195,
    55.90828545771));
#3825 = CARTESIAN_POINT('',(5.308384539816,-26.80931661926,
    55.841975796008));
#3826 = CARTESIAN_POINT('',(5.295231753405,-27.17208108578,
    55.761253185773));
#3827 = PCURVE('',#2857,#3828);
#3828 = DEFINITIONAL_REPRESENTATION('',(#3829),#3837);
#3829 = B_SPLINE_CURVE_WITH_KNOTS('',6,(#3830,#3831,#3832,#3833,#3834,
    #3835,#3836),.UNSPECIFIED.,.F.,.F.,(7,7),(39.372489630582,
    41.025644927338),.PIECEWISE_BEZIER_KNOTS.);
#3830 = CARTESIAN_POINT('',(-1.570796326795,19.908156476723));
#3831 = CARTESIAN_POINT('',(-1.537245102817,20.044872672047));
#3832 = CARTESIAN_POINT('',(-1.50183865341,20.157127408019));
#3833 = CARTESIAN_POINT('',(-1.464748024706,20.240807243687));
#3834 = CARTESIAN_POINT('',(-1.427002894757,20.291139894298));
#3835 = CARTESIAN_POINT('',(-1.389006666797,20.308384539816));
#3836 = CARTESIAN_POINT('',(-1.351842948203,20.295231753405));
#3837 = ( GEOMETRIC_REPRESENTATION_CONTEXT(2) 
PARAMETRIC_REPRESENTATION_CONTEXT() REPRESENTATION_CONTEXT('2D SPACE',''
  ) );
#3838 = PCURVE('',#3839,#3854);
#3839 = B_SPLINE_SURFACE_WITH_KNOTS('',1,6,(
    (#3840,#3841,#3842,#3843,#3844,#3845,#3846)
    ,(#3847,#3848,#3849,#3850,#3851,#3852,#3853
  )),.UNSPECIFIED.,.F.,.F.,.F.,(2,2),(7,7),(0.,1.653155296756),(
    39.372489630582,41.025644927338),.PIECEWISE_BEZIER_KNOTS.);
#3840 = CARTESIAN_POINT('',(4.908156476723,-25.,56.));
#3841 = CARTESIAN_POINT('',(5.044872672047,-25.33551223977,56.));
#3842 = CARTESIAN_POINT('',(5.157127373976,-25.68957601322,
    55.986520353547));
#3843 = CARTESIAN_POINT('',(5.24080728355,-26.05980663789,
    55.956553062933));
#3844 = CARTESIAN_POINT('',(5.291139888333,-26.43482050195,
    55.90828545771));
#3845 = CARTESIAN_POINT('',(5.308384539816,-26.80931661926,
    55.841975796008));
#3846 = CARTESIAN_POINT('',(5.295231753405,-27.17208108578,
    55.761253185773));
#3847 = CARTESIAN_POINT('',(4.167302668916,-25.30188679245,55.2));
#3848 = CARTESIAN_POINT('',(4.274764356309,-25.56560618094,55.2));
#3849 = CARTESIAN_POINT('',(4.363870740327,-25.84145169255,
    55.190267037443));
#3850 = CARTESIAN_POINT('',(4.432471424379,-26.12837961499,
    55.168953994507));
#3851 = CARTESIAN_POINT('',(4.47785150921,-26.41915406834,
    55.135187105763));
#3852 = CARTESIAN_POINT('',(4.5,-26.71225975371,55.088715107661));
#3853 = CARTESIAN_POINT('',(4.5,-27.,55.031721430803));
#3854 = DEFINITIONAL_REPRESENTATION('',(#3855),#3859);
#3855 = LINE('',#3856,#3857);
#3856 = CARTESIAN_POINT('',(0.,0.));
#3857 = VECTOR('',#3858,1.);
#3858 = DIRECTION('',(0.,1.));
#3859 = ( GEOMETRIC_REPRESENTATION_CONTEXT(2) 
PARAMETRIC_REPRESENTATION_CONTEXT() REPRESENTATION_CONTEXT('2D SPACE',''
  ) );
#3860 = ORIENTED_EDGE('',*,*,#2902,.T.);
#3861 = ORIENTED_EDGE('',*,*,#3496,.F.);
#3862 = ORIENTED_EDGE('',*,*,#3863,.F.);
#3863 = EDGE_CURVE('',#3199,#3450,#3864,.T.);
#3864 = SURFACE_CURVE('',#3865,(#3869,#3876),.PCURVE_S1.);
#3865 = LINE('',#3866,#3867);
#3866 = CARTESIAN_POINT('',(-15.,-35.,46.));
#3867 = VECTOR('',#3868,1.);
#3868 = DIRECTION('',(1.,0.,0.));
#3869 = PCURVE('',#2857,#3870);
#3870 = DEFINITIONAL_REPRESENTATION('',(#3871),#3875);
#3871 = LINE('',#3872,#3873);
#3872 = CARTESIAN_POINT('',(-0.,0.));
#3873 = VECTOR('',#3874,1.);
#3874 = DIRECTION('',(-0.,1.));
#3875 = ( GEOMETRIC_REPRESENTATION_CONTEXT(2) 
PARAMETRIC_REPRESENTATION_CONTEXT() REPRESENTATION_CONTEXT('2D SPACE',''
  ) );
#3876 = PCURVE('',#3214,#3877);
#3877 = DEFINITIONAL_REPRESENTATION('',(#3878),#3882);
#3878 = LINE('',#3879,#3880);
#3879 = CARTESIAN_POINT('',(46.,0.));
#3880 = VECTOR('',#3881,1.);
#3881 = DIRECTION('',(0.,1.));
#3882 = ( GEOMETRIC_REPRESENTATION_CONTEXT(2) 
PARAMETRIC_REPRESENTATION_CONTEXT() REPRESENTATION_CONTEXT('2D SPACE',''
  ) );
#3883 = ORIENTED_EDGE('',*,*,#3277,.T.);
#3884 = ADVANCED_FACE('',(#3885),#2890,.F.);
#3885 = FACE_BOUND('',#3886,.F.);
#3886 = EDGE_LOOP('',(#3887,#3908,#3909,#3930));
#3887 = ORIENTED_EDGE('',*,*,#3888,.F.);
#3888 = EDGE_CURVE('',#2842,#3889,#3891,.T.);
#3889 = VERTEX_POINT('',#3890);
#3890 = CARTESIAN_POINT('',(-4.167302668916,-25.30188679245,55.2));
#3891 = SURFACE_CURVE('',#3892,(#3896,#3902),.PCURVE_S1.);
#3892 = LINE('',#3893,#3894);
#3893 = CARTESIAN_POINT('',(-4.167302668916,-25.30188679245,55.2));
#3894 = VECTOR('',#3895,1.);
#3895 = DIRECTION('',(0.654828439211,-0.266832747618,-0.707106781187));
#3896 = PCURVE('',#2890,#3897);
#3897 = DEFINITIONAL_REPRESENTATION('',(#3898),#3901);
#3898 = B_SPLINE_CURVE_WITH_KNOTS('',1,(#3899,#3900),.UNSPECIFIED.,.F.,
  .F.,(2,2),(-1.131370849898,0.),.PIECEWISE_BEZIER_KNOTS.);
#3899 = CARTESIAN_POINT('',(7.361175349294E-02,0.8));
#3900 = CARTESIAN_POINT('',(7.361175349294E-02,0.));
#3901 = ( GEOMETRIC_REPRESENTATION_CONTEXT(2) 
PARAMETRIC_REPRESENTATION_CONTEXT() REPRESENTATION_CONTEXT('2D SPACE',''
  ) );
#3902 = PCURVE('',#3709,#3903);
#3903 = DEFINITIONAL_REPRESENTATION('',(#3904),#3907);
#3904 = B_SPLINE_CURVE_WITH_KNOTS('',1,(#3905,#3906),.UNSPECIFIED.,.F.,
  .F.,(2,2),(-1.131370849898,0.),.PIECEWISE_BEZIER_KNOTS.);
#3905 = CARTESIAN_POINT('',(0.,57.766732087121));
#3906 = CARTESIAN_POINT('',(16.741087159784,57.766732087121));
#3907 = ( GEOMETRIC_REPRESENTATION_CONTEXT(2) 
PARAMETRIC_REPRESENTATION_CONTEXT() REPRESENTATION_CONTEXT('2D SPACE',''
  ) );
#3908 = ORIENTED_EDGE('',*,*,#2869,.T.);
#3909 = ORIENTED_EDGE('',*,*,#3910,.T.);
#3910 = EDGE_CURVE('',#2870,#3911,#3913,.T.);
#3911 = VERTEX_POINT('',#3912);
#3912 = CARTESIAN_POINT('',(4.167302668916,-25.30188679245,55.2));
#3913 = SURFACE_CURVE('',#3914,(#3918,#3924),.PCURVE_S1.);
#3914 = LINE('',#3915,#3916);
#3915 = CARTESIAN_POINT('',(4.167302668916,-25.30188679245,55.2));
#3916 = VECTOR('',#3917,1.);
#3917 = DIRECTION('',(-0.654828439211,-0.266832747618,-0.707106781187));
#3918 = PCURVE('',#2890,#3919);
#3919 = DEFINITIONAL_REPRESENTATION('',(#3920),#3923);
#3920 = B_SPLINE_CURVE_WITH_KNOTS('',1,(#3921,#3922),.UNSPECIFIED.,.F.,
  .F.,(2,2),(-1.131370849898,0.),.PIECEWISE_BEZIER_KNOTS.);
#3921 = CARTESIAN_POINT('',(-2.29409642372,0.8));
#3922 = CARTESIAN_POINT('',(-2.29409642372,0.));
#3923 = ( GEOMETRIC_REPRESENTATION_CONTEXT(2) 
PARAMETRIC_REPRESENTATION_CONTEXT() REPRESENTATION_CONTEXT('2D SPACE',''
  ) );
#3924 = PCURVE('',#3839,#3925);
#3925 = DEFINITIONAL_REPRESENTATION('',(#3926),#3929);
#3926 = B_SPLINE_CURVE_WITH_KNOTS('',1,(#3927,#3928),.UNSPECIFIED.,.F.,
  .F.,(2,2),(-1.131370849898,0.),.PIECEWISE_BEZIER_KNOTS.);
#3927 = CARTESIAN_POINT('',(0.,39.372489630582));
#3928 = CARTESIAN_POINT('',(1.653155296756,39.372489630582));
#3929 = ( GEOMETRIC_REPRESENTATION_CONTEXT(2) 
PARAMETRIC_REPRESENTATION_CONTEXT() REPRESENTATION_CONTEXT('2D SPACE',''
  ) );
#3930 = ORIENTED_EDGE('',*,*,#3931,.F.);
#3931 = EDGE_CURVE('',#3889,#3911,#3932,.T.);
#3932 = SURFACE_CURVE('',#3933,(#3938,#3945),.PCURVE_S1.);
#3933 = CIRCLE('',#3934,4.5);
#3934 = AXIS2_PLACEMENT_3D('',#3935,#3936,#3937);
#3935 = CARTESIAN_POINT('',(0.,-27.,55.2));
#3936 = DIRECTION('',(-0.,0.,-1.));
#3937 = DIRECTION('',(-0.895806416478,0.444444444444,0.));
#3938 = PCURVE('',#2890,#3939);
#3939 = DEFINITIONAL_REPRESENTATION('',(#3940),#3944);
#3940 = LINE('',#3941,#3942);
#3941 = CARTESIAN_POINT('',(-0.,-0.));
#3942 = VECTOR('',#3943,1.);
#3943 = DIRECTION('',(-1.,-0.));
#3944 = ( GEOMETRIC_REPRESENTATION_CONTEXT(2) 
PARAMETRIC_REPRESENTATION_CONTEXT() REPRESENTATION_CONTEXT('2D SPACE',''
  ) );
#3945 = PCURVE('',#3946,#3951);
#3946 = CYLINDRICAL_SURFACE('',#3947,4.5);
#3947 = AXIS2_PLACEMENT_3D('',#3948,#3949,#3950);
#3948 = CARTESIAN_POINT('',(0.,-27.,-14.0000002));
#3949 = DIRECTION('',(-0.,-0.,-1.));
#3950 = DIRECTION('',(1.,0.,0.));
#3951 = DEFINITIONAL_REPRESENTATION('',(#3952),#3956);
#3952 = LINE('',#3953,#3954);
#3953 = CARTESIAN_POINT('',(-2.681038661908,-69.2000002));
#3954 = VECTOR('',#3955,1.);
#3955 = DIRECTION('',(1.,-0.));
#3956 = ( GEOMETRIC_REPRESENTATION_CONTEXT(2) 
PARAMETRIC_REPRESENTATION_CONTEXT() REPRESENTATION_CONTEXT('2D SPACE',''
  ) );
#3957 = ADVANCED_FACE('',(#3958),#2966,.F.);
#3958 = FACE_BOUND('',#3959,.T.);
#3959 = EDGE_LOOP('',(#3960,#3961,#3983,#3984));
#3960 = ORIENTED_EDGE('',*,*,#3343,.F.);
#3961 = ORIENTED_EDGE('',*,*,#3962,.T.);
#3962 = EDGE_CURVE('',#3344,#3004,#3963,.T.);
#3963 = SURFACE_CURVE('',#3964,(#3969,#3976),.PCURVE_S1.);
#3964 = CIRCLE('',#3965,4.5);
#3965 = AXIS2_PLACEMENT_3D('',#3966,#3967,#3968);
#3966 = CARTESIAN_POINT('',(0.,27.,55.2));
#3967 = DIRECTION('',(0.,-0.,-1.));
#3968 = DIRECTION('',(0.895806416478,-0.444444444444,0.));
#3969 = PCURVE('',#2966,#3970);
#3970 = DEFINITIONAL_REPRESENTATION('',(#3971),#3975);
#3971 = LINE('',#3972,#3973);
#3972 = CARTESIAN_POINT('',(-0.,0.));
#3973 = VECTOR('',#3974,1.);
#3974 = DIRECTION('',(-1.,0.));
#3975 = ( GEOMETRIC_REPRESENTATION_CONTEXT(2) 
PARAMETRIC_REPRESENTATION_CONTEXT() REPRESENTATION_CONTEXT('2D SPACE',''
  ) );
#3976 = PCURVE('',#3102,#3977);
#3977 = DEFINITIONAL_REPRESENTATION('',(#3978),#3982);
#3978 = LINE('',#3979,#3980);
#3979 = CARTESIAN_POINT('',(-5.822631315498,-69.2000002));
#3980 = VECTOR('',#3981,1.);
#3981 = DIRECTION('',(1.,-0.));
#3982 = ( GEOMETRIC_REPRESENTATION_CONTEXT(2) 
PARAMETRIC_REPRESENTATION_CONTEXT() REPRESENTATION_CONTEXT('2D SPACE',''
  ) );
#3983 = ORIENTED_EDGE('',*,*,#3003,.T.);
#3984 = ORIENTED_EDGE('',*,*,#2947,.F.);
#3985 = ADVANCED_FACE('',(#3986),#3102,.F.);
#3986 = FACE_BOUND('',#3987,.T.);
#3987 = EDGE_LOOP('',(#3988,#4011,#4012,#4013,#4014,#4015));
#3988 = ORIENTED_EDGE('',*,*,#3989,.T.);
#3989 = EDGE_CURVE('',#3990,#3026,#3992,.T.);
#3990 = VERTEX_POINT('',#3991);
#3991 = CARTESIAN_POINT('',(4.5,27.,0.));
#3992 = SEAM_CURVE('',#3993,(#3997,#4004),.PCURVE_S1.);
#3993 = LINE('',#3994,#3995);
#3994 = CARTESIAN_POINT('',(4.5,27.,-14.0000002));
#3995 = VECTOR('',#3996,1.);
#3996 = DIRECTION('',(0.,0.,1.));
#3997 = PCURVE('',#3102,#3998);
#3998 = DEFINITIONAL_REPRESENTATION('',(#3999),#4003);
#3999 = LINE('',#4000,#4001);
#4000 = CARTESIAN_POINT('',(-0.,0.));
#4001 = VECTOR('',#4002,1.);
#4002 = DIRECTION('',(-0.,-1.));
#4003 = ( GEOMETRIC_REPRESENTATION_CONTEXT(2) 
PARAMETRIC_REPRESENTATION_CONTEXT() REPRESENTATION_CONTEXT('2D SPACE',''
  ) );
#4004 = PCURVE('',#3102,#4005);
#4005 = DEFINITIONAL_REPRESENTATION('',(#4006),#4010);
#4006 = LINE('',#4007,#4008);
#4007 = CARTESIAN_POINT('',(-6.28318530718,0.));
#4008 = VECTOR('',#4009,1.);
#4009 = DIRECTION('',(-0.,-1.));
#4010 = ( GEOMETRIC_REPRESENTATION_CONTEXT(2) 
PARAMETRIC_REPRESENTATION_CONTEXT() REPRESENTATION_CONTEXT('2D SPACE',''
  ) );
#4011 = ORIENTED_EDGE('',*,*,#3045,.F.);
#4012 = ORIENTED_EDGE('',*,*,#3962,.F.);
#4013 = ORIENTED_EDGE('',*,*,#3364,.F.);
#4014 = ORIENTED_EDGE('',*,*,#3989,.F.);
#4015 = ORIENTED_EDGE('',*,*,#4016,.F.);
#4016 = EDGE_CURVE('',#3990,#3990,#4017,.T.);
#4017 = SURFACE_CURVE('',#4018,(#4023,#4030),.PCURVE_S1.);
#4018 = CIRCLE('',#4019,4.5);
#4019 = AXIS2_PLACEMENT_3D('',#4020,#4021,#4022);
#4020 = CARTESIAN_POINT('',(9.992007221626E-16,27.,0.));
#4021 = DIRECTION('',(0.,0.,1.));
#4022 = DIRECTION('',(1.,0.,-0.));
#4023 = PCURVE('',#3102,#4024);
#4024 = DEFINITIONAL_REPRESENTATION('',(#4025),#4029);
#4025 = LINE('',#4026,#4027);
#4026 = CARTESIAN_POINT('',(-0.,-14.0000002));
#4027 = VECTOR('',#4028,1.);
#4028 = DIRECTION('',(-1.,-0.));
#4029 = ( GEOMETRIC_REPRESENTATION_CONTEXT(2) 
PARAMETRIC_REPRESENTATION_CONTEXT() REPRESENTATION_CONTEXT('2D SPACE',''
  ) );
#4030 = PCURVE('',#3242,#4031);
#4031 = DEFINITIONAL_REPRESENTATION('',(#4032),#4036);
#4032 = CIRCLE('',#4033,4.5);
#4033 = AXIS2_PLACEMENT_2D('',#4034,#4035);
#4034 = CARTESIAN_POINT('',(15.,62.));
#4035 = DIRECTION('',(1.,0.));
#4036 = ( GEOMETRIC_REPRESENTATION_CONTEXT(2) 
PARAMETRIC_REPRESENTATION_CONTEXT() REPRESENTATION_CONTEXT('2D SPACE',''
  ) );
#4037 = ADVANCED_FACE('',(#4038),#3214,.F.);
#4038 = FACE_BOUND('',#4039,.F.);
#4039 = EDGE_LOOP('',(#4040,#4041,#4062,#4063));
#4040 = ORIENTED_EDGE('',*,*,#3447,.F.);
#4041 = ORIENTED_EDGE('',*,*,#4042,.F.);
#4042 = EDGE_CURVE('',#3197,#3448,#4043,.T.);
#4043 = SURFACE_CURVE('',#4044,(#4048,#4055),.PCURVE_S1.);
#4044 = LINE('',#4045,#4046);
#4045 = CARTESIAN_POINT('',(-15.,-35.,0.));
#4046 = VECTOR('',#4047,1.);
#4047 = DIRECTION('',(1.,0.,0.));
#4048 = PCURVE('',#3214,#4049);
#4049 = DEFINITIONAL_REPRESENTATION('',(#4050),#4054);
#4050 = LINE('',#4051,#4052);
#4051 = CARTESIAN_POINT('',(0.,0.));
#4052 = VECTOR('',#4053,1.);
#4053 = DIRECTION('',(0.,1.));
#4054 = ( GEOMETRIC_REPRESENTATION_CONTEXT(2) 
PARAMETRIC_REPRESENTATION_CONTEXT() REPRESENTATION_CONTEXT('2D SPACE',''
  ) );
#4055 = PCURVE('',#3242,#4056);
#4056 = DEFINITIONAL_REPRESENTATION('',(#4057),#4061);
#4057 = LINE('',#4058,#4059);
#4058 = CARTESIAN_POINT('',(0.,0.));
#4059 = VECTOR('',#4060,1.);
#4060 = DIRECTION('',(1.,0.));
#4061 = ( GEOMETRIC_REPRESENTATION_CONTEXT(2) 
PARAMETRIC_REPRESENTATION_CONTEXT() REPRESENTATION_CONTEXT('2D SPACE',''
  ) );
#4062 = ORIENTED_EDGE('',*,*,#3196,.T.);
#4063 = ORIENTED_EDGE('',*,*,#3863,.T.);
#4064 = ADVANCED_FACE('',(#4065,#4071,#4097),#3242,.F.);
#4065 = FACE_BOUND('',#4066,.F.);
#4066 = EDGE_LOOP('',(#4067,#4068,#4069,#4070));
#4067 = ORIENTED_EDGE('',*,*,#3226,.F.);
#4068 = ORIENTED_EDGE('',*,*,#4042,.T.);
#4069 = ORIENTED_EDGE('',*,*,#3472,.T.);
#4070 = ORIENTED_EDGE('',*,*,#3421,.F.);
#4071 = FACE_BOUND('',#4072,.F.);
#4072 = EDGE_LOOP('',(#4073));
#4073 = ORIENTED_EDGE('',*,*,#4074,.F.);
#4074 = EDGE_CURVE('',#4075,#4075,#4077,.T.);
#4075 = VERTEX_POINT('',#4076);
#4076 = CARTESIAN_POINT('',(4.5,-27.,0.));
#4077 = SURFACE_CURVE('',#4078,(#4083,#4090),.PCURVE_S1.);
#4078 = CIRCLE('',#4079,4.5);
#4079 = AXIS2_PLACEMENT_3D('',#4080,#4081,#4082);
#4080 = CARTESIAN_POINT('',(9.992007221626E-16,-27.,0.));
#4081 = DIRECTION('',(0.,0.,1.));
#4082 = DIRECTION('',(1.,0.,-0.));
#4083 = PCURVE('',#3242,#4084);
#4084 = DEFINITIONAL_REPRESENTATION('',(#4085),#4089);
#4085 = CIRCLE('',#4086,4.5);
#4086 = AXIS2_PLACEMENT_2D('',#4087,#4088);
#4087 = CARTESIAN_POINT('',(15.,8.));
#4088 = DIRECTION('',(1.,0.));
#4089 = ( GEOMETRIC_REPRESENTATION_CONTEXT(2) 
PARAMETRIC_REPRESENTATION_CONTEXT() REPRESENTATION_CONTEXT('2D SPACE',''
  ) );
#4090 = PCURVE('',#3946,#4091);
#4091 = DEFINITIONAL_REPRESENTATION('',(#4092),#4096);
#4092 = LINE('',#4093,#4094);
#4093 = CARTESIAN_POINT('',(-0.,-14.0000002));
#4094 = VECTOR('',#4095,1.);
#4095 = DIRECTION('',(-1.,-0.));
#4096 = ( GEOMETRIC_REPRESENTATION_CONTEXT(2) 
PARAMETRIC_REPRESENTATION_CONTEXT() REPRESENTATION_CONTEXT('2D SPACE',''
  ) );
#4097 = FACE_BOUND('',#4098,.F.);
#4098 = EDGE_LOOP('',(#4099));
#4099 = ORIENTED_EDGE('',*,*,#4016,.F.);
#4100 = ADVANCED_FACE('',(#4101),#3326,.F.);
#4101 = FACE_BOUND('',#4102,.T.);
#4102 = EDGE_LOOP('',(#4103,#4126,#4127,#4128));
#4103 = ORIENTED_EDGE('',*,*,#4104,.T.);
#4104 = EDGE_CURVE('',#4105,#3306,#4107,.T.);
#4105 = VERTEX_POINT('',#4106);
#4106 = CARTESIAN_POINT('',(-3.,0.,55.));
#4107 = SEAM_CURVE('',#4108,(#4112,#4119),.PCURVE_S1.);
#4108 = LINE('',#4109,#4110);
#4109 = CARTESIAN_POINT('',(-3.,0.,55.));
#4110 = VECTOR('',#4111,1.);
#4111 = DIRECTION('',(-1.,0.,1.110223024625E-16));
#4112 = PCURVE('',#3326,#4113);
#4113 = DEFINITIONAL_REPRESENTATION('',(#4114),#4118);
#4114 = LINE('',#4115,#4116);
#4115 = CARTESIAN_POINT('',(-0.,0.));
#4116 = VECTOR('',#4117,1.);
#4117 = DIRECTION('',(-0.,-1.));
#4118 = ( GEOMETRIC_REPRESENTATION_CONTEXT(2) 
PARAMETRIC_REPRESENTATION_CONTEXT() REPRESENTATION_CONTEXT('2D SPACE',''
  ) );
#4119 = PCURVE('',#3326,#4120);
#4120 = DEFINITIONAL_REPRESENTATION('',(#4121),#4125);
#4121 = LINE('',#4122,#4123);
#4122 = CARTESIAN_POINT('',(-6.28318530718,0.));
#4123 = VECTOR('',#4124,1.);
#4124 = DIRECTION('',(-0.,-1.));
#4125 = ( GEOMETRIC_REPRESENTATION_CONTEXT(2) 
PARAMETRIC_REPRESENTATION_CONTEXT() REPRESENTATION_CONTEXT('2D SPACE',''
  ) );
#4126 = ORIENTED_EDGE('',*,*,#3305,.T.);
#4127 = ORIENTED_EDGE('',*,*,#4104,.F.);
#4128 = ORIENTED_EDGE('',*,*,#4129,.F.);
#4129 = EDGE_CURVE('',#4105,#4105,#4130,.T.);
#4130 = SURFACE_CURVE('',#4131,(#4136,#4143),.PCURVE_S1.);
#4131 = CIRCLE('',#4132,21.);
#4132 = AXIS2_PLACEMENT_3D('',#4133,#4134,#4135);
#4133 = CARTESIAN_POINT('',(-3.,0.,34.));
#4134 = DIRECTION('',(-1.,0.,1.110223024625E-16));
#4135 = DIRECTION('',(1.110223024625E-16,0.,1.));
#4136 = PCURVE('',#3326,#4137);
#4137 = DEFINITIONAL_REPRESENTATION('',(#4138),#4142);
#4138 = LINE('',#4139,#4140);
#4139 = CARTESIAN_POINT('',(-0.,0.));
#4140 = VECTOR('',#4141,1.);
#4141 = DIRECTION('',(-1.,0.));
#4142 = ( GEOMETRIC_REPRESENTATION_CONTEXT(2) 
PARAMETRIC_REPRESENTATION_CONTEXT() REPRESENTATION_CONTEXT('2D SPACE',''
  ) );
#4143 = PCURVE('',#4144,#4149);
#4144 = PLANE('',#4145);
#4145 = AXIS2_PLACEMENT_3D('',#4146,#4147,#4148);
#4146 = CARTESIAN_POINT('',(-3.,1.846063891983E-16,34.));
#4147 = DIRECTION('',(-1.,0.,1.110223024625E-16));
#4148 = DIRECTION('',(1.110223024625E-16,0.,1.));
#4149 = DEFINITIONAL_REPRESENTATION('',(#4150),#4154);
#4150 = CIRCLE('',#4151,21.);
#4151 = AXIS2_PLACEMENT_2D('',#4152,#4153);
#4152 = CARTESIAN_POINT('',(0.,-1.846063891983E-16));
#4153 = DIRECTION('',(1.,0.));
#4154 = ( GEOMETRIC_REPRESENTATION_CONTEXT(2) 
PARAMETRIC_REPRESENTATION_CONTEXT() REPRESENTATION_CONTEXT('2D SPACE',''
  ) );
#4155 = ADVANCED_FACE('',(#4156),#3541,.F.);
#4156 = FACE_BOUND('',#4157,.T.);
#4157 = EDGE_LOOP('',(#4158,#4181,#4182,#4183));
#4158 = ORIENTED_EDGE('',*,*,#4159,.T.);
#4159 = EDGE_CURVE('',#4160,#3525,#4162,.T.);
#4160 = VERTEX_POINT('',#4161);
#4161 = CARTESIAN_POINT('',(3.,0.,13.));
#4162 = SEAM_CURVE('',#4163,(#4167,#4174),.PCURVE_S1.);
#4163 = LINE('',#4164,#4165);
#4164 = CARTESIAN_POINT('',(3.,0.,13.));
#4165 = VECTOR('',#4166,1.);
#4166 = DIRECTION('',(1.,0.,1.110223024625E-16));
#4167 = PCURVE('',#3541,#4168);
#4168 = DEFINITIONAL_REPRESENTATION('',(#4169),#4173);
#4169 = LINE('',#4170,#4171);
#4170 = CARTESIAN_POINT('',(-0.,0.));
#4171 = VECTOR('',#4172,1.);
#4172 = DIRECTION('',(-0.,-1.));
#4173 = ( GEOMETRIC_REPRESENTATION_CONTEXT(2) 
PARAMETRIC_REPRESENTATION_CONTEXT() REPRESENTATION_CONTEXT('2D SPACE',''
  ) );
#4174 = PCURVE('',#3541,#4175);
#4175 = DEFINITIONAL_REPRESENTATION('',(#4176),#4180);
#4176 = LINE('',#4177,#4178);
#4177 = CARTESIAN_POINT('',(-6.28318530718,0.));
#4178 = VECTOR('',#4179,1.);
#4179 = DIRECTION('',(-0.,-1.));
#4180 = ( GEOMETRIC_REPRESENTATION_CONTEXT(2) 
PARAMETRIC_REPRESENTATION_CONTEXT() REPRESENTATION_CONTEXT('2D SPACE',''
  ) );
#4181 = ORIENTED_EDGE('',*,*,#3524,.T.);
#4182 = ORIENTED_EDGE('',*,*,#4159,.F.);
#4183 = ORIENTED_EDGE('',*,*,#4184,.F.);
#4184 = EDGE_CURVE('',#4160,#4160,#4185,.T.);
#4185 = SURFACE_CURVE('',#4186,(#4191,#4198),.PCURVE_S1.);
#4186 = CIRCLE('',#4187,21.);
#4187 = AXIS2_PLACEMENT_3D('',#4188,#4189,#4190);
#4188 = CARTESIAN_POINT('',(3.,0.,34.));
#4189 = DIRECTION('',(1.,-0.,1.110223024625E-16));
#4190 = DIRECTION('',(1.110223024625E-16,0.,-1.));
#4191 = PCURVE('',#3541,#4192);
#4192 = DEFINITIONAL_REPRESENTATION('',(#4193),#4197);
#4193 = LINE('',#4194,#4195);
#4194 = CARTESIAN_POINT('',(-0.,0.));
#4195 = VECTOR('',#4196,1.);
#4196 = DIRECTION('',(-1.,0.));
#4197 = ( GEOMETRIC_REPRESENTATION_CONTEXT(2) 
PARAMETRIC_REPRESENTATION_CONTEXT() REPRESENTATION_CONTEXT('2D SPACE',''
  ) );
#4198 = PCURVE('',#4199,#4204);
#4199 = PLANE('',#4200);
#4200 = AXIS2_PLACEMENT_3D('',#4201,#4202,#4203);
#4201 = CARTESIAN_POINT('',(3.,1.846063891983E-16,34.));
#4202 = DIRECTION('',(1.,0.,1.110223024625E-16));
#4203 = DIRECTION('',(1.110223024625E-16,0.,-1.));
#4204 = DEFINITIONAL_REPRESENTATION('',(#4205),#4209);
#4205 = CIRCLE('',#4206,21.);
#4206 = AXIS2_PLACEMENT_2D('',#4207,#4208);
#4207 = CARTESIAN_POINT('',(0.,-1.846063891983E-16));
#4208 = DIRECTION('',(1.,0.));
#4209 = ( GEOMETRIC_REPRESENTATION_CONTEXT(2) 
PARAMETRIC_REPRESENTATION_CONTEXT() REPRESENTATION_CONTEXT('2D SPACE',''
  ) );
#4210 = ADVANCED_FACE('',(#4211),#3709,.T.);
#4211 = FACE_BOUND('',#4212,.T.);
#4212 = EDGE_LOOP('',(#4213,#4233,#4390,#4391));
#4213 = ORIENTED_EDGE('',*,*,#4214,.T.);
#4214 = EDGE_CURVE('',#3558,#4215,#4217,.T.);
#4215 = VERTEX_POINT('',#4216);
#4216 = CARTESIAN_POINT('',(4.5,-27.,55.031721430803));
#4217 = SURFACE_CURVE('',#4218,(#4221,#4227),.PCURVE_S1.);
#4218 = B_SPLINE_CURVE_WITH_KNOTS('',1,(#4219,#4220),.UNSPECIFIED.,.F.,
  .F.,(2,2),(0.,1.653155296756),.PIECEWISE_BEZIER_KNOTS.);
#4219 = CARTESIAN_POINT('',(5.295231753405,-27.17208108578,
    55.761253185773));
#4220 = CARTESIAN_POINT('',(4.5,-27.,55.031721430803));
#4221 = PCURVE('',#3709,#4222);
#4222 = DEFINITIONAL_REPRESENTATION('',(#4223),#4226);
#4223 = B_SPLINE_CURVE_WITH_KNOTS('',1,(#4224,#4225),.UNSPECIFIED.,.F.,
  .F.,(2,2),(0.,1.653155296756),.PIECEWISE_BEZIER_KNOTS.);
#4224 = CARTESIAN_POINT('',(0.,41.025644927338));
#4225 = CARTESIAN_POINT('',(16.741087159784,41.025644927338));
#4226 = ( GEOMETRIC_REPRESENTATION_CONTEXT(2) 
PARAMETRIC_REPRESENTATION_CONTEXT() REPRESENTATION_CONTEXT('2D SPACE',''
  ) );
#4227 = PCURVE('',#3839,#4228);
#4228 = DEFINITIONAL_REPRESENTATION('',(#4229),#4232);
#4229 = B_SPLINE_CURVE_WITH_KNOTS('',1,(#4230,#4231),.UNSPECIFIED.,.F.,
  .F.,(2,2),(0.,1.653155296756),.PIECEWISE_BEZIER_KNOTS.);
#4230 = CARTESIAN_POINT('',(0.,41.025644927338));
#4231 = CARTESIAN_POINT('',(1.653155296756,41.025644927338));
#4232 = ( GEOMETRIC_REPRESENTATION_CONTEXT(2) 
PARAMETRIC_REPRESENTATION_CONTEXT() REPRESENTATION_CONTEXT('2D SPACE',''
  ) );
#4233 = ORIENTED_EDGE('',*,*,#4234,.T.);
#4234 = EDGE_CURVE('',#4215,#3889,#4235,.T.);
#4235 = SURFACE_CURVE('',#4236,(#4287,#4294),.PCURVE_S1.);
#4236 = B_SPLINE_CURVE_WITH_KNOTS('',13,(#4237,#4238,#4239,#4240,#4241,
    #4242,#4243,#4244,#4245,#4246,#4247,#4248,#4249,#4250,#4251,#4252,
    #4253,#4254,#4255,#4256,#4257,#4258,#4259,#4260,#4261,#4262,#4263,
    #4264,#4265,#4266,#4267,#4268,#4269,#4270,#4271,#4272,#4273,#4274,
    #4275,#4276,#4277,#4278,#4279,#4280,#4281,#4282,#4283,#4284,#4285,
    #4286),.UNSPECIFIED.,.F.,.F.,(14,12,12,12,14),(41.025644927338,
    45.154941054476,50.144205567551,54.90657711735,57.766732087121),
  .UNSPECIFIED.);
#4237 = CARTESIAN_POINT('',(4.5,-27.,55.031721430803));
#4238 = CARTESIAN_POINT('',(4.499999999999,-27.33171941054,
    54.966016653185));
#4239 = CARTESIAN_POINT('',(4.473599396536,-27.65795674454,
    54.887581108462));
#4240 = CARTESIAN_POINT('',(4.421103559574,-27.97538686583,
    54.797095372197));
#4241 = CARTESIAN_POINT('',(4.351528572637,-28.27949478162,
    54.700903081235));
#4242 = CARTESIAN_POINT('',(4.239589599482,-28.59405248924,
    54.580455247934));
#4243 = CARTESIAN_POINT('',(4.15616277513,-28.8131634373,54.497404423777
    ));
#4244 = CARTESIAN_POINT('',(3.99355492505,-29.15295802921,
    54.348728821603));
#4245 = CARTESIAN_POINT('',(3.873627272444,-29.33850275881,
    54.258249345927));
#4246 = CARTESIAN_POINT('',(3.700792589632,-29.61245863117,
    54.125082070466));
#4247 = CARTESIAN_POINT('',(3.53203377228,-29.8215747024,54.012352224315
    ));
#4248 = CARTESIAN_POINT('',(3.343882726389,-30.03556930016,
    53.894108548182));
#4249 = CARTESIAN_POINT('',(3.143589207575,-30.23221414551,
    53.779913877904));
#4250 = CARTESIAN_POINT('',(2.671403832211,-30.63723255977,
    53.53592579447));
#4251 = CARTESIAN_POINT('',(2.393600233822,-30.8388259137,
    53.408124308795));
#4252 = CARTESIAN_POINT('',(2.095550063197,-31.02009852839,
    53.287976035722));
#4253 = CARTESIAN_POINT('',(1.780027461403,-31.1780636119,
    53.179514949775));
#4254 = CARTESIAN_POINT('',(1.445390229676,-31.31231557794,
    53.084462172974));
#4255 = CARTESIAN_POINT('',(1.09121619639,-31.42071762668,
    53.005843051233));
#4256 = CARTESIAN_POINT('',(0.720626261622,-31.49859337562,
    52.948521819743));
#4257 = CARTESIAN_POINT('',(0.339149456495,-31.54152669164,
    52.916762472728));
#4258 = CARTESIAN_POINT('',(-4.627041647732E-02,-31.5479155042,
    52.912152756144));
#4259 = CARTESIAN_POINT('',(-0.427508672486,-31.51891538809,
    52.933746216243));
#4260 = CARTESIAN_POINT('',(-0.797497021156,-31.45677941662,
    52.979345247696));
#4261 = CARTESIAN_POINT('',(-1.154680051456,-31.36428496204,
    53.045727007982));
#4262 = CARTESIAN_POINT('',(-1.820048869788,-31.12990465517,
    53.209588887597));
#4263 = CARTESIAN_POINT('',(-2.129751261926,-30.99055961569,
    53.305467561177));
#4264 = CARTESIAN_POINT('',(-2.422811116916,-30.8282848783,
    53.414498362441));
#4265 = CARTESIAN_POINT('',(-2.698108776921,-30.64608370802,
    53.533589138777));
#4266 = CARTESIAN_POINT('',(-2.955840224894,-30.44445136316,
    53.66053021505));
#4267 = CARTESIAN_POINT('',(-3.195813783817,-30.22488658184,
    53.79281138513));
#4268 = CARTESIAN_POINT('',(-3.417759428154,-29.9889266979,
    53.928106198722));
#4269 = CARTESIAN_POINT('',(-3.621979760571,-29.7360095214,
    54.065004304529));
#4270 = CARTESIAN_POINT('',(-3.808528355838,-29.46446419791,
    54.202392475116));
#4271 = CARTESIAN_POINT('',(-3.975728253186,-29.17451894125,
    54.338114295635));
#4272 = CARTESIAN_POINT('',(-4.120733573231,-28.86782292563,
    54.469223252845));
#4273 = CARTESIAN_POINT('',(-4.242483318268,-28.54205067959,
    54.594331549552));
#4274 = CARTESIAN_POINT('',(-4.394230121239,-27.99317643283,
    54.779937078763));
#4275 = CARTESIAN_POINT('',(-4.441523657468,-27.78104265168,
    54.846309605244));
#4276 = CARTESIAN_POINT('',(-4.478347475974,-27.56263117222,
    54.908788664823));
#4277 = CARTESIAN_POINT('',(-4.50411302381,-27.33947479447,
    54.96658983552));
#4278 = CARTESIAN_POINT('',(-4.518045939053,-27.11187342057,
    55.019093244642));
#4279 = CARTESIAN_POINT('',(-4.519345055501,-26.88025757903,
    55.065683323994));
#4280 = CARTESIAN_POINT('',(-4.507427062015,-26.64628066119,
    55.105693602045));
#4281 = CARTESIAN_POINT('',(-4.482056417035,-26.41240970698,
    55.138575473217));
#4282 = CARTESIAN_POINT('',(-4.44335092612,-26.18074976525,
    55.164134876623));
#4283 = CARTESIAN_POINT('',(-4.391740545199,-25.95250195337,
    55.182603287321));
#4284 = CARTESIAN_POINT('',(-4.327940523825,-25.72882059891,
    55.194429915744));
#4285 = CARTESIAN_POINT('',(-4.25287990267,-25.5119000195,55.19999999999
    ));
#4286 = CARTESIAN_POINT('',(-4.167302668916,-25.30188679245,55.2));
#4287 = PCURVE('',#3709,#4288);
#4288 = DEFINITIONAL_REPRESENTATION('',(#4289),#4293);
#4289 = LINE('',#4290,#4291);
#4290 = CARTESIAN_POINT('',(16.741087159784,0.));
#4291 = VECTOR('',#4292,1.);
#4292 = DIRECTION('',(0.,1.));
#4293 = ( GEOMETRIC_REPRESENTATION_CONTEXT(2) 
PARAMETRIC_REPRESENTATION_CONTEXT() REPRESENTATION_CONTEXT('2D SPACE',''
  ) );
#4294 = PCURVE('',#3946,#4295);
#4295 = DEFINITIONAL_REPRESENTATION('',(#4296),#4389);
#4296 = B_SPLINE_CURVE_WITH_KNOTS('',11,(#4297,#4298,#4299,#4300,#4301,
    #4302,#4303,#4304,#4305,#4306,#4307,#4308,#4309,#4310,#4311,#4312,
    #4313,#4314,#4315,#4316,#4317,#4318,#4319,#4320,#4321,#4322,#4323,
    #4324,#4325,#4326,#4327,#4328,#4329,#4330,#4331,#4332,#4333,#4334,
    #4335,#4336,#4337,#4338,#4339,#4340,#4341,#4342,#4343,#4344,#4345,
    #4346,#4347,#4348,#4349,#4350,#4351,#4352,#4353,#4354,#4355,#4356,
    #4357,#4358,#4359,#4360,#4361,#4362,#4363,#4364,#4365,#4366,#4367,
    #4368,#4369,#4370,#4371,#4372,#4373,#4374,#4375,#4376,#4377,#4378,
    #4379,#4380,#4381,#4382,#4383,#4384,#4385,#4386,#4387,#4388),
  .UNSPECIFIED.,.F.,.F.,(12,10,10,10,10,10,10,10,10,12),(41.025644927338
    ,43.118280822311,45.210916717284,49.396188507229,50.442506454716,
    51.488824402202,53.581460297175,54.627778244662,55.674096192148,
    57.766732087121),.UNSPECIFIED.);
#4297 = CARTESIAN_POINT('',(-6.28318530718,-69.0317216308));
#4298 = CARTESIAN_POINT('',(-6.239035716653,-68.99236977134));
#4299 = CARTESIAN_POINT('',(-6.195318217827,-68.94833309624));
#4300 = CARTESIAN_POINT('',(-6.152166659451,-68.90007569721));
#4301 = CARTESIAN_POINT('',(-6.109406492603,-68.84765692716));
#4302 = CARTESIAN_POINT('',(-6.067123175018,-68.79156650665));
#4303 = CARTESIAN_POINT('',(-6.025520602514,-68.73254382933));
#4304 = CARTESIAN_POINT('',(-5.984660707259,-68.67118569209));
#4305 = CARTESIAN_POINT('',(-5.944402536063,-68.60779514375));
#4306 = CARTESIAN_POINT('',(-5.904586293327,-68.5425726004));
#4307 = CARTESIAN_POINT('',(-5.865235006871,-68.47589884417));
#4308 = CARTESIAN_POINT('',(-5.787312286191,-68.34031711244));
#4309 = CARTESIAN_POINT('',(-5.748739710946,-68.27139744688));
#4310 = CARTESIAN_POINT('',(-5.710558936933,-68.20176086548));
#4311 = CARTESIAN_POINT('',(-5.672515408243,-68.13139624085));
#4312 = CARTESIAN_POINT('',(-5.635109782663,-68.06148108127));
#4313 = CARTESIAN_POINT('',(-5.597186362411,-67.99055239759));
#4314 = CARTESIAN_POINT('',(-5.560025051564,-67.92094617897));
#4315 = CARTESIAN_POINT('',(-5.522626231738,-67.85154791649));
#4316 = CARTESIAN_POINT('',(-5.485244478486,-67.7830409115));
#4317 = CARTESIAN_POINT('',(-5.447852701504,-67.7157964021));
#4318 = CARTESIAN_POINT('',(-5.335286797467,-67.51844062832));
#4319 = CARTESIAN_POINT('',(-5.259776380869,-67.39279416737));
#4320 = CARTESIAN_POINT('',(-5.183302031474,-67.27539399691));
#4321 = CARTESIAN_POINT('',(-5.105944955753,-67.16993560995));
#4322 = CARTESIAN_POINT('',(-5.026969444189,-67.07842246162));
#4323 = CARTESIAN_POINT('',(-4.9460263357,-67.00443023951));
#4324 = CARTESIAN_POINT('',(-4.86357137427,-66.95294289176));
#4325 = CARTESIAN_POINT('',(-4.780320983139,-66.92725829486));
#4326 = CARTESIAN_POINT('',(-4.696883085167,-66.92743983682));
#4327 = CARTESIAN_POINT('',(-4.614124130476,-66.95249126686));
#4328 = CARTESIAN_POINT('',(-4.511925787176,-67.01169710926));
#4329 = CARTESIAN_POINT('',(-4.491547912137,-67.02493390747));
#4330 = CARTESIAN_POINT('',(-4.471242778248,-67.0395280093));
#4331 = CARTESIAN_POINT('',(-4.451011890417,-67.0554360086));
#4332 = CARTESIAN_POINT('',(-4.43085675341,-67.07261144218));
#4333 = CARTESIAN_POINT('',(-4.410782064426,-67.09100526849));
#4334 = CARTESIAN_POINT('',(-4.390794712039,-67.11056569767));
#4335 = CARTESIAN_POINT('',(-4.37090063799,-67.13123828138));
#4336 = CARTESIAN_POINT('',(-4.351101618073,-67.15296715611));
#4337 = CARTESIAN_POINT('',(-4.331394018562,-67.17569834784));
#4338 = CARTESIAN_POINT('',(-4.292149150436,-67.22307372117));
#4339 = CARTESIAN_POINT('',(-4.272613638929,-67.24771663371));
#4340 = CARTESIAN_POINT('',(-4.253162408045,-67.27326294548));
#4341 = CARTESIAN_POINT('',(-4.23379243964,-67.29966185159));
#4342 = CARTESIAN_POINT('',(-4.214500339332,-67.32686356823));
#4343 = CARTESIAN_POINT('',(-4.195282336548,-67.35481933376));
#4344 = CARTESIAN_POINT('',(-4.176134284466,-67.38348140724));
#4345 = CARTESIAN_POINT('',(-4.15705166007,-67.41280307006));
#4346 = CARTESIAN_POINT('',(-4.138029564106,-67.44273862449));
#4347 = CARTESIAN_POINT('',(-4.119062721114,-67.47324339468));
#4348 = CARTESIAN_POINT('',(-4.062310995993,-67.56633438909));
#4349 = CARTESIAN_POINT('',(-4.02467374453,-67.63050404217));
#4350 = CARTESIAN_POINT('',(-3.987194045977,-67.69642403912));
#4351 = CARTESIAN_POINT('',(-3.949824012226,-67.76376950652));
#4352 = CARTESIAN_POINT('',(-3.912509423669,-67.83224183865));
#4353 = CARTESIAN_POINT('',(-3.875191606863,-67.901561193));
#4354 = CARTESIAN_POINT('',(-3.837809312057,-67.97145898512));
#4355 = CARTESIAN_POINT('',(-3.800300590885,-68.04167038394));
#4356 = CARTESIAN_POINT('',(-3.762604673894,-68.11192680688));
#4357 = CARTESIAN_POINT('',(-3.724663848206,-68.18194841497));
#4358 = CARTESIAN_POINT('',(-3.667306078537,-68.28618070459));
#4359 = CARTESIAN_POINT('',(-3.648112410453,-68.32079096383));
#4360 = CARTESIAN_POINT('',(-3.628837958143,-68.35522967491));
#4361 = CARTESIAN_POINT('',(-3.60947627993,-68.38945829748));
#4362 = CARTESIAN_POINT('',(-3.590020865139,-68.4234374619));
#4363 = CARTESIAN_POINT('',(-3.570465134133,-68.45712696888));
#4364 = CARTESIAN_POINT('',(-3.550802438264,-68.49048578998));
#4365 = CARTESIAN_POINT('',(-3.531026059927,-68.52347206703));
#4366 = CARTESIAN_POINT('',(-3.511129212511,-68.55604311269));
#4367 = CARTESIAN_POINT('',(-3.491105040436,-68.58815541));
#4368 = CARTESIAN_POINT('',(-3.45078819782,-68.65137381538));
#4369 = CARTESIAN_POINT('',(-3.430493693309,-68.68248082513));
#4370 = CARTESIAN_POINT('',(-3.410065071479,-68.71303289484));
#4371 = CARTESIAN_POINT('',(-3.389492965742,-68.74298577353));
#4372 = CARTESIAN_POINT('',(-3.368769829283,-68.77229013919));
#4373 = CARTESIAN_POINT('',(-3.347894521646,-68.80088847744));
#4374 = CARTESIAN_POINT('',(-3.326871271133,-68.82871843243));
#4375 = CARTESIAN_POINT('',(-3.305705955158,-68.85571866788));
#4376 = CARTESIAN_POINT('',(-3.284402639955,-68.88183326323));
#4377 = CARTESIAN_POINT('',(-3.262963321709,-68.90701068189));
#4378 = CARTESIAN_POINT('',(-3.198254788629,-68.97955865417));
#4379 = CARTESIAN_POINT('',(-3.154592010197,-69.02395104636));
#4380 = CARTESIAN_POINT('',(-3.110467418074,-69.0639276842));
#4381 = CARTESIAN_POINT('',(-3.065914128754,-69.09911611402));
#4382 = CARTESIAN_POINT('',(-3.02108955336,-69.12914807717));
#4383 = CARTESIAN_POINT('',(-2.976188328951,-69.15377128655));
#4384 = CARTESIAN_POINT('',(-2.931347149911,-69.17294862532));
#4385 = CARTESIAN_POINT('',(-2.886649472115,-69.18685348846));
#4386 = CARTESIAN_POINT('',(-2.842213945858,-69.19576926319));
#4387 = CARTESIAN_POINT('',(-2.798226316539,-69.20000019998));
#4388 = CARTESIAN_POINT('',(-2.754650415401,-69.2000002));
#4389 = ( GEOMETRIC_REPRESENTATION_CONTEXT(2) 
PARAMETRIC_REPRESENTATION_CONTEXT() REPRESENTATION_CONTEXT('2D SPACE',''
  ) );
#4390 = ORIENTED_EDGE('',*,*,#3888,.F.);
#4391 = ORIENTED_EDGE('',*,*,#3557,.F.);
#4392 = ADVANCED_FACE('',(#4393),#3839,.T.);
#4393 = FACE_BOUND('',#4394,.T.);
#4394 = EDGE_LOOP('',(#4395,#4396,#4425,#4426));
#4395 = ORIENTED_EDGE('',*,*,#3910,.T.);
#4396 = ORIENTED_EDGE('',*,*,#4397,.T.);
#4397 = EDGE_CURVE('',#3911,#4215,#4398,.T.);
#4398 = SURFACE_CURVE('',#4399,(#4407,#4414),.PCURVE_S1.);
#4399 = B_SPLINE_CURVE_WITH_KNOTS('',6,(#4400,#4401,#4402,#4403,#4404,
    #4405,#4406),.UNSPECIFIED.,.F.,.F.,(7,7),(39.372489630582,
    41.025644927338),.PIECEWISE_BEZIER_KNOTS.);
#4400 = CARTESIAN_POINT('',(4.167302668916,-25.30188679245,55.2));
#4401 = CARTESIAN_POINT('',(4.274764356309,-25.56560618094,55.2));
#4402 = CARTESIAN_POINT('',(4.363870740327,-25.84145169255,
    55.190267037443));
#4403 = CARTESIAN_POINT('',(4.432471424379,-26.12837961499,
    55.168953994507));
#4404 = CARTESIAN_POINT('',(4.47785150921,-26.41915406834,
    55.135187105763));
#4405 = CARTESIAN_POINT('',(4.5,-26.71225975371,55.088715107661));
#4406 = CARTESIAN_POINT('',(4.5,-27.,55.031721430803));
#4407 = PCURVE('',#3839,#4408);
#4408 = DEFINITIONAL_REPRESENTATION('',(#4409),#4413);
#4409 = LINE('',#4410,#4411);
#4410 = CARTESIAN_POINT('',(1.653155296756,0.));
#4411 = VECTOR('',#4412,1.);
#4412 = DIRECTION('',(0.,1.));
#4413 = ( GEOMETRIC_REPRESENTATION_CONTEXT(2) 
PARAMETRIC_REPRESENTATION_CONTEXT() REPRESENTATION_CONTEXT('2D SPACE',''
  ) );
#4414 = PCURVE('',#3946,#4415);
#4415 = DEFINITIONAL_REPRESENTATION('',(#4416),#4424);
#4416 = B_SPLINE_CURVE_WITH_KNOTS('',6,(#4417,#4418,#4419,#4420,#4421,
    #4422,#4423),.UNSPECIFIED.,.F.,.F.,(7,7),(39.372489630582,
    41.025644927338),.PIECEWISE_BEZIER_KNOTS.);
#4417 = CARTESIAN_POINT('',(-0.386942238188,-69.2000002));
#4418 = CARTESIAN_POINT('',(-0.323659244501,-69.2000002));
#4419 = CARTESIAN_POINT('',(-0.259420850173,-69.19026703049));
#4420 = CARTESIAN_POINT('',(-0.194161014365,-69.16895465006));
#4421 = CARTESIAN_POINT('',(-0.129078157647,-69.13518700195));
#4422 = CARTESIAN_POINT('',(-6.39422769515E-02,-69.08871530766));
#4423 = CARTESIAN_POINT('',(-1.447454066977E-15,-69.0317216308));
#4424 = ( GEOMETRIC_REPRESENTATION_CONTEXT(2) 
PARAMETRIC_REPRESENTATION_CONTEXT() REPRESENTATION_CONTEXT('2D SPACE',''
  ) );
#4425 = ORIENTED_EDGE('',*,*,#4214,.F.);
#4426 = ORIENTED_EDGE('',*,*,#3817,.F.);
#4427 = ADVANCED_FACE('',(#4428),#3946,.F.);
#4428 = FACE_BOUND('',#4429,.T.);
#4429 = EDGE_LOOP('',(#4430,#4451,#4452,#4453,#4454,#4455));
#4430 = ORIENTED_EDGE('',*,*,#4431,.T.);
#4431 = EDGE_CURVE('',#4075,#4215,#4432,.T.);
#4432 = SEAM_CURVE('',#4433,(#4437,#4444),.PCURVE_S1.);
#4433 = LINE('',#4434,#4435);
#4434 = CARTESIAN_POINT('',(4.5,-27.,-14.0000002));
#4435 = VECTOR('',#4436,1.);
#4436 = DIRECTION('',(0.,0.,1.));
#4437 = PCURVE('',#3946,#4438);
#4438 = DEFINITIONAL_REPRESENTATION('',(#4439),#4443);
#4439 = LINE('',#4440,#4441);
#4440 = CARTESIAN_POINT('',(-0.,0.));
#4441 = VECTOR('',#4442,1.);
#4442 = DIRECTION('',(-0.,-1.));
#4443 = ( GEOMETRIC_REPRESENTATION_CONTEXT(2) 
PARAMETRIC_REPRESENTATION_CONTEXT() REPRESENTATION_CONTEXT('2D SPACE',''
  ) );
#4444 = PCURVE('',#3946,#4445);
#4445 = DEFINITIONAL_REPRESENTATION('',(#4446),#4450);
#4446 = LINE('',#4447,#4448);
#4447 = CARTESIAN_POINT('',(-6.28318530718,0.));
#4448 = VECTOR('',#4449,1.);
#4449 = DIRECTION('',(-0.,-1.));
#4450 = ( GEOMETRIC_REPRESENTATION_CONTEXT(2) 
PARAMETRIC_REPRESENTATION_CONTEXT() REPRESENTATION_CONTEXT('2D SPACE',''
  ) );
#4451 = ORIENTED_EDGE('',*,*,#4397,.F.);
#4452 = ORIENTED_EDGE('',*,*,#3931,.F.);
#4453 = ORIENTED_EDGE('',*,*,#4234,.F.);
#4454 = ORIENTED_EDGE('',*,*,#4431,.F.);
#4455 = ORIENTED_EDGE('',*,*,#4074,.F.);
#4456 = ADVANCED_FACE('',(#4457,#4460),#4144,.T.);
#4457 = FACE_BOUND('',#4458,.T.);
#4458 = EDGE_LOOP('',(#4459));
#4459 = ORIENTED_EDGE('',*,*,#4129,.T.);
#4460 = FACE_BOUND('',#4461,.T.);
#4461 = EDGE_LOOP('',(#4462));
#4462 = ORIENTED_EDGE('',*,*,#4463,.F.);
#4463 = EDGE_CURVE('',#4464,#4464,#4466,.T.);
#4464 = VERTEX_POINT('',#4465);
#4465 = CARTESIAN_POINT('',(-3.,0.,19.));
#4466 = SURFACE_CURVE('',#4467,(#4472,#4479),.PCURVE_S1.);
#4467 = CIRCLE('',#4468,15.);
#4468 = AXIS2_PLACEMENT_3D('',#4469,#4470,#4471);
#4469 = CARTESIAN_POINT('',(-3.,0.,34.));
#4470 = DIRECTION('',(-1.,-0.,-1.110223024625E-16));
#4471 = DIRECTION('',(1.110223024625E-16,0.,-1.));
#4472 = PCURVE('',#4144,#4473);
#4473 = DEFINITIONAL_REPRESENTATION('',(#4474),#4478);
#4474 = CIRCLE('',#4475,15.);
#4475 = AXIS2_PLACEMENT_2D('',#4476,#4477);
#4476 = CARTESIAN_POINT('',(0.,-1.846063891983E-16));
#4477 = DIRECTION('',(-1.,0.));
#4478 = ( GEOMETRIC_REPRESENTATION_CONTEXT(2) 
PARAMETRIC_REPRESENTATION_CONTEXT() REPRESENTATION_CONTEXT('2D SPACE',''
  ) );
#4479 = PCURVE('',#4480,#4485);
#4480 = CYLINDRICAL_SURFACE('',#4481,15.);
#4481 = AXIS2_PLACEMENT_3D('',#4482,#4483,#4484);
#4482 = CARTESIAN_POINT('',(-30.,0.,34.));
#4483 = DIRECTION('',(-1.,-0.,-1.110223024625E-16));
#4484 = DIRECTION('',(1.110223024625E-16,0.,-1.));
#4485 = DEFINITIONAL_REPRESENTATION('',(#4486),#4490);
#4486 = LINE('',#4487,#4488);
#4487 = CARTESIAN_POINT('',(-6.28318530718,-27.));
#4488 = VECTOR('',#4489,1.);
#4489 = DIRECTION('',(1.,-0.));
#4490 = ( GEOMETRIC_REPRESENTATION_CONTEXT(2) 
PARAMETRIC_REPRESENTATION_CONTEXT() REPRESENTATION_CONTEXT('2D SPACE',''
  ) );
#4491 = ADVANCED_FACE('',(#4492,#4495),#4199,.T.);
#4492 = FACE_BOUND('',#4493,.T.);
#4493 = EDGE_LOOP('',(#4494));
#4494 = ORIENTED_EDGE('',*,*,#4184,.T.);
#4495 = FACE_BOUND('',#4496,.T.);
#4496 = EDGE_LOOP('',(#4497));
#4497 = ORIENTED_EDGE('',*,*,#4498,.T.);
#4498 = EDGE_CURVE('',#4499,#4499,#4501,.T.);
#4499 = VERTEX_POINT('',#4500);
#4500 = CARTESIAN_POINT('',(3.,0.,19.));
#4501 = SURFACE_CURVE('',#4502,(#4507,#4518),.PCURVE_S1.);
#4502 = CIRCLE('',#4503,15.);
#4503 = AXIS2_PLACEMENT_3D('',#4504,#4505,#4506);
#4504 = CARTESIAN_POINT('',(3.,0.,34.));
#4505 = DIRECTION('',(-1.,-0.,-1.110223024625E-16));
#4506 = DIRECTION('',(1.110223024625E-16,0.,-1.));
#4507 = PCURVE('',#4199,#4508);
#4508 = DEFINITIONAL_REPRESENTATION('',(#4509),#4517);
#4509 = ( BOUNDED_CURVE() B_SPLINE_CURVE(2,(#4510,#4511,#4512,#4513,
#4514,#4515,#4516),.UNSPECIFIED.,.T.,.F.) B_SPLINE_CURVE_WITH_KNOTS((1,2
    ,2,2,2,1),(-2.094395102393,0.,2.094395102393,4.188790204786,
6.28318530718,8.377580409573),.UNSPECIFIED.) CURVE() 
GEOMETRIC_REPRESENTATION_ITEM() RATIONAL_B_SPLINE_CURVE((1.,0.5,1.,0.5,
1.,0.5,1.)) REPRESENTATION_ITEM('') );
#4510 = CARTESIAN_POINT('',(15.,-1.846063891983E-16));
#4511 = CARTESIAN_POINT('',(15.,-25.98076211353));
#4512 = CARTESIAN_POINT('',(-7.5,-12.99038105676));
#4513 = CARTESIAN_POINT('',(-30.,-3.85854678664E-15));
#4514 = CARTESIAN_POINT('',(-7.5,12.990381056767));
#4515 = CARTESIAN_POINT('',(15.,25.980762113533));
#4516 = CARTESIAN_POINT('',(15.,-1.846063891983E-16));
#4517 = ( GEOMETRIC_REPRESENTATION_CONTEXT(2) 
PARAMETRIC_REPRESENTATION_CONTEXT() REPRESENTATION_CONTEXT('2D SPACE',''
  ) );
#4518 = PCURVE('',#4480,#4519);
#4519 = DEFINITIONAL_REPRESENTATION('',(#4520),#4524);
#4520 = LINE('',#4521,#4522);
#4521 = CARTESIAN_POINT('',(-6.28318530718,-33.));
#4522 = VECTOR('',#4523,1.);
#4523 = DIRECTION('',(1.,-0.));
#4524 = ( GEOMETRIC_REPRESENTATION_CONTEXT(2) 
PARAMETRIC_REPRESENTATION_CONTEXT() REPRESENTATION_CONTEXT('2D SPACE',''
  ) );
#4525 = ADVANCED_FACE('',(#4526),#4480,.F.);
#4526 = FACE_BOUND('',#4527,.T.);
#4527 = EDGE_LOOP('',(#4528,#4529,#4550,#4551));
#4528 = ORIENTED_EDGE('',*,*,#4463,.T.);
#4529 = ORIENTED_EDGE('',*,*,#4530,.T.);
#4530 = EDGE_CURVE('',#4464,#4499,#4531,.T.);
#4531 = SEAM_CURVE('',#4532,(#4536,#4543),.PCURVE_S1.);
#4532 = LINE('',#4533,#4534);
#4533 = CARTESIAN_POINT('',(-30.,0.,19.));
#4534 = VECTOR('',#4535,1.);
#4535 = DIRECTION('',(1.,0.,1.110223024625E-16));
#4536 = PCURVE('',#4480,#4537);
#4537 = DEFINITIONAL_REPRESENTATION('',(#4538),#4542);
#4538 = LINE('',#4539,#4540);
#4539 = CARTESIAN_POINT('',(-6.28318530718,0.));
#4540 = VECTOR('',#4541,1.);
#4541 = DIRECTION('',(-0.,-1.));
#4542 = ( GEOMETRIC_REPRESENTATION_CONTEXT(2) 
PARAMETRIC_REPRESENTATION_CONTEXT() REPRESENTATION_CONTEXT('2D SPACE',''
  ) );
#4543 = PCURVE('',#4480,#4544);
#4544 = DEFINITIONAL_REPRESENTATION('',(#4545),#4549);
#4545 = LINE('',#4546,#4547);
#4546 = CARTESIAN_POINT('',(-0.,0.));
#4547 = VECTOR('',#4548,1.);
#4548 = DIRECTION('',(-0.,-1.));
#4549 = ( GEOMETRIC_REPRESENTATION_CONTEXT(2) 
PARAMETRIC_REPRESENTATION_CONTEXT() REPRESENTATION_CONTEXT('2D SPACE',''
  ) );
#4550 = ORIENTED_EDGE('',*,*,#4498,.F.);
#4551 = ORIENTED_EDGE('',*,*,#4530,.F.);
#4552 = ( GEOMETRIC_REPRESENTATION_CONTEXT(3) 
GLOBAL_UNCERTAINTY_ASSIGNED_CONTEXT((#4556)) 
GLOBAL_UNIT_ASSIGNED_CONTEXT((#4553,#4554,#4555)) REPRESENTATION_CONTEXT
('Context #1','3D Context with UNIT and UNCERTAINTY') );
#4553 = ( LENGTH_UNIT() NAMED_UNIT(*) SI_UNIT(.MILLI.,.METRE.) );
#4554 = ( NAMED_UNIT(*) PLANE_ANGLE_UNIT() SI_UNIT($,.RADIAN.) );
#4555 = ( NAMED_UNIT(*) SI_UNIT($,.STERADIAN.) SOLID_ANGLE_UNIT() );
#4556 = UNCERTAINTY_MEASURE_WITH_UNIT(LENGTH_MEASURE(5.E-05),#4553,
  'distance_accuracy_value','confusion accuracy');
#4557 = CONTEXT_DEPENDENT_SHAPE_REPRESENTATION(#4558,#4560);
#4558 = ( REPRESENTATION_RELATIONSHIP('','',#2379,#2332) 
REPRESENTATION_RELATIONSHIP_WITH_TRANSFORMATION(#4559) 
SHAPE_REPRESENTATION_RELATIONSHIP() );
#4559 = ITEM_DEFINED_TRANSFORMATION('','',#11,#2333);
#4560 = PRODUCT_DEFINITION_SHAPE('Placement','Placement of an item',
  #4561);
#4561 = NEXT_ASSEMBLY_USAGE_OCCURRENCE('9','','',#2327,#2374,$);
#4562 = PRODUCT_RELATED_PRODUCT_CATEGORY('part',$,(#2376));
#4563 = SHAPE_DEFINITION_REPRESENTATION(#4564,#4570);
#4564 = PRODUCT_DEFINITION_SHAPE('','',#4565);
#4565 = PRODUCT_DEFINITION('design','',#4566,#4569);
#4566 = PRODUCT_DEFINITION_FORMATION('','',#4567);
#4567 = PRODUCT('Open CASCADE STEP translator 7.9 12.2.1.2',
  'Open CASCADE STEP translator 7.9 12.2.1.2','',(#4568));
#4568 = PRODUCT_CONTEXT('',#2,'mechanical');
#4569 = PRODUCT_DEFINITION_CONTEXT('part definition',#2,'design');
#4570 = ADVANCED_BREP_SHAPE_REPRESENTATION('',(#11,#4571),#4969);
#4571 = MANIFOLD_SOLID_BREP('',#4572);
#4572 = CLOSED_SHELL('',(#4573,#4661,#4714,#4767,#4802,#4841,#4894,#4942
    ));
#4573 = ADVANCED_FACE('',(#4574),#4588,.T.);
#4574 = FACE_BOUND('',#4575,.F.);
#4575 = EDGE_LOOP('',(#4576,#4606,#4633,#4634));
#4576 = ORIENTED_EDGE('',*,*,#4577,.T.);
#4577 = EDGE_CURVE('',#4578,#4580,#4582,.T.);
#4578 = VERTEX_POINT('',#4579);
#4579 = CARTESIAN_POINT('',(21.,0.,0.8));
#4580 = VERTEX_POINT('',#4581);
#4581 = CARTESIAN_POINT('',(21.,0.,23.2));
#4582 = SEAM_CURVE('',#4583,(#4587,#4599),.PCURVE_S1.);
#4583 = LINE('',#4584,#4585);
#4584 = CARTESIAN_POINT('',(21.,0.,0.));
#4585 = VECTOR('',#4586,1.);
#4586 = DIRECTION('',(0.,0.,1.));
#4587 = PCURVE('',#4588,#4593);
#4588 = CYLINDRICAL_SURFACE('',#4589,21.);
#4589 = AXIS2_PLACEMENT_3D('',#4590,#4591,#4592);
#4590 = CARTESIAN_POINT('',(0.,0.,0.));
#4591 = DIRECTION('',(-0.,-0.,-1.));
#4592 = DIRECTION('',(1.,0.,0.));
#4593 = DEFINITIONAL_REPRESENTATION('',(#4594),#4598);
#4594 = LINE('',#4595,#4596);
#4595 = CARTESIAN_POINT('',(-0.,0.));
#4596 = VECTOR('',#4597,1.);
#4597 = DIRECTION('',(-0.,-1.));
#4598 = ( GEOMETRIC_REPRESENTATION_CONTEXT(2) 
PARAMETRIC_REPRESENTATION_CONTEXT() REPRESENTATION_CONTEXT('2D SPACE',''
  ) );
#4599 = PCURVE('',#4588,#4600);
#4600 = DEFINITIONAL_REPRESENTATION('',(#4601),#4605);
#4601 = LINE('',#4602,#4603);
#4602 = CARTESIAN_POINT('',(-6.28318530718,0.));
#4603 = VECTOR('',#4604,1.);
#4604 = DIRECTION('',(-0.,-1.));
#4605 = ( GEOMETRIC_REPRESENTATION_CONTEXT(2) 
PARAMETRIC_REPRESENTATION_CONTEXT() REPRESENTATION_CONTEXT('2D SPACE',''
  ) );
#4606 = ORIENTED_EDGE('',*,*,#4607,.T.);
#4607 = EDGE_CURVE('',#4580,#4580,#4608,.T.);
#4608 = SURFACE_CURVE('',#4609,(#4614,#4621),.PCURVE_S1.);
#4609 = CIRCLE('',#4610,21.);
#4610 = AXIS2_PLACEMENT_3D('',#4611,#4612,#4613);
#4611 = CARTESIAN_POINT('',(0.,0.,23.2));
#4612 = DIRECTION('',(0.,0.,1.));
#4613 = DIRECTION('',(1.,0.,-0.));
#4614 = PCURVE('',#4588,#4615);
#4615 = DEFINITIONAL_REPRESENTATION('',(#4616),#4620);
#4616 = LINE('',#4617,#4618);
#4617 = CARTESIAN_POINT('',(-0.,-23.2));
#4618 = VECTOR('',#4619,1.);
#4619 = DIRECTION('',(-1.,0.));
#4620 = ( GEOMETRIC_REPRESENTATION_CONTEXT(2) 
PARAMETRIC_REPRESENTATION_CONTEXT() REPRESENTATION_CONTEXT('2D SPACE',''
  ) );
#4621 = PCURVE('',#4622,#4627);
#4622 = CONICAL_SURFACE('',#4623,21.,0.785398163397);
#4623 = AXIS2_PLACEMENT_3D('',#4624,#4625,#4626);
#4624 = CARTESIAN_POINT('',(0.,0.,23.2));
#4625 = DIRECTION('',(-0.,-0.,-1.));
#4626 = DIRECTION('',(1.,0.,0.));
#4627 = DEFINITIONAL_REPRESENTATION('',(#4628),#4632);
#4628 = LINE('',#4629,#4630);
#4629 = CARTESIAN_POINT('',(-0.,-0.));
#4630 = VECTOR('',#4631,1.);
#4631 = DIRECTION('',(-1.,-0.));
#4632 = ( GEOMETRIC_REPRESENTATION_CONTEXT(2) 
PARAMETRIC_REPRESENTATION_CONTEXT() REPRESENTATION_CONTEXT('2D SPACE',''
  ) );
#4633 = ORIENTED_EDGE('',*,*,#4577,.F.);
#4634 = ORIENTED_EDGE('',*,*,#4635,.F.);
#4635 = EDGE_CURVE('',#4578,#4578,#4636,.T.);
#4636 = SURFACE_CURVE('',#4637,(#4642,#4649),.PCURVE_S1.);
#4637 = CIRCLE('',#4638,21.);
#4638 = AXIS2_PLACEMENT_3D('',#4639,#4640,#4641);
#4639 = CARTESIAN_POINT('',(0.,0.,0.8));
#4640 = DIRECTION('',(0.,0.,1.));
#4641 = DIRECTION('',(1.,0.,-0.));
#4642 = PCURVE('',#4588,#4643);
#4643 = DEFINITIONAL_REPRESENTATION('',(#4644),#4648);
#4644 = LINE('',#4645,#4646);
#4645 = CARTESIAN_POINT('',(-0.,-0.8));
#4646 = VECTOR('',#4647,1.);
#4647 = DIRECTION('',(-1.,0.));
#4648 = ( GEOMETRIC_REPRESENTATION_CONTEXT(2) 
PARAMETRIC_REPRESENTATION_CONTEXT() REPRESENTATION_CONTEXT('2D SPACE',''
  ) );
#4649 = PCURVE('',#4650,#4655);
#4650 = CONICAL_SURFACE('',#4651,21.,0.785398163397);
#4651 = AXIS2_PLACEMENT_3D('',#4652,#4653,#4654);
#4652 = CARTESIAN_POINT('',(0.,0.,0.8));
#4653 = DIRECTION('',(0.,0.,1.));
#4654 = DIRECTION('',(1.,0.,-0.));
#4655 = DEFINITIONAL_REPRESENTATION('',(#4656),#4660);
#4656 = LINE('',#4657,#4658);
#4657 = CARTESIAN_POINT('',(0.,-0.));
#4658 = VECTOR('',#4659,1.);
#4659 = DIRECTION('',(1.,-0.));
#4660 = ( GEOMETRIC_REPRESENTATION_CONTEXT(2) 
PARAMETRIC_REPRESENTATION_CONTEXT() REPRESENTATION_CONTEXT('2D SPACE',''
  ) );
#4661 = ADVANCED_FACE('',(#4662),#4650,.T.);
#4662 = FACE_BOUND('',#4663,.F.);
#4663 = EDGE_LOOP('',(#4664,#4685,#4686,#4687));
#4664 = ORIENTED_EDGE('',*,*,#4665,.F.);
#4665 = EDGE_CURVE('',#4578,#4666,#4668,.T.);
#4666 = VERTEX_POINT('',#4667);
#4667 = CARTESIAN_POINT('',(20.2,0.,0.));
#4668 = SEAM_CURVE('',#4669,(#4673,#4679),.PCURVE_S1.);
#4669 = LINE('',#4670,#4671);
#4670 = CARTESIAN_POINT('',(21.,0.,0.8));
#4671 = VECTOR('',#4672,1.);
#4672 = DIRECTION('',(-0.707106781187,-0.,-0.707106781187));
#4673 = PCURVE('',#4650,#4674);
#4674 = DEFINITIONAL_REPRESENTATION('',(#4675),#4678);
#4675 = B_SPLINE_CURVE_WITH_KNOTS('',1,(#4676,#4677),.UNSPECIFIED.,.F.,
  .F.,(2,2),(0.,1.131370849898),.PIECEWISE_BEZIER_KNOTS.);
#4676 = CARTESIAN_POINT('',(0.,0.));
#4677 = CARTESIAN_POINT('',(0.,-0.8));
#4678 = ( GEOMETRIC_REPRESENTATION_CONTEXT(2) 
PARAMETRIC_REPRESENTATION_CONTEXT() REPRESENTATION_CONTEXT('2D SPACE',''
  ) );
#4679 = PCURVE('',#4650,#4680);
#4680 = DEFINITIONAL_REPRESENTATION('',(#4681),#4684);
#4681 = B_SPLINE_CURVE_WITH_KNOTS('',1,(#4682,#4683),.UNSPECIFIED.,.F.,
  .F.,(2,2),(0.,1.131370849898),.PIECEWISE_BEZIER_KNOTS.);
#4682 = CARTESIAN_POINT('',(6.28318530718,0.));
#4683 = CARTESIAN_POINT('',(6.28318530718,-0.8));
#4684 = ( GEOMETRIC_REPRESENTATION_CONTEXT(2) 
PARAMETRIC_REPRESENTATION_CONTEXT() REPRESENTATION_CONTEXT('2D SPACE',''
  ) );
#4685 = ORIENTED_EDGE('',*,*,#4635,.T.);
#4686 = ORIENTED_EDGE('',*,*,#4665,.T.);
#4687 = ORIENTED_EDGE('',*,*,#4688,.F.);
#4688 = EDGE_CURVE('',#4666,#4666,#4689,.T.);
#4689 = SURFACE_CURVE('',#4690,(#4695,#4702),.PCURVE_S1.);
#4690 = CIRCLE('',#4691,20.2);
#4691 = AXIS2_PLACEMENT_3D('',#4692,#4693,#4694);
#4692 = CARTESIAN_POINT('',(0.,0.,0.));
#4693 = DIRECTION('',(0.,0.,1.));
#4694 = DIRECTION('',(1.,0.,-0.));
#4695 = PCURVE('',#4650,#4696);
#4696 = DEFINITIONAL_REPRESENTATION('',(#4697),#4701);
#4697 = LINE('',#4698,#4699);
#4698 = CARTESIAN_POINT('',(0.,-0.8));
#4699 = VECTOR('',#4700,1.);
#4700 = DIRECTION('',(1.,-0.));
#4701 = ( GEOMETRIC_REPRESENTATION_CONTEXT(2) 
PARAMETRIC_REPRESENTATION_CONTEXT() REPRESENTATION_CONTEXT('2D SPACE',''
  ) );
#4702 = PCURVE('',#4703,#4708);
#4703 = PLANE('',#4704);
#4704 = AXIS2_PLACEMENT_3D('',#4705,#4706,#4707);
#4705 = CARTESIAN_POINT('',(-1.041859148601E-15,1.846063891983E-16,0.));
#4706 = DIRECTION('',(0.,0.,1.));
#4707 = DIRECTION('',(1.,0.,-0.));
#4708 = DEFINITIONAL_REPRESENTATION('',(#4709),#4713);
#4709 = CIRCLE('',#4710,20.2);
#4710 = AXIS2_PLACEMENT_2D('',#4711,#4712);
#4711 = CARTESIAN_POINT('',(1.041859148601E-15,-1.846063891983E-16));
#4712 = DIRECTION('',(1.,0.));
#4713 = ( GEOMETRIC_REPRESENTATION_CONTEXT(2) 
PARAMETRIC_REPRESENTATION_CONTEXT() REPRESENTATION_CONTEXT('2D SPACE',''
  ) );
#4714 = ADVANCED_FACE('',(#4715),#4622,.T.);
#4715 = FACE_BOUND('',#4716,.T.);
#4716 = EDGE_LOOP('',(#4717,#4738,#4739,#4740));
#4717 = ORIENTED_EDGE('',*,*,#4718,.F.);
#4718 = EDGE_CURVE('',#4580,#4719,#4721,.T.);
#4719 = VERTEX_POINT('',#4720);
#4720 = CARTESIAN_POINT('',(20.2,0.,24.));
#4721 = SEAM_CURVE('',#4722,(#4726,#4732),.PCURVE_S1.);
#4722 = LINE('',#4723,#4724);
#4723 = CARTESIAN_POINT('',(21.,0.,23.2));
#4724 = VECTOR('',#4725,1.);
#4725 = DIRECTION('',(-0.707106781187,0.,0.707106781187));
#4726 = PCURVE('',#4622,#4727);
#4727 = DEFINITIONAL_REPRESENTATION('',(#4728),#4731);
#4728 = B_SPLINE_CURVE_WITH_KNOTS('',1,(#4729,#4730),.UNSPECIFIED.,.F.,
  .F.,(2,2),(0.,1.131370849898),.PIECEWISE_BEZIER_KNOTS.);
#4729 = CARTESIAN_POINT('',(0.,0.));
#4730 = CARTESIAN_POINT('',(0.,-0.8));
#4731 = ( GEOMETRIC_REPRESENTATION_CONTEXT(2) 
PARAMETRIC_REPRESENTATION_CONTEXT() REPRESENTATION_CONTEXT('2D SPACE',''
  ) );
#4732 = PCURVE('',#4622,#4733);
#4733 = DEFINITIONAL_REPRESENTATION('',(#4734),#4737);
#4734 = B_SPLINE_CURVE_WITH_KNOTS('',1,(#4735,#4736),.UNSPECIFIED.,.F.,
  .F.,(2,2),(0.,1.131370849898),.PIECEWISE_BEZIER_KNOTS.);
#4735 = CARTESIAN_POINT('',(-6.28318530718,0.));
#4736 = CARTESIAN_POINT('',(-6.28318530718,-0.8));
#4737 = ( GEOMETRIC_REPRESENTATION_CONTEXT(2) 
PARAMETRIC_REPRESENTATION_CONTEXT() REPRESENTATION_CONTEXT('2D SPACE',''
  ) );
#4738 = ORIENTED_EDGE('',*,*,#4607,.T.);
#4739 = ORIENTED_EDGE('',*,*,#4718,.T.);
#4740 = ORIENTED_EDGE('',*,*,#4741,.F.);
#4741 = EDGE_CURVE('',#4719,#4719,#4742,.T.);
#4742 = SURFACE_CURVE('',#4743,(#4748,#4755),.PCURVE_S1.);
#4743 = CIRCLE('',#4744,20.2);
#4744 = AXIS2_PLACEMENT_3D('',#4745,#4746,#4747);
#4745 = CARTESIAN_POINT('',(0.,0.,24.));
#4746 = DIRECTION('',(0.,0.,1.));
#4747 = DIRECTION('',(1.,0.,-0.));
#4748 = PCURVE('',#4622,#4749);
#4749 = DEFINITIONAL_REPRESENTATION('',(#4750),#4754);
#4750 = LINE('',#4751,#4752);
#4751 = CARTESIAN_POINT('',(-0.,-0.8));
#4752 = VECTOR('',#4753,1.);
#4753 = DIRECTION('',(-1.,-0.));
#4754 = ( GEOMETRIC_REPRESENTATION_CONTEXT(2) 
PARAMETRIC_REPRESENTATION_CONTEXT() REPRESENTATION_CONTEXT('2D SPACE',''
  ) );
#4755 = PCURVE('',#4756,#4761);
#4756 = PLANE('',#4757);
#4757 = AXIS2_PLACEMENT_3D('',#4758,#4759,#4760);
#4758 = CARTESIAN_POINT('',(-1.041859148601E-15,1.846063891983E-16,24.)
  );
#4759 = DIRECTION('',(0.,0.,1.));
#4760 = DIRECTION('',(1.,0.,-0.));
#4761 = DEFINITIONAL_REPRESENTATION('',(#4762),#4766);
#4762 = CIRCLE('',#4763,20.2);
#4763 = AXIS2_PLACEMENT_2D('',#4764,#4765);
#4764 = CARTESIAN_POINT('',(1.041859148601E-15,-1.846063891983E-16));
#4765 = DIRECTION('',(1.,0.));
#4766 = ( GEOMETRIC_REPRESENTATION_CONTEXT(2) 
PARAMETRIC_REPRESENTATION_CONTEXT() REPRESENTATION_CONTEXT('2D SPACE',''
  ) );
#4767 = ADVANCED_FACE('',(#4768,#4771),#4703,.F.);
#4768 = FACE_BOUND('',#4769,.F.);
#4769 = EDGE_LOOP('',(#4770));
#4770 = ORIENTED_EDGE('',*,*,#4688,.T.);
#4771 = FACE_BOUND('',#4772,.F.);
#4772 = EDGE_LOOP('',(#4773));
#4773 = ORIENTED_EDGE('',*,*,#4774,.F.);
#4774 = EDGE_CURVE('',#4775,#4775,#4777,.T.);
#4775 = VERTEX_POINT('',#4776);
#4776 = CARTESIAN_POINT('',(15.8,0.,0.));
#4777 = SURFACE_CURVE('',#4778,(#4783,#4790),.PCURVE_S1.);
#4778 = CIRCLE('',#4779,15.8);
#4779 = AXIS2_PLACEMENT_3D('',#4780,#4781,#4782);
#4780 = CARTESIAN_POINT('',(0.,0.,0.));
#4781 = DIRECTION('',(0.,0.,1.));
#4782 = DIRECTION('',(1.,2.449293598295E-16,-0.));
#4783 = PCURVE('',#4703,#4784);
#4784 = DEFINITIONAL_REPRESENTATION('',(#4785),#4789);
#4785 = CIRCLE('',#4786,15.8);
#4786 = AXIS2_PLACEMENT_2D('',#4787,#4788);
#4787 = CARTESIAN_POINT('',(1.041859148601E-15,-1.846063891983E-16));
#4788 = DIRECTION('',(1.,2.449293598295E-16));
#4789 = ( GEOMETRIC_REPRESENTATION_CONTEXT(2) 
PARAMETRIC_REPRESENTATION_CONTEXT() REPRESENTATION_CONTEXT('2D SPACE',''
  ) );
#4790 = PCURVE('',#4791,#4796);
#4791 = CONICAL_SURFACE('',#4792,15.,0.785398163397);
#4792 = AXIS2_PLACEMENT_3D('',#4793,#4794,#4795);
#4793 = CARTESIAN_POINT('',(0.,0.,0.8));
#4794 = DIRECTION('',(-0.,-0.,-1.));
#4795 = DIRECTION('',(1.,2.449293598295E-16,-0.));
#4796 = DEFINITIONAL_REPRESENTATION('',(#4797),#4801);
#4797 = LINE('',#4798,#4799);
#4798 = CARTESIAN_POINT('',(-0.,0.8));
#4799 = VECTOR('',#4800,1.);
#4800 = DIRECTION('',(-1.,0.));
#4801 = ( GEOMETRIC_REPRESENTATION_CONTEXT(2) 
PARAMETRIC_REPRESENTATION_CONTEXT() REPRESENTATION_CONTEXT('2D SPACE',''
  ) );
#4802 = ADVANCED_FACE('',(#4803,#4806),#4756,.T.);
#4803 = FACE_BOUND('',#4804,.T.);
#4804 = EDGE_LOOP('',(#4805));
#4805 = ORIENTED_EDGE('',*,*,#4741,.T.);
#4806 = FACE_BOUND('',#4807,.T.);
#4807 = EDGE_LOOP('',(#4808));
#4808 = ORIENTED_EDGE('',*,*,#4809,.T.);
#4809 = EDGE_CURVE('',#4810,#4810,#4812,.T.);
#4810 = VERTEX_POINT('',#4811);
#4811 = CARTESIAN_POINT('',(15.8,0.,24.));
#4812 = SURFACE_CURVE('',#4813,(#4818,#4829),.PCURVE_S1.);
#4813 = CIRCLE('',#4814,15.8);
#4814 = AXIS2_PLACEMENT_3D('',#4815,#4816,#4817);
#4815 = CARTESIAN_POINT('',(0.,0.,24.));
#4816 = DIRECTION('',(0.,-0.,-1.));
#4817 = DIRECTION('',(1.,0.,-0.));
#4818 = PCURVE('',#4756,#4819);
#4819 = DEFINITIONAL_REPRESENTATION('',(#4820),#4828);
#4820 = ( BOUNDED_CURVE() B_SPLINE_CURVE(2,(#4821,#4822,#4823,#4824,
#4825,#4826,#4827),.UNSPECIFIED.,.T.,.F.) B_SPLINE_CURVE_WITH_KNOTS((1,2
    ,2,2,2,1),(-2.094395102393,0.,2.094395102393,4.188790204786,
6.28318530718,8.377580409573),.UNSPECIFIED.) CURVE() 
GEOMETRIC_REPRESENTATION_ITEM() RATIONAL_B_SPLINE_CURVE((1.,0.5,1.,0.5,
1.,0.5,1.)) REPRESENTATION_ITEM('') );
#4821 = CARTESIAN_POINT('',(15.8,-1.846063891983E-16));
#4822 = CARTESIAN_POINT('',(15.8,-27.36640275958));
#4823 = CARTESIAN_POINT('',(-7.9,-13.68320137979));
#4824 = CARTESIAN_POINT('',(-31.6,-4.054490274504E-15));
#4825 = CARTESIAN_POINT('',(-7.9,13.683201379794));
#4826 = CARTESIAN_POINT('',(15.8,27.366402759588));
#4827 = CARTESIAN_POINT('',(15.8,-1.846063891983E-16));
#4828 = ( GEOMETRIC_REPRESENTATION_CONTEXT(2) 
PARAMETRIC_REPRESENTATION_CONTEXT() REPRESENTATION_CONTEXT('2D SPACE',''
  ) );
#4829 = PCURVE('',#4830,#4835);
#4830 = CONICAL_SURFACE('',#4831,15.,0.785398163397);
#4831 = AXIS2_PLACEMENT_3D('',#4832,#4833,#4834);
#4832 = CARTESIAN_POINT('',(0.,0.,23.2));
#4833 = DIRECTION('',(0.,0.,1.));
#4834 = DIRECTION('',(1.,0.,-0.));
#4835 = DEFINITIONAL_REPRESENTATION('',(#4836),#4840);
#4836 = LINE('',#4837,#4838);
#4837 = CARTESIAN_POINT('',(0.,0.8));
#4838 = VECTOR('',#4839,1.);
#4839 = DIRECTION('',(-1.,-0.));
#4840 = ( GEOMETRIC_REPRESENTATION_CONTEXT(2) 
PARAMETRIC_REPRESENTATION_CONTEXT() REPRESENTATION_CONTEXT('2D SPACE',''
  ) );
#4841 = ADVANCED_FACE('',(#4842),#4791,.F.);
#4842 = FACE_BOUND('',#4843,.T.);
#4843 = EDGE_LOOP('',(#4844,#4865,#4892,#4893));
#4844 = ORIENTED_EDGE('',*,*,#4845,.F.);
#4845 = EDGE_CURVE('',#4846,#4775,#4848,.T.);
#4846 = VERTEX_POINT('',#4847);
#4847 = CARTESIAN_POINT('',(15.,0.,0.8));
#4848 = SEAM_CURVE('',#4849,(#4853,#4859),.PCURVE_S1.);
#4849 = LINE('',#4850,#4851);
#4850 = CARTESIAN_POINT('',(15.,0.,0.8));
#4851 = VECTOR('',#4852,1.);
#4852 = DIRECTION('',(0.707106781187,0.,-0.707106781187));
#4853 = PCURVE('',#4791,#4854);
#4854 = DEFINITIONAL_REPRESENTATION('',(#4855),#4858);
#4855 = B_SPLINE_CURVE_WITH_KNOTS('',1,(#4856,#4857),.UNSPECIFIED.,.F.,
  .F.,(2,2),(0.,1.131370849898),.PIECEWISE_BEZIER_KNOTS.);
#4856 = CARTESIAN_POINT('',(2.449293598295E-16,0.));
#4857 = CARTESIAN_POINT('',(2.449293598295E-16,0.8));
#4858 = ( GEOMETRIC_REPRESENTATION_CONTEXT(2) 
PARAMETRIC_REPRESENTATION_CONTEXT() REPRESENTATION_CONTEXT('2D SPACE',''
  ) );
#4859 = PCURVE('',#4791,#4860);
#4860 = DEFINITIONAL_REPRESENTATION('',(#4861),#4864);
#4861 = B_SPLINE_CURVE_WITH_KNOTS('',1,(#4862,#4863),.UNSPECIFIED.,.F.,
  .F.,(2,2),(0.,1.131370849898),.PIECEWISE_BEZIER_KNOTS.);
#4862 = CARTESIAN_POINT('',(-6.28318530718,0.));
#4863 = CARTESIAN_POINT('',(-6.28318530718,0.8));
#4864 = ( GEOMETRIC_REPRESENTATION_CONTEXT(2) 
PARAMETRIC_REPRESENTATION_CONTEXT() REPRESENTATION_CONTEXT('2D SPACE',''
  ) );
#4865 = ORIENTED_EDGE('',*,*,#4866,.T.);
#4866 = EDGE_CURVE('',#4846,#4846,#4867,.T.);
#4867 = SURFACE_CURVE('',#4868,(#4873,#4880),.PCURVE_S1.);
#4868 = CIRCLE('',#4869,15.);
#4869 = AXIS2_PLACEMENT_3D('',#4870,#4871,#4872);
#4870 = CARTESIAN_POINT('',(0.,0.,0.8));
#4871 = DIRECTION('',(0.,0.,1.));
#4872 = DIRECTION('',(1.,2.449293598295E-16,-0.));
#4873 = PCURVE('',#4791,#4874);
#4874 = DEFINITIONAL_REPRESENTATION('',(#4875),#4879);
#4875 = LINE('',#4876,#4877);
#4876 = CARTESIAN_POINT('',(-0.,0.));
#4877 = VECTOR('',#4878,1.);
#4878 = DIRECTION('',(-1.,0.));
#4879 = ( GEOMETRIC_REPRESENTATION_CONTEXT(2) 
PARAMETRIC_REPRESENTATION_CONTEXT() REPRESENTATION_CONTEXT('2D SPACE',''
  ) );
#4880 = PCURVE('',#4881,#4886);
#4881 = CYLINDRICAL_SURFACE('',#4882,15.);
#4882 = AXIS2_PLACEMENT_3D('',#4883,#4884,#4885);
#4883 = CARTESIAN_POINT('',(0.,0.,-18.0000002));
#4884 = DIRECTION('',(-0.,-0.,-1.));
#4885 = DIRECTION('',(1.,0.,0.));
#4886 = DEFINITIONAL_REPRESENTATION('',(#4887),#4891);
#4887 = LINE('',#4888,#4889);
#4888 = CARTESIAN_POINT('',(-2.449293598295E-16,-18.8000002));
#4889 = VECTOR('',#4890,1.);
#4890 = DIRECTION('',(-1.,0.));
#4891 = ( GEOMETRIC_REPRESENTATION_CONTEXT(2) 
PARAMETRIC_REPRESENTATION_CONTEXT() REPRESENTATION_CONTEXT('2D SPACE',''
  ) );
#4892 = ORIENTED_EDGE('',*,*,#4845,.T.);
#4893 = ORIENTED_EDGE('',*,*,#4774,.F.);
#4894 = ADVANCED_FACE('',(#4895),#4830,.F.);
#4895 = FACE_BOUND('',#4896,.F.);
#4896 = EDGE_LOOP('',(#4897,#4918,#4919,#4920));
#4897 = ORIENTED_EDGE('',*,*,#4898,.F.);
#4898 = EDGE_CURVE('',#4810,#4899,#4901,.T.);
#4899 = VERTEX_POINT('',#4900);
#4900 = CARTESIAN_POINT('',(15.,0.,23.2));
#4901 = SEAM_CURVE('',#4902,(#4906,#4912),.PCURVE_S1.);
#4902 = LINE('',#4903,#4904);
#4903 = CARTESIAN_POINT('',(15.,0.,23.2));
#4904 = VECTOR('',#4905,1.);
#4905 = DIRECTION('',(-0.707106781187,0.,-0.707106781187));
#4906 = PCURVE('',#4830,#4907);
#4907 = DEFINITIONAL_REPRESENTATION('',(#4908),#4911);
#4908 = B_SPLINE_CURVE_WITH_KNOTS('',1,(#4909,#4910),.UNSPECIFIED.,.F.,
  .F.,(2,2),(-1.131370849898,0.),.PIECEWISE_BEZIER_KNOTS.);
#4909 = CARTESIAN_POINT('',(0.,0.8));
#4910 = CARTESIAN_POINT('',(0.,0.));
#4911 = ( GEOMETRIC_REPRESENTATION_CONTEXT(2) 
PARAMETRIC_REPRESENTATION_CONTEXT() REPRESENTATION_CONTEXT('2D SPACE',''
  ) );
#4912 = PCURVE('',#4830,#4913);
#4913 = DEFINITIONAL_REPRESENTATION('',(#4914),#4917);
#4914 = B_SPLINE_CURVE_WITH_KNOTS('',1,(#4915,#4916),.UNSPECIFIED.,.F.,
  .F.,(2,2),(-1.131370849898,0.),.PIECEWISE_BEZIER_KNOTS.);
#4915 = CARTESIAN_POINT('',(-6.28318530718,0.8));
#4916 = CARTESIAN_POINT('',(-6.28318530718,0.));
#4917 = ( GEOMETRIC_REPRESENTATION_CONTEXT(2) 
PARAMETRIC_REPRESENTATION_CONTEXT() REPRESENTATION_CONTEXT('2D SPACE',''
  ) );
#4918 = ORIENTED_EDGE('',*,*,#4809,.T.);
#4919 = ORIENTED_EDGE('',*,*,#4898,.T.);
#4920 = ORIENTED_EDGE('',*,*,#4921,.F.);
#4921 = EDGE_CURVE('',#4899,#4899,#4922,.T.);
#4922 = SURFACE_CURVE('',#4923,(#4928,#4935),.PCURVE_S1.);
#4923 = CIRCLE('',#4924,15.);
#4924 = AXIS2_PLACEMENT_3D('',#4925,#4926,#4927);
#4925 = CARTESIAN_POINT('',(0.,0.,23.2));
#4926 = DIRECTION('',(0.,-0.,-1.));
#4927 = DIRECTION('',(1.,0.,-0.));
#4928 = PCURVE('',#4830,#4929);
#4929 = DEFINITIONAL_REPRESENTATION('',(#4930),#4934);
#4930 = LINE('',#4931,#4932);
#4931 = CARTESIAN_POINT('',(-0.,-0.));
#4932 = VECTOR('',#4933,1.);
#4933 = DIRECTION('',(-1.,-0.));
#4934 = ( GEOMETRIC_REPRESENTATION_CONTEXT(2) 
PARAMETRIC_REPRESENTATION_CONTEXT() REPRESENTATION_CONTEXT('2D SPACE',''
  ) );
#4935 = PCURVE('',#4881,#4936);
#4936 = DEFINITIONAL_REPRESENTATION('',(#4937),#4941);
#4937 = LINE('',#4938,#4939);
#4938 = CARTESIAN_POINT('',(-6.28318530718,-41.2000002));
#4939 = VECTOR('',#4940,1.);
#4940 = DIRECTION('',(1.,-0.));
#4941 = ( GEOMETRIC_REPRESENTATION_CONTEXT(2) 
PARAMETRIC_REPRESENTATION_CONTEXT() REPRESENTATION_CONTEXT('2D SPACE',''
  ) );
#4942 = ADVANCED_FACE('',(#4943),#4881,.F.);
#4943 = FACE_BOUND('',#4944,.T.);
#4944 = EDGE_LOOP('',(#4945,#4966,#4967,#4968));
#4945 = ORIENTED_EDGE('',*,*,#4946,.T.);
#4946 = EDGE_CURVE('',#4846,#4899,#4947,.T.);
#4947 = SEAM_CURVE('',#4948,(#4952,#4959),.PCURVE_S1.);
#4948 = LINE('',#4949,#4950);
#4949 = CARTESIAN_POINT('',(15.,0.,-18.0000002));
#4950 = VECTOR('',#4951,1.);
#4951 = DIRECTION('',(0.,0.,1.));
#4952 = PCURVE('',#4881,#4953);
#4953 = DEFINITIONAL_REPRESENTATION('',(#4954),#4958);
#4954 = LINE('',#4955,#4956);
#4955 = CARTESIAN_POINT('',(-0.,0.));
#4956 = VECTOR('',#4957,1.);
#4957 = DIRECTION('',(-0.,-1.));
#4958 = ( GEOMETRIC_REPRESENTATION_CONTEXT(2) 
PARAMETRIC_REPRESENTATION_CONTEXT() REPRESENTATION_CONTEXT('2D SPACE',''
  ) );
#4959 = PCURVE('',#4881,#4960);
#4960 = DEFINITIONAL_REPRESENTATION('',(#4961),#4965);
#4961 = LINE('',#4962,#4963);
#4962 = CARTESIAN_POINT('',(-6.28318530718,0.));
#4963 = VECTOR('',#4964,1.);
#4964 = DIRECTION('',(-0.,-1.));
#4965 = ( GEOMETRIC_REPRESENTATION_CONTEXT(2) 
PARAMETRIC_REPRESENTATION_CONTEXT() REPRESENTATION_CONTEXT('2D SPACE',''
  ) );
#4966 = ORIENTED_EDGE('',*,*,#4921,.F.);
#4967 = ORIENTED_EDGE('',*,*,#4946,.F.);
#4968 = ORIENTED_EDGE('',*,*,#4866,.F.);
#4969 = ( GEOMETRIC_REPRESENTATION_CONTEXT(3) 
GLOBAL_UNCERTAINTY_ASSIGNED_CONTEXT((#4973)) 
GLOBAL_UNIT_ASSIGNED_CONTEXT((#4970,#4971,#4972)) REPRESENTATION_CONTEXT
('Context #1','3D Context with UNIT and UNCERTAINTY') );
#4970 = ( LENGTH_UNIT() NAMED_UNIT(*) SI_UNIT(.MILLI.,.METRE.) );
#4971 = ( NAMED_UNIT(*) PLANE_ANGLE_UNIT() SI_UNIT($,.RADIAN.) );
#4972 = ( NAMED_UNIT(*) SI_UNIT($,.STERADIAN.) SOLID_ANGLE_UNIT() );
#4973 = UNCERTAINTY_MEASURE_WITH_UNIT(LENGTH_MEASURE(1.E-07),#4970,
  'distance_accuracy_value','confusion accuracy');
#4974 = CONTEXT_DEPENDENT_SHAPE_REPRESENTATION(#4975,#4977);
#4975 = ( REPRESENTATION_RELATIONSHIP('','',#4570,#2332) 
REPRESENTATION_RELATIONSHIP_WITH_TRANSFORMATION(#4976) 
SHAPE_REPRESENTATION_RELATIONSHIP() );
#4976 = ITEM_DEFINED_TRANSFORMATION('','',#11,#2337);
#4977 = PRODUCT_DEFINITION_SHAPE('Placement','Placement of an item',
  #4978);
#4978 = NEXT_ASSEMBLY_USAGE_OCCURRENCE('10','','',#2327,#4565,$);
#4979 = PRODUCT_RELATED_PRODUCT_CATEGORY('part',$,(#4567));
#4980 = SHAPE_DEFINITION_REPRESENTATION(#4981,#4987);
#4981 = PRODUCT_DEFINITION_SHAPE('','',#4982);
#4982 = PRODUCT_DEFINITION('design','',#4983,#4986);
#4983 = PRODUCT_DEFINITION_FORMATION('','',#4984);
#4984 = PRODUCT('Open CASCADE STEP translator 7.9 12.2.1.3',
  'Open CASCADE STEP translator 7.9 12.2.1.3','',(#4985));
#4985 = PRODUCT_CONTEXT('',#2,'mechanical');
#4986 = PRODUCT_DEFINITION_CONTEXT('part definition',#2,'design');
#4987 = ADVANCED_BREP_SHAPE_REPRESENTATION('',(#11,#4988),#5174);
#4988 = MANIFOLD_SOLID_BREP('',#4989);
#4989 = CLOSED_SHELL('',(#4990,#5078,#5117,#5167));
#4990 = ADVANCED_FACE('',(#4991),#5005,.T.);
#4991 = FACE_BOUND('',#4992,.F.);
#4992 = EDGE_LOOP('',(#4993,#5023,#5050,#5051));
#4993 = ORIENTED_EDGE('',*,*,#4994,.T.);
#4994 = EDGE_CURVE('',#4995,#4997,#4999,.T.);
#4995 = VERTEX_POINT('',#4996);
#4996 = CARTESIAN_POINT('',(21.,0.,0.));
#4997 = VERTEX_POINT('',#4998);
#4998 = CARTESIAN_POINT('',(21.,0.,6.));
#4999 = SEAM_CURVE('',#5000,(#5004,#5016),.PCURVE_S1.);
#5000 = LINE('',#5001,#5002);
#5001 = CARTESIAN_POINT('',(21.,0.,0.));
#5002 = VECTOR('',#5003,1.);
#5003 = DIRECTION('',(0.,0.,1.));
#5004 = PCURVE('',#5005,#5010);
#5005 = CYLINDRICAL_SURFACE('',#5006,21.);
#5006 = AXIS2_PLACEMENT_3D('',#5007,#5008,#5009);
#5007 = CARTESIAN_POINT('',(0.,0.,0.));
#5008 = DIRECTION('',(-0.,-0.,-1.));
#5009 = DIRECTION('',(1.,0.,0.));
#5010 = DEFINITIONAL_REPRESENTATION('',(#5011),#5015);
#5011 = LINE('',#5012,#5013);
#5012 = CARTESIAN_POINT('',(-0.,0.));
#5013 = VECTOR('',#5014,1.);
#5014 = DIRECTION('',(-0.,-1.));
#5015 = ( GEOMETRIC_REPRESENTATION_CONTEXT(2) 
PARAMETRIC_REPRESENTATION_CONTEXT() REPRESENTATION_CONTEXT('2D SPACE',''
  ) );
#5016 = PCURVE('',#5005,#5017);
#5017 = DEFINITIONAL_REPRESENTATION('',(#5018),#5022);
#5018 = LINE('',#5019,#5020);
#5019 = CARTESIAN_POINT('',(-6.28318530718,0.));
#5020 = VECTOR('',#5021,1.);
#5021 = DIRECTION('',(-0.,-1.));
#5022 = ( GEOMETRIC_REPRESENTATION_CONTEXT(2) 
PARAMETRIC_REPRESENTATION_CONTEXT() REPRESENTATION_CONTEXT('2D SPACE',''
  ) );
#5023 = ORIENTED_EDGE('',*,*,#5024,.T.);
#5024 = EDGE_CURVE('',#4997,#4997,#5025,.T.);
#5025 = SURFACE_CURVE('',#5026,(#5031,#5038),.PCURVE_S1.);
#5026 = CIRCLE('',#5027,21.);
#5027 = AXIS2_PLACEMENT_3D('',#5028,#5029,#5030);
#5028 = CARTESIAN_POINT('',(0.,0.,6.));
#5029 = DIRECTION('',(0.,0.,1.));
#5030 = DIRECTION('',(1.,0.,0.));
#5031 = PCURVE('',#5005,#5032);
#5032 = DEFINITIONAL_REPRESENTATION('',(#5033),#5037);
#5033 = LINE('',#5034,#5035);
#5034 = CARTESIAN_POINT('',(-0.,-6.));
#5035 = VECTOR('',#5036,1.);
#5036 = DIRECTION('',(-1.,0.));
#5037 = ( GEOMETRIC_REPRESENTATION_CONTEXT(2) 
PARAMETRIC_REPRESENTATION_CONTEXT() REPRESENTATION_CONTEXT('2D SPACE',''
  ) );
#5038 = PCURVE('',#5039,#5044);
#5039 = PLANE('',#5040);
#5040 = AXIS2_PLACEMENT_3D('',#5041,#5042,#5043);
#5041 = CARTESIAN_POINT('',(-1.041859148601E-15,1.846063891983E-16,6.));
#5042 = DIRECTION('',(0.,0.,1.));
#5043 = DIRECTION('',(1.,0.,-0.));
#5044 = DEFINITIONAL_REPRESENTATION('',(#5045),#5049);
#5045 = CIRCLE('',#5046,21.);
#5046 = AXIS2_PLACEMENT_2D('',#5047,#5048);
#5047 = CARTESIAN_POINT('',(1.041859148601E-15,-1.846063891983E-16));
#5048 = DIRECTION('',(1.,0.));
#5049 = ( GEOMETRIC_REPRESENTATION_CONTEXT(2) 
PARAMETRIC_REPRESENTATION_CONTEXT() REPRESENTATION_CONTEXT('2D SPACE',''
  ) );
#5050 = ORIENTED_EDGE('',*,*,#4994,.F.);
#5051 = ORIENTED_EDGE('',*,*,#5052,.F.);
#5052 = EDGE_CURVE('',#4995,#4995,#5053,.T.);
#5053 = SURFACE_CURVE('',#5054,(#5059,#5066),.PCURVE_S1.);
#5054 = CIRCLE('',#5055,21.);
#5055 = AXIS2_PLACEMENT_3D('',#5056,#5057,#5058);
#5056 = CARTESIAN_POINT('',(0.,0.,0.));
#5057 = DIRECTION('',(0.,0.,1.));
#5058 = DIRECTION('',(1.,0.,0.));
#5059 = PCURVE('',#5005,#5060);
#5060 = DEFINITIONAL_REPRESENTATION('',(#5061),#5065);
#5061 = LINE('',#5062,#5063);
#5062 = CARTESIAN_POINT('',(-0.,0.));
#5063 = VECTOR('',#5064,1.);
#5064 = DIRECTION('',(-1.,0.));
#5065 = ( GEOMETRIC_REPRESENTATION_CONTEXT(2) 
PARAMETRIC_REPRESENTATION_CONTEXT() REPRESENTATION_CONTEXT('2D SPACE',''
  ) );
#5066 = PCURVE('',#5067,#5072);
#5067 = PLANE('',#5068);
#5068 = AXIS2_PLACEMENT_3D('',#5069,#5070,#5071);
#5069 = CARTESIAN_POINT('',(-1.041859148601E-15,1.846063891983E-16,0.));
#5070 = DIRECTION('',(0.,0.,1.));
#5071 = DIRECTION('',(1.,0.,-0.));
#5072 = DEFINITIONAL_REPRESENTATION('',(#5073),#5077);
#5073 = CIRCLE('',#5074,21.);
#5074 = AXIS2_PLACEMENT_2D('',#5075,#5076);
#5075 = CARTESIAN_POINT('',(1.041859148601E-15,-1.846063891983E-16));
#5076 = DIRECTION('',(1.,0.));
#5077 = ( GEOMETRIC_REPRESENTATION_CONTEXT(2) 
PARAMETRIC_REPRESENTATION_CONTEXT() REPRESENTATION_CONTEXT('2D SPACE',''
  ) );
#5078 = ADVANCED_FACE('',(#5079,#5082),#5039,.T.);
#5079 = FACE_BOUND('',#5080,.T.);
#5080 = EDGE_LOOP('',(#5081));
#5081 = ORIENTED_EDGE('',*,*,#5024,.T.);
#5082 = FACE_BOUND('',#5083,.T.);
#5083 = EDGE_LOOP('',(#5084));
#5084 = ORIENTED_EDGE('',*,*,#5085,.T.);
#5085 = EDGE_CURVE('',#5086,#5086,#5088,.T.);
#5086 = VERTEX_POINT('',#5087);
#5087 = CARTESIAN_POINT('',(15.5,0.,6.));
#5088 = SURFACE_CURVE('',#5089,(#5094,#5105),.PCURVE_S1.);
#5089 = CIRCLE('',#5090,15.5);
#5090 = AXIS2_PLACEMENT_3D('',#5091,#5092,#5093);
#5091 = CARTESIAN_POINT('',(0.,0.,6.));
#5092 = DIRECTION('',(0.,0.,-1.));
#5093 = DIRECTION('',(1.,0.,0.));
#5094 = PCURVE('',#5039,#5095);
#5095 = DEFINITIONAL_REPRESENTATION('',(#5096),#5104);
#5096 = ( BOUNDED_CURVE() B_SPLINE_CURVE(2,(#5097,#5098,#5099,#5100,
#5101,#5102,#5103),.UNSPECIFIED.,.T.,.F.) B_SPLINE_CURVE_WITH_KNOTS((1,2
    ,2,2,2,1),(-2.094395102393,0.,2.094395102393,4.188790204786,
6.28318530718,8.377580409573),.UNSPECIFIED.) CURVE() 
GEOMETRIC_REPRESENTATION_ITEM() RATIONAL_B_SPLINE_CURVE((1.,0.5,1.,0.5,
1.,0.5,1.)) REPRESENTATION_ITEM('') );
#5097 = CARTESIAN_POINT('',(15.5,-1.846063891983E-16));
#5098 = CARTESIAN_POINT('',(15.5,-26.84678751731));
#5099 = CARTESIAN_POINT('',(-7.75,-13.42339375865));
#5100 = CARTESIAN_POINT('',(-31.,-3.981011466555E-15));
#5101 = CARTESIAN_POINT('',(-7.75,13.423393758659));
#5102 = CARTESIAN_POINT('',(15.5,26.846787517318));
#5103 = CARTESIAN_POINT('',(15.5,-1.846063891983E-16));
#5104 = ( GEOMETRIC_REPRESENTATION_CONTEXT(2) 
PARAMETRIC_REPRESENTATION_CONTEXT() REPRESENTATION_CONTEXT('2D SPACE',''
  ) );
#5105 = PCURVE('',#5106,#5111);
#5106 = CYLINDRICAL_SURFACE('',#5107,15.5);
#5107 = AXIS2_PLACEMENT_3D('',#5108,#5109,#5110);
#5108 = CARTESIAN_POINT('',(0.,0.,-36.0000002));
#5109 = DIRECTION('',(-0.,-0.,-1.));
#5110 = DIRECTION('',(1.,0.,0.));
#5111 = DEFINITIONAL_REPRESENTATION('',(#5112),#5116);
#5112 = LINE('',#5113,#5114);
#5113 = CARTESIAN_POINT('',(-6.28318530718,-42.0000002));
#5114 = VECTOR('',#5115,1.);
#5115 = DIRECTION('',(1.,-0.));
#5116 = ( GEOMETRIC_REPRESENTATION_CONTEXT(2) 
PARAMETRIC_REPRESENTATION_CONTEXT() REPRESENTATION_CONTEXT('2D SPACE',''
  ) );
#5117 = ADVANCED_FACE('',(#5118),#5106,.F.);
#5118 = FACE_BOUND('',#5119,.T.);
#5119 = EDGE_LOOP('',(#5120,#5144,#5165,#5166));
#5120 = ORIENTED_EDGE('',*,*,#5121,.F.);
#5121 = EDGE_CURVE('',#5122,#5122,#5124,.T.);
#5122 = VERTEX_POINT('',#5123);
#5123 = CARTESIAN_POINT('',(15.5,0.,0.));
#5124 = SURFACE_CURVE('',#5125,(#5130,#5137),.PCURVE_S1.);
#5125 = CIRCLE('',#5126,15.5);
#5126 = AXIS2_PLACEMENT_3D('',#5127,#5128,#5129);
#5127 = CARTESIAN_POINT('',(-1.316325544182E-15,-1.7763568394E-15,0.));
#5128 = DIRECTION('',(0.,0.,1.));
#5129 = DIRECTION('',(1.,3.595330268876E-16,-0.));
#5130 = PCURVE('',#5106,#5131);
#5131 = DEFINITIONAL_REPRESENTATION('',(#5132),#5136);
#5132 = LINE('',#5133,#5134);
#5133 = CARTESIAN_POINT('',(-0.,-36.0000002));
#5134 = VECTOR('',#5135,1.);
#5135 = DIRECTION('',(-1.,-0.));
#5136 = ( GEOMETRIC_REPRESENTATION_CONTEXT(2) 
PARAMETRIC_REPRESENTATION_CONTEXT() REPRESENTATION_CONTEXT('2D SPACE',''
  ) );
#5137 = PCURVE('',#5067,#5138);
#5138 = DEFINITIONAL_REPRESENTATION('',(#5139),#5143);
#5139 = CIRCLE('',#5140,15.5);
#5140 = AXIS2_PLACEMENT_2D('',#5141,#5142);
#5141 = CARTESIAN_POINT('',(-2.744663955804E-16,-1.960963228599E-15));
#5142 = DIRECTION('',(1.,3.595330268876E-16));
#5143 = ( GEOMETRIC_REPRESENTATION_CONTEXT(2) 
PARAMETRIC_REPRESENTATION_CONTEXT() REPRESENTATION_CONTEXT('2D SPACE',''
  ) );
#5144 = ORIENTED_EDGE('',*,*,#5145,.T.);
#5145 = EDGE_CURVE('',#5122,#5086,#5146,.T.);
#5146 = SEAM_CURVE('',#5147,(#5151,#5158),.PCURVE_S1.);
#5147 = LINE('',#5148,#5149);
#5148 = CARTESIAN_POINT('',(15.5,0.,-36.0000002));
#5149 = VECTOR('',#5150,1.);
#5150 = DIRECTION('',(0.,0.,1.));
#5151 = PCURVE('',#5106,#5152);
#5152 = DEFINITIONAL_REPRESENTATION('',(#5153),#5157);
#5153 = LINE('',#5154,#5155);
#5154 = CARTESIAN_POINT('',(-0.,0.));
#5155 = VECTOR('',#5156,1.);
#5156 = DIRECTION('',(-0.,-1.));
#5157 = ( GEOMETRIC_REPRESENTATION_CONTEXT(2) 
PARAMETRIC_REPRESENTATION_CONTEXT() REPRESENTATION_CONTEXT('2D SPACE',''
  ) );
#5158 = PCURVE('',#5106,#5159);
#5159 = DEFINITIONAL_REPRESENTATION('',(#5160),#5164);
#5160 = LINE('',#5161,#5162);
#5161 = CARTESIAN_POINT('',(-6.28318530718,0.));
#5162 = VECTOR('',#5163,1.);
#5163 = DIRECTION('',(-0.,-1.));
#5164 = ( GEOMETRIC_REPRESENTATION_CONTEXT(2) 
PARAMETRIC_REPRESENTATION_CONTEXT() REPRESENTATION_CONTEXT('2D SPACE',''
  ) );
#5165 = ORIENTED_EDGE('',*,*,#5085,.F.);
#5166 = ORIENTED_EDGE('',*,*,#5145,.F.);
#5167 = ADVANCED_FACE('',(#5168,#5171),#5067,.F.);
#5168 = FACE_BOUND('',#5169,.F.);
#5169 = EDGE_LOOP('',(#5170));
#5170 = ORIENTED_EDGE('',*,*,#5052,.T.);
#5171 = FACE_BOUND('',#5172,.F.);
#5172 = EDGE_LOOP('',(#5173));
#5173 = ORIENTED_EDGE('',*,*,#5121,.F.);
#5174 = ( GEOMETRIC_REPRESENTATION_CONTEXT(3) 
GLOBAL_UNCERTAINTY_ASSIGNED_CONTEXT((#5178)) 
GLOBAL_UNIT_ASSIGNED_CONTEXT((#5175,#5176,#5177)) REPRESENTATION_CONTEXT
('Context #1','3D Context with UNIT and UNCERTAINTY') );
#5175 = ( LENGTH_UNIT() NAMED_UNIT(*) SI_UNIT(.MILLI.,.METRE.) );
#5176 = ( NAMED_UNIT(*) PLANE_ANGLE_UNIT() SI_UNIT($,.RADIAN.) );
#5177 = ( NAMED_UNIT(*) SI_UNIT($,.STERADIAN.) SOLID_ANGLE_UNIT() );
#5178 = UNCERTAINTY_MEASURE_WITH_UNIT(LENGTH_MEASURE(1.E-07),#5175,
  'distance_accuracy_value','confusion accuracy');
#5179 = CONTEXT_DEPENDENT_SHAPE_REPRESENTATION(#5180,#5182);
#5180 = ( REPRESENTATION_RELATIONSHIP('','',#4987,#2332) 
REPRESENTATION_RELATIONSHIP_WITH_TRANSFORMATION(#5181) 
SHAPE_REPRESENTATION_RELATIONSHIP() );
#5181 = ITEM_DEFINED_TRANSFORMATION('','',#11,#2341);
#5182 = PRODUCT_DEFINITION_SHAPE('Placement','Placement of an item',
  #5183);
#5183 = NEXT_ASSEMBLY_USAGE_OCCURRENCE('11','','',#2327,#4982,$);
#5184 = PRODUCT_RELATED_PRODUCT_CATEGORY('part',$,(#4984));
#5185 = SHAPE_DEFINITION_REPRESENTATION(#5186,#5192);
#5186 = PRODUCT_DEFINITION_SHAPE('','',#5187);
#5187 = PRODUCT_DEFINITION('design','',#5188,#5191);
#5188 = PRODUCT_DEFINITION_FORMATION('','',#5189);
#5189 = PRODUCT('Open CASCADE STEP translator 7.9 12.2.1.4',
  'Open CASCADE STEP translator 7.9 12.2.1.4','',(#5190));
#5190 = PRODUCT_CONTEXT('',#2,'mechanical');
#5191 = PRODUCT_DEFINITION_CONTEXT('part definition',#2,'design');
#5192 = ADVANCED_BREP_SHAPE_REPRESENTATION('',(#11,#5193),#6057);
#5193 = MANIFOLD_SOLID_BREP('',#5194);
#5194 = CLOSED_SHELL('',(#5195,#5283,#5337,#5465,#5640,#5690,#5740,#5790
    ,#5840,#5866,#5892,#5918,#5944,#5998,#6053));
#5195 = ADVANCED_FACE('',(#5196),#5210,.T.);
#5196 = FACE_BOUND('',#5197,.F.);
#5197 = EDGE_LOOP('',(#5198,#5228,#5255,#5256));
#5198 = ORIENTED_EDGE('',*,*,#5199,.T.);
#5199 = EDGE_CURVE('',#5200,#5202,#5204,.T.);
#5200 = VERTEX_POINT('',#5201);
#5201 = CARTESIAN_POINT('',(45.,0.,0.));
#5202 = VERTEX_POINT('',#5203);
#5203 = CARTESIAN_POINT('',(45.,0.,7.));
#5204 = SEAM_CURVE('',#5205,(#5209,#5221),.PCURVE_S1.);
#5205 = LINE('',#5206,#5207);
#5206 = CARTESIAN_POINT('',(45.,0.,0.));
#5207 = VECTOR('',#5208,1.);
#5208 = DIRECTION('',(0.,0.,1.));
#5209 = PCURVE('',#5210,#5215);
#5210 = CYLINDRICAL_SURFACE('',#5211,45.);
#5211 = AXIS2_PLACEMENT_3D('',#5212,#5213,#5214);
#5212 = CARTESIAN_POINT('',(0.,0.,0.));
#5213 = DIRECTION('',(-0.,-0.,-1.));
#5214 = DIRECTION('',(1.,0.,0.));
#5215 = DEFINITIONAL_REPRESENTATION('',(#5216),#5220);
#5216 = LINE('',#5217,#5218);
#5217 = CARTESIAN_POINT('',(-0.,0.));
#5218 = VECTOR('',#5219,1.);
#5219 = DIRECTION('',(-0.,-1.));
#5220 = ( GEOMETRIC_REPRESENTATION_CONTEXT(2) 
PARAMETRIC_REPRESENTATION_CONTEXT() REPRESENTATION_CONTEXT('2D SPACE',''
  ) );
#5221 = PCURVE('',#5210,#5222);
#5222 = DEFINITIONAL_REPRESENTATION('',(#5223),#5227);
#5223 = LINE('',#5224,#5225);
#5224 = CARTESIAN_POINT('',(-6.28318530718,0.));
#5225 = VECTOR('',#5226,1.);
#5226 = DIRECTION('',(-0.,-1.));
#5227 = ( GEOMETRIC_REPRESENTATION_CONTEXT(2) 
PARAMETRIC_REPRESENTATION_CONTEXT() REPRESENTATION_CONTEXT('2D SPACE',''
  ) );
#5228 = ORIENTED_EDGE('',*,*,#5229,.T.);
#5229 = EDGE_CURVE('',#5202,#5202,#5230,.T.);
#5230 = SURFACE_CURVE('',#5231,(#5236,#5243),.PCURVE_S1.);
#5231 = CIRCLE('',#5232,45.);
#5232 = AXIS2_PLACEMENT_3D('',#5233,#5234,#5235);
#5233 = CARTESIAN_POINT('',(0.,0.,7.));
#5234 = DIRECTION('',(0.,0.,1.));
#5235 = DIRECTION('',(1.,0.,-0.));
#5236 = PCURVE('',#5210,#5237);
#5237 = DEFINITIONAL_REPRESENTATION('',(#5238),#5242);
#5238 = LINE('',#5239,#5240);
#5239 = CARTESIAN_POINT('',(-0.,-7.));
#5240 = VECTOR('',#5241,1.);
#5241 = DIRECTION('',(-1.,0.));
#5242 = ( GEOMETRIC_REPRESENTATION_CONTEXT(2) 
PARAMETRIC_REPRESENTATION_CONTEXT() REPRESENTATION_CONTEXT('2D SPACE',''
  ) );
#5243 = PCURVE('',#5244,#5249);
#5244 = TOROIDAL_SURFACE('',#5245,44.,1.);
#5245 = AXIS2_PLACEMENT_3D('',#5246,#5247,#5248);
#5246 = CARTESIAN_POINT('',(0.,0.,7.));
#5247 = DIRECTION('',(0.,0.,1.));
#5248 = DIRECTION('',(1.,0.,-0.));
#5249 = DEFINITIONAL_REPRESENTATION('',(#5250),#5254);
#5250 = LINE('',#5251,#5252);
#5251 = CARTESIAN_POINT('',(0.,0.));
#5252 = VECTOR('',#5253,1.);
#5253 = DIRECTION('',(1.,0.));
#5254 = ( GEOMETRIC_REPRESENTATION_CONTEXT(2) 
PARAMETRIC_REPRESENTATION_CONTEXT() REPRESENTATION_CONTEXT('2D SPACE',''
  ) );
#5255 = ORIENTED_EDGE('',*,*,#5199,.F.);
#5256 = ORIENTED_EDGE('',*,*,#5257,.F.);
#5257 = EDGE_CURVE('',#5200,#5200,#5258,.T.);
#5258 = SURFACE_CURVE('',#5259,(#5264,#5271),.PCURVE_S1.);
#5259 = CIRCLE('',#5260,45.);
#5260 = AXIS2_PLACEMENT_3D('',#5261,#5262,#5263);
#5261 = CARTESIAN_POINT('',(0.,0.,0.));
#5262 = DIRECTION('',(0.,0.,1.));
#5263 = DIRECTION('',(1.,0.,0.));
#5264 = PCURVE('',#5210,#5265);
#5265 = DEFINITIONAL_REPRESENTATION('',(#5266),#5270);
#5266 = LINE('',#5267,#5268);
#5267 = CARTESIAN_POINT('',(-0.,0.));
#5268 = VECTOR('',#5269,1.);
#5269 = DIRECTION('',(-1.,0.));
#5270 = ( GEOMETRIC_REPRESENTATION_CONTEXT(2) 
PARAMETRIC_REPRESENTATION_CONTEXT() REPRESENTATION_CONTEXT('2D SPACE',''
  ) );
#5271 = PCURVE('',#5272,#5277);
#5272 = PLANE('',#5273);
#5273 = AXIS2_PLACEMENT_3D('',#5274,#5275,#5276);
#5274 = CARTESIAN_POINT('',(-1.944803744056E-15,1.07833545335E-16,0.));
#5275 = DIRECTION('',(0.,0.,1.));
#5276 = DIRECTION('',(1.,0.,-0.));
#5277 = DEFINITIONAL_REPRESENTATION('',(#5278),#5282);
#5278 = CIRCLE('',#5279,45.);
#5279 = AXIS2_PLACEMENT_2D('',#5280,#5281);
#5280 = CARTESIAN_POINT('',(1.944803744056E-15,-1.07833545335E-16));
#5281 = DIRECTION('',(1.,0.));
#5282 = ( GEOMETRIC_REPRESENTATION_CONTEXT(2) 
PARAMETRIC_REPRESENTATION_CONTEXT() REPRESENTATION_CONTEXT('2D SPACE',''
  ) );
#5283 = ADVANCED_FACE('',(#5284),#5244,.T.);
#5284 = FACE_BOUND('',#5285,.T.);
#5285 = EDGE_LOOP('',(#5286,#5308,#5309,#5310));
#5286 = ORIENTED_EDGE('',*,*,#5287,.F.);
#5287 = EDGE_CURVE('',#5202,#5288,#5290,.T.);
#5288 = VERTEX_POINT('',#5289);
#5289 = CARTESIAN_POINT('',(44.,0.,8.));
#5290 = SEAM_CURVE('',#5291,(#5296,#5302),.PCURVE_S1.);
#5291 = CIRCLE('',#5292,1.);
#5292 = AXIS2_PLACEMENT_3D('',#5293,#5294,#5295);
#5293 = CARTESIAN_POINT('',(44.,0.,7.));
#5294 = DIRECTION('',(0.,-1.,0.));
#5295 = DIRECTION('',(1.,0.,0.));
#5296 = PCURVE('',#5244,#5297);
#5297 = DEFINITIONAL_REPRESENTATION('',(#5298),#5301);
#5298 = B_SPLINE_CURVE_WITH_KNOTS('',1,(#5299,#5300),.UNSPECIFIED.,.F.,
  .F.,(2,2),(0.,1.570796326795),.PIECEWISE_BEZIER_KNOTS.);
#5299 = CARTESIAN_POINT('',(0.,0.));
#5300 = CARTESIAN_POINT('',(0.,1.570796326795));
#5301 = ( GEOMETRIC_REPRESENTATION_CONTEXT(2) 
PARAMETRIC_REPRESENTATION_CONTEXT() REPRESENTATION_CONTEXT('2D SPACE',''
  ) );
#5302 = PCURVE('',#5244,#5303);
#5303 = DEFINITIONAL_REPRESENTATION('',(#5304),#5307);
#5304 = B_SPLINE_CURVE_WITH_KNOTS('',1,(#5305,#5306),.UNSPECIFIED.,.F.,
  .F.,(2,2),(0.,1.570796326795),.PIECEWISE_BEZIER_KNOTS.);
#5305 = CARTESIAN_POINT('',(6.28318530718,0.));
#5306 = CARTESIAN_POINT('',(6.28318530718,1.570796326795));
#5307 = ( GEOMETRIC_REPRESENTATION_CONTEXT(2) 
PARAMETRIC_REPRESENTATION_CONTEXT() REPRESENTATION_CONTEXT('2D SPACE',''
  ) );
#5308 = ORIENTED_EDGE('',*,*,#5229,.T.);
#5309 = ORIENTED_EDGE('',*,*,#5287,.T.);
#5310 = ORIENTED_EDGE('',*,*,#5311,.F.);
#5311 = EDGE_CURVE('',#5288,#5288,#5312,.T.);
#5312 = SURFACE_CURVE('',#5313,(#5318,#5325),.PCURVE_S1.);
#5313 = CIRCLE('',#5314,44.);
#5314 = AXIS2_PLACEMENT_3D('',#5315,#5316,#5317);
#5315 = CARTESIAN_POINT('',(0.,0.,8.));
#5316 = DIRECTION('',(0.,0.,1.));
#5317 = DIRECTION('',(1.,0.,-0.));
#5318 = PCURVE('',#5244,#5319);
#5319 = DEFINITIONAL_REPRESENTATION('',(#5320),#5324);
#5320 = LINE('',#5321,#5322);
#5321 = CARTESIAN_POINT('',(0.,1.570796326795));
#5322 = VECTOR('',#5323,1.);
#5323 = DIRECTION('',(1.,0.));
#5324 = ( GEOMETRIC_REPRESENTATION_CONTEXT(2) 
PARAMETRIC_REPRESENTATION_CONTEXT() REPRESENTATION_CONTEXT('2D SPACE',''
  ) );
#5325 = PCURVE('',#5326,#5331);
#5326 = PLANE('',#5327);
#5327 = AXIS2_PLACEMENT_3D('',#5328,#5329,#5330);
#5328 = CARTESIAN_POINT('',(-1.944803744056E-15,1.07833545335E-16,8.));
#5329 = DIRECTION('',(0.,0.,1.));
#5330 = DIRECTION('',(1.,0.,-0.));
#5331 = DEFINITIONAL_REPRESENTATION('',(#5332),#5336);
#5332 = CIRCLE('',#5333,44.);
#5333 = AXIS2_PLACEMENT_2D('',#5334,#5335);
#5334 = CARTESIAN_POINT('',(1.944803744056E-15,-1.07833545335E-16));
#5335 = DIRECTION('',(1.,0.));
#5336 = ( GEOMETRIC_REPRESENTATION_CONTEXT(2) 
PARAMETRIC_REPRESENTATION_CONTEXT() REPRESENTATION_CONTEXT('2D SPACE',''
  ) );
#5337 = ADVANCED_FACE('',(#5338,#5341,#5372,#5403,#5434),#5272,.F.);
#5338 = FACE_BOUND('',#5339,.F.);
#5339 = EDGE_LOOP('',(#5340));
#5340 = ORIENTED_EDGE('',*,*,#5257,.T.);
#5341 = FACE_BOUND('',#5342,.F.);
#5342 = EDGE_LOOP('',(#5343));
#5343 = ORIENTED_EDGE('',*,*,#5344,.F.);
#5344 = EDGE_CURVE('',#5345,#5345,#5347,.T.);
#5345 = VERTEX_POINT('',#5346);
#5346 = CARTESIAN_POINT('',(-27.22361107568,-27.22361107568,0.));
#5347 = SURFACE_CURVE('',#5348,(#5353,#5360),.PCURVE_S1.);
#5348 = CIRCLE('',#5349,3.5);
#5349 = AXIS2_PLACEMENT_3D('',#5350,#5351,#5352);
#5350 = CARTESIAN_POINT('',(-24.74873734152,-24.74873734152,0.));
#5351 = DIRECTION('',(0.,0.,1.));
#5352 = DIRECTION('',(-0.707106781187,-0.707106781187,0.));
#5353 = PCURVE('',#5272,#5354);
#5354 = DEFINITIONAL_REPRESENTATION('',(#5355),#5359);
#5355 = CIRCLE('',#5356,3.5);
#5356 = AXIS2_PLACEMENT_2D('',#5357,#5358);
#5357 = CARTESIAN_POINT('',(-24.74873734152,-24.74873734152));
#5358 = DIRECTION('',(-0.707106781187,-0.707106781187));
#5359 = ( GEOMETRIC_REPRESENTATION_CONTEXT(2) 
PARAMETRIC_REPRESENTATION_CONTEXT() REPRESENTATION_CONTEXT('2D SPACE',''
  ) );
#5360 = PCURVE('',#5361,#5366);
#5361 = CYLINDRICAL_SURFACE('',#5362,3.5);
#5362 = AXIS2_PLACEMENT_3D('',#5363,#5364,#5365);
#5363 = CARTESIAN_POINT('',(-24.74873734152,-24.74873734152,90.0000002)
  );
#5364 = DIRECTION('',(-0.,0.,1.));
#5365 = DIRECTION('',(-0.707106781187,-0.707106781187,0.));
#5366 = DEFINITIONAL_REPRESENTATION('',(#5367),#5371);
#5367 = LINE('',#5368,#5369);
#5368 = CARTESIAN_POINT('',(-6.28318530718,-90.0000002));
#5369 = VECTOR('',#5370,1.);
#5370 = DIRECTION('',(1.,-0.));
#5371 = ( GEOMETRIC_REPRESENTATION_CONTEXT(2) 
PARAMETRIC_REPRESENTATION_CONTEXT() REPRESENTATION_CONTEXT('2D SPACE',''
  ) );
#5372 = FACE_BOUND('',#5373,.F.);
#5373 = EDGE_LOOP('',(#5374));
#5374 = ORIENTED_EDGE('',*,*,#5375,.F.);
#5375 = EDGE_CURVE('',#5376,#5376,#5378,.T.);
#5376 = VERTEX_POINT('',#5377);
#5377 = CARTESIAN_POINT('',(27.223611075682,-27.22361107568,0.));
#5378 = SURFACE_CURVE('',#5379,(#5384,#5391),.PCURVE_S1.);
#5379 = CIRCLE('',#5380,3.5);
#5380 = AXIS2_PLACEMENT_3D('',#5381,#5382,#5383);
#5381 = CARTESIAN_POINT('',(24.748737341529,-24.74873734152,0.));
#5382 = DIRECTION('',(0.,-0.,1.));
#5383 = DIRECTION('',(0.707106781187,-0.707106781187,-0.));
#5384 = PCURVE('',#5272,#5385);
#5385 = DEFINITIONAL_REPRESENTATION('',(#5386),#5390);
#5386 = CIRCLE('',#5387,3.5);
#5387 = AXIS2_PLACEMENT_2D('',#5388,#5389);
#5388 = CARTESIAN_POINT('',(24.748737341529,-24.74873734152));
#5389 = DIRECTION('',(0.707106781187,-0.707106781187));
#5390 = ( GEOMETRIC_REPRESENTATION_CONTEXT(2) 
PARAMETRIC_REPRESENTATION_CONTEXT() REPRESENTATION_CONTEXT('2D SPACE',''
  ) );
#5391 = PCURVE('',#5392,#5397);
#5392 = CYLINDRICAL_SURFACE('',#5393,3.5);
#5393 = AXIS2_PLACEMENT_3D('',#5394,#5395,#5396);
#5394 = CARTESIAN_POINT('',(24.748737341529,-24.74873734152,90.0000002)
  );
#5395 = DIRECTION('',(0.,-0.,1.));
#5396 = DIRECTION('',(0.707106781187,-0.707106781187,-0.));
#5397 = DEFINITIONAL_REPRESENTATION('',(#5398),#5402);
#5398 = LINE('',#5399,#5400);
#5399 = CARTESIAN_POINT('',(-6.28318530718,-90.0000002));
#5400 = VECTOR('',#5401,1.);
#5401 = DIRECTION('',(1.,-0.));
#5402 = ( GEOMETRIC_REPRESENTATION_CONTEXT(2) 
PARAMETRIC_REPRESENTATION_CONTEXT() REPRESENTATION_CONTEXT('2D SPACE',''
  ) );
#5403 = FACE_BOUND('',#5404,.F.);
#5404 = EDGE_LOOP('',(#5405));
#5405 = ORIENTED_EDGE('',*,*,#5406,.F.);
#5406 = EDGE_CURVE('',#5407,#5407,#5409,.T.);
#5407 = VERTEX_POINT('',#5408);
#5408 = CARTESIAN_POINT('',(-27.22361107568,27.223611075682,0.));
#5409 = SURFACE_CURVE('',#5410,(#5415,#5422),.PCURVE_S1.);
#5410 = CIRCLE('',#5411,3.5);
#5411 = AXIS2_PLACEMENT_3D('',#5412,#5413,#5414);
#5412 = CARTESIAN_POINT('',(-24.74873734152,24.748737341529,0.));
#5413 = DIRECTION('',(0.,0.,1.));
#5414 = DIRECTION('',(-0.707106781187,0.707106781187,0.));
#5415 = PCURVE('',#5272,#5416);
#5416 = DEFINITIONAL_REPRESENTATION('',(#5417),#5421);
#5417 = CIRCLE('',#5418,3.5);
#5418 = AXIS2_PLACEMENT_2D('',#5419,#5420);
#5419 = CARTESIAN_POINT('',(-24.74873734152,24.748737341529));
#5420 = DIRECTION('',(-0.707106781187,0.707106781187));
#5421 = ( GEOMETRIC_REPRESENTATION_CONTEXT(2) 
PARAMETRIC_REPRESENTATION_CONTEXT() REPRESENTATION_CONTEXT('2D SPACE',''
  ) );
#5422 = PCURVE('',#5423,#5428);
#5423 = CYLINDRICAL_SURFACE('',#5424,3.5);
#5424 = AXIS2_PLACEMENT_3D('',#5425,#5426,#5427);
#5425 = CARTESIAN_POINT('',(-24.74873734152,24.748737341529,90.0000002)
  );
#5426 = DIRECTION('',(0.,0.,1.));
#5427 = DIRECTION('',(-0.707106781187,0.707106781187,0.));
#5428 = DEFINITIONAL_REPRESENTATION('',(#5429),#5433);
#5429 = LINE('',#5430,#5431);
#5430 = CARTESIAN_POINT('',(-6.28318530718,-90.0000002));
#5431 = VECTOR('',#5432,1.);
#5432 = DIRECTION('',(1.,-0.));
#5433 = ( GEOMETRIC_REPRESENTATION_CONTEXT(2) 
PARAMETRIC_REPRESENTATION_CONTEXT() REPRESENTATION_CONTEXT('2D SPACE',''
  ) );
#5434 = FACE_BOUND('',#5435,.F.);
#5435 = EDGE_LOOP('',(#5436));
#5436 = ORIENTED_EDGE('',*,*,#5437,.F.);
#5437 = EDGE_CURVE('',#5438,#5438,#5440,.T.);
#5438 = VERTEX_POINT('',#5439);
#5439 = CARTESIAN_POINT('',(27.223611075682,27.223611075682,0.));
#5440 = SURFACE_CURVE('',#5441,(#5446,#5453),.PCURVE_S1.);
#5441 = CIRCLE('',#5442,3.5);
#5442 = AXIS2_PLACEMENT_3D('',#5443,#5444,#5445);
#5443 = CARTESIAN_POINT('',(24.748737341529,24.748737341529,0.));
#5444 = DIRECTION('',(0.,-0.,1.));
#5445 = DIRECTION('',(0.707106781187,0.707106781187,0.));
#5446 = PCURVE('',#5272,#5447);
#5447 = DEFINITIONAL_REPRESENTATION('',(#5448),#5452);
#5448 = CIRCLE('',#5449,3.5);
#5449 = AXIS2_PLACEMENT_2D('',#5450,#5451);
#5450 = CARTESIAN_POINT('',(24.748737341529,24.748737341529));
#5451 = DIRECTION('',(0.707106781187,0.707106781187));
#5452 = ( GEOMETRIC_REPRESENTATION_CONTEXT(2) 
PARAMETRIC_REPRESENTATION_CONTEXT() REPRESENTATION_CONTEXT('2D SPACE',''
  ) );
#5453 = PCURVE('',#5454,#5459);
#5454 = CYLINDRICAL_SURFACE('',#5455,3.5);
#5455 = AXIS2_PLACEMENT_3D('',#5456,#5457,#5458);
#5456 = CARTESIAN_POINT('',(24.748737341529,24.748737341529,90.0000002)
  );
#5457 = DIRECTION('',(0.,-0.,1.));
#5458 = DIRECTION('',(0.707106781187,0.707106781187,0.));
#5459 = DEFINITIONAL_REPRESENTATION('',(#5460),#5464);
#5460 = LINE('',#5461,#5462);
#5461 = CARTESIAN_POINT('',(-6.28318530718,-90.0000002));
#5462 = VECTOR('',#5463,1.);
#5463 = DIRECTION('',(1.,-0.));
#5464 = ( GEOMETRIC_REPRESENTATION_CONTEXT(2) 
PARAMETRIC_REPRESENTATION_CONTEXT() REPRESENTATION_CONTEXT('2D SPACE',''
  ) );
#5465 = ADVANCED_FACE('',(#5466,#5501,#5536,#5571,#5606,#5637),#5326,.T.
  );
#5466 = FACE_BOUND('',#5467,.T.);
#5467 = EDGE_LOOP('',(#5468));
#5468 = ORIENTED_EDGE('',*,*,#5469,.T.);
#5469 = EDGE_CURVE('',#5470,#5470,#5472,.T.);
#5470 = VERTEX_POINT('',#5471);
#5471 = CARTESIAN_POINT('',(27.930717856869,-27.93071785686,8.));
#5472 = SURFACE_CURVE('',#5473,(#5478,#5489),.PCURVE_S1.);
#5473 = CIRCLE('',#5474,4.5);
#5474 = AXIS2_PLACEMENT_3D('',#5475,#5476,#5477);
#5475 = CARTESIAN_POINT('',(24.748737341529,-24.74873734152,8.));
#5476 = DIRECTION('',(0.,-0.,-1.));
#5477 = DIRECTION('',(0.707106781187,-0.707106781187,0.));
#5478 = PCURVE('',#5326,#5479);
#5479 = DEFINITIONAL_REPRESENTATION('',(#5480),#5488);
#5480 = ( BOUNDED_CURVE() B_SPLINE_CURVE(2,(#5481,#5482,#5483,#5484,
#5485,#5486,#5487),.UNSPECIFIED.,.T.,.F.) B_SPLINE_CURVE_WITH_KNOTS((1,2
    ,2,2,2,1),(-2.094395102393,0.,2.094395102393,4.188790204786,
6.28318530718,8.377580409573),.UNSPECIFIED.) CURVE() 
GEOMETRIC_REPRESENTATION_ITEM() RATIONAL_B_SPLINE_CURVE((1.,0.5,1.,0.5,
1.,0.5,1.)) REPRESENTATION_ITEM('') );
#5481 = CARTESIAN_POINT('',(27.930717856869,-27.93071785686));
#5482 = CARTESIAN_POINT('',(22.419365935606,-33.44206977813));
#5483 = CARTESIAN_POINT('',(20.402071123228,-25.91342304449));
#5484 = CARTESIAN_POINT('',(18.38477631085,-18.38477631085));
#5485 = CARTESIAN_POINT('',(25.913423044491,-20.40207112322));
#5486 = CARTESIAN_POINT('',(33.442069778131,-22.4193659356));
#5487 = CARTESIAN_POINT('',(27.930717856869,-27.93071785686));
#5488 = ( GEOMETRIC_REPRESENTATION_CONTEXT(2) 
PARAMETRIC_REPRESENTATION_CONTEXT() REPRESENTATION_CONTEXT('2D SPACE',''
  ) );
#5489 = PCURVE('',#5490,#5495);
#5490 = TOROIDAL_SURFACE('',#5491,4.5,1.);
#5491 = AXIS2_PLACEMENT_3D('',#5492,#5493,#5494);
#5492 = CARTESIAN_POINT('',(24.748737341529,-24.74873734152,7.));
#5493 = DIRECTION('',(0.,0.,1.));
#5494 = DIRECTION('',(0.707106781187,-0.707106781187,0.));
#5495 = DEFINITIONAL_REPRESENTATION('',(#5496),#5500);
#5496 = LINE('',#5497,#5498);
#5497 = CARTESIAN_POINT('',(-0.,1.570796326795));
#5498 = VECTOR('',#5499,1.);
#5499 = DIRECTION('',(-1.,0.));
#5500 = ( GEOMETRIC_REPRESENTATION_CONTEXT(2) 
PARAMETRIC_REPRESENTATION_CONTEXT() REPRESENTATION_CONTEXT('2D SPACE',''
  ) );
#5501 = FACE_BOUND('',#5502,.T.);
#5502 = EDGE_LOOP('',(#5503));
#5503 = ORIENTED_EDGE('',*,*,#5504,.T.);
#5504 = EDGE_CURVE('',#5505,#5505,#5507,.T.);
#5505 = VERTEX_POINT('',#5506);
#5506 = CARTESIAN_POINT('',(27.930717856869,27.930717856869,8.));
#5507 = SURFACE_CURVE('',#5508,(#5513,#5524),.PCURVE_S1.);
#5508 = CIRCLE('',#5509,4.5);
#5509 = AXIS2_PLACEMENT_3D('',#5510,#5511,#5512);
#5510 = CARTESIAN_POINT('',(24.748737341529,24.748737341529,8.));
#5511 = DIRECTION('',(0.,-0.,-1.));
#5512 = DIRECTION('',(0.707106781187,0.707106781187,-0.));
#5513 = PCURVE('',#5326,#5514);
#5514 = DEFINITIONAL_REPRESENTATION('',(#5515),#5523);
#5515 = ( BOUNDED_CURVE() B_SPLINE_CURVE(2,(#5516,#5517,#5518,#5519,
#5520,#5521,#5522),.UNSPECIFIED.,.T.,.F.) B_SPLINE_CURVE_WITH_KNOTS((1,2
    ,2,2,2,1),(-2.094395102393,0.,2.094395102393,4.188790204786,
6.28318530718,8.377580409573),.UNSPECIFIED.) CURVE() 
GEOMETRIC_REPRESENTATION_ITEM() RATIONAL_B_SPLINE_CURVE((1.,0.5,1.,0.5,
1.,0.5,1.)) REPRESENTATION_ITEM('') );
#5516 = CARTESIAN_POINT('',(27.930717856869,27.930717856869));
#5517 = CARTESIAN_POINT('',(33.442069778131,22.419365935606));
#5518 = CARTESIAN_POINT('',(25.913423044491,20.402071123228));
#5519 = CARTESIAN_POINT('',(18.38477631085,18.38477631085));
#5520 = CARTESIAN_POINT('',(20.402071123228,25.913423044491));
#5521 = CARTESIAN_POINT('',(22.419365935606,33.442069778131));
#5522 = CARTESIAN_POINT('',(27.930717856869,27.930717856869));
#5523 = ( GEOMETRIC_REPRESENTATION_CONTEXT(2) 
PARAMETRIC_REPRESENTATION_CONTEXT() REPRESENTATION_CONTEXT('2D SPACE',''
  ) );
#5524 = PCURVE('',#5525,#5530);
#5525 = TOROIDAL_SURFACE('',#5526,4.5,1.);
#5526 = AXIS2_PLACEMENT_3D('',#5527,#5528,#5529);
#5527 = CARTESIAN_POINT('',(24.748737341529,24.748737341529,7.));
#5528 = DIRECTION('',(0.,0.,1.));
#5529 = DIRECTION('',(0.707106781187,0.707106781187,-0.));
#5530 = DEFINITIONAL_REPRESENTATION('',(#5531),#5535);
#5531 = LINE('',#5532,#5533);
#5532 = CARTESIAN_POINT('',(-0.,1.570796326795));
#5533 = VECTOR('',#5534,1.);
#5534 = DIRECTION('',(-1.,0.));
#5535 = ( GEOMETRIC_REPRESENTATION_CONTEXT(2) 
PARAMETRIC_REPRESENTATION_CONTEXT() REPRESENTATION_CONTEXT('2D SPACE',''
  ) );
#5536 = FACE_BOUND('',#5537,.T.);
#5537 = EDGE_LOOP('',(#5538));
#5538 = ORIENTED_EDGE('',*,*,#5539,.T.);
#5539 = EDGE_CURVE('',#5540,#5540,#5542,.T.);
#5540 = VERTEX_POINT('',#5541);
#5541 = CARTESIAN_POINT('',(-27.93071785686,27.930717856869,8.));
#5542 = SURFACE_CURVE('',#5543,(#5548,#5559),.PCURVE_S1.);
#5543 = CIRCLE('',#5544,4.5);
#5544 = AXIS2_PLACEMENT_3D('',#5545,#5546,#5547);
#5545 = CARTESIAN_POINT('',(-24.74873734152,24.748737341529,8.));
#5546 = DIRECTION('',(-0.,0.,-1.));
#5547 = DIRECTION('',(-0.707106781187,0.707106781187,0.));
#5548 = PCURVE('',#5326,#5549);
#5549 = DEFINITIONAL_REPRESENTATION('',(#5550),#5558);
#5550 = ( BOUNDED_CURVE() B_SPLINE_CURVE(2,(#5551,#5552,#5553,#5554,
#5555,#5556,#5557),.UNSPECIFIED.,.T.,.F.) B_SPLINE_CURVE_WITH_KNOTS((1,2
    ,2,2,2,1),(-2.094395102393,0.,2.094395102393,4.188790204786,
6.28318530718,8.377580409573),.UNSPECIFIED.) CURVE() 
GEOMETRIC_REPRESENTATION_ITEM() RATIONAL_B_SPLINE_CURVE((1.,0.5,1.,0.5,
1.,0.5,1.)) REPRESENTATION_ITEM('') );
#5551 = CARTESIAN_POINT('',(-27.93071785686,27.930717856869));
#5552 = CARTESIAN_POINT('',(-22.4193659356,33.442069778131));
#5553 = CARTESIAN_POINT('',(-20.40207112322,25.91342304449));
#5554 = CARTESIAN_POINT('',(-18.38477631085,18.38477631085));
#5555 = CARTESIAN_POINT('',(-25.91342304449,20.402071123228));
#5556 = CARTESIAN_POINT('',(-33.44206977813,22.419365935606));
#5557 = CARTESIAN_POINT('',(-27.93071785686,27.930717856869));
#5558 = ( GEOMETRIC_REPRESENTATION_CONTEXT(2) 
PARAMETRIC_REPRESENTATION_CONTEXT() REPRESENTATION_CONTEXT('2D SPACE',''
  ) );
#5559 = PCURVE('',#5560,#5565);
#5560 = TOROIDAL_SURFACE('',#5561,4.5,1.);
#5561 = AXIS2_PLACEMENT_3D('',#5562,#5563,#5564);
#5562 = CARTESIAN_POINT('',(-24.74873734152,24.748737341529,7.));
#5563 = DIRECTION('',(0.,0.,1.));
#5564 = DIRECTION('',(-0.707106781187,0.707106781187,0.));
#5565 = DEFINITIONAL_REPRESENTATION('',(#5566),#5570);
#5566 = LINE('',#5567,#5568);
#5567 = CARTESIAN_POINT('',(-0.,1.570796326795));
#5568 = VECTOR('',#5569,1.);
#5569 = DIRECTION('',(-1.,0.));
#5570 = ( GEOMETRIC_REPRESENTATION_CONTEXT(2) 
PARAMETRIC_REPRESENTATION_CONTEXT() REPRESENTATION_CONTEXT('2D SPACE',''
  ) );
#5571 = FACE_BOUND('',#5572,.T.);
#5572 = EDGE_LOOP('',(#5573));
#5573 = ORIENTED_EDGE('',*,*,#5574,.T.);
#5574 = EDGE_CURVE('',#5575,#5575,#5577,.T.);
#5575 = VERTEX_POINT('',#5576);
#5576 = CARTESIAN_POINT('',(-27.93071785686,-27.93071785686,8.));
#5577 = SURFACE_CURVE('',#5578,(#5583,#5594),.PCURVE_S1.);
#5578 = CIRCLE('',#5579,4.5);
#5579 = AXIS2_PLACEMENT_3D('',#5580,#5581,#5582);
#5580 = CARTESIAN_POINT('',(-24.74873734152,-24.74873734152,8.));
#5581 = DIRECTION('',(-0.,0.,-1.));
#5582 = DIRECTION('',(-0.707106781187,-0.707106781187,0.));
#5583 = PCURVE('',#5326,#5584);
#5584 = DEFINITIONAL_REPRESENTATION('',(#5585),#5593);
#5585 = ( BOUNDED_CURVE() B_SPLINE_CURVE(2,(#5586,#5587,#5588,#5589,
#5590,#5591,#5592),.UNSPECIFIED.,.T.,.F.) B_SPLINE_CURVE_WITH_KNOTS((1,2
    ,2,2,2,1),(-2.094395102393,0.,2.094395102393,4.188790204786,
6.28318530718,8.377580409573),.UNSPECIFIED.) CURVE() 
GEOMETRIC_REPRESENTATION_ITEM() RATIONAL_B_SPLINE_CURVE((1.,0.5,1.,0.5,
1.,0.5,1.)) REPRESENTATION_ITEM('') );
#5586 = CARTESIAN_POINT('',(-27.93071785686,-27.93071785686));
#5587 = CARTESIAN_POINT('',(-33.44206977813,-22.4193659356));
#5588 = CARTESIAN_POINT('',(-25.91342304449,-20.40207112322));
#5589 = CARTESIAN_POINT('',(-18.38477631085,-18.38477631085));
#5590 = CARTESIAN_POINT('',(-20.40207112322,-25.91342304449));
#5591 = CARTESIAN_POINT('',(-22.4193659356,-33.44206977813));
#5592 = CARTESIAN_POINT('',(-27.93071785686,-27.93071785686));
#5593 = ( GEOMETRIC_REPRESENTATION_CONTEXT(2) 
PARAMETRIC_REPRESENTATION_CONTEXT() REPRESENTATION_CONTEXT('2D SPACE',''
  ) );
#5594 = PCURVE('',#5595,#5600);
#5595 = TOROIDAL_SURFACE('',#5596,4.5,1.);
#5596 = AXIS2_PLACEMENT_3D('',#5597,#5598,#5599);
#5597 = CARTESIAN_POINT('',(-24.74873734152,-24.74873734152,7.));
#5598 = DIRECTION('',(0.,0.,1.));
#5599 = DIRECTION('',(-0.707106781187,-0.707106781187,0.));
#5600 = DEFINITIONAL_REPRESENTATION('',(#5601),#5605);
#5601 = LINE('',#5602,#5603);
#5602 = CARTESIAN_POINT('',(-0.,1.570796326795));
#5603 = VECTOR('',#5604,1.);
#5604 = DIRECTION('',(-1.,0.));
#5605 = ( GEOMETRIC_REPRESENTATION_CONTEXT(2) 
PARAMETRIC_REPRESENTATION_CONTEXT() REPRESENTATION_CONTEXT('2D SPACE',''
  ) );
#5606 = FACE_BOUND('',#5607,.T.);
#5607 = EDGE_LOOP('',(#5608));
#5608 = ORIENTED_EDGE('',*,*,#5609,.F.);
#5609 = EDGE_CURVE('',#5610,#5610,#5612,.T.);
#5610 = VERTEX_POINT('',#5611);
#5611 = CARTESIAN_POINT('',(22.,0.,8.));
#5612 = SURFACE_CURVE('',#5613,(#5618,#5625),.PCURVE_S1.);
#5613 = CIRCLE('',#5614,22.);
#5614 = AXIS2_PLACEMENT_3D('',#5615,#5616,#5617);
#5615 = CARTESIAN_POINT('',(0.,0.,8.));
#5616 = DIRECTION('',(0.,0.,1.));
#5617 = DIRECTION('',(1.,0.,-0.));
#5618 = PCURVE('',#5326,#5619);
#5619 = DEFINITIONAL_REPRESENTATION('',(#5620),#5624);
#5620 = CIRCLE('',#5621,22.);
#5621 = AXIS2_PLACEMENT_2D('',#5622,#5623);
#5622 = CARTESIAN_POINT('',(1.944803744056E-15,-1.07833545335E-16));
#5623 = DIRECTION('',(1.,0.));
#5624 = ( GEOMETRIC_REPRESENTATION_CONTEXT(2) 
PARAMETRIC_REPRESENTATION_CONTEXT() REPRESENTATION_CONTEXT('2D SPACE',''
  ) );
#5625 = PCURVE('',#5626,#5631);
#5626 = TOROIDAL_SURFACE('',#5627,22.,1.);
#5627 = AXIS2_PLACEMENT_3D('',#5628,#5629,#5630);
#5628 = CARTESIAN_POINT('',(0.,0.,7.));
#5629 = DIRECTION('',(0.,0.,1.));
#5630 = DIRECTION('',(1.,0.,-0.));
#5631 = DEFINITIONAL_REPRESENTATION('',(#5632),#5636);
#5632 = LINE('',#5633,#5634);
#5633 = CARTESIAN_POINT('',(0.,1.570796326795));
#5634 = VECTOR('',#5635,1.);
#5635 = DIRECTION('',(1.,0.));
#5636 = ( GEOMETRIC_REPRESENTATION_CONTEXT(2) 
PARAMETRIC_REPRESENTATION_CONTEXT() REPRESENTATION_CONTEXT('2D SPACE',''
  ) );
#5637 = FACE_BOUND('',#5638,.T.);
#5638 = EDGE_LOOP('',(#5639));
#5639 = ORIENTED_EDGE('',*,*,#5311,.T.);
#5640 = ADVANCED_FACE('',(#5641),#5361,.F.);
#5641 = FACE_BOUND('',#5642,.T.);
#5642 = EDGE_LOOP('',(#5643,#5666,#5667,#5668));
#5643 = ORIENTED_EDGE('',*,*,#5644,.T.);
#5644 = EDGE_CURVE('',#5645,#5345,#5647,.T.);
#5645 = VERTEX_POINT('',#5646);
#5646 = CARTESIAN_POINT('',(-27.22361107568,-27.22361107568,7.));
#5647 = SEAM_CURVE('',#5648,(#5652,#5659),.PCURVE_S1.);
#5648 = LINE('',#5649,#5650);
#5649 = CARTESIAN_POINT('',(-27.22361107568,-27.22361107568,90.0000002)
  );
#5650 = VECTOR('',#5651,1.);
#5651 = DIRECTION('',(0.,0.,-1.));
#5652 = PCURVE('',#5361,#5653);
#5653 = DEFINITIONAL_REPRESENTATION('',(#5654),#5658);
#5654 = LINE('',#5655,#5656);
#5655 = CARTESIAN_POINT('',(-0.,0.));
#5656 = VECTOR('',#5657,1.);
#5657 = DIRECTION('',(-0.,-1.));
#5658 = ( GEOMETRIC_REPRESENTATION_CONTEXT(2) 
PARAMETRIC_REPRESENTATION_CONTEXT() REPRESENTATION_CONTEXT('2D SPACE',''
  ) );
#5659 = PCURVE('',#5361,#5660);
#5660 = DEFINITIONAL_REPRESENTATION('',(#5661),#5665);
#5661 = LINE('',#5662,#5663);
#5662 = CARTESIAN_POINT('',(-6.28318530718,0.));
#5663 = VECTOR('',#5664,1.);
#5664 = DIRECTION('',(-0.,-1.));
#5665 = ( GEOMETRIC_REPRESENTATION_CONTEXT(2) 
PARAMETRIC_REPRESENTATION_CONTEXT() REPRESENTATION_CONTEXT('2D SPACE',''
  ) );
#5666 = ORIENTED_EDGE('',*,*,#5344,.F.);
#5667 = ORIENTED_EDGE('',*,*,#5644,.F.);
#5668 = ORIENTED_EDGE('',*,*,#5669,.F.);
#5669 = EDGE_CURVE('',#5645,#5645,#5670,.T.);
#5670 = SURFACE_CURVE('',#5671,(#5676,#5683),.PCURVE_S1.);
#5671 = CIRCLE('',#5672,3.5);
#5672 = AXIS2_PLACEMENT_3D('',#5673,#5674,#5675);
#5673 = CARTESIAN_POINT('',(-24.74873734152,-24.74873734152,7.));
#5674 = DIRECTION('',(-0.,0.,-1.));
#5675 = DIRECTION('',(-0.707106781187,-0.707106781187,0.));
#5676 = PCURVE('',#5361,#5677);
#5677 = DEFINITIONAL_REPRESENTATION('',(#5678),#5682);
#5678 = LINE('',#5679,#5680);
#5679 = CARTESIAN_POINT('',(-1.015061051086E-15,-83.0000002));
#5680 = VECTOR('',#5681,1.);
#5681 = DIRECTION('',(-1.,0.));
#5682 = ( GEOMETRIC_REPRESENTATION_CONTEXT(2) 
PARAMETRIC_REPRESENTATION_CONTEXT() REPRESENTATION_CONTEXT('2D SPACE',''
  ) );
#5683 = PCURVE('',#5595,#5684);
#5684 = DEFINITIONAL_REPRESENTATION('',(#5685),#5689);
#5685 = LINE('',#5686,#5687);
#5686 = CARTESIAN_POINT('',(-0.,3.14159265359));
#5687 = VECTOR('',#5688,1.);
#5688 = DIRECTION('',(-1.,0.));
#5689 = ( GEOMETRIC_REPRESENTATION_CONTEXT(2) 
PARAMETRIC_REPRESENTATION_CONTEXT() REPRESENTATION_CONTEXT('2D SPACE',''
  ) );
#5690 = ADVANCED_FACE('',(#5691),#5392,.F.);
#5691 = FACE_BOUND('',#5692,.T.);
#5692 = EDGE_LOOP('',(#5693,#5716,#5717,#5718));
#5693 = ORIENTED_EDGE('',*,*,#5694,.T.);
#5694 = EDGE_CURVE('',#5695,#5376,#5697,.T.);
#5695 = VERTEX_POINT('',#5696);
#5696 = CARTESIAN_POINT('',(27.223611075682,-27.22361107568,7.));
#5697 = SEAM_CURVE('',#5698,(#5702,#5709),.PCURVE_S1.);
#5698 = LINE('',#5699,#5700);
#5699 = CARTESIAN_POINT('',(27.223611075682,-27.22361107568,90.0000002)
  );
#5700 = VECTOR('',#5701,1.);
#5701 = DIRECTION('',(0.,0.,-1.));
#5702 = PCURVE('',#5392,#5703);
#5703 = DEFINITIONAL_REPRESENTATION('',(#5704),#5708);
#5704 = LINE('',#5705,#5706);
#5705 = CARTESIAN_POINT('',(-0.,0.));
#5706 = VECTOR('',#5707,1.);
#5707 = DIRECTION('',(-0.,-1.));
#5708 = ( GEOMETRIC_REPRESENTATION_CONTEXT(2) 
PARAMETRIC_REPRESENTATION_CONTEXT() REPRESENTATION_CONTEXT('2D SPACE',''
  ) );
#5709 = PCURVE('',#5392,#5710);
#5710 = DEFINITIONAL_REPRESENTATION('',(#5711),#5715);
#5711 = LINE('',#5712,#5713);
#5712 = CARTESIAN_POINT('',(-6.28318530718,0.));
#5713 = VECTOR('',#5714,1.);
#5714 = DIRECTION('',(-0.,-1.));
#5715 = ( GEOMETRIC_REPRESENTATION_CONTEXT(2) 
PARAMETRIC_REPRESENTATION_CONTEXT() REPRESENTATION_CONTEXT('2D SPACE',''
  ) );
#5716 = ORIENTED_EDGE('',*,*,#5375,.F.);
#5717 = ORIENTED_EDGE('',*,*,#5694,.F.);
#5718 = ORIENTED_EDGE('',*,*,#5719,.F.);
#5719 = EDGE_CURVE('',#5695,#5695,#5720,.T.);
#5720 = SURFACE_CURVE('',#5721,(#5726,#5733),.PCURVE_S1.);
#5721 = CIRCLE('',#5722,3.5);
#5722 = AXIS2_PLACEMENT_3D('',#5723,#5724,#5725);
#5723 = CARTESIAN_POINT('',(24.748737341529,-24.74873734152,7.));
#5724 = DIRECTION('',(0.,-0.,-1.));
#5725 = DIRECTION('',(0.707106781187,-0.707106781187,0.));
#5726 = PCURVE('',#5392,#5727);
#5727 = DEFINITIONAL_REPRESENTATION('',(#5728),#5732);
#5728 = LINE('',#5729,#5730);
#5729 = CARTESIAN_POINT('',(-1.015061051086E-15,-83.0000002));
#5730 = VECTOR('',#5731,1.);
#5731 = DIRECTION('',(-1.,0.));
#5732 = ( GEOMETRIC_REPRESENTATION_CONTEXT(2) 
PARAMETRIC_REPRESENTATION_CONTEXT() REPRESENTATION_CONTEXT('2D SPACE',''
  ) );
#5733 = PCURVE('',#5490,#5734);
#5734 = DEFINITIONAL_REPRESENTATION('',(#5735),#5739);
#5735 = LINE('',#5736,#5737);
#5736 = CARTESIAN_POINT('',(-0.,3.14159265359));
#5737 = VECTOR('',#5738,1.);
#5738 = DIRECTION('',(-1.,0.));
#5739 = ( GEOMETRIC_REPRESENTATION_CONTEXT(2) 
PARAMETRIC_REPRESENTATION_CONTEXT() REPRESENTATION_CONTEXT('2D SPACE',''
  ) );
#5740 = ADVANCED_FACE('',(#5741),#5423,.F.);
#5741 = FACE_BOUND('',#5742,.T.);
#5742 = EDGE_LOOP('',(#5743,#5766,#5767,#5768));
#5743 = ORIENTED_EDGE('',*,*,#5744,.T.);
#5744 = EDGE_CURVE('',#5745,#5407,#5747,.T.);
#5745 = VERTEX_POINT('',#5746);
#5746 = CARTESIAN_POINT('',(-27.22361107568,27.223611075682,7.));
#5747 = SEAM_CURVE('',#5748,(#5752,#5759),.PCURVE_S1.);
#5748 = LINE('',#5749,#5750);
#5749 = CARTESIAN_POINT('',(-27.22361107568,27.223611075682,90.0000002)
  );
#5750 = VECTOR('',#5751,1.);
#5751 = DIRECTION('',(0.,0.,-1.));
#5752 = PCURVE('',#5423,#5753);
#5753 = DEFINITIONAL_REPRESENTATION('',(#5754),#5758);
#5754 = LINE('',#5755,#5756);
#5755 = CARTESIAN_POINT('',(-0.,0.));
#5756 = VECTOR('',#5757,1.);
#5757 = DIRECTION('',(-0.,-1.));
#5758 = ( GEOMETRIC_REPRESENTATION_CONTEXT(2) 
PARAMETRIC_REPRESENTATION_CONTEXT() REPRESENTATION_CONTEXT('2D SPACE',''
  ) );
#5759 = PCURVE('',#5423,#5760);
#5760 = DEFINITIONAL_REPRESENTATION('',(#5761),#5765);
#5761 = LINE('',#5762,#5763);
#5762 = CARTESIAN_POINT('',(-6.28318530718,0.));
#5763 = VECTOR('',#5764,1.);
#5764 = DIRECTION('',(-0.,-1.));
#5765 = ( GEOMETRIC_REPRESENTATION_CONTEXT(2) 
PARAMETRIC_REPRESENTATION_CONTEXT() REPRESENTATION_CONTEXT('2D SPACE',''
  ) );
#5766 = ORIENTED_EDGE('',*,*,#5406,.F.);
#5767 = ORIENTED_EDGE('',*,*,#5744,.F.);
#5768 = ORIENTED_EDGE('',*,*,#5769,.F.);
#5769 = EDGE_CURVE('',#5745,#5745,#5770,.T.);
#5770 = SURFACE_CURVE('',#5771,(#5776,#5783),.PCURVE_S1.);
#5771 = CIRCLE('',#5772,3.5);
#5772 = AXIS2_PLACEMENT_3D('',#5773,#5774,#5775);
#5773 = CARTESIAN_POINT('',(-24.74873734152,24.748737341529,7.));
#5774 = DIRECTION('',(-0.,0.,-1.));
#5775 = DIRECTION('',(-0.707106781187,0.707106781187,0.));
#5776 = PCURVE('',#5423,#5777);
#5777 = DEFINITIONAL_REPRESENTATION('',(#5778),#5782);
#5778 = LINE('',#5779,#5780);
#5779 = CARTESIAN_POINT('',(-1.015061051086E-15,-83.0000002));
#5780 = VECTOR('',#5781,1.);
#5781 = DIRECTION('',(-1.,0.));
#5782 = ( GEOMETRIC_REPRESENTATION_CONTEXT(2) 
PARAMETRIC_REPRESENTATION_CONTEXT() REPRESENTATION_CONTEXT('2D SPACE',''
  ) );
#5783 = PCURVE('',#5560,#5784);
#5784 = DEFINITIONAL_REPRESENTATION('',(#5785),#5789);
#5785 = LINE('',#5786,#5787);
#5786 = CARTESIAN_POINT('',(-0.,3.14159265359));
#5787 = VECTOR('',#5788,1.);
#5788 = DIRECTION('',(-1.,0.));
#5789 = ( GEOMETRIC_REPRESENTATION_CONTEXT(2) 
PARAMETRIC_REPRESENTATION_CONTEXT() REPRESENTATION_CONTEXT('2D SPACE',''
  ) );
#5790 = ADVANCED_FACE('',(#5791),#5454,.F.);
#5791 = FACE_BOUND('',#5792,.T.);
#5792 = EDGE_LOOP('',(#5793,#5816,#5817,#5818));
#5793 = ORIENTED_EDGE('',*,*,#5794,.T.);
#5794 = EDGE_CURVE('',#5795,#5438,#5797,.T.);
#5795 = VERTEX_POINT('',#5796);
#5796 = CARTESIAN_POINT('',(27.223611075682,27.223611075682,7.));
#5797 = SEAM_CURVE('',#5798,(#5802,#5809),.PCURVE_S1.);
#5798 = LINE('',#5799,#5800);
#5799 = CARTESIAN_POINT('',(27.223611075682,27.223611075682,90.0000002)
  );
#5800 = VECTOR('',#5801,1.);
#5801 = DIRECTION('',(0.,0.,-1.));
#5802 = PCURVE('',#5454,#5803);
#5803 = DEFINITIONAL_REPRESENTATION('',(#5804),#5808);
#5804 = LINE('',#5805,#5806);
#5805 = CARTESIAN_POINT('',(-0.,0.));
#5806 = VECTOR('',#5807,1.);
#5807 = DIRECTION('',(-0.,-1.));
#5808 = ( GEOMETRIC_REPRESENTATION_CONTEXT(2) 
PARAMETRIC_REPRESENTATION_CONTEXT() REPRESENTATION_CONTEXT('2D SPACE',''
  ) );
#5809 = PCURVE('',#5454,#5810);
#5810 = DEFINITIONAL_REPRESENTATION('',(#5811),#5815);
#5811 = LINE('',#5812,#5813);
#5812 = CARTESIAN_POINT('',(-6.28318530718,0.));
#5813 = VECTOR('',#5814,1.);
#5814 = DIRECTION('',(-0.,-1.));
#5815 = ( GEOMETRIC_REPRESENTATION_CONTEXT(2) 
PARAMETRIC_REPRESENTATION_CONTEXT() REPRESENTATION_CONTEXT('2D SPACE',''
  ) );
#5816 = ORIENTED_EDGE('',*,*,#5437,.F.);
#5817 = ORIENTED_EDGE('',*,*,#5794,.F.);
#5818 = ORIENTED_EDGE('',*,*,#5819,.F.);
#5819 = EDGE_CURVE('',#5795,#5795,#5820,.T.);
#5820 = SURFACE_CURVE('',#5821,(#5826,#5833),.PCURVE_S1.);
#5821 = CIRCLE('',#5822,3.5);
#5822 = AXIS2_PLACEMENT_3D('',#5823,#5824,#5825);
#5823 = CARTESIAN_POINT('',(24.748737341529,24.748737341529,7.));
#5824 = DIRECTION('',(0.,-0.,-1.));
#5825 = DIRECTION('',(0.707106781187,0.707106781187,-0.));
#5826 = PCURVE('',#5454,#5827);
#5827 = DEFINITIONAL_REPRESENTATION('',(#5828),#5832);
#5828 = LINE('',#5829,#5830);
#5829 = CARTESIAN_POINT('',(-1.015061051086E-15,-83.0000002));
#5830 = VECTOR('',#5831,1.);
#5831 = DIRECTION('',(-1.,0.));
#5832 = ( GEOMETRIC_REPRESENTATION_CONTEXT(2) 
PARAMETRIC_REPRESENTATION_CONTEXT() REPRESENTATION_CONTEXT('2D SPACE',''
  ) );
#5833 = PCURVE('',#5525,#5834);
#5834 = DEFINITIONAL_REPRESENTATION('',(#5835),#5839);
#5835 = LINE('',#5836,#5837);
#5836 = CARTESIAN_POINT('',(-0.,3.14159265359));
#5837 = VECTOR('',#5838,1.);
#5838 = DIRECTION('',(-1.,0.));
#5839 = ( GEOMETRIC_REPRESENTATION_CONTEXT(2) 
PARAMETRIC_REPRESENTATION_CONTEXT() REPRESENTATION_CONTEXT('2D SPACE',''
  ) );
#5840 = ADVANCED_FACE('',(#5841),#5490,.T.);
#5841 = FACE_BOUND('',#5842,.F.);
#5842 = EDGE_LOOP('',(#5843,#5863,#5864,#5865));
#5843 = ORIENTED_EDGE('',*,*,#5844,.F.);
#5844 = EDGE_CURVE('',#5470,#5695,#5845,.T.);
#5845 = SEAM_CURVE('',#5846,(#5851,#5857),.PCURVE_S1.);
#5846 = CIRCLE('',#5847,1.);
#5847 = AXIS2_PLACEMENT_3D('',#5848,#5849,#5850);
#5848 = CARTESIAN_POINT('',(27.930717856869,-27.93071785686,7.));
#5849 = DIRECTION('',(-0.707106781187,-0.707106781187,0.));
#5850 = DIRECTION('',(0.707106781187,-0.707106781187,0.));
#5851 = PCURVE('',#5490,#5852);
#5852 = DEFINITIONAL_REPRESENTATION('',(#5853),#5856);
#5853 = B_SPLINE_CURVE_WITH_KNOTS('',1,(#5854,#5855),.UNSPECIFIED.,.F.,
  .F.,(2,2),(1.570796326795,3.14159265359),.PIECEWISE_BEZIER_KNOTS.);
#5854 = CARTESIAN_POINT('',(1.015061051086E-15,1.570796326795));
#5855 = CARTESIAN_POINT('',(1.015061051086E-15,3.14159265359));
#5856 = ( GEOMETRIC_REPRESENTATION_CONTEXT(2) 
PARAMETRIC_REPRESENTATION_CONTEXT() REPRESENTATION_CONTEXT('2D SPACE',''
  ) );
#5857 = PCURVE('',#5490,#5858);
#5858 = DEFINITIONAL_REPRESENTATION('',(#5859),#5862);
#5859 = B_SPLINE_CURVE_WITH_KNOTS('',1,(#5860,#5861),.UNSPECIFIED.,.F.,
  .F.,(2,2),(1.570796326795,3.14159265359),.PIECEWISE_BEZIER_KNOTS.);
#5860 = CARTESIAN_POINT('',(-6.28318530718,1.570796326795));
#5861 = CARTESIAN_POINT('',(-6.28318530718,3.14159265359));
#5862 = ( GEOMETRIC_REPRESENTATION_CONTEXT(2) 
PARAMETRIC_REPRESENTATION_CONTEXT() REPRESENTATION_CONTEXT('2D SPACE',''
  ) );
#5863 = ORIENTED_EDGE('',*,*,#5469,.F.);
#5864 = ORIENTED_EDGE('',*,*,#5844,.T.);
#5865 = ORIENTED_EDGE('',*,*,#5719,.T.);
#5866 = ADVANCED_FACE('',(#5867),#5525,.T.);
#5867 = FACE_BOUND('',#5868,.F.);
#5868 = EDGE_LOOP('',(#5869,#5889,#5890,#5891));
#5869 = ORIENTED_EDGE('',*,*,#5870,.F.);
#5870 = EDGE_CURVE('',#5505,#5795,#5871,.T.);
#5871 = SEAM_CURVE('',#5872,(#5877,#5883),.PCURVE_S1.);
#5872 = CIRCLE('',#5873,1.);
#5873 = AXIS2_PLACEMENT_3D('',#5874,#5875,#5876);
#5874 = CARTESIAN_POINT('',(27.930717856869,27.930717856869,7.));
#5875 = DIRECTION('',(0.707106781187,-0.707106781187,0.));
#5876 = DIRECTION('',(0.707106781187,0.707106781187,0.));
#5877 = PCURVE('',#5525,#5878);
#5878 = DEFINITIONAL_REPRESENTATION('',(#5879),#5882);
#5879 = B_SPLINE_CURVE_WITH_KNOTS('',1,(#5880,#5881),.UNSPECIFIED.,.F.,
  .F.,(2,2),(1.570796326795,3.14159265359),.PIECEWISE_BEZIER_KNOTS.);
#5880 = CARTESIAN_POINT('',(1.015061051086E-15,1.570796326795));
#5881 = CARTESIAN_POINT('',(1.015061051086E-15,3.14159265359));
#5882 = ( GEOMETRIC_REPRESENTATION_CONTEXT(2) 
PARAMETRIC_REPRESENTATION_CONTEXT() REPRESENTATION_CONTEXT('2D SPACE',''
  ) );
#5883 = PCURVE('',#5525,#5884);
#5884 = DEFINITIONAL_REPRESENTATION('',(#5885),#5888);
#5885 = B_SPLINE_CURVE_WITH_KNOTS('',1,(#5886,#5887),.UNSPECIFIED.,.F.,
  .F.,(2,2),(1.570796326795,3.14159265359),.PIECEWISE_BEZIER_KNOTS.);
#5886 = CARTESIAN_POINT('',(-6.28318530718,1.570796326795));
#5887 = CARTESIAN_POINT('',(-6.28318530718,3.14159265359));
#5888 = ( GEOMETRIC_REPRESENTATION_CONTEXT(2) 
PARAMETRIC_REPRESENTATION_CONTEXT() REPRESENTATION_CONTEXT('2D SPACE',''
  ) );
#5889 = ORIENTED_EDGE('',*,*,#5504,.F.);
#5890 = ORIENTED_EDGE('',*,*,#5870,.T.);
#5891 = ORIENTED_EDGE('',*,*,#5819,.T.);
#5892 = ADVANCED_FACE('',(#5893),#5560,.T.);
#5893 = FACE_BOUND('',#5894,.F.);
#5894 = EDGE_LOOP('',(#5895,#5915,#5916,#5917));
#5895 = ORIENTED_EDGE('',*,*,#5896,.F.);
#5896 = EDGE_CURVE('',#5540,#5745,#5897,.T.);
#5897 = SEAM_CURVE('',#5898,(#5903,#5909),.PCURVE_S1.);
#5898 = CIRCLE('',#5899,1.);
#5899 = AXIS2_PLACEMENT_3D('',#5900,#5901,#5902);
#5900 = CARTESIAN_POINT('',(-27.93071785686,27.930717856869,7.));
#5901 = DIRECTION('',(0.707106781187,0.707106781187,-0.));
#5902 = DIRECTION('',(-0.707106781187,0.707106781187,0.));
#5903 = PCURVE('',#5560,#5904);
#5904 = DEFINITIONAL_REPRESENTATION('',(#5905),#5908);
#5905 = B_SPLINE_CURVE_WITH_KNOTS('',1,(#5906,#5907),.UNSPECIFIED.,.F.,
  .F.,(2,2),(1.570796326795,3.14159265359),.PIECEWISE_BEZIER_KNOTS.);
#5906 = CARTESIAN_POINT('',(1.015061051086E-15,1.570796326795));
#5907 = CARTESIAN_POINT('',(1.015061051086E-15,3.14159265359));
#5908 = ( GEOMETRIC_REPRESENTATION_CONTEXT(2) 
PARAMETRIC_REPRESENTATION_CONTEXT() REPRESENTATION_CONTEXT('2D SPACE',''
  ) );
#5909 = PCURVE('',#5560,#5910);
#5910 = DEFINITIONAL_REPRESENTATION('',(#5911),#5914);
#5911 = B_SPLINE_CURVE_WITH_KNOTS('',1,(#5912,#5913),.UNSPECIFIED.,.F.,
  .F.,(2,2),(1.570796326795,3.14159265359),.PIECEWISE_BEZIER_KNOTS.);
#5912 = CARTESIAN_POINT('',(-6.28318530718,1.570796326795));
#5913 = CARTESIAN_POINT('',(-6.28318530718,3.14159265359));
#5914 = ( GEOMETRIC_REPRESENTATION_CONTEXT(2) 
PARAMETRIC_REPRESENTATION_CONTEXT() REPRESENTATION_CONTEXT('2D SPACE',''
  ) );
#5915 = ORIENTED_EDGE('',*,*,#5539,.F.);
#5916 = ORIENTED_EDGE('',*,*,#5896,.T.);
#5917 = ORIENTED_EDGE('',*,*,#5769,.T.);
#5918 = ADVANCED_FACE('',(#5919),#5595,.T.);
#5919 = FACE_BOUND('',#5920,.F.);
#5920 = EDGE_LOOP('',(#5921,#5941,#5942,#5943));
#5921 = ORIENTED_EDGE('',*,*,#5922,.F.);
#5922 = EDGE_CURVE('',#5575,#5645,#5923,.T.);
#5923 = SEAM_CURVE('',#5924,(#5929,#5935),.PCURVE_S1.);
#5924 = CIRCLE('',#5925,1.);
#5925 = AXIS2_PLACEMENT_3D('',#5926,#5927,#5928);
#5926 = CARTESIAN_POINT('',(-27.93071785686,-27.93071785686,7.));
#5927 = DIRECTION('',(-0.707106781187,0.707106781187,0.));
#5928 = DIRECTION('',(-0.707106781187,-0.707106781187,0.));
#5929 = PCURVE('',#5595,#5930);
#5930 = DEFINITIONAL_REPRESENTATION('',(#5931),#5934);
#5931 = B_SPLINE_CURVE_WITH_KNOTS('',1,(#5932,#5933),.UNSPECIFIED.,.F.,
  .F.,(2,2),(1.570796326795,3.14159265359),.PIECEWISE_BEZIER_KNOTS.);
#5932 = CARTESIAN_POINT('',(1.015061051086E-15,1.570796326795));
#5933 = CARTESIAN_POINT('',(1.015061051086E-15,3.14159265359));
#5934 = ( GEOMETRIC_REPRESENTATION_CONTEXT(2) 
PARAMETRIC_REPRESENTATION_CONTEXT() REPRESENTATION_CONTEXT('2D SPACE',''
  ) );
#5935 = PCURVE('',#5595,#5936);
#5936 = DEFINITIONAL_REPRESENTATION('',(#5937),#5940);
#5937 = B_SPLINE_CURVE_WITH_KNOTS('',1,(#5938,#5939),.UNSPECIFIED.,.F.,
  .F.,(2,2),(1.570796326795,3.14159265359),.PIECEWISE_BEZIER_KNOTS.);
#5938 = CARTESIAN_POINT('',(-6.28318530718,1.570796326795));
#5939 = CARTESIAN_POINT('',(-6.28318530718,3.14159265359));
#5940 = ( GEOMETRIC_REPRESENTATION_CONTEXT(2) 
PARAMETRIC_REPRESENTATION_CONTEXT() REPRESENTATION_CONTEXT('2D SPACE',''
  ) );
#5941 = ORIENTED_EDGE('',*,*,#5574,.F.);
#5942 = ORIENTED_EDGE('',*,*,#5922,.T.);
#5943 = ORIENTED_EDGE('',*,*,#5669,.T.);
#5944 = ADVANCED_FACE('',(#5945),#5626,.T.);
#5945 = FACE_BOUND('',#5946,.T.);
#5946 = EDGE_LOOP('',(#5947,#5969,#5970,#5971));
#5947 = ORIENTED_EDGE('',*,*,#5948,.F.);
#5948 = EDGE_CURVE('',#5610,#5949,#5951,.T.);
#5949 = VERTEX_POINT('',#5950);
#5950 = CARTESIAN_POINT('',(21.,0.,7.));
#5951 = SEAM_CURVE('',#5952,(#5957,#5963),.PCURVE_S1.);
#5952 = CIRCLE('',#5953,1.);
#5953 = AXIS2_PLACEMENT_3D('',#5954,#5955,#5956);
#5954 = CARTESIAN_POINT('',(22.,0.,7.));
#5955 = DIRECTION('',(0.,-1.,0.));
#5956 = DIRECTION('',(1.,0.,0.));
#5957 = PCURVE('',#5626,#5958);
#5958 = DEFINITIONAL_REPRESENTATION('',(#5959),#5962);
#5959 = B_SPLINE_CURVE_WITH_KNOTS('',1,(#5960,#5961),.UNSPECIFIED.,.F.,
  .F.,(2,2),(1.570796326795,3.14159265359),.PIECEWISE_BEZIER_KNOTS.);
#5960 = CARTESIAN_POINT('',(0.,1.570796326795));
#5961 = CARTESIAN_POINT('',(0.,3.14159265359));
#5962 = ( GEOMETRIC_REPRESENTATION_CONTEXT(2) 
PARAMETRIC_REPRESENTATION_CONTEXT() REPRESENTATION_CONTEXT('2D SPACE',''
  ) );
#5963 = PCURVE('',#5626,#5964);
#5964 = DEFINITIONAL_REPRESENTATION('',(#5965),#5968);
#5965 = B_SPLINE_CURVE_WITH_KNOTS('',1,(#5966,#5967),.UNSPECIFIED.,.F.,
  .F.,(2,2),(1.570796326795,3.14159265359),.PIECEWISE_BEZIER_KNOTS.);
#5966 = CARTESIAN_POINT('',(6.28318530718,1.570796326795));
#5967 = CARTESIAN_POINT('',(6.28318530718,3.14159265359));
#5968 = ( GEOMETRIC_REPRESENTATION_CONTEXT(2) 
PARAMETRIC_REPRESENTATION_CONTEXT() REPRESENTATION_CONTEXT('2D SPACE',''
  ) );
#5969 = ORIENTED_EDGE('',*,*,#5609,.T.);
#5970 = ORIENTED_EDGE('',*,*,#5948,.T.);
#5971 = ORIENTED_EDGE('',*,*,#5972,.F.);
#5972 = EDGE_CURVE('',#5949,#5949,#5973,.T.);
#5973 = SURFACE_CURVE('',#5974,(#5979,#5986),.PCURVE_S1.);
#5974 = CIRCLE('',#5975,21.);
#5975 = AXIS2_PLACEMENT_3D('',#5976,#5977,#5978);
#5976 = CARTESIAN_POINT('',(0.,0.,7.));
#5977 = DIRECTION('',(0.,0.,1.));
#5978 = DIRECTION('',(1.,0.,-0.));
#5979 = PCURVE('',#5626,#5980);
#5980 = DEFINITIONAL_REPRESENTATION('',(#5981),#5985);
#5981 = LINE('',#5982,#5983);
#5982 = CARTESIAN_POINT('',(0.,3.14159265359));
#5983 = VECTOR('',#5984,1.);
#5984 = DIRECTION('',(1.,0.));
#5985 = ( GEOMETRIC_REPRESENTATION_CONTEXT(2) 
PARAMETRIC_REPRESENTATION_CONTEXT() REPRESENTATION_CONTEXT('2D SPACE',''
  ) );
#5986 = PCURVE('',#5987,#5992);
#5987 = CYLINDRICAL_SURFACE('',#5988,21.);
#5988 = AXIS2_PLACEMENT_3D('',#5989,#5990,#5991);
#5989 = CARTESIAN_POINT('',(0.,0.,8.));
#5990 = DIRECTION('',(0.,0.,1.));
#5991 = DIRECTION('',(1.,0.,0.));
#5992 = DEFINITIONAL_REPRESENTATION('',(#5993),#5997);
#5993 = LINE('',#5994,#5995);
#5994 = CARTESIAN_POINT('',(0.,-1.));
#5995 = VECTOR('',#5996,1.);
#5996 = DIRECTION('',(1.,0.));
#5997 = ( GEOMETRIC_REPRESENTATION_CONTEXT(2) 
PARAMETRIC_REPRESENTATION_CONTEXT() REPRESENTATION_CONTEXT('2D SPACE',''
  ) );
#5998 = ADVANCED_FACE('',(#5999),#5987,.F.);
#5999 = FACE_BOUND('',#6000,.F.);
#6000 = EDGE_LOOP('',(#6001,#6024,#6051,#6052));
#6001 = ORIENTED_EDGE('',*,*,#6002,.T.);
#6002 = EDGE_CURVE('',#5949,#6003,#6005,.T.);
#6003 = VERTEX_POINT('',#6004);
#6004 = CARTESIAN_POINT('',(21.,0.,4.));
#6005 = SEAM_CURVE('',#6006,(#6010,#6017),.PCURVE_S1.);
#6006 = LINE('',#6007,#6008);
#6007 = CARTESIAN_POINT('',(21.,0.,8.));
#6008 = VECTOR('',#6009,1.);
#6009 = DIRECTION('',(-0.,-0.,-1.));
#6010 = PCURVE('',#5987,#6011);
#6011 = DEFINITIONAL_REPRESENTATION('',(#6012),#6016);
#6012 = LINE('',#6013,#6014);
#6013 = CARTESIAN_POINT('',(0.,0.));
#6014 = VECTOR('',#6015,1.);
#6015 = DIRECTION('',(0.,-1.));
#6016 = ( GEOMETRIC_REPRESENTATION_CONTEXT(2) 
PARAMETRIC_REPRESENTATION_CONTEXT() REPRESENTATION_CONTEXT('2D SPACE',''
  ) );
#6017 = PCURVE('',#5987,#6018);
#6018 = DEFINITIONAL_REPRESENTATION('',(#6019),#6023);
#6019 = LINE('',#6020,#6021);
#6020 = CARTESIAN_POINT('',(6.28318530718,0.));
#6021 = VECTOR('',#6022,1.);
#6022 = DIRECTION('',(0.,-1.));
#6023 = ( GEOMETRIC_REPRESENTATION_CONTEXT(2) 
PARAMETRIC_REPRESENTATION_CONTEXT() REPRESENTATION_CONTEXT('2D SPACE',''
  ) );
#6024 = ORIENTED_EDGE('',*,*,#6025,.T.);
#6025 = EDGE_CURVE('',#6003,#6003,#6026,.T.);
#6026 = SURFACE_CURVE('',#6027,(#6032,#6039),.PCURVE_S1.);
#6027 = CIRCLE('',#6028,21.);
#6028 = AXIS2_PLACEMENT_3D('',#6029,#6030,#6031);
#6029 = CARTESIAN_POINT('',(0.,0.,4.));
#6030 = DIRECTION('',(0.,0.,1.));
#6031 = DIRECTION('',(1.,0.,0.));
#6032 = PCURVE('',#5987,#6033);
#6033 = DEFINITIONAL_REPRESENTATION('',(#6034),#6038);
#6034 = LINE('',#6035,#6036);
#6035 = CARTESIAN_POINT('',(0.,-4.));
#6036 = VECTOR('',#6037,1.);
#6037 = DIRECTION('',(1.,0.));
#6038 = ( GEOMETRIC_REPRESENTATION_CONTEXT(2) 
PARAMETRIC_REPRESENTATION_CONTEXT() REPRESENTATION_CONTEXT('2D SPACE',''
  ) );
#6039 = PCURVE('',#6040,#6045);
#6040 = PLANE('',#6041);
#6041 = AXIS2_PLACEMENT_3D('',#6042,#6043,#6044);
#6042 = CARTESIAN_POINT('',(-1.041859148601E-15,1.846063891983E-16,4.));
#6043 = DIRECTION('',(0.,0.,1.));
#6044 = DIRECTION('',(1.,0.,-0.));
#6045 = DEFINITIONAL_REPRESENTATION('',(#6046),#6050);
#6046 = CIRCLE('',#6047,21.);
#6047 = AXIS2_PLACEMENT_2D('',#6048,#6049);
#6048 = CARTESIAN_POINT('',(1.041859148601E-15,-1.846063891983E-16));
#6049 = DIRECTION('',(1.,0.));
#6050 = ( GEOMETRIC_REPRESENTATION_CONTEXT(2) 
PARAMETRIC_REPRESENTATION_CONTEXT() REPRESENTATION_CONTEXT('2D SPACE',''
  ) );
#6051 = ORIENTED_EDGE('',*,*,#6002,.F.);
#6052 = ORIENTED_EDGE('',*,*,#5972,.F.);
#6053 = ADVANCED_FACE('',(#6054),#6040,.T.);
#6054 = FACE_BOUND('',#6055,.T.);
#6055 = EDGE_LOOP('',(#6056));
#6056 = ORIENTED_EDGE('',*,*,#6025,.T.);
#6057 = ( GEOMETRIC_REPRESENTATION_CONTEXT(3) 
GLOBAL_UNCERTAINTY_ASSIGNED_CONTEXT((#6061)) 
GLOBAL_UNIT_ASSIGNED_CONTEXT((#6058,#6059,#6060)) REPRESENTATION_CONTEXT
('Context #1','3D Context with UNIT and UNCERTAINTY') );
#6058 = ( LENGTH_UNIT() NAMED_UNIT(*) SI_UNIT(.MILLI.,.METRE.) );
#6059 = ( NAMED_UNIT(*) PLANE_ANGLE_UNIT() SI_UNIT($,.RADIAN.) );
#6060 = ( NAMED_UNIT(*) SI_UNIT($,.STERADIAN.) SOLID_ANGLE_UNIT() );
#6061 = UNCERTAINTY_MEASURE_WITH_UNIT(LENGTH_MEASURE(1.E-07),#6058,
  'distance_accuracy_value','confusion accuracy');
#6062 = CONTEXT_DEPENDENT_SHAPE_REPRESENTATION(#6063,#6065);
#6063 = ( REPRESENTATION_RELATIONSHIP('','',#5192,#2332) 
REPRESENTATION_RELATIONSHIP_WITH_TRANSFORMATION(#6064) 
SHAPE_REPRESENTATION_RELATIONSHIP() );
#6064 = ITEM_DEFINED_TRANSFORMATION('','',#11,#2345);
#6065 = PRODUCT_DEFINITION_SHAPE('Placement','Placement of an item',
  #6066);
#6066 = NEXT_ASSEMBLY_USAGE_OCCURRENCE('12','','',#2327,#5187,$);
#6067 = PRODUCT_RELATED_PRODUCT_CATEGORY('part',$,(#5189));
#6068 = SHAPE_DEFINITION_REPRESENTATION(#6069,#6075);
#6069 = PRODUCT_DEFINITION_SHAPE('','',#6070);
#6070 = PRODUCT_DEFINITION('design','',#6071,#6074);
#6071 = PRODUCT_DEFINITION_FORMATION('','',#6072);
#6072 = PRODUCT('Open CASCADE STEP translator 7.9 12.2.1.5',
  'Open CASCADE STEP translator 7.9 12.2.1.5','',(#6073));
#6073 = PRODUCT_CONTEXT('',#2,'mechanical');
#6074 = PRODUCT_DEFINITION_CONTEXT('part definition',#2,'design');
#6075 = ADVANCED_BREP_SHAPE_REPRESENTATION('',(#11,#6076),#6372);
#6076 = MANIFOLD_SOLID_BREP('',#6077);
#6077 = CLOSED_SHELL('',(#6078,#6166,#6220,#6224,#6259,#6313,#6368));
#6078 = ADVANCED_FACE('',(#6079),#6093,.T.);
#6079 = FACE_BOUND('',#6080,.F.);
#6080 = EDGE_LOOP('',(#6081,#6111,#6138,#6139));
#6081 = ORIENTED_EDGE('',*,*,#6082,.T.);
#6082 = EDGE_CURVE('',#6083,#6085,#6087,.T.);
#6083 = VERTEX_POINT('',#6084);
#6084 = CARTESIAN_POINT('',(26.,0.,0.));
#6085 = VERTEX_POINT('',#6086);
#6086 = CARTESIAN_POINT('',(26.,0.,5.));
#6087 = SEAM_CURVE('',#6088,(#6092,#6104),.PCURVE_S1.);
#6088 = LINE('',#6089,#6090);
#6089 = CARTESIAN_POINT('',(26.,0.,0.));
#6090 = VECTOR('',#6091,1.);
#6091 = DIRECTION('',(0.,0.,1.));
#6092 = PCURVE('',#6093,#6098);
#6093 = CYLINDRICAL_SURFACE('',#6094,26.);
#6094 = AXIS2_PLACEMENT_3D('',#6095,#6096,#6097);
#6095 = CARTESIAN_POINT('',(0.,0.,0.));
#6096 = DIRECTION('',(-0.,-0.,-1.));
#6097 = DIRECTION('',(1.,0.,0.));
#6098 = DEFINITIONAL_REPRESENTATION('',(#6099),#6103);
#6099 = LINE('',#6100,#6101);
#6100 = CARTESIAN_POINT('',(-0.,0.));
#6101 = VECTOR('',#6102,1.);
#6102 = DIRECTION('',(-0.,-1.));
#6103 = ( GEOMETRIC_REPRESENTATION_CONTEXT(2) 
PARAMETRIC_REPRESENTATION_CONTEXT() REPRESENTATION_CONTEXT('2D SPACE',''
  ) );
#6104 = PCURVE('',#6093,#6105);
#6105 = DEFINITIONAL_REPRESENTATION('',(#6106),#6110);
#6106 = LINE('',#6107,#6108);
#6107 = CARTESIAN_POINT('',(-6.28318530718,0.));
#6108 = VECTOR('',#6109,1.);
#6109 = DIRECTION('',(-0.,-1.));
#6110 = ( GEOMETRIC_REPRESENTATION_CONTEXT(2) 
PARAMETRIC_REPRESENTATION_CONTEXT() REPRESENTATION_CONTEXT('2D SPACE',''
  ) );
#6111 = ORIENTED_EDGE('',*,*,#6112,.T.);
#6112 = EDGE_CURVE('',#6085,#6085,#6113,.T.);
#6113 = SURFACE_CURVE('',#6114,(#6119,#6126),.PCURVE_S1.);
#6114 = CIRCLE('',#6115,26.);
#6115 = AXIS2_PLACEMENT_3D('',#6116,#6117,#6118);
#6116 = CARTESIAN_POINT('',(0.,0.,5.));
#6117 = DIRECTION('',(0.,0.,1.));
#6118 = DIRECTION('',(1.,0.,-0.));
#6119 = PCURVE('',#6093,#6120);
#6120 = DEFINITIONAL_REPRESENTATION('',(#6121),#6125);
#6121 = LINE('',#6122,#6123);
#6122 = CARTESIAN_POINT('',(-0.,-5.));
#6123 = VECTOR('',#6124,1.);
#6124 = DIRECTION('',(-1.,0.));
#6125 = ( GEOMETRIC_REPRESENTATION_CONTEXT(2) 
PARAMETRIC_REPRESENTATION_CONTEXT() REPRESENTATION_CONTEXT('2D SPACE',''
  ) );
#6126 = PCURVE('',#6127,#6132);
#6127 = TOROIDAL_SURFACE('',#6128,25.,1.);
#6128 = AXIS2_PLACEMENT_3D('',#6129,#6130,#6131);
#6129 = CARTESIAN_POINT('',(0.,0.,5.));
#6130 = DIRECTION('',(0.,0.,1.));
#6131 = DIRECTION('',(1.,0.,-0.));
#6132 = DEFINITIONAL_REPRESENTATION('',(#6133),#6137);
#6133 = LINE('',#6134,#6135);
#6134 = CARTESIAN_POINT('',(0.,0.));
#6135 = VECTOR('',#6136,1.);
#6136 = DIRECTION('',(1.,0.));
#6137 = ( GEOMETRIC_REPRESENTATION_CONTEXT(2) 
PARAMETRIC_REPRESENTATION_CONTEXT() REPRESENTATION_CONTEXT('2D SPACE',''
  ) );
#6138 = ORIENTED_EDGE('',*,*,#6082,.F.);
#6139 = ORIENTED_EDGE('',*,*,#6140,.F.);
#6140 = EDGE_CURVE('',#6083,#6083,#6141,.T.);
#6141 = SURFACE_CURVE('',#6142,(#6147,#6154),.PCURVE_S1.);
#6142 = CIRCLE('',#6143,26.);
#6143 = AXIS2_PLACEMENT_3D('',#6144,#6145,#6146);
#6144 = CARTESIAN_POINT('',(0.,0.,0.));
#6145 = DIRECTION('',(0.,0.,1.));
#6146 = DIRECTION('',(1.,0.,0.));
#6147 = PCURVE('',#6093,#6148);
#6148 = DEFINITIONAL_REPRESENTATION('',(#6149),#6153);
#6149 = LINE('',#6150,#6151);
#6150 = CARTESIAN_POINT('',(-0.,0.));
#6151 = VECTOR('',#6152,1.);
#6152 = DIRECTION('',(-1.,0.));
#6153 = ( GEOMETRIC_REPRESENTATION_CONTEXT(2) 
PARAMETRIC_REPRESENTATION_CONTEXT() REPRESENTATION_CONTEXT('2D SPACE',''
  ) );
#6154 = PCURVE('',#6155,#6160);
#6155 = PLANE('',#6156);
#6156 = AXIS2_PLACEMENT_3D('',#6157,#6158,#6159);
#6157 = CARTESIAN_POINT('',(-8.415016200243E-16,2.304645920836E-15,0.));
#6158 = DIRECTION('',(0.,0.,1.));
#6159 = DIRECTION('',(1.,0.,-0.));
#6160 = DEFINITIONAL_REPRESENTATION('',(#6161),#6165);
#6161 = CIRCLE('',#6162,26.);
#6162 = AXIS2_PLACEMENT_2D('',#6163,#6164);
#6163 = CARTESIAN_POINT('',(8.415016200243E-16,-2.304645920836E-15));
#6164 = DIRECTION('',(1.,0.));
#6165 = ( GEOMETRIC_REPRESENTATION_CONTEXT(2) 
PARAMETRIC_REPRESENTATION_CONTEXT() REPRESENTATION_CONTEXT('2D SPACE',''
  ) );
#6166 = ADVANCED_FACE('',(#6167),#6127,.T.);
#6167 = FACE_BOUND('',#6168,.T.);
#6168 = EDGE_LOOP('',(#6169,#6191,#6192,#6193));
#6169 = ORIENTED_EDGE('',*,*,#6170,.F.);
#6170 = EDGE_CURVE('',#6085,#6171,#6173,.T.);
#6171 = VERTEX_POINT('',#6172);
#6172 = CARTESIAN_POINT('',(25.,0.,6.));
#6173 = SEAM_CURVE('',#6174,(#6179,#6185),.PCURVE_S1.);
#6174 = CIRCLE('',#6175,1.);
#6175 = AXIS2_PLACEMENT_3D('',#6176,#6177,#6178);
#6176 = CARTESIAN_POINT('',(25.,0.,5.));
#6177 = DIRECTION('',(0.,-1.,0.));
#6178 = DIRECTION('',(1.,0.,0.));
#6179 = PCURVE('',#6127,#6180);
#6180 = DEFINITIONAL_REPRESENTATION('',(#6181),#6184);
#6181 = B_SPLINE_CURVE_WITH_KNOTS('',1,(#6182,#6183),.UNSPECIFIED.,.F.,
  .F.,(2,2),(0.,1.570796326795),.PIECEWISE_BEZIER_KNOTS.);
#6182 = CARTESIAN_POINT('',(0.,0.));
#6183 = CARTESIAN_POINT('',(0.,1.570796326795));
#6184 = ( GEOMETRIC_REPRESENTATION_CONTEXT(2) 
PARAMETRIC_REPRESENTATION_CONTEXT() REPRESENTATION_CONTEXT('2D SPACE',''
  ) );
#6185 = PCURVE('',#6127,#6186);
#6186 = DEFINITIONAL_REPRESENTATION('',(#6187),#6190);
#6187 = B_SPLINE_CURVE_WITH_KNOTS('',1,(#6188,#6189),.UNSPECIFIED.,.F.,
  .F.,(2,2),(0.,1.570796326795),.PIECEWISE_BEZIER_KNOTS.);
#6188 = CARTESIAN_POINT('',(6.28318530718,0.));
#6189 = CARTESIAN_POINT('',(6.28318530718,1.570796326795));
#6190 = ( GEOMETRIC_REPRESENTATION_CONTEXT(2) 
PARAMETRIC_REPRESENTATION_CONTEXT() REPRESENTATION_CONTEXT('2D SPACE',''
  ) );
#6191 = ORIENTED_EDGE('',*,*,#6112,.T.);
#6192 = ORIENTED_EDGE('',*,*,#6170,.T.);
#6193 = ORIENTED_EDGE('',*,*,#6194,.F.);
#6194 = EDGE_CURVE('',#6171,#6171,#6195,.T.);
#6195 = SURFACE_CURVE('',#6196,(#6201,#6208),.PCURVE_S1.);
#6196 = CIRCLE('',#6197,25.);
#6197 = AXIS2_PLACEMENT_3D('',#6198,#6199,#6200);
#6198 = CARTESIAN_POINT('',(0.,0.,6.));
#6199 = DIRECTION('',(0.,0.,1.));
#6200 = DIRECTION('',(1.,0.,-0.));
#6201 = PCURVE('',#6127,#6202);
#6202 = DEFINITIONAL_REPRESENTATION('',(#6203),#6207);
#6203 = LINE('',#6204,#6205);
#6204 = CARTESIAN_POINT('',(0.,1.570796326795));
#6205 = VECTOR('',#6206,1.);
#6206 = DIRECTION('',(1.,0.));
#6207 = ( GEOMETRIC_REPRESENTATION_CONTEXT(2) 
PARAMETRIC_REPRESENTATION_CONTEXT() REPRESENTATION_CONTEXT('2D SPACE',''
  ) );
#6208 = PCURVE('',#6209,#6214);
#6209 = PLANE('',#6210);
#6210 = AXIS2_PLACEMENT_3D('',#6211,#6212,#6213);
#6211 = CARTESIAN_POINT('',(-8.415016200243E-16,2.304645920836E-15,6.));
#6212 = DIRECTION('',(0.,0.,1.));
#6213 = DIRECTION('',(1.,0.,-0.));
#6214 = DEFINITIONAL_REPRESENTATION('',(#6215),#6219);
#6215 = CIRCLE('',#6216,25.);
#6216 = AXIS2_PLACEMENT_2D('',#6217,#6218);
#6217 = CARTESIAN_POINT('',(8.415016200243E-16,-2.304645920836E-15));
#6218 = DIRECTION('',(1.,0.));
#6219 = ( GEOMETRIC_REPRESENTATION_CONTEXT(2) 
PARAMETRIC_REPRESENTATION_CONTEXT() REPRESENTATION_CONTEXT('2D SPACE',''
  ) );
#6220 = ADVANCED_FACE('',(#6221),#6155,.F.);
#6221 = FACE_BOUND('',#6222,.F.);
#6222 = EDGE_LOOP('',(#6223));
#6223 = ORIENTED_EDGE('',*,*,#6140,.T.);
#6224 = ADVANCED_FACE('',(#6225,#6228),#6209,.T.);
#6225 = FACE_BOUND('',#6226,.T.);
#6226 = EDGE_LOOP('',(#6227));
#6227 = ORIENTED_EDGE('',*,*,#6194,.T.);
#6228 = FACE_BOUND('',#6229,.T.);
#6229 = EDGE_LOOP('',(#6230));
#6230 = ORIENTED_EDGE('',*,*,#6231,.F.);
#6231 = EDGE_CURVE('',#6232,#6232,#6234,.T.);
#6232 = VERTEX_POINT('',#6233);
#6233 = CARTESIAN_POINT('',(21.,0.,6.));
#6234 = SURFACE_CURVE('',#6235,(#6240,#6247),.PCURVE_S1.);
#6235 = CIRCLE('',#6236,21.);
#6236 = AXIS2_PLACEMENT_3D('',#6237,#6238,#6239);
#6237 = CARTESIAN_POINT('',(0.,0.,6.));
#6238 = DIRECTION('',(0.,0.,1.));
#6239 = DIRECTION('',(1.,0.,-0.));
#6240 = PCURVE('',#6209,#6241);
#6241 = DEFINITIONAL_REPRESENTATION('',(#6242),#6246);
#6242 = CIRCLE('',#6243,21.);
#6243 = AXIS2_PLACEMENT_2D('',#6244,#6245);
#6244 = CARTESIAN_POINT('',(8.415016200243E-16,-2.304645920836E-15));
#6245 = DIRECTION('',(1.,0.));
#6246 = ( GEOMETRIC_REPRESENTATION_CONTEXT(2) 
PARAMETRIC_REPRESENTATION_CONTEXT() REPRESENTATION_CONTEXT('2D SPACE',''
  ) );
#6247 = PCURVE('',#6248,#6253);
#6248 = TOROIDAL_SURFACE('',#6249,21.,1.);
#6249 = AXIS2_PLACEMENT_3D('',#6250,#6251,#6252);
#6250 = CARTESIAN_POINT('',(0.,0.,5.));
#6251 = DIRECTION('',(0.,0.,1.));
#6252 = DIRECTION('',(1.,0.,-0.));
#6253 = DEFINITIONAL_REPRESENTATION('',(#6254),#6258);
#6254 = LINE('',#6255,#6256);
#6255 = CARTESIAN_POINT('',(0.,1.570796326795));
#6256 = VECTOR('',#6257,1.);
#6257 = DIRECTION('',(1.,0.));
#6258 = ( GEOMETRIC_REPRESENTATION_CONTEXT(2) 
PARAMETRIC_REPRESENTATION_CONTEXT() REPRESENTATION_CONTEXT('2D SPACE',''
  ) );
#6259 = ADVANCED_FACE('',(#6260),#6248,.T.);
#6260 = FACE_BOUND('',#6261,.T.);
#6261 = EDGE_LOOP('',(#6262,#6284,#6285,#6286));
#6262 = ORIENTED_EDGE('',*,*,#6263,.F.);
#6263 = EDGE_CURVE('',#6232,#6264,#6266,.T.);
#6264 = VERTEX_POINT('',#6265);
#6265 = CARTESIAN_POINT('',(20.,0.,5.));
#6266 = SEAM_CURVE('',#6267,(#6272,#6278),.PCURVE_S1.);
#6267 = CIRCLE('',#6268,1.);
#6268 = AXIS2_PLACEMENT_3D('',#6269,#6270,#6271);
#6269 = CARTESIAN_POINT('',(21.,0.,5.));
#6270 = DIRECTION('',(0.,-1.,0.));
#6271 = DIRECTION('',(1.,0.,0.));
#6272 = PCURVE('',#6248,#6273);
#6273 = DEFINITIONAL_REPRESENTATION('',(#6274),#6277);
#6274 = B_SPLINE_CURVE_WITH_KNOTS('',1,(#6275,#6276),.UNSPECIFIED.,.F.,
  .F.,(2,2),(1.570796326795,3.14159265359),.PIECEWISE_BEZIER_KNOTS.);
#6275 = CARTESIAN_POINT('',(0.,1.570796326795));
#6276 = CARTESIAN_POINT('',(0.,3.14159265359));
#6277 = ( GEOMETRIC_REPRESENTATION_CONTEXT(2) 
PARAMETRIC_REPRESENTATION_CONTEXT() REPRESENTATION_CONTEXT('2D SPACE',''
  ) );
#6278 = PCURVE('',#6248,#6279);
#6279 = DEFINITIONAL_REPRESENTATION('',(#6280),#6283);
#6280 = B_SPLINE_CURVE_WITH_KNOTS('',1,(#6281,#6282),.UNSPECIFIED.,.F.,
  .F.,(2,2),(1.570796326795,3.14159265359),.PIECEWISE_BEZIER_KNOTS.);
#6281 = CARTESIAN_POINT('',(6.28318530718,1.570796326795));
#6282 = CARTESIAN_POINT('',(6.28318530718,3.14159265359));
#6283 = ( GEOMETRIC_REPRESENTATION_CONTEXT(2) 
PARAMETRIC_REPRESENTATION_CONTEXT() REPRESENTATION_CONTEXT('2D SPACE',''
  ) );
#6284 = ORIENTED_EDGE('',*,*,#6231,.T.);
#6285 = ORIENTED_EDGE('',*,*,#6263,.T.);
#6286 = ORIENTED_EDGE('',*,*,#6287,.F.);
#6287 = EDGE_CURVE('',#6264,#6264,#6288,.T.);
#6288 = SURFACE_CURVE('',#6289,(#6294,#6301),.PCURVE_S1.);
#6289 = CIRCLE('',#6290,20.);
#6290 = AXIS2_PLACEMENT_3D('',#6291,#6292,#6293);
#6291 = CARTESIAN_POINT('',(0.,0.,5.));
#6292 = DIRECTION('',(0.,0.,1.));
#6293 = DIRECTION('',(1.,0.,-0.));
#6294 = PCURVE('',#6248,#6295);
#6295 = DEFINITIONAL_REPRESENTATION('',(#6296),#6300);
#6296 = LINE('',#6297,#6298);
#6297 = CARTESIAN_POINT('',(0.,3.14159265359));
#6298 = VECTOR('',#6299,1.);
#6299 = DIRECTION('',(1.,0.));
#6300 = ( GEOMETRIC_REPRESENTATION_CONTEXT(2) 
PARAMETRIC_REPRESENTATION_CONTEXT() REPRESENTATION_CONTEXT('2D SPACE',''
  ) );
#6301 = PCURVE('',#6302,#6307);
#6302 = CYLINDRICAL_SURFACE('',#6303,20.);
#6303 = AXIS2_PLACEMENT_3D('',#6304,#6305,#6306);
#6304 = CARTESIAN_POINT('',(0.,0.,6.));
#6305 = DIRECTION('',(0.,0.,1.));
#6306 = DIRECTION('',(1.,0.,0.));
#6307 = DEFINITIONAL_REPRESENTATION('',(#6308),#6312);
#6308 = LINE('',#6309,#6310);
#6309 = CARTESIAN_POINT('',(0.,-1.));
#6310 = VECTOR('',#6311,1.);
#6311 = DIRECTION('',(1.,0.));
#6312 = ( GEOMETRIC_REPRESENTATION_CONTEXT(2) 
PARAMETRIC_REPRESENTATION_CONTEXT() REPRESENTATION_CONTEXT('2D SPACE',''
  ) );
#6313 = ADVANCED_FACE('',(#6314),#6302,.F.);
#6314 = FACE_BOUND('',#6315,.F.);
#6315 = EDGE_LOOP('',(#6316,#6339,#6366,#6367));
#6316 = ORIENTED_EDGE('',*,*,#6317,.T.);
#6317 = EDGE_CURVE('',#6264,#6318,#6320,.T.);
#6318 = VERTEX_POINT('',#6319);
#6319 = CARTESIAN_POINT('',(20.,0.,3.));
#6320 = SEAM_CURVE('',#6321,(#6325,#6332),.PCURVE_S1.);
#6321 = LINE('',#6322,#6323);
#6322 = CARTESIAN_POINT('',(20.,0.,6.));
#6323 = VECTOR('',#6324,1.);
#6324 = DIRECTION('',(-0.,-0.,-1.));
#6325 = PCURVE('',#6302,#6326);
#6326 = DEFINITIONAL_REPRESENTATION('',(#6327),#6331);
#6327 = LINE('',#6328,#6329);
#6328 = CARTESIAN_POINT('',(0.,0.));
#6329 = VECTOR('',#6330,1.);
#6330 = DIRECTION('',(0.,-1.));
#6331 = ( GEOMETRIC_REPRESENTATION_CONTEXT(2) 
PARAMETRIC_REPRESENTATION_CONTEXT() REPRESENTATION_CONTEXT('2D SPACE',''
  ) );
#6332 = PCURVE('',#6302,#6333);
#6333 = DEFINITIONAL_REPRESENTATION('',(#6334),#6338);
#6334 = LINE('',#6335,#6336);
#6335 = CARTESIAN_POINT('',(6.28318530718,0.));
#6336 = VECTOR('',#6337,1.);
#6337 = DIRECTION('',(0.,-1.));
#6338 = ( GEOMETRIC_REPRESENTATION_CONTEXT(2) 
PARAMETRIC_REPRESENTATION_CONTEXT() REPRESENTATION_CONTEXT('2D SPACE',''
  ) );
#6339 = ORIENTED_EDGE('',*,*,#6340,.T.);
#6340 = EDGE_CURVE('',#6318,#6318,#6341,.T.);
#6341 = SURFACE_CURVE('',#6342,(#6347,#6354),.PCURVE_S1.);
#6342 = CIRCLE('',#6343,20.);
#6343 = AXIS2_PLACEMENT_3D('',#6344,#6345,#6346);
#6344 = CARTESIAN_POINT('',(0.,0.,3.));
#6345 = DIRECTION('',(0.,0.,1.));
#6346 = DIRECTION('',(1.,0.,0.));
#6347 = PCURVE('',#6302,#6348);
#6348 = DEFINITIONAL_REPRESENTATION('',(#6349),#6353);
#6349 = LINE('',#6350,#6351);
#6350 = CARTESIAN_POINT('',(0.,-3.));
#6351 = VECTOR('',#6352,1.);
#6352 = DIRECTION('',(1.,0.));
#6353 = ( GEOMETRIC_REPRESENTATION_CONTEXT(2) 
PARAMETRIC_REPRESENTATION_CONTEXT() REPRESENTATION_CONTEXT('2D SPACE',''
  ) );
#6354 = PCURVE('',#6355,#6360);
#6355 = PLANE('',#6356);
#6356 = AXIS2_PLACEMENT_3D('',#6357,#6358,#6359);
#6357 = CARTESIAN_POINT('',(-1.093952106032E-15,1.371473012632E-15,3.));
#6358 = DIRECTION('',(0.,0.,1.));
#6359 = DIRECTION('',(1.,0.,-0.));
#6360 = DEFINITIONAL_REPRESENTATION('',(#6361),#6365);
#6361 = CIRCLE('',#6362,20.);
#6362 = AXIS2_PLACEMENT_2D('',#6363,#6364);
#6363 = CARTESIAN_POINT('',(1.093952106032E-15,-1.371473012632E-15));
#6364 = DIRECTION('',(1.,0.));
#6365 = ( GEOMETRIC_REPRESENTATION_CONTEXT(2) 
PARAMETRIC_REPRESENTATION_CONTEXT() REPRESENTATION_CONTEXT('2D SPACE',''
  ) );
#6366 = ORIENTED_EDGE('',*,*,#6317,.F.);
#6367 = ORIENTED_EDGE('',*,*,#6287,.F.);
#6368 = ADVANCED_FACE('',(#6369),#6355,.T.);
#6369 = FACE_BOUND('',#6370,.T.);
#6370 = EDGE_LOOP('',(#6371));
#6371 = ORIENTED_EDGE('',*,*,#6340,.T.);
#6372 = ( GEOMETRIC_REPRESENTATION_CONTEXT(3) 
GLOBAL_UNCERTAINTY_ASSIGNED_CONTEXT((#6376)) 
GLOBAL_UNIT_ASSIGNED_CONTEXT((#6373,#6374,#6375)) REPRESENTATION_CONTEXT
('Context #1','3D Context with UNIT and UNCERTAINTY') );
#6373 = ( LENGTH_UNIT() NAMED_UNIT(*) SI_UNIT(.MILLI.,.METRE.) );
#6374 = ( NAMED_UNIT(*) PLANE_ANGLE_UNIT() SI_UNIT($,.RADIAN.) );
#6375 = ( NAMED_UNIT(*) SI_UNIT($,.STERADIAN.) SOLID_ANGLE_UNIT() );
#6376 = UNCERTAINTY_MEASURE_WITH_UNIT(LENGTH_MEASURE(1.E-07),#6373,
  'distance_accuracy_value','confusion accuracy');
#6377 = CONTEXT_DEPENDENT_SHAPE_REPRESENTATION(#6378,#6380);
#6378 = ( REPRESENTATION_RELATIONSHIP('','',#6075,#2332) 
REPRESENTATION_RELATIONSHIP_WITH_TRANSFORMATION(#6379) 
SHAPE_REPRESENTATION_RELATIONSHIP() );
#6379 = ITEM_DEFINED_TRANSFORMATION('','',#11,#2349);
#6380 = PRODUCT_DEFINITION_SHAPE('Placement','Placement of an item',
  #6381);
#6381 = NEXT_ASSEMBLY_USAGE_OCCURRENCE('13','','',#2327,#6070,$);
#6382 = PRODUCT_RELATED_PRODUCT_CATEGORY('part',$,(#6072));
#6383 = SHAPE_DEFINITION_REPRESENTATION(#6384,#6390);
#6384 = PRODUCT_DEFINITION_SHAPE('','',#6385);
#6385 = PRODUCT_DEFINITION('design','',#6386,#6389);
#6386 = PRODUCT_DEFINITION_FORMATION('','',#6387);
#6387 = PRODUCT('Open CASCADE STEP translator 7.9 12.2.1.6',
  'Open CASCADE STEP translator 7.9 12.2.1.6','',(#6388));
#6388 = PRODUCT_CONTEXT('',#2,'mechanical');
#6389 = PRODUCT_DEFINITION_CONTEXT('part definition',#2,'design');
#6390 = ADVANCED_BREP_SHAPE_REPRESENTATION('',(#11,#6391),#7020);
#6391 = MANIFOLD_SOLID_BREP('',#6392);
#6392 = CLOSED_SHELL('',(#6393,#6513,#6589,#6665,#6774,#6847,#6874,#6901
    ,#6908,#6963,#7016));
#6393 = ADVANCED_FACE('',(#6394),#6408,.F.);
#6394 = FACE_BOUND('',#6395,.F.);
#6395 = EDGE_LOOP('',(#6396,#6431,#6459,#6487));
#6396 = ORIENTED_EDGE('',*,*,#6397,.T.);
#6397 = EDGE_CURVE('',#6398,#6400,#6402,.T.);
#6398 = VERTEX_POINT('',#6399);
#6399 = CARTESIAN_POINT('',(5.1,0.,0.));
#6400 = VERTEX_POINT('',#6401);
#6401 = CARTESIAN_POINT('',(5.1,0.,3.9));
#6402 = SURFACE_CURVE('',#6403,(#6407,#6419),.PCURVE_S1.);
#6403 = LINE('',#6404,#6405);
#6404 = CARTESIAN_POINT('',(5.1,0.,0.));
#6405 = VECTOR('',#6406,1.);
#6406 = DIRECTION('',(0.,0.,1.));
#6407 = PCURVE('',#6408,#6413);
#6408 = PLANE('',#6409);
#6409 = AXIS2_PLACEMENT_3D('',#6410,#6411,#6412);
#6410 = CARTESIAN_POINT('',(5.1,0.,0.));
#6411 = DIRECTION('',(-0.866025403784,-0.5,0.));
#6412 = DIRECTION('',(-0.5,0.866025403784,0.));
#6413 = DEFINITIONAL_REPRESENTATION('',(#6414),#6418);
#6414 = LINE('',#6415,#6416);
#6415 = CARTESIAN_POINT('',(0.,0.));
#6416 = VECTOR('',#6417,1.);
#6417 = DIRECTION('',(0.,-1.));
#6418 = ( GEOMETRIC_REPRESENTATION_CONTEXT(2) 
PARAMETRIC_REPRESENTATION_CONTEXT() REPRESENTATION_CONTEXT('2D SPACE',''
  ) );
#6419 = PCURVE('',#6420,#6425);
#6420 = PLANE('',#6421);
#6421 = AXIS2_PLACEMENT_3D('',#6422,#6423,#6424);
#6422 = CARTESIAN_POINT('',(2.55,-4.416729559301,0.));
#6423 = DIRECTION('',(-0.866025403784,0.5,0.));
#6424 = DIRECTION('',(0.5,0.866025403784,0.));
#6425 = DEFINITIONAL_REPRESENTATION('',(#6426),#6430);
#6426 = LINE('',#6427,#6428);
#6427 = CARTESIAN_POINT('',(5.1,0.));
#6428 = VECTOR('',#6429,1.);
#6429 = DIRECTION('',(0.,-1.));
#6430 = ( GEOMETRIC_REPRESENTATION_CONTEXT(2) 
PARAMETRIC_REPRESENTATION_CONTEXT() REPRESENTATION_CONTEXT('2D SPACE',''
  ) );
#6431 = ORIENTED_EDGE('',*,*,#6432,.T.);
#6432 = EDGE_CURVE('',#6400,#6433,#6435,.T.);
#6433 = VERTEX_POINT('',#6434);
#6434 = CARTESIAN_POINT('',(2.55,4.416729559301,3.9));
#6435 = SURFACE_CURVE('',#6436,(#6440,#6447),.PCURVE_S1.);
#6436 = LINE('',#6437,#6438);
#6437 = CARTESIAN_POINT('',(5.1,0.,3.9));
#6438 = VECTOR('',#6439,1.);
#6439 = DIRECTION('',(-0.5,0.866025403784,0.));
#6440 = PCURVE('',#6408,#6441);
#6441 = DEFINITIONAL_REPRESENTATION('',(#6442),#6446);
#6442 = LINE('',#6443,#6444);
#6443 = CARTESIAN_POINT('',(0.,-3.9));
#6444 = VECTOR('',#6445,1.);
#6445 = DIRECTION('',(1.,0.));
#6446 = ( GEOMETRIC_REPRESENTATION_CONTEXT(2) 
PARAMETRIC_REPRESENTATION_CONTEXT() REPRESENTATION_CONTEXT('2D SPACE',''
  ) );
#6447 = PCURVE('',#6448,#6453);
#6448 = PLANE('',#6449);
#6449 = AXIS2_PLACEMENT_3D('',#6450,#6451,#6452);
#6450 = CARTESIAN_POINT('',(-1.741526313138E-16,-2.902543855229E-16,3.9)
  );
#6451 = DIRECTION('',(0.,0.,1.));
#6452 = DIRECTION('',(1.,0.,-0.));
#6453 = DEFINITIONAL_REPRESENTATION('',(#6454),#6458);
#6454 = LINE('',#6455,#6456);
#6455 = CARTESIAN_POINT('',(5.1,2.902543855229E-16));
#6456 = VECTOR('',#6457,1.);
#6457 = DIRECTION('',(-0.5,0.866025403784));
#6458 = ( GEOMETRIC_REPRESENTATION_CONTEXT(2) 
PARAMETRIC_REPRESENTATION_CONTEXT() REPRESENTATION_CONTEXT('2D SPACE',''
  ) );
#6459 = ORIENTED_EDGE('',*,*,#6460,.F.);
#6460 = EDGE_CURVE('',#6461,#6433,#6463,.T.);
#6461 = VERTEX_POINT('',#6462);
#6462 = CARTESIAN_POINT('',(2.55,4.416729559301,0.));
#6463 = SURFACE_CURVE('',#6464,(#6468,#6475),.PCURVE_S1.);
#6464 = LINE('',#6465,#6466);
#6465 = CARTESIAN_POINT('',(2.55,4.416729559301,0.));
#6466 = VECTOR('',#6467,1.);
#6467 = DIRECTION('',(0.,0.,1.));
#6468 = PCURVE('',#6408,#6469);
#6469 = DEFINITIONAL_REPRESENTATION('',(#6470),#6474);
#6470 = LINE('',#6471,#6472);
#6471 = CARTESIAN_POINT('',(5.1,0.));
#6472 = VECTOR('',#6473,1.);
#6473 = DIRECTION('',(0.,-1.));
#6474 = ( GEOMETRIC_REPRESENTATION_CONTEXT(2) 
PARAMETRIC_REPRESENTATION_CONTEXT() REPRESENTATION_CONTEXT('2D SPACE',''
  ) );
#6475 = PCURVE('',#6476,#6481);
#6476 = PLANE('',#6477);
#6477 = AXIS2_PLACEMENT_3D('',#6478,#6479,#6480);
#6478 = CARTESIAN_POINT('',(2.55,4.416729559301,0.));
#6479 = DIRECTION('',(-1.741526313138E-16,-1.,0.));
#6480 = DIRECTION('',(-1.,1.741526313138E-16,0.));
#6481 = DEFINITIONAL_REPRESENTATION('',(#6482),#6486);
#6482 = LINE('',#6483,#6484);
#6483 = CARTESIAN_POINT('',(0.,0.));
#6484 = VECTOR('',#6485,1.);
#6485 = DIRECTION('',(0.,-1.));
#6486 = ( GEOMETRIC_REPRESENTATION_CONTEXT(2) 
PARAMETRIC_REPRESENTATION_CONTEXT() REPRESENTATION_CONTEXT('2D SPACE',''
  ) );
#6487 = ORIENTED_EDGE('',*,*,#6488,.F.);
#6488 = EDGE_CURVE('',#6398,#6461,#6489,.T.);
#6489 = SURFACE_CURVE('',#6490,(#6494,#6501),.PCURVE_S1.);
#6490 = LINE('',#6491,#6492);
#6491 = CARTESIAN_POINT('',(5.1,0.,0.));
#6492 = VECTOR('',#6493,1.);
#6493 = DIRECTION('',(-0.5,0.866025403784,0.));
#6494 = PCURVE('',#6408,#6495);
#6495 = DEFINITIONAL_REPRESENTATION('',(#6496),#6500);
#6496 = LINE('',#6497,#6498);
#6497 = CARTESIAN_POINT('',(0.,0.));
#6498 = VECTOR('',#6499,1.);
#6499 = DIRECTION('',(1.,0.));
#6500 = ( GEOMETRIC_REPRESENTATION_CONTEXT(2) 
PARAMETRIC_REPRESENTATION_CONTEXT() REPRESENTATION_CONTEXT('2D SPACE',''
  ) );
#6501 = PCURVE('',#6502,#6507);
#6502 = PLANE('',#6503);
#6503 = AXIS2_PLACEMENT_3D('',#6504,#6505,#6506);
#6504 = CARTESIAN_POINT('',(-1.741526313138E-16,-2.902543855229E-16,0.)
  );
#6505 = DIRECTION('',(0.,0.,1.));
#6506 = DIRECTION('',(1.,0.,-0.));
#6507 = DEFINITIONAL_REPRESENTATION('',(#6508),#6512);
#6508 = LINE('',#6509,#6510);
#6509 = CARTESIAN_POINT('',(5.1,2.902543855229E-16));
#6510 = VECTOR('',#6511,1.);
#6511 = DIRECTION('',(-0.5,0.866025403784));
#6512 = ( GEOMETRIC_REPRESENTATION_CONTEXT(2) 
PARAMETRIC_REPRESENTATION_CONTEXT() REPRESENTATION_CONTEXT('2D SPACE',''
  ) );
#6513 = ADVANCED_FACE('',(#6514),#6420,.F.);
#6514 = FACE_BOUND('',#6515,.F.);
#6515 = EDGE_LOOP('',(#6516,#6546,#6567,#6568));
#6516 = ORIENTED_EDGE('',*,*,#6517,.T.);
#6517 = EDGE_CURVE('',#6518,#6520,#6522,.T.);
#6518 = VERTEX_POINT('',#6519);
#6519 = CARTESIAN_POINT('',(2.55,-4.416729559301,0.));
#6520 = VERTEX_POINT('',#6521);
#6521 = CARTESIAN_POINT('',(2.55,-4.416729559301,3.9));
#6522 = SURFACE_CURVE('',#6523,(#6527,#6534),.PCURVE_S1.);
#6523 = LINE('',#6524,#6525);
#6524 = CARTESIAN_POINT('',(2.55,-4.416729559301,0.));
#6525 = VECTOR('',#6526,1.);
#6526 = DIRECTION('',(0.,0.,1.));
#6527 = PCURVE('',#6420,#6528);
#6528 = DEFINITIONAL_REPRESENTATION('',(#6529),#6533);
#6529 = LINE('',#6530,#6531);
#6530 = CARTESIAN_POINT('',(0.,0.));
#6531 = VECTOR('',#6532,1.);
#6532 = DIRECTION('',(0.,-1.));
#6533 = ( GEOMETRIC_REPRESENTATION_CONTEXT(2) 
PARAMETRIC_REPRESENTATION_CONTEXT() REPRESENTATION_CONTEXT('2D SPACE',''
  ) );
#6534 = PCURVE('',#6535,#6540);
#6535 = PLANE('',#6536);
#6536 = AXIS2_PLACEMENT_3D('',#6537,#6538,#6539);
#6537 = CARTESIAN_POINT('',(-2.55,-4.416729559301,0.));
#6538 = DIRECTION('',(6.96610525255E-16,1.,-0.));
#6539 = DIRECTION('',(1.,-6.96610525255E-16,0.));
#6540 = DEFINITIONAL_REPRESENTATION('',(#6541),#6545);
#6541 = LINE('',#6542,#6543);
#6542 = CARTESIAN_POINT('',(5.1,0.));
#6543 = VECTOR('',#6544,1.);
#6544 = DIRECTION('',(0.,-1.));
#6545 = ( GEOMETRIC_REPRESENTATION_CONTEXT(2) 
PARAMETRIC_REPRESENTATION_CONTEXT() REPRESENTATION_CONTEXT('2D SPACE',''
  ) );
#6546 = ORIENTED_EDGE('',*,*,#6547,.T.);
#6547 = EDGE_CURVE('',#6520,#6400,#6548,.T.);
#6548 = SURFACE_CURVE('',#6549,(#6553,#6560),.PCURVE_S1.);
#6549 = LINE('',#6550,#6551);
#6550 = CARTESIAN_POINT('',(2.55,-4.416729559301,3.9));
#6551 = VECTOR('',#6552,1.);
#6552 = DIRECTION('',(0.5,0.866025403784,0.));
#6553 = PCURVE('',#6420,#6554);
#6554 = DEFINITIONAL_REPRESENTATION('',(#6555),#6559);
#6555 = LINE('',#6556,#6557);
#6556 = CARTESIAN_POINT('',(0.,-3.9));
#6557 = VECTOR('',#6558,1.);
#6558 = DIRECTION('',(1.,0.));
#6559 = ( GEOMETRIC_REPRESENTATION_CONTEXT(2) 
PARAMETRIC_REPRESENTATION_CONTEXT() REPRESENTATION_CONTEXT('2D SPACE',''
  ) );
#6560 = PCURVE('',#6448,#6561);
#6561 = DEFINITIONAL_REPRESENTATION('',(#6562),#6566);
#6562 = LINE('',#6563,#6564);
#6563 = CARTESIAN_POINT('',(2.55,-4.416729559301));
#6564 = VECTOR('',#6565,1.);
#6565 = DIRECTION('',(0.5,0.866025403784));
#6566 = ( GEOMETRIC_REPRESENTATION_CONTEXT(2) 
PARAMETRIC_REPRESENTATION_CONTEXT() REPRESENTATION_CONTEXT('2D SPACE',''
  ) );
#6567 = ORIENTED_EDGE('',*,*,#6397,.F.);
#6568 = ORIENTED_EDGE('',*,*,#6569,.F.);
#6569 = EDGE_CURVE('',#6518,#6398,#6570,.T.);
#6570 = SURFACE_CURVE('',#6571,(#6575,#6582),.PCURVE_S1.);
#6571 = LINE('',#6572,#6573);
#6572 = CARTESIAN_POINT('',(2.55,-4.416729559301,0.));
#6573 = VECTOR('',#6574,1.);
#6574 = DIRECTION('',(0.5,0.866025403784,0.));
#6575 = PCURVE('',#6420,#6576);
#6576 = DEFINITIONAL_REPRESENTATION('',(#6577),#6581);
#6577 = LINE('',#6578,#6579);
#6578 = CARTESIAN_POINT('',(0.,0.));
#6579 = VECTOR('',#6580,1.);
#6580 = DIRECTION('',(1.,0.));
#6581 = ( GEOMETRIC_REPRESENTATION_CONTEXT(2) 
PARAMETRIC_REPRESENTATION_CONTEXT() REPRESENTATION_CONTEXT('2D SPACE',''
  ) );
#6582 = PCURVE('',#6502,#6583);
#6583 = DEFINITIONAL_REPRESENTATION('',(#6584),#6588);
#6584 = LINE('',#6585,#6586);
#6585 = CARTESIAN_POINT('',(2.55,-4.416729559301));
#6586 = VECTOR('',#6587,1.);
#6587 = DIRECTION('',(0.5,0.866025403784));
#6588 = ( GEOMETRIC_REPRESENTATION_CONTEXT(2) 
PARAMETRIC_REPRESENTATION_CONTEXT() REPRESENTATION_CONTEXT('2D SPACE',''
  ) );
#6589 = ADVANCED_FACE('',(#6590),#6476,.F.);
#6590 = FACE_BOUND('',#6591,.F.);
#6591 = EDGE_LOOP('',(#6592,#6593,#6616,#6644));
#6592 = ORIENTED_EDGE('',*,*,#6460,.T.);
#6593 = ORIENTED_EDGE('',*,*,#6594,.T.);
#6594 = EDGE_CURVE('',#6433,#6595,#6597,.T.);
#6595 = VERTEX_POINT('',#6596);
#6596 = CARTESIAN_POINT('',(-2.55,4.416729559301,3.9));
#6597 = SURFACE_CURVE('',#6598,(#6602,#6609),.PCURVE_S1.);
#6598 = LINE('',#6599,#6600);
#6599 = CARTESIAN_POINT('',(2.55,4.416729559301,3.9));
#6600 = VECTOR('',#6601,1.);
#6601 = DIRECTION('',(-1.,1.741526313138E-16,0.));
#6602 = PCURVE('',#6476,#6603);
#6603 = DEFINITIONAL_REPRESENTATION('',(#6604),#6608);
#6604 = LINE('',#6605,#6606);
#6605 = CARTESIAN_POINT('',(0.,-3.9));
#6606 = VECTOR('',#6607,1.);
#6607 = DIRECTION('',(1.,0.));
#6608 = ( GEOMETRIC_REPRESENTATION_CONTEXT(2) 
PARAMETRIC_REPRESENTATION_CONTEXT() REPRESENTATION_CONTEXT('2D SPACE',''
  ) );
#6609 = PCURVE('',#6448,#6610);
#6610 = DEFINITIONAL_REPRESENTATION('',(#6611),#6615);
#6611 = LINE('',#6612,#6613);
#6612 = CARTESIAN_POINT('',(2.55,4.416729559301));
#6613 = VECTOR('',#6614,1.);
#6614 = DIRECTION('',(-1.,1.741526313138E-16));
#6615 = ( GEOMETRIC_REPRESENTATION_CONTEXT(2) 
PARAMETRIC_REPRESENTATION_CONTEXT() REPRESENTATION_CONTEXT('2D SPACE',''
  ) );
#6616 = ORIENTED_EDGE('',*,*,#6617,.F.);
#6617 = EDGE_CURVE('',#6618,#6595,#6620,.T.);
#6618 = VERTEX_POINT('',#6619);
#6619 = CARTESIAN_POINT('',(-2.55,4.416729559301,0.));
#6620 = SURFACE_CURVE('',#6621,(#6625,#6632),.PCURVE_S1.);
#6621 = LINE('',#6622,#6623);
#6622 = CARTESIAN_POINT('',(-2.55,4.416729559301,0.));
#6623 = VECTOR('',#6624,1.);
#6624 = DIRECTION('',(0.,0.,1.));
#6625 = PCURVE('',#6476,#6626);
#6626 = DEFINITIONAL_REPRESENTATION('',(#6627),#6631);
#6627 = LINE('',#6628,#6629);
#6628 = CARTESIAN_POINT('',(5.1,0.));
#6629 = VECTOR('',#6630,1.);
#6630 = DIRECTION('',(0.,-1.));
#6631 = ( GEOMETRIC_REPRESENTATION_CONTEXT(2) 
PARAMETRIC_REPRESENTATION_CONTEXT() REPRESENTATION_CONTEXT('2D SPACE',''
  ) );
#6632 = PCURVE('',#6633,#6638);
#6633 = PLANE('',#6634);
#6634 = AXIS2_PLACEMENT_3D('',#6635,#6636,#6637);
#6635 = CARTESIAN_POINT('',(-2.55,4.416729559301,0.));
#6636 = DIRECTION('',(0.866025403784,-0.5,0.));
#6637 = DIRECTION('',(-0.5,-0.866025403784,0.));
#6638 = DEFINITIONAL_REPRESENTATION('',(#6639),#6643);
#6639 = LINE('',#6640,#6641);
#6640 = CARTESIAN_POINT('',(0.,0.));
#6641 = VECTOR('',#6642,1.);
#6642 = DIRECTION('',(0.,-1.));
#6643 = ( GEOMETRIC_REPRESENTATION_CONTEXT(2) 
PARAMETRIC_REPRESENTATION_CONTEXT() REPRESENTATION_CONTEXT('2D SPACE',''
  ) );
#6644 = ORIENTED_EDGE('',*,*,#6645,.F.);
#6645 = EDGE_CURVE('',#6461,#6618,#6646,.T.);
#6646 = SURFACE_CURVE('',#6647,(#6651,#6658),.PCURVE_S1.);
#6647 = LINE('',#6648,#6649);
#6648 = CARTESIAN_POINT('',(2.55,4.416729559301,0.));
#6649 = VECTOR('',#6650,1.);
#6650 = DIRECTION('',(-1.,1.741526313138E-16,0.));
#6651 = PCURVE('',#6476,#6652);
#6652 = DEFINITIONAL_REPRESENTATION('',(#6653),#6657);
#6653 = LINE('',#6654,#6655);
#6654 = CARTESIAN_POINT('',(0.,0.));
#6655 = VECTOR('',#6656,1.);
#6656 = DIRECTION('',(1.,0.));
#6657 = ( GEOMETRIC_REPRESENTATION_CONTEXT(2) 
PARAMETRIC_REPRESENTATION_CONTEXT() REPRESENTATION_CONTEXT('2D SPACE',''
  ) );
#6658 = PCURVE('',#6502,#6659);
#6659 = DEFINITIONAL_REPRESENTATION('',(#6660),#6664);
#6660 = LINE('',#6661,#6662);
#6661 = CARTESIAN_POINT('',(2.55,4.416729559301));
#6662 = VECTOR('',#6663,1.);
#6663 = DIRECTION('',(-1.,1.741526313138E-16));
#6664 = ( GEOMETRIC_REPRESENTATION_CONTEXT(2) 
PARAMETRIC_REPRESENTATION_CONTEXT() REPRESENTATION_CONTEXT('2D SPACE',''
  ) );
#6665 = ADVANCED_FACE('',(#6666,#6743),#6502,.F.);
#6666 = FACE_BOUND('',#6667,.F.);
#6667 = EDGE_LOOP('',(#6668,#6669,#6670,#6693,#6721,#6742));
#6668 = ORIENTED_EDGE('',*,*,#6488,.T.);
#6669 = ORIENTED_EDGE('',*,*,#6645,.T.);
#6670 = ORIENTED_EDGE('',*,*,#6671,.T.);
#6671 = EDGE_CURVE('',#6618,#6672,#6674,.T.);
#6672 = VERTEX_POINT('',#6673);
#6673 = CARTESIAN_POINT('',(-5.1,6.245698675652E-16,0.));
#6674 = SURFACE_CURVE('',#6675,(#6679,#6686),.PCURVE_S1.);
#6675 = LINE('',#6676,#6677);
#6676 = CARTESIAN_POINT('',(-2.55,4.416729559301,0.));
#6677 = VECTOR('',#6678,1.);
#6678 = DIRECTION('',(-0.5,-0.866025403784,0.));
#6679 = PCURVE('',#6502,#6680);
#6680 = DEFINITIONAL_REPRESENTATION('',(#6681),#6685);
#6681 = LINE('',#6682,#6683);
#6682 = CARTESIAN_POINT('',(-2.55,4.416729559301));
#6683 = VECTOR('',#6684,1.);
#6684 = DIRECTION('',(-0.5,-0.866025403784));
#6685 = ( GEOMETRIC_REPRESENTATION_CONTEXT(2) 
PARAMETRIC_REPRESENTATION_CONTEXT() REPRESENTATION_CONTEXT('2D SPACE',''
  ) );
#6686 = PCURVE('',#6633,#6687);
#6687 = DEFINITIONAL_REPRESENTATION('',(#6688),#6692);
#6688 = LINE('',#6689,#6690);
#6689 = CARTESIAN_POINT('',(0.,0.));
#6690 = VECTOR('',#6691,1.);
#6691 = DIRECTION('',(1.,0.));
#6692 = ( GEOMETRIC_REPRESENTATION_CONTEXT(2) 
PARAMETRIC_REPRESENTATION_CONTEXT() REPRESENTATION_CONTEXT('2D SPACE',''
  ) );
#6693 = ORIENTED_EDGE('',*,*,#6694,.T.);
#6694 = EDGE_CURVE('',#6672,#6695,#6697,.T.);
#6695 = VERTEX_POINT('',#6696);
#6696 = CARTESIAN_POINT('',(-2.55,-4.416729559301,0.));
#6697 = SURFACE_CURVE('',#6698,(#6702,#6709),.PCURVE_S1.);
#6698 = LINE('',#6699,#6700);
#6699 = CARTESIAN_POINT('',(-5.1,6.245698675652E-16,0.));
#6700 = VECTOR('',#6701,1.);
#6701 = DIRECTION('',(0.5,-0.866025403784,0.));
#6702 = PCURVE('',#6502,#6703);
#6703 = DEFINITIONAL_REPRESENTATION('',(#6704),#6708);
#6704 = LINE('',#6705,#6706);
#6705 = CARTESIAN_POINT('',(-5.1,9.148242530881E-16));
#6706 = VECTOR('',#6707,1.);
#6707 = DIRECTION('',(0.5,-0.866025403784));
#6708 = ( GEOMETRIC_REPRESENTATION_CONTEXT(2) 
PARAMETRIC_REPRESENTATION_CONTEXT() REPRESENTATION_CONTEXT('2D SPACE',''
  ) );
#6709 = PCURVE('',#6710,#6715);
#6710 = PLANE('',#6711);
#6711 = AXIS2_PLACEMENT_3D('',#6712,#6713,#6714);
#6712 = CARTESIAN_POINT('',(-5.1,6.245698675652E-16,0.));
#6713 = DIRECTION('',(0.866025403784,0.5,-0.));
#6714 = DIRECTION('',(0.5,-0.866025403784,0.));
#6715 = DEFINITIONAL_REPRESENTATION('',(#6716),#6720);
#6716 = LINE('',#6717,#6718);
#6717 = CARTESIAN_POINT('',(0.,0.));
#6718 = VECTOR('',#6719,1.);
#6719 = DIRECTION('',(1.,0.));
#6720 = ( GEOMETRIC_REPRESENTATION_CONTEXT(2) 
PARAMETRIC_REPRESENTATION_CONTEXT() REPRESENTATION_CONTEXT('2D SPACE',''
  ) );
#6721 = ORIENTED_EDGE('',*,*,#6722,.T.);
#6722 = EDGE_CURVE('',#6695,#6518,#6723,.T.);
#6723 = SURFACE_CURVE('',#6724,(#6728,#6735),.PCURVE_S1.);
#6724 = LINE('',#6725,#6726);
#6725 = CARTESIAN_POINT('',(-2.55,-4.416729559301,0.));
#6726 = VECTOR('',#6727,1.);
#6727 = DIRECTION('',(1.,-6.96610525255E-16,0.));
#6728 = PCURVE('',#6502,#6729);
#6729 = DEFINITIONAL_REPRESENTATION('',(#6730),#6734);
#6730 = LINE('',#6731,#6732);
#6731 = CARTESIAN_POINT('',(-2.55,-4.416729559301));
#6732 = VECTOR('',#6733,1.);
#6733 = DIRECTION('',(1.,-6.96610525255E-16));
#6734 = ( GEOMETRIC_REPRESENTATION_CONTEXT(2) 
PARAMETRIC_REPRESENTATION_CONTEXT() REPRESENTATION_CONTEXT('2D SPACE',''
  ) );
#6735 = PCURVE('',#6535,#6736);
#6736 = DEFINITIONAL_REPRESENTATION('',(#6737),#6741);
#6737 = LINE('',#6738,#6739);
#6738 = CARTESIAN_POINT('',(0.,0.));
#6739 = VECTOR('',#6740,1.);
#6740 = DIRECTION('',(1.,0.));
#6741 = ( GEOMETRIC_REPRESENTATION_CONTEXT(2) 
PARAMETRIC_REPRESENTATION_CONTEXT() REPRESENTATION_CONTEXT('2D SPACE',''
  ) );
#6742 = ORIENTED_EDGE('',*,*,#6569,.T.);
#6743 = FACE_BOUND('',#6744,.F.);
#6744 = EDGE_LOOP('',(#6745));
#6745 = ORIENTED_EDGE('',*,*,#6746,.F.);
#6746 = EDGE_CURVE('',#6747,#6747,#6749,.T.);
#6747 = VERTEX_POINT('',#6748);
#6748 = CARTESIAN_POINT('',(3.,0.,0.));
#6749 = SURFACE_CURVE('',#6750,(#6755,#6762),.PCURVE_S1.);
#6750 = CIRCLE('',#6751,3.);
#6751 = AXIS2_PLACEMENT_3D('',#6752,#6753,#6754);
#6752 = CARTESIAN_POINT('',(0.,0.,0.));
#6753 = DIRECTION('',(0.,0.,1.));
#6754 = DIRECTION('',(1.,0.,0.));
#6755 = PCURVE('',#6502,#6756);
#6756 = DEFINITIONAL_REPRESENTATION('',(#6757),#6761);
#6757 = CIRCLE('',#6758,3.);
#6758 = AXIS2_PLACEMENT_2D('',#6759,#6760);
#6759 = CARTESIAN_POINT('',(1.741526313138E-16,2.902543855229E-16));
#6760 = DIRECTION('',(1.,0.));
#6761 = ( GEOMETRIC_REPRESENTATION_CONTEXT(2) 
PARAMETRIC_REPRESENTATION_CONTEXT() REPRESENTATION_CONTEXT('2D SPACE',''
  ) );
#6762 = PCURVE('',#6763,#6768);
#6763 = CYLINDRICAL_SURFACE('',#6764,3.);
#6764 = AXIS2_PLACEMENT_3D('',#6765,#6766,#6767);
#6765 = CARTESIAN_POINT('',(0.,0.,0.));
#6766 = DIRECTION('',(0.,0.,1.));
#6767 = DIRECTION('',(1.,0.,0.));
#6768 = DEFINITIONAL_REPRESENTATION('',(#6769),#6773);
#6769 = LINE('',#6770,#6771);
#6770 = CARTESIAN_POINT('',(0.,0.));
#6771 = VECTOR('',#6772,1.);
#6772 = DIRECTION('',(1.,0.));
#6773 = ( GEOMETRIC_REPRESENTATION_CONTEXT(2) 
PARAMETRIC_REPRESENTATION_CONTEXT() REPRESENTATION_CONTEXT('2D SPACE',''
  ) );
#6774 = ADVANCED_FACE('',(#6775),#6448,.T.);
#6775 = FACE_BOUND('',#6776,.T.);
#6776 = EDGE_LOOP('',(#6777,#6778,#6779,#6802,#6825,#6846));
#6777 = ORIENTED_EDGE('',*,*,#6432,.T.);
#6778 = ORIENTED_EDGE('',*,*,#6594,.T.);
#6779 = ORIENTED_EDGE('',*,*,#6780,.T.);
#6780 = EDGE_CURVE('',#6595,#6781,#6783,.T.);
#6781 = VERTEX_POINT('',#6782);
#6782 = CARTESIAN_POINT('',(-5.1,6.245698675652E-16,3.9));
#6783 = SURFACE_CURVE('',#6784,(#6788,#6795),.PCURVE_S1.);
#6784 = LINE('',#6785,#6786);
#6785 = CARTESIAN_POINT('',(-2.55,4.416729559301,3.9));
#6786 = VECTOR('',#6787,1.);
#6787 = DIRECTION('',(-0.5,-0.866025403784,0.));
#6788 = PCURVE('',#6448,#6789);
#6789 = DEFINITIONAL_REPRESENTATION('',(#6790),#6794);
#6790 = LINE('',#6791,#6792);
#6791 = CARTESIAN_POINT('',(-2.55,4.416729559301));
#6792 = VECTOR('',#6793,1.);
#6793 = DIRECTION('',(-0.5,-0.866025403784));
#6794 = ( GEOMETRIC_REPRESENTATION_CONTEXT(2) 
PARAMETRIC_REPRESENTATION_CONTEXT() REPRESENTATION_CONTEXT('2D SPACE',''
  ) );
#6795 = PCURVE('',#6633,#6796);
#6796 = DEFINITIONAL_REPRESENTATION('',(#6797),#6801);
#6797 = LINE('',#6798,#6799);
#6798 = CARTESIAN_POINT('',(0.,-3.9));
#6799 = VECTOR('',#6800,1.);
#6800 = DIRECTION('',(1.,0.));
#6801 = ( GEOMETRIC_REPRESENTATION_CONTEXT(2) 
PARAMETRIC_REPRESENTATION_CONTEXT() REPRESENTATION_CONTEXT('2D SPACE',''
  ) );
#6802 = ORIENTED_EDGE('',*,*,#6803,.T.);
#6803 = EDGE_CURVE('',#6781,#6804,#6806,.T.);
#6804 = VERTEX_POINT('',#6805);
#6805 = CARTESIAN_POINT('',(-2.55,-4.416729559301,3.9));
#6806 = SURFACE_CURVE('',#6807,(#6811,#6818),.PCURVE_S1.);
#6807 = LINE('',#6808,#6809);
#6808 = CARTESIAN_POINT('',(-5.1,6.245698675652E-16,3.9));
#6809 = VECTOR('',#6810,1.);
#6810 = DIRECTION('',(0.5,-0.866025403784,0.));
#6811 = PCURVE('',#6448,#6812);
#6812 = DEFINITIONAL_REPRESENTATION('',(#6813),#6817);
#6813 = LINE('',#6814,#6815);
#6814 = CARTESIAN_POINT('',(-5.1,9.148242530881E-16));
#6815 = VECTOR('',#6816,1.);
#6816 = DIRECTION('',(0.5,-0.866025403784));
#6817 = ( GEOMETRIC_REPRESENTATION_CONTEXT(2) 
PARAMETRIC_REPRESENTATION_CONTEXT() REPRESENTATION_CONTEXT('2D SPACE',''
  ) );
#6818 = PCURVE('',#6710,#6819);
#6819 = DEFINITIONAL_REPRESENTATION('',(#6820),#6824);
#6820 = LINE('',#6821,#6822);
#6821 = CARTESIAN_POINT('',(0.,-3.9));
#6822 = VECTOR('',#6823,1.);
#6823 = DIRECTION('',(1.,0.));
#6824 = ( GEOMETRIC_REPRESENTATION_CONTEXT(2) 
PARAMETRIC_REPRESENTATION_CONTEXT() REPRESENTATION_CONTEXT('2D SPACE',''
  ) );
#6825 = ORIENTED_EDGE('',*,*,#6826,.T.);
#6826 = EDGE_CURVE('',#6804,#6520,#6827,.T.);
#6827 = SURFACE_CURVE('',#6828,(#6832,#6839),.PCURVE_S1.);
#6828 = LINE('',#6829,#6830);
#6829 = CARTESIAN_POINT('',(-2.55,-4.416729559301,3.9));
#6830 = VECTOR('',#6831,1.);
#6831 = DIRECTION('',(1.,-6.96610525255E-16,0.));
#6832 = PCURVE('',#6448,#6833);
#6833 = DEFINITIONAL_REPRESENTATION('',(#6834),#6838);
#6834 = LINE('',#6835,#6836);
#6835 = CARTESIAN_POINT('',(-2.55,-4.416729559301));
#6836 = VECTOR('',#6837,1.);
#6837 = DIRECTION('',(1.,-6.96610525255E-16));
#6838 = ( GEOMETRIC_REPRESENTATION_CONTEXT(2) 
PARAMETRIC_REPRESENTATION_CONTEXT() REPRESENTATION_CONTEXT('2D SPACE',''
  ) );
#6839 = PCURVE('',#6535,#6840);
#6840 = DEFINITIONAL_REPRESENTATION('',(#6841),#6845);
#6841 = LINE('',#6842,#6843);
#6842 = CARTESIAN_POINT('',(0.,-3.9));
#6843 = VECTOR('',#6844,1.);
#6844 = DIRECTION('',(1.,0.));
#6845 = ( GEOMETRIC_REPRESENTATION_CONTEXT(2) 
PARAMETRIC_REPRESENTATION_CONTEXT() REPRESENTATION_CONTEXT('2D SPACE',''
  ) );
#6846 = ORIENTED_EDGE('',*,*,#6547,.T.);
#6847 = ADVANCED_FACE('',(#6848),#6535,.F.);
#6848 = FACE_BOUND('',#6849,.F.);
#6849 = EDGE_LOOP('',(#6850,#6871,#6872,#6873));
#6850 = ORIENTED_EDGE('',*,*,#6851,.T.);
#6851 = EDGE_CURVE('',#6695,#6804,#6852,.T.);
#6852 = SURFACE_CURVE('',#6853,(#6857,#6864),.PCURVE_S1.);
#6853 = LINE('',#6854,#6855);
#6854 = CARTESIAN_POINT('',(-2.55,-4.416729559301,0.));
#6855 = VECTOR('',#6856,1.);
#6856 = DIRECTION('',(0.,0.,1.));
#6857 = PCURVE('',#6535,#6858);
#6858 = DEFINITIONAL_REPRESENTATION('',(#6859),#6863);
#6859 = LINE('',#6860,#6861);
#6860 = CARTESIAN_POINT('',(0.,0.));
#6861 = VECTOR('',#6862,1.);
#6862 = DIRECTION('',(0.,-1.));
#6863 = ( GEOMETRIC_REPRESENTATION_CONTEXT(2) 
PARAMETRIC_REPRESENTATION_CONTEXT() REPRESENTATION_CONTEXT('2D SPACE',''
  ) );
#6864 = PCURVE('',#6710,#6865);
#6865 = DEFINITIONAL_REPRESENTATION('',(#6866),#6870);
#6866 = LINE('',#6867,#6868);
#6867 = CARTESIAN_POINT('',(5.1,0.));
#6868 = VECTOR('',#6869,1.);
#6869 = DIRECTION('',(0.,-1.));
#6870 = ( GEOMETRIC_REPRESENTATION_CONTEXT(2) 
PARAMETRIC_REPRESENTATION_CONTEXT() REPRESENTATION_CONTEXT('2D SPACE',''
  ) );
#6871 = ORIENTED_EDGE('',*,*,#6826,.T.);
#6872 = ORIENTED_EDGE('',*,*,#6517,.F.);
#6873 = ORIENTED_EDGE('',*,*,#6722,.F.);
#6874 = ADVANCED_FACE('',(#6875),#6633,.F.);
#6875 = FACE_BOUND('',#6876,.F.);
#6876 = EDGE_LOOP('',(#6877,#6878,#6879,#6900));
#6877 = ORIENTED_EDGE('',*,*,#6617,.T.);
#6878 = ORIENTED_EDGE('',*,*,#6780,.T.);
#6879 = ORIENTED_EDGE('',*,*,#6880,.F.);
#6880 = EDGE_CURVE('',#6672,#6781,#6881,.T.);
#6881 = SURFACE_CURVE('',#6882,(#6886,#6893),.PCURVE_S1.);
#6882 = LINE('',#6883,#6884);
#6883 = CARTESIAN_POINT('',(-5.1,6.245698675652E-16,0.));
#6884 = VECTOR('',#6885,1.);
#6885 = DIRECTION('',(0.,0.,1.));
#6886 = PCURVE('',#6633,#6887);
#6887 = DEFINITIONAL_REPRESENTATION('',(#6888),#6892);
#6888 = LINE('',#6889,#6890);
#6889 = CARTESIAN_POINT('',(5.1,0.));
#6890 = VECTOR('',#6891,1.);
#6891 = DIRECTION('',(0.,-1.));
#6892 = ( GEOMETRIC_REPRESENTATION_CONTEXT(2) 
PARAMETRIC_REPRESENTATION_CONTEXT() REPRESENTATION_CONTEXT('2D SPACE',''
  ) );
#6893 = PCURVE('',#6710,#6894);
#6894 = DEFINITIONAL_REPRESENTATION('',(#6895),#6899);
#6895 = LINE('',#6896,#6897);
#6896 = CARTESIAN_POINT('',(0.,0.));
#6897 = VECTOR('',#6898,1.);
#6898 = DIRECTION('',(0.,-1.));
#6899 = ( GEOMETRIC_REPRESENTATION_CONTEXT(2) 
PARAMETRIC_REPRESENTATION_CONTEXT() REPRESENTATION_CONTEXT('2D SPACE',''
  ) );
#6900 = ORIENTED_EDGE('',*,*,#6671,.F.);
#6901 = ADVANCED_FACE('',(#6902),#6710,.F.);
#6902 = FACE_BOUND('',#6903,.F.);
#6903 = EDGE_LOOP('',(#6904,#6905,#6906,#6907));
#6904 = ORIENTED_EDGE('',*,*,#6880,.T.);
#6905 = ORIENTED_EDGE('',*,*,#6803,.T.);
#6906 = ORIENTED_EDGE('',*,*,#6851,.F.);
#6907 = ORIENTED_EDGE('',*,*,#6694,.F.);
#6908 = ADVANCED_FACE('',(#6909),#6763,.T.);
#6909 = FACE_BOUND('',#6910,.T.);
#6910 = EDGE_LOOP('',(#6911,#6934,#6961,#6962));
#6911 = ORIENTED_EDGE('',*,*,#6912,.T.);
#6912 = EDGE_CURVE('',#6747,#6913,#6915,.T.);
#6913 = VERTEX_POINT('',#6914);
#6914 = CARTESIAN_POINT('',(3.,0.,-19.28));
#6915 = SEAM_CURVE('',#6916,(#6920,#6927),.PCURVE_S1.);
#6916 = LINE('',#6917,#6918);
#6917 = CARTESIAN_POINT('',(3.,0.,0.));
#6918 = VECTOR('',#6919,1.);
#6919 = DIRECTION('',(-0.,-0.,-1.));
#6920 = PCURVE('',#6763,#6921);
#6921 = DEFINITIONAL_REPRESENTATION('',(#6922),#6926);
#6922 = LINE('',#6923,#6924);
#6923 = CARTESIAN_POINT('',(0.,0.));
#6924 = VECTOR('',#6925,1.);
#6925 = DIRECTION('',(0.,-1.));
#6926 = ( GEOMETRIC_REPRESENTATION_CONTEXT(2) 
PARAMETRIC_REPRESENTATION_CONTEXT() REPRESENTATION_CONTEXT('2D SPACE',''
  ) );
#6927 = PCURVE('',#6763,#6928);
#6928 = DEFINITIONAL_REPRESENTATION('',(#6929),#6933);
#6929 = LINE('',#6930,#6931);
#6930 = CARTESIAN_POINT('',(6.28318530718,0.));
#6931 = VECTOR('',#6932,1.);
#6932 = DIRECTION('',(0.,-1.));
#6933 = ( GEOMETRIC_REPRESENTATION_CONTEXT(2) 
PARAMETRIC_REPRESENTATION_CONTEXT() REPRESENTATION_CONTEXT('2D SPACE',''
  ) );
#6934 = ORIENTED_EDGE('',*,*,#6935,.T.);
#6935 = EDGE_CURVE('',#6913,#6913,#6936,.T.);
#6936 = SURFACE_CURVE('',#6937,(#6942,#6949),.PCURVE_S1.);
#6937 = CIRCLE('',#6938,3.);
#6938 = AXIS2_PLACEMENT_3D('',#6939,#6940,#6941);
#6939 = CARTESIAN_POINT('',(0.,0.,-19.28));
#6940 = DIRECTION('',(0.,0.,1.));
#6941 = DIRECTION('',(1.,0.,-0.));
#6942 = PCURVE('',#6763,#6943);
#6943 = DEFINITIONAL_REPRESENTATION('',(#6944),#6948);
#6944 = LINE('',#6945,#6946);
#6945 = CARTESIAN_POINT('',(0.,-19.28));
#6946 = VECTOR('',#6947,1.);
#6947 = DIRECTION('',(1.,0.));
#6948 = ( GEOMETRIC_REPRESENTATION_CONTEXT(2) 
PARAMETRIC_REPRESENTATION_CONTEXT() REPRESENTATION_CONTEXT('2D SPACE',''
  ) );
#6949 = PCURVE('',#6950,#6955);
#6950 = CONICAL_SURFACE('',#6951,3.,0.785398163397);
#6951 = AXIS2_PLACEMENT_3D('',#6952,#6953,#6954);
#6952 = CARTESIAN_POINT('',(0.,0.,-19.28));
#6953 = DIRECTION('',(0.,0.,1.));
#6954 = DIRECTION('',(1.,0.,-0.));
#6955 = DEFINITIONAL_REPRESENTATION('',(#6956),#6960);
#6956 = LINE('',#6957,#6958);
#6957 = CARTESIAN_POINT('',(0.,-0.));
#6958 = VECTOR('',#6959,1.);
#6959 = DIRECTION('',(1.,-0.));
#6960 = ( GEOMETRIC_REPRESENTATION_CONTEXT(2) 
PARAMETRIC_REPRESENTATION_CONTEXT() REPRESENTATION_CONTEXT('2D SPACE',''
  ) );
#6961 = ORIENTED_EDGE('',*,*,#6912,.F.);
#6962 = ORIENTED_EDGE('',*,*,#6746,.F.);
#6963 = ADVANCED_FACE('',(#6964),#6950,.T.);
#6964 = FACE_BOUND('',#6965,.F.);
#6965 = EDGE_LOOP('',(#6966,#6987,#6988,#6989));
#6966 = ORIENTED_EDGE('',*,*,#6967,.F.);
#6967 = EDGE_CURVE('',#6913,#6968,#6970,.T.);
#6968 = VERTEX_POINT('',#6969);
#6969 = CARTESIAN_POINT('',(2.28,0.,-20.));
#6970 = SEAM_CURVE('',#6971,(#6975,#6981),.PCURVE_S1.);
#6971 = LINE('',#6972,#6973);
#6972 = CARTESIAN_POINT('',(3.,0.,-19.28));
#6973 = VECTOR('',#6974,1.);
#6974 = DIRECTION('',(-0.707106781187,-0.,-0.707106781187));
#6975 = PCURVE('',#6950,#6976);
#6976 = DEFINITIONAL_REPRESENTATION('',(#6977),#6980);
#6977 = B_SPLINE_CURVE_WITH_KNOTS('',1,(#6978,#6979),.UNSPECIFIED.,.F.,
  .F.,(2,2),(0.,1.018233764909),.PIECEWISE_BEZIER_KNOTS.);
#6978 = CARTESIAN_POINT('',(0.,0.));
#6979 = CARTESIAN_POINT('',(0.,-0.72));
#6980 = ( GEOMETRIC_REPRESENTATION_CONTEXT(2) 
PARAMETRIC_REPRESENTATION_CONTEXT() REPRESENTATION_CONTEXT('2D SPACE',''
  ) );
#6981 = PCURVE('',#6950,#6982);
#6982 = DEFINITIONAL_REPRESENTATION('',(#6983),#6986);
#6983 = B_SPLINE_CURVE_WITH_KNOTS('',1,(#6984,#6985),.UNSPECIFIED.,.F.,
  .F.,(2,2),(0.,1.018233764909),.PIECEWISE_BEZIER_KNOTS.);
#6984 = CARTESIAN_POINT('',(6.28318530718,0.));
#6985 = CARTESIAN_POINT('',(6.28318530718,-0.72));
#6986 = ( GEOMETRIC_REPRESENTATION_CONTEXT(2) 
PARAMETRIC_REPRESENTATION_CONTEXT() REPRESENTATION_CONTEXT('2D SPACE',''
  ) );
#6987 = ORIENTED_EDGE('',*,*,#6935,.T.);
#6988 = ORIENTED_EDGE('',*,*,#6967,.T.);
#6989 = ORIENTED_EDGE('',*,*,#6990,.F.);
#6990 = EDGE_CURVE('',#6968,#6968,#6991,.T.);
#6991 = SURFACE_CURVE('',#6992,(#6997,#7004),.PCURVE_S1.);
#6992 = CIRCLE('',#6993,2.28);
#6993 = AXIS2_PLACEMENT_3D('',#6994,#6995,#6996);
#6994 = CARTESIAN_POINT('',(0.,0.,-20.));
#6995 = DIRECTION('',(0.,0.,1.));
#6996 = DIRECTION('',(1.,0.,-0.));
#6997 = PCURVE('',#6950,#6998);
#6998 = DEFINITIONAL_REPRESENTATION('',(#6999),#7003);
#6999 = LINE('',#7000,#7001);
#7000 = CARTESIAN_POINT('',(0.,-0.72));
#7001 = VECTOR('',#7002,1.);
#7002 = DIRECTION('',(1.,-0.));
#7003 = ( GEOMETRIC_REPRESENTATION_CONTEXT(2) 
PARAMETRIC_REPRESENTATION_CONTEXT() REPRESENTATION_CONTEXT('2D SPACE',''
  ) );
#7004 = PCURVE('',#7005,#7010);
#7005 = PLANE('',#7006);
#7006 = AXIS2_PLACEMENT_3D('',#7007,#7008,#7009);
#7007 = CARTESIAN_POINT('',(-1.709300165674E-16,-8.51133553645E-18,-20.)
  );
#7008 = DIRECTION('',(0.,0.,1.));
#7009 = DIRECTION('',(1.,0.,-0.));
#7010 = DEFINITIONAL_REPRESENTATION('',(#7011),#7015);
#7011 = CIRCLE('',#7012,2.28);
#7012 = AXIS2_PLACEMENT_2D('',#7013,#7014);
#7013 = CARTESIAN_POINT('',(1.709300165674E-16,8.51133553645E-18));
#7014 = DIRECTION('',(1.,0.));
#7015 = ( GEOMETRIC_REPRESENTATION_CONTEXT(2) 
PARAMETRIC_REPRESENTATION_CONTEXT() REPRESENTATION_CONTEXT('2D SPACE',''
  ) );
#7016 = ADVANCED_FACE('',(#7017),#7005,.F.);
#7017 = FACE_BOUND('',#7018,.F.);
#7018 = EDGE_LOOP('',(#7019));
#7019 = ORIENTED_EDGE('',*,*,#6990,.T.);
#7020 = ( GEOMETRIC_REPRESENTATION_CONTEXT(3) 
GLOBAL_UNCERTAINTY_ASSIGNED_CONTEXT((#7024)) 
GLOBAL_UNIT_ASSIGNED_CONTEXT((#7021,#7022,#7023)) REPRESENTATION_CONTEXT
('Context #1','3D Context with UNIT and UNCERTAINTY') );
#7021 = ( LENGTH_UNIT() NAMED_UNIT(*) SI_UNIT(.MILLI.,.METRE.) );
#7022 = ( NAMED_UNIT(*) PLANE_ANGLE_UNIT() SI_UNIT($,.RADIAN.) );
#7023 = ( NAMED_UNIT(*) SI_UNIT($,.STERADIAN.) SOLID_ANGLE_UNIT() );
#7024 = UNCERTAINTY_MEASURE_WITH_UNIT(LENGTH_MEASURE(1.E-07),#7021,
  'distance_accuracy_value','confusion accuracy');
#7025 = CONTEXT_DEPENDENT_SHAPE_REPRESENTATION(#7026,#7028);
#7026 = ( REPRESENTATION_RELATIONSHIP('','',#6390,#2332) 
REPRESENTATION_RELATIONSHIP_WITH_TRANSFORMATION(#7027) 
SHAPE_REPRESENTATION_RELATIONSHIP() );
#7027 = ITEM_DEFINED_TRANSFORMATION('','',#11,#2353);
#7028 = PRODUCT_DEFINITION_SHAPE('Placement','Placement of an item',
  #7029);
#7029 = NEXT_ASSEMBLY_USAGE_OCCURRENCE('14','','',#2327,#6385,$);
#7030 = PRODUCT_RELATED_PRODUCT_CATEGORY('part',$,(#6387));
#7031 = SHAPE_DEFINITION_REPRESENTATION(#7032,#7038);
#7032 = PRODUCT_DEFINITION_SHAPE('','',#7033);
#7033 = PRODUCT_DEFINITION('design','',#7034,#7037);
#7034 = PRODUCT_DEFINITION_FORMATION('','',#7035);
#7035 = PRODUCT('Open CASCADE STEP translator 7.9 12.2.1.7',
  'Open CASCADE STEP translator 7.9 12.2.1.7','',(#7036));
#7036 = PRODUCT_CONTEXT('',#2,'mechanical');
#7037 = PRODUCT_DEFINITION_CONTEXT('part definition',#2,'design');
#7038 = ADVANCED_BREP_SHAPE_REPRESENTATION('',(#11,#7039),#7668);
#7039 = MANIFOLD_SOLID_BREP('',#7040);
#7040 = CLOSED_SHELL('',(#7041,#7161,#7237,#7313,#7422,#7495,#7522,#7549
    ,#7556,#7611,#7664));
#7041 = ADVANCED_FACE('',(#7042),#7056,.F.);
#7042 = FACE_BOUND('',#7043,.F.);
#7043 = EDGE_LOOP('',(#7044,#7079,#7107,#7135));
#7044 = ORIENTED_EDGE('',*,*,#7045,.T.);
#7045 = EDGE_CURVE('',#7046,#7048,#7050,.T.);
#7046 = VERTEX_POINT('',#7047);
#7047 = CARTESIAN_POINT('',(5.1,0.,0.));
#7048 = VERTEX_POINT('',#7049);
#7049 = CARTESIAN_POINT('',(5.1,0.,3.9));
#7050 = SURFACE_CURVE('',#7051,(#7055,#7067),.PCURVE_S1.);
#7051 = LINE('',#7052,#7053);
#7052 = CARTESIAN_POINT('',(5.1,0.,0.));
#7053 = VECTOR('',#7054,1.);
#7054 = DIRECTION('',(0.,0.,1.));
#7055 = PCURVE('',#7056,#7061);
#7056 = PLANE('',#7057);
#7057 = AXIS2_PLACEMENT_3D('',#7058,#7059,#7060);
#7058 = CARTESIAN_POINT('',(5.1,0.,0.));
#7059 = DIRECTION('',(-0.866025403784,-0.5,0.));
#7060 = DIRECTION('',(-0.5,0.866025403784,0.));
#7061 = DEFINITIONAL_REPRESENTATION('',(#7062),#7066);
#7062 = LINE('',#7063,#7064);
#7063 = CARTESIAN_POINT('',(0.,0.));
#7064 = VECTOR('',#7065,1.);
#7065 = DIRECTION('',(0.,-1.));
#7066 = ( GEOMETRIC_REPRESENTATION_CONTEXT(2) 
PARAMETRIC_REPRESENTATION_CONTEXT() REPRESENTATION_CONTEXT('2D SPACE',''
  ) );
#7067 = PCURVE('',#7068,#7073);
#7068 = PLANE('',#7069);
#7069 = AXIS2_PLACEMENT_3D('',#7070,#7071,#7072);
#7070 = CARTESIAN_POINT('',(2.55,-4.416729559301,0.));
#7071 = DIRECTION('',(-0.866025403784,0.5,0.));
#7072 = DIRECTION('',(0.5,0.866025403784,0.));
#7073 = DEFINITIONAL_REPRESENTATION('',(#7074),#7078);
#7074 = LINE('',#7075,#7076);
#7075 = CARTESIAN_POINT('',(5.1,0.));
#7076 = VECTOR('',#7077,1.);
#7077 = DIRECTION('',(0.,-1.));
#7078 = ( GEOMETRIC_REPRESENTATION_CONTEXT(2) 
PARAMETRIC_REPRESENTATION_CONTEXT() REPRESENTATION_CONTEXT('2D SPACE',''
  ) );
#7079 = ORIENTED_EDGE('',*,*,#7080,.T.);
#7080 = EDGE_CURVE('',#7048,#7081,#7083,.T.);
#7081 = VERTEX_POINT('',#7082);
#7082 = CARTESIAN_POINT('',(2.55,4.416729559301,3.9));
#7083 = SURFACE_CURVE('',#7084,(#7088,#7095),.PCURVE_S1.);
#7084 = LINE('',#7085,#7086);
#7085 = CARTESIAN_POINT('',(5.1,0.,3.9));
#7086 = VECTOR('',#7087,1.);
#7087 = DIRECTION('',(-0.5,0.866025403784,0.));
#7088 = PCURVE('',#7056,#7089);
#7089 = DEFINITIONAL_REPRESENTATION('',(#7090),#7094);
#7090 = LINE('',#7091,#7092);
#7091 = CARTESIAN_POINT('',(0.,-3.9));
#7092 = VECTOR('',#7093,1.);
#7093 = DIRECTION('',(1.,0.));
#7094 = ( GEOMETRIC_REPRESENTATION_CONTEXT(2) 
PARAMETRIC_REPRESENTATION_CONTEXT() REPRESENTATION_CONTEXT('2D SPACE',''
  ) );
#7095 = PCURVE('',#7096,#7101);
#7096 = PLANE('',#7097);
#7097 = AXIS2_PLACEMENT_3D('',#7098,#7099,#7100);
#7098 = CARTESIAN_POINT('',(-1.741526313138E-16,-2.902543855229E-16,3.9)
  );
#7099 = DIRECTION('',(0.,0.,1.));
#7100 = DIRECTION('',(1.,0.,-0.));
#7101 = DEFINITIONAL_REPRESENTATION('',(#7102),#7106);
#7102 = LINE('',#7103,#7104);
#7103 = CARTESIAN_POINT('',(5.1,2.902543855229E-16));
#7104 = VECTOR('',#7105,1.);
#7105 = DIRECTION('',(-0.5,0.866025403784));
#7106 = ( GEOMETRIC_REPRESENTATION_CONTEXT(2) 
PARAMETRIC_REPRESENTATION_CONTEXT() REPRESENTATION_CONTEXT('2D SPACE',''
  ) );
#7107 = ORIENTED_EDGE('',*,*,#7108,.F.);
#7108 = EDGE_CURVE('',#7109,#7081,#7111,.T.);
#7109 = VERTEX_POINT('',#7110);
#7110 = CARTESIAN_POINT('',(2.55,4.416729559301,0.));
#7111 = SURFACE_CURVE('',#7112,(#7116,#7123),.PCURVE_S1.);
#7112 = LINE('',#7113,#7114);
#7113 = CARTESIAN_POINT('',(2.55,4.416729559301,0.));
#7114 = VECTOR('',#7115,1.);
#7115 = DIRECTION('',(0.,0.,1.));
#7116 = PCURVE('',#7056,#7117);
#7117 = DEFINITIONAL_REPRESENTATION('',(#7118),#7122);
#7118 = LINE('',#7119,#7120);
#7119 = CARTESIAN_POINT('',(5.1,0.));
#7120 = VECTOR('',#7121,1.);
#7121 = DIRECTION('',(0.,-1.));
#7122 = ( GEOMETRIC_REPRESENTATION_CONTEXT(2) 
PARAMETRIC_REPRESENTATION_CONTEXT() REPRESENTATION_CONTEXT('2D SPACE',''
  ) );
#7123 = PCURVE('',#7124,#7129);
#7124 = PLANE('',#7125);
#7125 = AXIS2_PLACEMENT_3D('',#7126,#7127,#7128);
#7126 = CARTESIAN_POINT('',(2.55,4.416729559301,0.));
#7127 = DIRECTION('',(-1.741526313138E-16,-1.,0.));
#7128 = DIRECTION('',(-1.,1.741526313138E-16,0.));
#7129 = DEFINITIONAL_REPRESENTATION('',(#7130),#7134);
#7130 = LINE('',#7131,#7132);
#7131 = CARTESIAN_POINT('',(0.,0.));
#7132 = VECTOR('',#7133,1.);
#7133 = DIRECTION('',(0.,-1.));
#7134 = ( GEOMETRIC_REPRESENTATION_CONTEXT(2) 
PARAMETRIC_REPRESENTATION_CONTEXT() REPRESENTATION_CONTEXT('2D SPACE',''
  ) );
#7135 = ORIENTED_EDGE('',*,*,#7136,.F.);
#7136 = EDGE_CURVE('',#7046,#7109,#7137,.T.);
#7137 = SURFACE_CURVE('',#7138,(#7142,#7149),.PCURVE_S1.);
#7138 = LINE('',#7139,#7140);
#7139 = CARTESIAN_POINT('',(5.1,0.,0.));
#7140 = VECTOR('',#7141,1.);
#7141 = DIRECTION('',(-0.5,0.866025403784,0.));
#7142 = PCURVE('',#7056,#7143);
#7143 = DEFINITIONAL_REPRESENTATION('',(#7144),#7148);
#7144 = LINE('',#7145,#7146);
#7145 = CARTESIAN_POINT('',(0.,0.));
#7146 = VECTOR('',#7147,1.);
#7147 = DIRECTION('',(1.,0.));
#7148 = ( GEOMETRIC_REPRESENTATION_CONTEXT(2) 
PARAMETRIC_REPRESENTATION_CONTEXT() REPRESENTATION_CONTEXT('2D SPACE',''
  ) );
#7149 = PCURVE('',#7150,#7155);
#7150 = PLANE('',#7151);
#7151 = AXIS2_PLACEMENT_3D('',#7152,#7153,#7154);
#7152 = CARTESIAN_POINT('',(-1.741526313138E-16,-2.902543855229E-16,0.)
  );
#7153 = DIRECTION('',(0.,0.,1.));
#7154 = DIRECTION('',(1.,0.,-0.));
#7155 = DEFINITIONAL_REPRESENTATION('',(#7156),#7160);
#7156 = LINE('',#7157,#7158);
#7157 = CARTESIAN_POINT('',(5.1,2.902543855229E-16));
#7158 = VECTOR('',#7159,1.);
#7159 = DIRECTION('',(-0.5,0.866025403784));
#7160 = ( GEOMETRIC_REPRESENTATION_CONTEXT(2) 
PARAMETRIC_REPRESENTATION_CONTEXT() REPRESENTATION_CONTEXT('2D SPACE',''
  ) );
#7161 = ADVANCED_FACE('',(#7162),#7068,.F.);
#7162 = FACE_BOUND('',#7163,.F.);
#7163 = EDGE_LOOP('',(#7164,#7194,#7215,#7216));
#7164 = ORIENTED_EDGE('',*,*,#7165,.T.);
#7165 = EDGE_CURVE('',#7166,#7168,#7170,.T.);
#7166 = VERTEX_POINT('',#7167);
#7167 = CARTESIAN_POINT('',(2.55,-4.416729559301,0.));
#7168 = VERTEX_POINT('',#7169);
#7169 = CARTESIAN_POINT('',(2.55,-4.416729559301,3.9));
#7170 = SURFACE_CURVE('',#7171,(#7175,#7182),.PCURVE_S1.);
#7171 = LINE('',#7172,#7173);
#7172 = CARTESIAN_POINT('',(2.55,-4.416729559301,0.));
#7173 = VECTOR('',#7174,1.);
#7174 = DIRECTION('',(0.,0.,1.));
#7175 = PCURVE('',#7068,#7176);
#7176 = DEFINITIONAL_REPRESENTATION('',(#7177),#7181);
#7177 = LINE('',#7178,#7179);
#7178 = CARTESIAN_POINT('',(0.,0.));
#7179 = VECTOR('',#7180,1.);
#7180 = DIRECTION('',(0.,-1.));
#7181 = ( GEOMETRIC_REPRESENTATION_CONTEXT(2) 
PARAMETRIC_REPRESENTATION_CONTEXT() REPRESENTATION_CONTEXT('2D SPACE',''
  ) );
#7182 = PCURVE('',#7183,#7188);
#7183 = PLANE('',#7184);
#7184 = AXIS2_PLACEMENT_3D('',#7185,#7186,#7187);
#7185 = CARTESIAN_POINT('',(-2.55,-4.416729559301,0.));
#7186 = DIRECTION('',(6.96610525255E-16,1.,-0.));
#7187 = DIRECTION('',(1.,-6.96610525255E-16,0.));
#7188 = DEFINITIONAL_REPRESENTATION('',(#7189),#7193);
#7189 = LINE('',#7190,#7191);
#7190 = CARTESIAN_POINT('',(5.1,0.));
#7191 = VECTOR('',#7192,1.);
#7192 = DIRECTION('',(0.,-1.));
#7193 = ( GEOMETRIC_REPRESENTATION_CONTEXT(2) 
PARAMETRIC_REPRESENTATION_CONTEXT() REPRESENTATION_CONTEXT('2D SPACE',''
  ) );
#7194 = ORIENTED_EDGE('',*,*,#7195,.T.);
#7195 = EDGE_CURVE('',#7168,#7048,#7196,.T.);
#7196 = SURFACE_CURVE('',#7197,(#7201,#7208),.PCURVE_S1.);
#7197 = LINE('',#7198,#7199);
#7198 = CARTESIAN_POINT('',(2.55,-4.416729559301,3.9));
#7199 = VECTOR('',#7200,1.);
#7200 = DIRECTION('',(0.5,0.866025403784,0.));
#7201 = PCURVE('',#7068,#7202);
#7202 = DEFINITIONAL_REPRESENTATION('',(#7203),#7207);
#7203 = LINE('',#7204,#7205);
#7204 = CARTESIAN_POINT('',(0.,-3.9));
#7205 = VECTOR('',#7206,1.);
#7206 = DIRECTION('',(1.,0.));
#7207 = ( GEOMETRIC_REPRESENTATION_CONTEXT(2) 
PARAMETRIC_REPRESENTATION_CONTEXT() REPRESENTATION_CONTEXT('2D SPACE',''
  ) );
#7208 = PCURVE('',#7096,#7209);
#7209 = DEFINITIONAL_REPRESENTATION('',(#7210),#7214);
#7210 = LINE('',#7211,#7212);
#7211 = CARTESIAN_POINT('',(2.55,-4.416729559301));
#7212 = VECTOR('',#7213,1.);
#7213 = DIRECTION('',(0.5,0.866025403784));
#7214 = ( GEOMETRIC_REPRESENTATION_CONTEXT(2) 
PARAMETRIC_REPRESENTATION_CONTEXT() REPRESENTATION_CONTEXT('2D SPACE',''
  ) );
#7215 = ORIENTED_EDGE('',*,*,#7045,.F.);
#7216 = ORIENTED_EDGE('',*,*,#7217,.F.);
#7217 = EDGE_CURVE('',#7166,#7046,#7218,.T.);
#7218 = SURFACE_CURVE('',#7219,(#7223,#7230),.PCURVE_S1.);
#7219 = LINE('',#7220,#7221);
#7220 = CARTESIAN_POINT('',(2.55,-4.416729559301,0.));
#7221 = VECTOR('',#7222,1.);
#7222 = DIRECTION('',(0.5,0.866025403784,0.));
#7223 = PCURVE('',#7068,#7224);
#7224 = DEFINITIONAL_REPRESENTATION('',(#7225),#7229);
#7225 = LINE('',#7226,#7227);
#7226 = CARTESIAN_POINT('',(0.,0.));
#7227 = VECTOR('',#7228,1.);
#7228 = DIRECTION('',(1.,0.));
#7229 = ( GEOMETRIC_REPRESENTATION_CONTEXT(2) 
PARAMETRIC_REPRESENTATION_CONTEXT() REPRESENTATION_CONTEXT('2D SPACE',''
  ) );
#7230 = PCURVE('',#7150,#7231);
#7231 = DEFINITIONAL_REPRESENTATION('',(#7232),#7236);
#7232 = LINE('',#7233,#7234);
#7233 = CARTESIAN_POINT('',(2.55,-4.416729559301));
#7234 = VECTOR('',#7235,1.);
#7235 = DIRECTION('',(0.5,0.866025403784));
#7236 = ( GEOMETRIC_REPRESENTATION_CONTEXT(2) 
PARAMETRIC_REPRESENTATION_CONTEXT() REPRESENTATION_CONTEXT('2D SPACE',''
  ) );
#7237 = ADVANCED_FACE('',(#7238),#7124,.F.);
#7238 = FACE_BOUND('',#7239,.F.);
#7239 = EDGE_LOOP('',(#7240,#7241,#7264,#7292));
#7240 = ORIENTED_EDGE('',*,*,#7108,.T.);
#7241 = ORIENTED_EDGE('',*,*,#7242,.T.);
#7242 = EDGE_CURVE('',#7081,#7243,#7245,.T.);
#7243 = VERTEX_POINT('',#7244);
#7244 = CARTESIAN_POINT('',(-2.55,4.416729559301,3.9));
#7245 = SURFACE_CURVE('',#7246,(#7250,#7257),.PCURVE_S1.);
#7246 = LINE('',#7247,#7248);
#7247 = CARTESIAN_POINT('',(2.55,4.416729559301,3.9));
#7248 = VECTOR('',#7249,1.);
#7249 = DIRECTION('',(-1.,1.741526313138E-16,0.));
#7250 = PCURVE('',#7124,#7251);
#7251 = DEFINITIONAL_REPRESENTATION('',(#7252),#7256);
#7252 = LINE('',#7253,#7254);
#7253 = CARTESIAN_POINT('',(0.,-3.9));
#7254 = VECTOR('',#7255,1.);
#7255 = DIRECTION('',(1.,0.));
#7256 = ( GEOMETRIC_REPRESENTATION_CONTEXT(2) 
PARAMETRIC_REPRESENTATION_CONTEXT() REPRESENTATION_CONTEXT('2D SPACE',''
  ) );
#7257 = PCURVE('',#7096,#7258);
#7258 = DEFINITIONAL_REPRESENTATION('',(#7259),#7263);
#7259 = LINE('',#7260,#7261);
#7260 = CARTESIAN_POINT('',(2.55,4.416729559301));
#7261 = VECTOR('',#7262,1.);
#7262 = DIRECTION('',(-1.,1.741526313138E-16));
#7263 = ( GEOMETRIC_REPRESENTATION_CONTEXT(2) 
PARAMETRIC_REPRESENTATION_CONTEXT() REPRESENTATION_CONTEXT('2D SPACE',''
  ) );
#7264 = ORIENTED_EDGE('',*,*,#7265,.F.);
#7265 = EDGE_CURVE('',#7266,#7243,#7268,.T.);
#7266 = VERTEX_POINT('',#7267);
#7267 = CARTESIAN_POINT('',(-2.55,4.416729559301,0.));
#7268 = SURFACE_CURVE('',#7269,(#7273,#7280),.PCURVE_S1.);
#7269 = LINE('',#7270,#7271);
#7270 = CARTESIAN_POINT('',(-2.55,4.416729559301,0.));
#7271 = VECTOR('',#7272,1.);
#7272 = DIRECTION('',(0.,0.,1.));
#7273 = PCURVE('',#7124,#7274);
#7274 = DEFINITIONAL_REPRESENTATION('',(#7275),#7279);
#7275 = LINE('',#7276,#7277);
#7276 = CARTESIAN_POINT('',(5.1,0.));
#7277 = VECTOR('',#7278,1.);
#7278 = DIRECTION('',(0.,-1.));
#7279 = ( GEOMETRIC_REPRESENTATION_CONTEXT(2) 
PARAMETRIC_REPRESENTATION_CONTEXT() REPRESENTATION_CONTEXT('2D SPACE',''
  ) );
#7280 = PCURVE('',#7281,#7286);
#7281 = PLANE('',#7282);
#7282 = AXIS2_PLACEMENT_3D('',#7283,#7284,#7285);
#7283 = CARTESIAN_POINT('',(-2.55,4.416729559301,0.));
#7284 = DIRECTION('',(0.866025403784,-0.5,0.));
#7285 = DIRECTION('',(-0.5,-0.866025403784,0.));
#7286 = DEFINITIONAL_REPRESENTATION('',(#7287),#7291);
#7287 = LINE('',#7288,#7289);
#7288 = CARTESIAN_POINT('',(0.,0.));
#7289 = VECTOR('',#7290,1.);
#7290 = DIRECTION('',(0.,-1.));
#7291 = ( GEOMETRIC_REPRESENTATION_CONTEXT(2) 
PARAMETRIC_REPRESENTATION_CONTEXT() REPRESENTATION_CONTEXT('2D SPACE',''
  ) );
#7292 = ORIENTED_EDGE('',*,*,#7293,.F.);
#7293 = EDGE_CURVE('',#7109,#7266,#7294,.T.);
#7294 = SURFACE_CURVE('',#7295,(#7299,#7306),.PCURVE_S1.);
#7295 = LINE('',#7296,#7297);
#7296 = CARTESIAN_POINT('',(2.55,4.416729559301,0.));
#7297 = VECTOR('',#7298,1.);
#7298 = DIRECTION('',(-1.,1.741526313138E-16,0.));
#7299 = PCURVE('',#7124,#7300);
#7300 = DEFINITIONAL_REPRESENTATION('',(#7301),#7305);
#7301 = LINE('',#7302,#7303);
#7302 = CARTESIAN_POINT('',(0.,0.));
#7303 = VECTOR('',#7304,1.);
#7304 = DIRECTION('',(1.,0.));
#7305 = ( GEOMETRIC_REPRESENTATION_CONTEXT(2) 
PARAMETRIC_REPRESENTATION_CONTEXT() REPRESENTATION_CONTEXT('2D SPACE',''
  ) );
#7306 = PCURVE('',#7150,#7307);
#7307 = DEFINITIONAL_REPRESENTATION('',(#7308),#7312);
#7308 = LINE('',#7309,#7310);
#7309 = CARTESIAN_POINT('',(2.55,4.416729559301));
#7310 = VECTOR('',#7311,1.);
#7311 = DIRECTION('',(-1.,1.741526313138E-16));
#7312 = ( GEOMETRIC_REPRESENTATION_CONTEXT(2) 
PARAMETRIC_REPRESENTATION_CONTEXT() REPRESENTATION_CONTEXT('2D SPACE',''
  ) );
#7313 = ADVANCED_FACE('',(#7314,#7391),#7150,.F.);
#7314 = FACE_BOUND('',#7315,.F.);
#7315 = EDGE_LOOP('',(#7316,#7317,#7318,#7341,#7369,#7390));
#7316 = ORIENTED_EDGE('',*,*,#7136,.T.);
#7317 = ORIENTED_EDGE('',*,*,#7293,.T.);
#7318 = ORIENTED_EDGE('',*,*,#7319,.T.);
#7319 = EDGE_CURVE('',#7266,#7320,#7322,.T.);
#7320 = VERTEX_POINT('',#7321);
#7321 = CARTESIAN_POINT('',(-5.1,6.245698675652E-16,0.));
#7322 = SURFACE_CURVE('',#7323,(#7327,#7334),.PCURVE_S1.);
#7323 = LINE('',#7324,#7325);
#7324 = CARTESIAN_POINT('',(-2.55,4.416729559301,0.));
#7325 = VECTOR('',#7326,1.);
#7326 = DIRECTION('',(-0.5,-0.866025403784,0.));
#7327 = PCURVE('',#7150,#7328);
#7328 = DEFINITIONAL_REPRESENTATION('',(#7329),#7333);
#7329 = LINE('',#7330,#7331);
#7330 = CARTESIAN_POINT('',(-2.55,4.416729559301));
#7331 = VECTOR('',#7332,1.);
#7332 = DIRECTION('',(-0.5,-0.866025403784));
#7333 = ( GEOMETRIC_REPRESENTATION_CONTEXT(2) 
PARAMETRIC_REPRESENTATION_CONTEXT() REPRESENTATION_CONTEXT('2D SPACE',''
  ) );
#7334 = PCURVE('',#7281,#7335);
#7335 = DEFINITIONAL_REPRESENTATION('',(#7336),#7340);
#7336 = LINE('',#7337,#7338);
#7337 = CARTESIAN_POINT('',(0.,0.));
#7338 = VECTOR('',#7339,1.);
#7339 = DIRECTION('',(1.,0.));
#7340 = ( GEOMETRIC_REPRESENTATION_CONTEXT(2) 
PARAMETRIC_REPRESENTATION_CONTEXT() REPRESENTATION_CONTEXT('2D SPACE',''
  ) );
#7341 = ORIENTED_EDGE('',*,*,#7342,.T.);
#7342 = EDGE_CURVE('',#7320,#7343,#7345,.T.);
#7343 = VERTEX_POINT('',#7344);
#7344 = CARTESIAN_POINT('',(-2.55,-4.416729559301,0.));
#7345 = SURFACE_CURVE('',#7346,(#7350,#7357),.PCURVE_S1.);
#7346 = LINE('',#7347,#7348);
#7347 = CARTESIAN_POINT('',(-5.1,6.245698675652E-16,0.));
#7348 = VECTOR('',#7349,1.);
#7349 = DIRECTION('',(0.5,-0.866025403784,0.));
#7350 = PCURVE('',#7150,#7351);
#7351 = DEFINITIONAL_REPRESENTATION('',(#7352),#7356);
#7352 = LINE('',#7353,#7354);
#7353 = CARTESIAN_POINT('',(-5.1,9.148242530881E-16));
#7354 = VECTOR('',#7355,1.);
#7355 = DIRECTION('',(0.5,-0.866025403784));
#7356 = ( GEOMETRIC_REPRESENTATION_CONTEXT(2) 
PARAMETRIC_REPRESENTATION_CONTEXT() REPRESENTATION_CONTEXT('2D SPACE',''
  ) );
#7357 = PCURVE('',#7358,#7363);
#7358 = PLANE('',#7359);
#7359 = AXIS2_PLACEMENT_3D('',#7360,#7361,#7362);
#7360 = CARTESIAN_POINT('',(-5.1,6.245698675652E-16,0.));
#7361 = DIRECTION('',(0.866025403784,0.5,-0.));
#7362 = DIRECTION('',(0.5,-0.866025403784,0.));
#7363 = DEFINITIONAL_REPRESENTATION('',(#7364),#7368);
#7364 = LINE('',#7365,#7366);
#7365 = CARTESIAN_POINT('',(0.,0.));
#7366 = VECTOR('',#7367,1.);
#7367 = DIRECTION('',(1.,0.));
#7368 = ( GEOMETRIC_REPRESENTATION_CONTEXT(2) 
PARAMETRIC_REPRESENTATION_CONTEXT() REPRESENTATION_CONTEXT('2D SPACE',''
  ) );
#7369 = ORIENTED_EDGE('',*,*,#7370,.T.);
#7370 = EDGE_CURVE('',#7343,#7166,#7371,.T.);
#7371 = SURFACE_CURVE('',#7372,(#7376,#7383),.PCURVE_S1.);
#7372 = LINE('',#7373,#7374);
#7373 = CARTESIAN_POINT('',(-2.55,-4.416729559301,0.));
#7374 = VECTOR('',#7375,1.);
#7375 = DIRECTION('',(1.,-6.96610525255E-16,0.));
#7376 = PCURVE('',#7150,#7377);
#7377 = DEFINITIONAL_REPRESENTATION('',(#7378),#7382);
#7378 = LINE('',#7379,#7380);
#7379 = CARTESIAN_POINT('',(-2.55,-4.416729559301));
#7380 = VECTOR('',#7381,1.);
#7381 = DIRECTION('',(1.,-6.96610525255E-16));
#7382 = ( GEOMETRIC_REPRESENTATION_CONTEXT(2) 
PARAMETRIC_REPRESENTATION_CONTEXT() REPRESENTATION_CONTEXT('2D SPACE',''
  ) );
#7383 = PCURVE('',#7183,#7384);
#7384 = DEFINITIONAL_REPRESENTATION('',(#7385),#7389);
#7385 = LINE('',#7386,#7387);
#7386 = CARTESIAN_POINT('',(0.,0.));
#7387 = VECTOR('',#7388,1.);
#7388 = DIRECTION('',(1.,0.));
#7389 = ( GEOMETRIC_REPRESENTATION_CONTEXT(2) 
PARAMETRIC_REPRESENTATION_CONTEXT() REPRESENTATION_CONTEXT('2D SPACE',''
  ) );
#7390 = ORIENTED_EDGE('',*,*,#7217,.T.);
#7391 = FACE_BOUND('',#7392,.F.);
#7392 = EDGE_LOOP('',(#7393));
#7393 = ORIENTED_EDGE('',*,*,#7394,.F.);
#7394 = EDGE_CURVE('',#7395,#7395,#7397,.T.);
#7395 = VERTEX_POINT('',#7396);
#7396 = CARTESIAN_POINT('',(3.,0.,0.));
#7397 = SURFACE_CURVE('',#7398,(#7403,#7410),.PCURVE_S1.);
#7398 = CIRCLE('',#7399,3.);
#7399 = AXIS2_PLACEMENT_3D('',#7400,#7401,#7402);
#7400 = CARTESIAN_POINT('',(0.,0.,0.));
#7401 = DIRECTION('',(0.,0.,1.));
#7402 = DIRECTION('',(1.,0.,0.));
#7403 = PCURVE('',#7150,#7404);
#7404 = DEFINITIONAL_REPRESENTATION('',(#7405),#7409);
#7405 = CIRCLE('',#7406,3.);
#7406 = AXIS2_PLACEMENT_2D('',#7407,#7408);
#7407 = CARTESIAN_POINT('',(1.741526313138E-16,2.902543855229E-16));
#7408 = DIRECTION('',(1.,0.));
#7409 = ( GEOMETRIC_REPRESENTATION_CONTEXT(2) 
PARAMETRIC_REPRESENTATION_CONTEXT() REPRESENTATION_CONTEXT('2D SPACE',''
  ) );
#7410 = PCURVE('',#7411,#7416);
#7411 = CYLINDRICAL_SURFACE('',#7412,3.);
#7412 = AXIS2_PLACEMENT_3D('',#7413,#7414,#7415);
#7413 = CARTESIAN_POINT('',(0.,0.,0.));
#7414 = DIRECTION('',(0.,0.,1.));
#7415 = DIRECTION('',(1.,0.,0.));
#7416 = DEFINITIONAL_REPRESENTATION('',(#7417),#7421);
#7417 = LINE('',#7418,#7419);
#7418 = CARTESIAN_POINT('',(0.,0.));
#7419 = VECTOR('',#7420,1.);
#7420 = DIRECTION('',(1.,0.));
#7421 = ( GEOMETRIC_REPRESENTATION_CONTEXT(2) 
PARAMETRIC_REPRESENTATION_CONTEXT() REPRESENTATION_CONTEXT('2D SPACE',''
  ) );
#7422 = ADVANCED_FACE('',(#7423),#7096,.T.);
#7423 = FACE_BOUND('',#7424,.T.);
#7424 = EDGE_LOOP('',(#7425,#7426,#7427,#7450,#7473,#7494));
#7425 = ORIENTED_EDGE('',*,*,#7080,.T.);
#7426 = ORIENTED_EDGE('',*,*,#7242,.T.);
#7427 = ORIENTED_EDGE('',*,*,#7428,.T.);
#7428 = EDGE_CURVE('',#7243,#7429,#7431,.T.);
#7429 = VERTEX_POINT('',#7430);
#7430 = CARTESIAN_POINT('',(-5.1,6.245698675652E-16,3.9));
#7431 = SURFACE_CURVE('',#7432,(#7436,#7443),.PCURVE_S1.);
#7432 = LINE('',#7433,#7434);
#7433 = CARTESIAN_POINT('',(-2.55,4.416729559301,3.9));
#7434 = VECTOR('',#7435,1.);
#7435 = DIRECTION('',(-0.5,-0.866025403784,0.));
#7436 = PCURVE('',#7096,#7437);
#7437 = DEFINITIONAL_REPRESENTATION('',(#7438),#7442);
#7438 = LINE('',#7439,#7440);
#7439 = CARTESIAN_POINT('',(-2.55,4.416729559301));
#7440 = VECTOR('',#7441,1.);
#7441 = DIRECTION('',(-0.5,-0.866025403784));
#7442 = ( GEOMETRIC_REPRESENTATION_CONTEXT(2) 
PARAMETRIC_REPRESENTATION_CONTEXT() REPRESENTATION_CONTEXT('2D SPACE',''
  ) );
#7443 = PCURVE('',#7281,#7444);
#7444 = DEFINITIONAL_REPRESENTATION('',(#7445),#7449);
#7445 = LINE('',#7446,#7447);
#7446 = CARTESIAN_POINT('',(0.,-3.9));
#7447 = VECTOR('',#7448,1.);
#7448 = DIRECTION('',(1.,0.));
#7449 = ( GEOMETRIC_REPRESENTATION_CONTEXT(2) 
PARAMETRIC_REPRESENTATION_CONTEXT() REPRESENTATION_CONTEXT('2D SPACE',''
  ) );
#7450 = ORIENTED_EDGE('',*,*,#7451,.T.);
#7451 = EDGE_CURVE('',#7429,#7452,#7454,.T.);
#7452 = VERTEX_POINT('',#7453);
#7453 = CARTESIAN_POINT('',(-2.55,-4.416729559301,3.9));
#7454 = SURFACE_CURVE('',#7455,(#7459,#7466),.PCURVE_S1.);
#7455 = LINE('',#7456,#7457);
#7456 = CARTESIAN_POINT('',(-5.1,6.245698675652E-16,3.9));
#7457 = VECTOR('',#7458,1.);
#7458 = DIRECTION('',(0.5,-0.866025403784,0.));
#7459 = PCURVE('',#7096,#7460);
#7460 = DEFINITIONAL_REPRESENTATION('',(#7461),#7465);
#7461 = LINE('',#7462,#7463);
#7462 = CARTESIAN_POINT('',(-5.1,9.148242530881E-16));
#7463 = VECTOR('',#7464,1.);
#7464 = DIRECTION('',(0.5,-0.866025403784));
#7465 = ( GEOMETRIC_REPRESENTATION_CONTEXT(2) 
PARAMETRIC_REPRESENTATION_CONTEXT() REPRESENTATION_CONTEXT('2D SPACE',''
  ) );
#7466 = PCURVE('',#7358,#7467);
#7467 = DEFINITIONAL_REPRESENTATION('',(#7468),#7472);
#7468 = LINE('',#7469,#7470);
#7469 = CARTESIAN_POINT('',(0.,-3.9));
#7470 = VECTOR('',#7471,1.);
#7471 = DIRECTION('',(1.,0.));
#7472 = ( GEOMETRIC_REPRESENTATION_CONTEXT(2) 
PARAMETRIC_REPRESENTATION_CONTEXT() REPRESENTATION_CONTEXT('2D SPACE',''
  ) );
#7473 = ORIENTED_EDGE('',*,*,#7474,.T.);
#7474 = EDGE_CURVE('',#7452,#7168,#7475,.T.);
#7475 = SURFACE_CURVE('',#7476,(#7480,#7487),.PCURVE_S1.);
#7476 = LINE('',#7477,#7478);
#7477 = CARTESIAN_POINT('',(-2.55,-4.416729559301,3.9));
#7478 = VECTOR('',#7479,1.);
#7479 = DIRECTION('',(1.,-6.96610525255E-16,0.));
#7480 = PCURVE('',#7096,#7481);
#7481 = DEFINITIONAL_REPRESENTATION('',(#7482),#7486);
#7482 = LINE('',#7483,#7484);
#7483 = CARTESIAN_POINT('',(-2.55,-4.416729559301));
#7484 = VECTOR('',#7485,1.);
#7485 = DIRECTION('',(1.,-6.96610525255E-16));
#7486 = ( GEOMETRIC_REPRESENTATION_CONTEXT(2) 
PARAMETRIC_REPRESENTATION_CONTEXT() REPRESENTATION_CONTEXT('2D SPACE',''
  ) );
#7487 = PCURVE('',#7183,#7488);
#7488 = DEFINITIONAL_REPRESENTATION('',(#7489),#7493);
#7489 = LINE('',#7490,#7491);
#7490 = CARTESIAN_POINT('',(0.,-3.9));
#7491 = VECTOR('',#7492,1.);
#7492 = DIRECTION('',(1.,0.));
#7493 = ( GEOMETRIC_REPRESENTATION_CONTEXT(2) 
PARAMETRIC_REPRESENTATION_CONTEXT() REPRESENTATION_CONTEXT('2D SPACE',''
  ) );
#7494 = ORIENTED_EDGE('',*,*,#7195,.T.);
#7495 = ADVANCED_FACE('',(#7496),#7183,.F.);
#7496 = FACE_BOUND('',#7497,.F.);
#7497 = EDGE_LOOP('',(#7498,#7519,#7520,#7521));
#7498 = ORIENTED_EDGE('',*,*,#7499,.T.);
#7499 = EDGE_CURVE('',#7343,#7452,#7500,.T.);
#7500 = SURFACE_CURVE('',#7501,(#7505,#7512),.PCURVE_S1.);
#7501 = LINE('',#7502,#7503);
#7502 = CARTESIAN_POINT('',(-2.55,-4.416729559301,0.));
#7503 = VECTOR('',#7504,1.);
#7504 = DIRECTION('',(0.,0.,1.));
#7505 = PCURVE('',#7183,#7506);
#7506 = DEFINITIONAL_REPRESENTATION('',(#7507),#7511);
#7507 = LINE('',#7508,#7509);
#7508 = CARTESIAN_POINT('',(0.,0.));
#7509 = VECTOR('',#7510,1.);
#7510 = DIRECTION('',(0.,-1.));
#7511 = ( GEOMETRIC_REPRESENTATION_CONTEXT(2) 
PARAMETRIC_REPRESENTATION_CONTEXT() REPRESENTATION_CONTEXT('2D SPACE',''
  ) );
#7512 = PCURVE('',#7358,#7513);
#7513 = DEFINITIONAL_REPRESENTATION('',(#7514),#7518);
#7514 = LINE('',#7515,#7516);
#7515 = CARTESIAN_POINT('',(5.1,0.));
#7516 = VECTOR('',#7517,1.);
#7517 = DIRECTION('',(0.,-1.));
#7518 = ( GEOMETRIC_REPRESENTATION_CONTEXT(2) 
PARAMETRIC_REPRESENTATION_CONTEXT() REPRESENTATION_CONTEXT('2D SPACE',''
  ) );
#7519 = ORIENTED_EDGE('',*,*,#7474,.T.);
#7520 = ORIENTED_EDGE('',*,*,#7165,.F.);
#7521 = ORIENTED_EDGE('',*,*,#7370,.F.);
#7522 = ADVANCED_FACE('',(#7523),#7281,.F.);
#7523 = FACE_BOUND('',#7524,.F.);
#7524 = EDGE_LOOP('',(#7525,#7526,#7527,#7548));
#7525 = ORIENTED_EDGE('',*,*,#7265,.T.);
#7526 = ORIENTED_EDGE('',*,*,#7428,.T.);
#7527 = ORIENTED_EDGE('',*,*,#7528,.F.);
#7528 = EDGE_CURVE('',#7320,#7429,#7529,.T.);
#7529 = SURFACE_CURVE('',#7530,(#7534,#7541),.PCURVE_S1.);
#7530 = LINE('',#7531,#7532);
#7531 = CARTESIAN_POINT('',(-5.1,6.245698675652E-16,0.));
#7532 = VECTOR('',#7533,1.);
#7533 = DIRECTION('',(0.,0.,1.));
#7534 = PCURVE('',#7281,#7535);
#7535 = DEFINITIONAL_REPRESENTATION('',(#7536),#7540);
#7536 = LINE('',#7537,#7538);
#7537 = CARTESIAN_POINT('',(5.1,0.));
#7538 = VECTOR('',#7539,1.);
#7539 = DIRECTION('',(0.,-1.));
#7540 = ( GEOMETRIC_REPRESENTATION_CONTEXT(2) 
PARAMETRIC_REPRESENTATION_CONTEXT() REPRESENTATION_CONTEXT('2D SPACE',''
  ) );
#7541 = PCURVE('',#7358,#7542);
#7542 = DEFINITIONAL_REPRESENTATION('',(#7543),#7547);
#7543 = LINE('',#7544,#7545);
#7544 = CARTESIAN_POINT('',(0.,0.));
#7545 = VECTOR('',#7546,1.);
#7546 = DIRECTION('',(0.,-1.));
#7547 = ( GEOMETRIC_REPRESENTATION_CONTEXT(2) 
PARAMETRIC_REPRESENTATION_CONTEXT() REPRESENTATION_CONTEXT('2D SPACE',''
  ) );
#7548 = ORIENTED_EDGE('',*,*,#7319,.F.);
#7549 = ADVANCED_FACE('',(#7550),#7358,.F.);
#7550 = FACE_BOUND('',#7551,.F.);
#7551 = EDGE_LOOP('',(#7552,#7553,#7554,#7555));
#7552 = ORIENTED_EDGE('',*,*,#7528,.T.);
#7553 = ORIENTED_EDGE('',*,*,#7451,.T.);
#7554 = ORIENTED_EDGE('',*,*,#7499,.F.);
#7555 = ORIENTED_EDGE('',*,*,#7342,.F.);
#7556 = ADVANCED_FACE('',(#7557),#7411,.T.);
#7557 = FACE_BOUND('',#7558,.T.);
#7558 = EDGE_LOOP('',(#7559,#7582,#7609,#7610));
#7559 = ORIENTED_EDGE('',*,*,#7560,.T.);
#7560 = EDGE_CURVE('',#7395,#7561,#7563,.T.);
#7561 = VERTEX_POINT('',#7562);
#7562 = CARTESIAN_POINT('',(3.,0.,-19.28));
#7563 = SEAM_CURVE('',#7564,(#7568,#7575),.PCURVE_S1.);
#7564 = LINE('',#7565,#7566);
#7565 = CARTESIAN_POINT('',(3.,0.,0.));
#7566 = VECTOR('',#7567,1.);
#7567 = DIRECTION('',(-0.,-0.,-1.));
#7568 = PCURVE('',#7411,#7569);
#7569 = DEFINITIONAL_REPRESENTATION('',(#7570),#7574);
#7570 = LINE('',#7571,#7572);
#7571 = CARTESIAN_POINT('',(0.,0.));
#7572 = VECTOR('',#7573,1.);
#7573 = DIRECTION('',(0.,-1.));
#7574 = ( GEOMETRIC_REPRESENTATION_CONTEXT(2) 
PARAMETRIC_REPRESENTATION_CONTEXT() REPRESENTATION_CONTEXT('2D SPACE',''
  ) );
#7575 = PCURVE('',#7411,#7576);
#7576 = DEFINITIONAL_REPRESENTATION('',(#7577),#7581);
#7577 = LINE('',#7578,#7579);
#7578 = CARTESIAN_POINT('',(6.28318530718,0.));
#7579 = VECTOR('',#7580,1.);
#7580 = DIRECTION('',(0.,-1.));
#7581 = ( GEOMETRIC_REPRESENTATION_CONTEXT(2) 
PARAMETRIC_REPRESENTATION_CONTEXT() REPRESENTATION_CONTEXT('2D SPACE',''
  ) );
#7582 = ORIENTED_EDGE('',*,*,#7583,.T.);
#7583 = EDGE_CURVE('',#7561,#7561,#7584,.T.);
#7584 = SURFACE_CURVE('',#7585,(#7590,#7597),.PCURVE_S1.);
#7585 = CIRCLE('',#7586,3.);
#7586 = AXIS2_PLACEMENT_3D('',#7587,#7588,#7589);
#7587 = CARTESIAN_POINT('',(0.,0.,-19.28));
#7588 = DIRECTION('',(0.,0.,1.));
#7589 = DIRECTION('',(1.,0.,-0.));
#7590 = PCURVE('',#7411,#7591);
#7591 = DEFINITIONAL_REPRESENTATION('',(#7592),#7596);
#7592 = LINE('',#7593,#7594);
#7593 = CARTESIAN_POINT('',(0.,-19.28));
#7594 = VECTOR('',#7595,1.);
#7595 = DIRECTION('',(1.,0.));
#7596 = ( GEOMETRIC_REPRESENTATION_CONTEXT(2) 
PARAMETRIC_REPRESENTATION_CONTEXT() REPRESENTATION_CONTEXT('2D SPACE',''
  ) );
#7597 = PCURVE('',#7598,#7603);
#7598 = CONICAL_SURFACE('',#7599,3.,0.785398163397);
#7599 = AXIS2_PLACEMENT_3D('',#7600,#7601,#7602);
#7600 = CARTESIAN_POINT('',(0.,0.,-19.28));
#7601 = DIRECTION('',(0.,0.,1.));
#7602 = DIRECTION('',(1.,0.,-0.));
#7603 = DEFINITIONAL_REPRESENTATION('',(#7604),#7608);
#7604 = LINE('',#7605,#7606);
#7605 = CARTESIAN_POINT('',(0.,-0.));
#7606 = VECTOR('',#7607,1.);
#7607 = DIRECTION('',(1.,-0.));
#7608 = ( GEOMETRIC_REPRESENTATION_CONTEXT(2) 
PARAMETRIC_REPRESENTATION_CONTEXT() REPRESENTATION_CONTEXT('2D SPACE',''
  ) );
#7609 = ORIENTED_EDGE('',*,*,#7560,.F.);
#7610 = ORIENTED_EDGE('',*,*,#7394,.F.);
#7611 = ADVANCED_FACE('',(#7612),#7598,.T.);
#7612 = FACE_BOUND('',#7613,.F.);
#7613 = EDGE_LOOP('',(#7614,#7635,#7636,#7637));
#7614 = ORIENTED_EDGE('',*,*,#7615,.F.);
#7615 = EDGE_CURVE('',#7561,#7616,#7618,.T.);
#7616 = VERTEX_POINT('',#7617);
#7617 = CARTESIAN_POINT('',(2.28,0.,-20.));
#7618 = SEAM_CURVE('',#7619,(#7623,#7629),.PCURVE_S1.);
#7619 = LINE('',#7620,#7621);
#7620 = CARTESIAN_POINT('',(3.,0.,-19.28));
#7621 = VECTOR('',#7622,1.);
#7622 = DIRECTION('',(-0.707106781187,-0.,-0.707106781187));
#7623 = PCURVE('',#7598,#7624);
#7624 = DEFINITIONAL_REPRESENTATION('',(#7625),#7628);
#7625 = B_SPLINE_CURVE_WITH_KNOTS('',1,(#7626,#7627),.UNSPECIFIED.,.F.,
  .F.,(2,2),(0.,1.018233764909),.PIECEWISE_BEZIER_KNOTS.);
#7626 = CARTESIAN_POINT('',(0.,0.));
#7627 = CARTESIAN_POINT('',(0.,-0.72));
#7628 = ( GEOMETRIC_REPRESENTATION_CONTEXT(2) 
PARAMETRIC_REPRESENTATION_CONTEXT() REPRESENTATION_CONTEXT('2D SPACE',''
  ) );
#7629 = PCURVE('',#7598,#7630);
#7630 = DEFINITIONAL_REPRESENTATION('',(#7631),#7634);
#7631 = B_SPLINE_CURVE_WITH_KNOTS('',1,(#7632,#7633),.UNSPECIFIED.,.F.,
  .F.,(2,2),(0.,1.018233764909),.PIECEWISE_BEZIER_KNOTS.);
#7632 = CARTESIAN_POINT('',(6.28318530718,0.));
#7633 = CARTESIAN_POINT('',(6.28318530718,-0.72));
#7634 = ( GEOMETRIC_REPRESENTATION_CONTEXT(2) 
PARAMETRIC_REPRESENTATION_CONTEXT() REPRESENTATION_CONTEXT('2D SPACE',''
  ) );
#7635 = ORIENTED_EDGE('',*,*,#7583,.T.);
#7636 = ORIENTED_EDGE('',*,*,#7615,.T.);
#7637 = ORIENTED_EDGE('',*,*,#7638,.F.);
#7638 = EDGE_CURVE('',#7616,#7616,#7639,.T.);
#7639 = SURFACE_CURVE('',#7640,(#7645,#7652),.PCURVE_S1.);
#7640 = CIRCLE('',#7641,2.28);
#7641 = AXIS2_PLACEMENT_3D('',#7642,#7643,#7644);
#7642 = CARTESIAN_POINT('',(0.,0.,-20.));
#7643 = DIRECTION('',(0.,0.,1.));
#7644 = DIRECTION('',(1.,0.,-0.));
#7645 = PCURVE('',#7598,#7646);
#7646 = DEFINITIONAL_REPRESENTATION('',(#7647),#7651);
#7647 = LINE('',#7648,#7649);
#7648 = CARTESIAN_POINT('',(0.,-0.72));
#7649 = VECTOR('',#7650,1.);
#7650 = DIRECTION('',(1.,-0.));
#7651 = ( GEOMETRIC_REPRESENTATION_CONTEXT(2) 
PARAMETRIC_REPRESENTATION_CONTEXT() REPRESENTATION_CONTEXT('2D SPACE',''
  ) );
#7652 = PCURVE('',#7653,#7658);
#7653 = PLANE('',#7654);
#7654 = AXIS2_PLACEMENT_3D('',#7655,#7656,#7657);
#7655 = CARTESIAN_POINT('',(-1.709300165674E-16,-8.51133553645E-18,-20.)
  );
#7656 = DIRECTION('',(0.,0.,1.));
#7657 = DIRECTION('',(1.,0.,-0.));
#7658 = DEFINITIONAL_REPRESENTATION('',(#7659),#7663);
#7659 = CIRCLE('',#7660,2.28);
#7660 = AXIS2_PLACEMENT_2D('',#7661,#7662);
#7661 = CARTESIAN_POINT('',(1.709300165674E-16,8.51133553645E-18));
#7662 = DIRECTION('',(1.,0.));
#7663 = ( GEOMETRIC_REPRESENTATION_CONTEXT(2) 
PARAMETRIC_REPRESENTATION_CONTEXT() REPRESENTATION_CONTEXT('2D SPACE',''
  ) );
#7664 = ADVANCED_FACE('',(#7665),#7653,.F.);
#7665 = FACE_BOUND('',#7666,.F.);
#7666 = EDGE_LOOP('',(#7667));
#7667 = ORIENTED_EDGE('',*,*,#7638,.T.);
#7668 = ( GEOMETRIC_REPRESENTATION_CONTEXT(3) 
GLOBAL_UNCERTAINTY_ASSIGNED_CONTEXT((#7672)) 
GLOBAL_UNIT_ASSIGNED_CONTEXT((#7669,#7670,#7671)) REPRESENTATION_CONTEXT
('Context #1','3D Context with UNIT and UNCERTAINTY') );
#7669 = ( LENGTH_UNIT() NAMED_UNIT(*) SI_UNIT(.MILLI.,.METRE.) );
#7670 = ( NAMED_UNIT(*) PLANE_ANGLE_UNIT() SI_UNIT($,.RADIAN.) );
#7671 = ( NAMED_UNIT(*) SI_UNIT($,.STERADIAN.) SOLID_ANGLE_UNIT() );
#7672 = UNCERTAINTY_MEASURE_WITH_UNIT(LENGTH_MEASURE(1.E-07),#7669,
  'distance_accuracy_value','confusion accuracy');
#7673 = CONTEXT_DEPENDENT_SHAPE_REPRESENTATION(#7674,#7676);
#7674 = ( REPRESENTATION_RELATIONSHIP('','',#7038,#2332) 
REPRESENTATION_RELATIONSHIP_WITH_TRANSFORMATION(#7675) 
SHAPE_REPRESENTATION_RELATIONSHIP() );
#7675 = ITEM_DEFINED_TRANSFORMATION('','',#11,#2357);
#7676 = PRODUCT_DEFINITION_SHAPE('Placement','Placement of an item',
  #7677);
#7677 = NEXT_ASSEMBLY_USAGE_OCCURRENCE('15','','',#2327,#7033,$);
#7678 = PRODUCT_RELATED_PRODUCT_CATEGORY('part',$,(#7035));
#7679 = SHAPE_DEFINITION_REPRESENTATION(#7680,#7686);
#7680 = PRODUCT_DEFINITION_SHAPE('','',#7681);
#7681 = PRODUCT_DEFINITION('design','',#7682,#7685);
#7682 = PRODUCT_DEFINITION_FORMATION('','',#7683);
#7683 = PRODUCT('Open CASCADE STEP translator 7.9 12.3',
  'Open CASCADE STEP translator 7.9 12.3','',(#7684));
#7684 = PRODUCT_CONTEXT('',#2,'mechanical');
#7685 = PRODUCT_DEFINITION_CONTEXT('part definition',#2,'design');
#7686 = SHAPE_REPRESENTATION('',(#11,#7687),#7691);
#7687 = AXIS2_PLACEMENT_3D('',#7688,#7689,#7690);
#7688 = CARTESIAN_POINT('',(0.,0.,0.));
#7689 = DIRECTION('',(0.,0.,1.));
#7690 = DIRECTION('',(1.,0.,-0.));
#7691 = ( GEOMETRIC_REPRESENTATION_CONTEXT(3) 
GLOBAL_UNCERTAINTY_ASSIGNED_CONTEXT((#7695)) 
GLOBAL_UNIT_ASSIGNED_CONTEXT((#7692,#7693,#7694)) REPRESENTATION_CONTEXT
('Context #1','3D Context with UNIT and UNCERTAINTY') );
#7692 = ( LENGTH_UNIT() NAMED_UNIT(*) SI_UNIT(.MILLI.,.METRE.) );
#7693 = ( NAMED_UNIT(*) PLANE_ANGLE_UNIT() SI_UNIT($,.RADIAN.) );
#7694 = ( NAMED_UNIT(*) SI_UNIT($,.STERADIAN.) SOLID_ANGLE_UNIT() );
#7695 = UNCERTAINTY_MEASURE_WITH_UNIT(LENGTH_MEASURE(1.E-05),#7692,
  'distance_accuracy_value','confusion accuracy');
#7696 = CONTEXT_DEPENDENT_SHAPE_REPRESENTATION(#7697,#7699);
#7697 = ( REPRESENTATION_RELATIONSHIP('','',#7686,#10) 
REPRESENTATION_RELATIONSHIP_WITH_TRANSFORMATION(#7698) 
SHAPE_REPRESENTATION_RELATIONSHIP() );
#7698 = ITEM_DEFINED_TRANSFORMATION('','',#11,#23);
#7699 = PRODUCT_DEFINITION_SHAPE('Placement','Placement of an item',
  #7700);
#7700 = NEXT_ASSEMBLY_USAGE_OCCURRENCE('19','','',#5,#7681,$);
#7701 = PRODUCT_RELATED_PRODUCT_CATEGORY('part',$,(#7683));
#7702 = CONTEXT_DEPENDENT_SHAPE_REPRESENTATION(#7703,#7705);
#7703 = ( REPRESENTATION_RELATIONSHIP('','',#2332,#7686) 
REPRESENTATION_RELATIONSHIP_WITH_TRANSFORMATION(#7704) 
SHAPE_REPRESENTATION_RELATIONSHIP() );
#7704 = ITEM_DEFINED_TRANSFORMATION('','',#11,#7687);
#7705 = PRODUCT_DEFINITION_SHAPE('Placement','Placement of an item',
  #7706);
#7706 = NEXT_ASSEMBLY_USAGE_OCCURRENCE('18','','',#7681,#2327,$);
#7707 = SHAPE_DEFINITION_REPRESENTATION(#7708,#7714);
#7708 = PRODUCT_DEFINITION_SHAPE('','',#7709);
#7709 = PRODUCT_DEFINITION('design','',#7710,#7713);
#7710 = PRODUCT_DEFINITION_FORMATION('','',#7711);
#7711 = PRODUCT('Open CASCADE STEP translator 7.9 12.4',
  'Open CASCADE STEP translator 7.9 12.4','',(#7712));
#7712 = PRODUCT_CONTEXT('',#2,'mechanical');
#7713 = PRODUCT_DEFINITION_CONTEXT('part definition',#2,'design');
#7714 = ADVANCED_BREP_SHAPE_REPRESENTATION('',(#11,#7715),#8247);
#7715 = MANIFOLD_SOLID_BREP('',#7716);
#7716 = CLOSED_SHELL('',(#7717,#7925,#7978,#8031,#8107,#8156,#8205,#8232
    ,#8236,#8240));
#7717 = ADVANCED_FACE('',(#7718,#7805),#7731,.T.);
#7718 = FACE_BOUND('',#7719,.F.);
#7719 = EDGE_LOOP('',(#7720,#7754,#7777,#7804));
#7720 = ORIENTED_EDGE('',*,*,#7721,.F.);
#7721 = EDGE_CURVE('',#7722,#7722,#7724,.T.);
#7722 = VERTEX_POINT('',#7723);
#7723 = CARTESIAN_POINT('',(14.95,0.,1.5));
#7724 = SURFACE_CURVE('',#7725,(#7730,#7742),.PCURVE_S1.);
#7725 = CIRCLE('',#7726,14.95);
#7726 = AXIS2_PLACEMENT_3D('',#7727,#7728,#7729);
#7727 = CARTESIAN_POINT('',(0.,0.,1.5));
#7728 = DIRECTION('',(0.,0.,1.));
#7729 = DIRECTION('',(1.,0.,-0.));
#7730 = PCURVE('',#7731,#7736);
#7731 = CYLINDRICAL_SURFACE('',#7732,14.95);
#7732 = AXIS2_PLACEMENT_3D('',#7733,#7734,#7735);
#7733 = CARTESIAN_POINT('',(0.,0.,0.));
#7734 = DIRECTION('',(-0.,-0.,-1.));
#7735 = DIRECTION('',(1.,0.,0.));
#7736 = DEFINITIONAL_REPRESENTATION('',(#7737),#7741);
#7737 = LINE('',#7738,#7739);
#7738 = CARTESIAN_POINT('',(-0.,-1.5));
#7739 = VECTOR('',#7740,1.);
#7740 = DIRECTION('',(-1.,0.));
#7741 = ( GEOMETRIC_REPRESENTATION_CONTEXT(2) 
PARAMETRIC_REPRESENTATION_CONTEXT() REPRESENTATION_CONTEXT('2D SPACE',''
  ) );
#7742 = PCURVE('',#7743,#7748);
#7743 = CONICAL_SURFACE('',#7744,14.95,0.785398163397);
#7744 = AXIS2_PLACEMENT_3D('',#7745,#7746,#7747);
#7745 = CARTESIAN_POINT('',(0.,0.,1.5));
#7746 = DIRECTION('',(0.,0.,1.));
#7747 = DIRECTION('',(1.,0.,-0.));
#7748 = DEFINITIONAL_REPRESENTATION('',(#7749),#7753);
#7749 = LINE('',#7750,#7751);
#7750 = CARTESIAN_POINT('',(0.,-0.));
#7751 = VECTOR('',#7752,1.);
#7752 = DIRECTION('',(1.,-0.));
#7753 = ( GEOMETRIC_REPRESENTATION_CONTEXT(2) 
PARAMETRIC_REPRESENTATION_CONTEXT() REPRESENTATION_CONTEXT('2D SPACE',''
  ) );
#7754 = ORIENTED_EDGE('',*,*,#7755,.T.);
#7755 = EDGE_CURVE('',#7722,#7756,#7758,.T.);
#7756 = VERTEX_POINT('',#7757);
#7757 = CARTESIAN_POINT('',(14.95,0.,258.5));
#7758 = SEAM_CURVE('',#7759,(#7763,#7770),.PCURVE_S1.);
#7759 = LINE('',#7760,#7761);
#7760 = CARTESIAN_POINT('',(14.95,0.,0.));
#7761 = VECTOR('',#7762,1.);
#7762 = DIRECTION('',(0.,0.,1.));
#7763 = PCURVE('',#7731,#7764);
#7764 = DEFINITIONAL_REPRESENTATION('',(#7765),#7769);
#7765 = LINE('',#7766,#7767);
#7766 = CARTESIAN_POINT('',(-6.28318530718,0.));
#7767 = VECTOR('',#7768,1.);
#7768 = DIRECTION('',(-0.,-1.));
#7769 = ( GEOMETRIC_REPRESENTATION_CONTEXT(2) 
PARAMETRIC_REPRESENTATION_CONTEXT() REPRESENTATION_CONTEXT('2D SPACE',''
  ) );
#7770 = PCURVE('',#7731,#7771);
#7771 = DEFINITIONAL_REPRESENTATION('',(#7772),#7776);
#7772 = LINE('',#7773,#7774);
#7773 = CARTESIAN_POINT('',(-0.,0.));
#7774 = VECTOR('',#7775,1.);
#7775 = DIRECTION('',(-0.,-1.));
#7776 = ( GEOMETRIC_REPRESENTATION_CONTEXT(2) 
PARAMETRIC_REPRESENTATION_CONTEXT() REPRESENTATION_CONTEXT('2D SPACE',''
  ) );
#7777 = ORIENTED_EDGE('',*,*,#7778,.T.);
#7778 = EDGE_CURVE('',#7756,#7756,#7779,.T.);
#7779 = SURFACE_CURVE('',#7780,(#7785,#7792),.PCURVE_S1.);
#7780 = CIRCLE('',#7781,14.95);
#7781 = AXIS2_PLACEMENT_3D('',#7782,#7783,#7784);
#7782 = CARTESIAN_POINT('',(0.,0.,258.5));
#7783 = DIRECTION('',(0.,0.,1.));
#7784 = DIRECTION('',(1.,0.,-0.));
#7785 = PCURVE('',#7731,#7786);
#7786 = DEFINITIONAL_REPRESENTATION('',(#7787),#7791);
#7787 = LINE('',#7788,#7789);
#7788 = CARTESIAN_POINT('',(-0.,-258.5));
#7789 = VECTOR('',#7790,1.);
#7790 = DIRECTION('',(-1.,0.));
#7791 = ( GEOMETRIC_REPRESENTATION_CONTEXT(2) 
PARAMETRIC_REPRESENTATION_CONTEXT() REPRESENTATION_CONTEXT('2D SPACE',''
  ) );
#7792 = PCURVE('',#7793,#7798);
#7793 = CONICAL_SURFACE('',#7794,14.95,0.785398163397);
#7794 = AXIS2_PLACEMENT_3D('',#7795,#7796,#7797);
#7795 = CARTESIAN_POINT('',(0.,0.,258.5));
#7796 = DIRECTION('',(-0.,-0.,-1.));
#7797 = DIRECTION('',(1.,0.,0.));
#7798 = DEFINITIONAL_REPRESENTATION('',(#7799),#7803);
#7799 = LINE('',#7800,#7801);
#7800 = CARTESIAN_POINT('',(-0.,-0.));
#7801 = VECTOR('',#7802,1.);
#7802 = DIRECTION('',(-1.,-0.));
#7803 = ( GEOMETRIC_REPRESENTATION_CONTEXT(2) 
PARAMETRIC_REPRESENTATION_CONTEXT() REPRESENTATION_CONTEXT('2D SPACE',''
  ) );
#7804 = ORIENTED_EDGE('',*,*,#7755,.F.);
#7805 = FACE_BOUND('',#7806,.F.);
#7806 = EDGE_LOOP('',(#7807,#7835,#7868,#7894));
#7807 = ORIENTED_EDGE('',*,*,#7808,.F.);
#7808 = EDGE_CURVE('',#7809,#7811,#7813,.T.);
#7809 = VERTEX_POINT('',#7810);
#7810 = CARTESIAN_POINT('',(-3.,14.645903864221,247.5));
#7811 = VERTEX_POINT('',#7812);
#7812 = CARTESIAN_POINT('',(-3.,14.645903864221,202.5));
#7813 = SURFACE_CURVE('',#7814,(#7818,#7824),.PCURVE_S1.);
#7814 = LINE('',#7815,#7816);
#7815 = CARTESIAN_POINT('',(-3.,14.645903864221,0.));
#7816 = VECTOR('',#7817,1.);
#7817 = DIRECTION('',(-0.,-0.,-1.));
#7818 = PCURVE('',#7731,#7819);
#7819 = DEFINITIONAL_REPRESENTATION('',(#7820),#7823);
#7820 = B_SPLINE_CURVE_WITH_KNOTS('',1,(#7821,#7822),.UNSPECIFIED.,.F.,
  .F.,(2,2),(-252.,-198.),.PIECEWISE_BEZIER_KNOTS.);
#7821 = CARTESIAN_POINT('',(-1.772836984661,-252.));
#7822 = CARTESIAN_POINT('',(-1.772836984661,-198.));
#7823 = ( GEOMETRIC_REPRESENTATION_CONTEXT(2) 
PARAMETRIC_REPRESENTATION_CONTEXT() REPRESENTATION_CONTEXT('2D SPACE',''
  ) );
#7824 = PCURVE('',#7825,#7830);
#7825 = PLANE('',#7826);
#7826 = AXIS2_PLACEMENT_3D('',#7827,#7828,#7829);
#7827 = CARTESIAN_POINT('',(-3.,8.,202.5));
#7828 = DIRECTION('',(1.,0.,0.));
#7829 = DIRECTION('',(0.,0.,1.));
#7830 = DEFINITIONAL_REPRESENTATION('',(#7831),#7834);
#7831 = B_SPLINE_CURVE_WITH_KNOTS('',1,(#7832,#7833),.UNSPECIFIED.,.F.,
  .F.,(2,2),(-252.,-198.),.PIECEWISE_BEZIER_KNOTS.);
#7832 = CARTESIAN_POINT('',(49.5,-6.645903864221));
#7833 = CARTESIAN_POINT('',(-4.5,-6.645903864221));
#7834 = ( GEOMETRIC_REPRESENTATION_CONTEXT(2) 
PARAMETRIC_REPRESENTATION_CONTEXT() REPRESENTATION_CONTEXT('2D SPACE',''
  ) );
#7835 = ORIENTED_EDGE('',*,*,#7836,.T.);
#7836 = EDGE_CURVE('',#7809,#7837,#7839,.T.);
#7837 = VERTEX_POINT('',#7838);
#7838 = CARTESIAN_POINT('',(3.,14.645903864221,247.5));
#7839 = SURFACE_CURVE('',#7840,(#7845,#7852),.PCURVE_S1.);
#7840 = CIRCLE('',#7841,14.95);
#7841 = AXIS2_PLACEMENT_3D('',#7842,#7843,#7844);
#7842 = CARTESIAN_POINT('',(0.,0.,247.5));
#7843 = DIRECTION('',(0.,0.,-1.));
#7844 = DIRECTION('',(1.,0.,0.));
#7845 = PCURVE('',#7731,#7846);
#7846 = DEFINITIONAL_REPRESENTATION('',(#7847),#7851);
#7847 = LINE('',#7848,#7849);
#7848 = CARTESIAN_POINT('',(-6.28318530718,-247.5));
#7849 = VECTOR('',#7850,1.);
#7850 = DIRECTION('',(1.,-0.));
#7851 = ( GEOMETRIC_REPRESENTATION_CONTEXT(2) 
PARAMETRIC_REPRESENTATION_CONTEXT() REPRESENTATION_CONTEXT('2D SPACE',''
  ) );
#7852 = PCURVE('',#7853,#7858);
#7853 = PLANE('',#7854);
#7854 = AXIS2_PLACEMENT_3D('',#7855,#7856,#7857);
#7855 = CARTESIAN_POINT('',(-3.,8.,247.5));
#7856 = DIRECTION('',(0.,0.,1.));
#7857 = DIRECTION('',(1.,0.,0.));
#7858 = DEFINITIONAL_REPRESENTATION('',(#7859),#7867);
#7859 = ( BOUNDED_CURVE() B_SPLINE_CURVE(2,(#7860,#7861,#7862,#7863,
#7864,#7865,#7866),.UNSPECIFIED.,.T.,.F.) B_SPLINE_CURVE_WITH_KNOTS((1,2
    ,2,2,2,1),(-2.094395102393,0.,2.094395102393,4.188790204786,
6.28318530718,8.377580409573),.UNSPECIFIED.) CURVE() 
GEOMETRIC_REPRESENTATION_ITEM() RATIONAL_B_SPLINE_CURVE((1.,0.5,1.,0.5,
1.,0.5,1.)) REPRESENTATION_ITEM('') );
#7860 = CARTESIAN_POINT('',(17.95,-8.));
#7861 = CARTESIAN_POINT('',(17.95,-33.89415957315));
#7862 = CARTESIAN_POINT('',(-4.475,-20.94707978657));
#7863 = CARTESIAN_POINT('',(-26.9,-8.));
#7864 = CARTESIAN_POINT('',(-4.475,4.947079786577));
#7865 = CARTESIAN_POINT('',(17.95,17.894159573155));
#7866 = CARTESIAN_POINT('',(17.95,-8.));
#7867 = ( GEOMETRIC_REPRESENTATION_CONTEXT(2) 
PARAMETRIC_REPRESENTATION_CONTEXT() REPRESENTATION_CONTEXT('2D SPACE',''
  ) );
#7868 = ORIENTED_EDGE('',*,*,#7869,.T.);
#7869 = EDGE_CURVE('',#7837,#7870,#7872,.T.);
#7870 = VERTEX_POINT('',#7871);
#7871 = CARTESIAN_POINT('',(3.,14.645903864221,202.5));
#7872 = SURFACE_CURVE('',#7873,(#7877,#7883),.PCURVE_S1.);
#7873 = LINE('',#7874,#7875);
#7874 = CARTESIAN_POINT('',(3.,14.645903864221,0.));
#7875 = VECTOR('',#7876,1.);
#7876 = DIRECTION('',(-0.,-0.,-1.));
#7877 = PCURVE('',#7731,#7878);
#7878 = DEFINITIONAL_REPRESENTATION('',(#7879),#7882);
#7879 = B_SPLINE_CURVE_WITH_KNOTS('',1,(#7880,#7881),.UNSPECIFIED.,.F.,
  .F.,(2,2),(-252.,-198.),.PIECEWISE_BEZIER_KNOTS.);
#7880 = CARTESIAN_POINT('',(-1.368755668928,-252.));
#7881 = CARTESIAN_POINT('',(-1.368755668928,-198.));
#7882 = ( GEOMETRIC_REPRESENTATION_CONTEXT(2) 
PARAMETRIC_REPRESENTATION_CONTEXT() REPRESENTATION_CONTEXT('2D SPACE',''
  ) );
#7883 = PCURVE('',#7884,#7889);
#7884 = PLANE('',#7885);
#7885 = AXIS2_PLACEMENT_3D('',#7886,#7887,#7888);
#7886 = CARTESIAN_POINT('',(3.,8.,202.5));
#7887 = DIRECTION('',(1.,0.,0.));
#7888 = DIRECTION('',(0.,0.,1.));
#7889 = DEFINITIONAL_REPRESENTATION('',(#7890),#7893);
#7890 = B_SPLINE_CURVE_WITH_KNOTS('',1,(#7891,#7892),.UNSPECIFIED.,.F.,
  .F.,(2,2),(-252.,-198.),.PIECEWISE_BEZIER_KNOTS.);
#7891 = CARTESIAN_POINT('',(49.5,-6.645903864221));
#7892 = CARTESIAN_POINT('',(-4.5,-6.645903864221));
#7893 = ( GEOMETRIC_REPRESENTATION_CONTEXT(2) 
PARAMETRIC_REPRESENTATION_CONTEXT() REPRESENTATION_CONTEXT('2D SPACE',''
  ) );
#7894 = ORIENTED_EDGE('',*,*,#7895,.F.);
#7895 = EDGE_CURVE('',#7811,#7870,#7896,.T.);
#7896 = SURFACE_CURVE('',#7897,(#7902,#7909),.PCURVE_S1.);
#7897 = CIRCLE('',#7898,14.95);
#7898 = AXIS2_PLACEMENT_3D('',#7899,#7900,#7901);
#7899 = CARTESIAN_POINT('',(0.,0.,202.5));
#7900 = DIRECTION('',(0.,0.,-1.));
#7901 = DIRECTION('',(1.,0.,0.));
#7902 = PCURVE('',#7731,#7903);
#7903 = DEFINITIONAL_REPRESENTATION('',(#7904),#7908);
#7904 = LINE('',#7905,#7906);
#7905 = CARTESIAN_POINT('',(-6.28318530718,-202.5));
#7906 = VECTOR('',#7907,1.);
#7907 = DIRECTION('',(1.,-0.));
#7908 = ( GEOMETRIC_REPRESENTATION_CONTEXT(2) 
PARAMETRIC_REPRESENTATION_CONTEXT() REPRESENTATION_CONTEXT('2D SPACE',''
  ) );
#7909 = PCURVE('',#7910,#7915);
#7910 = PLANE('',#7911);
#7911 = AXIS2_PLACEMENT_3D('',#7912,#7913,#7914);
#7912 = CARTESIAN_POINT('',(-3.,8.,202.5));
#7913 = DIRECTION('',(0.,0.,1.));
#7914 = DIRECTION('',(1.,0.,0.));
#7915 = DEFINITIONAL_REPRESENTATION('',(#7916),#7924);
#7916 = ( BOUNDED_CURVE() B_SPLINE_CURVE(2,(#7917,#7918,#7919,#7920,
#7921,#7922,#7923),.UNSPECIFIED.,.T.,.F.) B_SPLINE_CURVE_WITH_KNOTS((1,2
    ,2,2,2,1),(-2.094395102393,0.,2.094395102393,4.188790204786,
6.28318530718,8.377580409573),.UNSPECIFIED.) CURVE() 
GEOMETRIC_REPRESENTATION_ITEM() RATIONAL_B_SPLINE_CURVE((1.,0.5,1.,0.5,
1.,0.5,1.)) REPRESENTATION_ITEM('') );
#7917 = CARTESIAN_POINT('',(17.95,-8.));
#7918 = CARTESIAN_POINT('',(17.95,-33.89415957315));
#7919 = CARTESIAN_POINT('',(-4.475,-20.94707978657));
#7920 = CARTESIAN_POINT('',(-26.9,-8.));
#7921 = CARTESIAN_POINT('',(-4.475,4.947079786577));
#7922 = CARTESIAN_POINT('',(17.95,17.894159573155));
#7923 = CARTESIAN_POINT('',(17.95,-8.));
#7924 = ( GEOMETRIC_REPRESENTATION_CONTEXT(2) 
PARAMETRIC_REPRESENTATION_CONTEXT() REPRESENTATION_CONTEXT('2D SPACE',''
  ) );
#7925 = ADVANCED_FACE('',(#7926),#7743,.T.);
#7926 = FACE_BOUND('',#7927,.F.);
#7927 = EDGE_LOOP('',(#7928,#7949,#7950,#7951));
#7928 = ORIENTED_EDGE('',*,*,#7929,.F.);
#7929 = EDGE_CURVE('',#7722,#7930,#7932,.T.);
#7930 = VERTEX_POINT('',#7931);
#7931 = CARTESIAN_POINT('',(13.45,0.,0.));
#7932 = SEAM_CURVE('',#7933,(#7937,#7943),.PCURVE_S1.);
#7933 = LINE('',#7934,#7935);
#7934 = CARTESIAN_POINT('',(14.95,0.,1.5));
#7935 = VECTOR('',#7936,1.);
#7936 = DIRECTION('',(-0.707106781187,-0.,-0.707106781187));
#7937 = PCURVE('',#7743,#7938);
#7938 = DEFINITIONAL_REPRESENTATION('',(#7939),#7942);
#7939 = B_SPLINE_CURVE_WITH_KNOTS('',1,(#7940,#7941),.UNSPECIFIED.,.F.,
  .F.,(2,2),(0.,2.12132034356),.PIECEWISE_BEZIER_KNOTS.);
#7940 = CARTESIAN_POINT('',(0.,0.));
#7941 = CARTESIAN_POINT('',(0.,-1.5));
#7942 = ( GEOMETRIC_REPRESENTATION_CONTEXT(2) 
PARAMETRIC_REPRESENTATION_CONTEXT() REPRESENTATION_CONTEXT('2D SPACE',''
  ) );
#7943 = PCURVE('',#7743,#7944);
#7944 = DEFINITIONAL_REPRESENTATION('',(#7945),#7948);
#7945 = B_SPLINE_CURVE_WITH_KNOTS('',1,(#7946,#7947),.UNSPECIFIED.,.F.,
  .F.,(2,2),(0.,2.12132034356),.PIECEWISE_BEZIER_KNOTS.);
#7946 = CARTESIAN_POINT('',(6.28318530718,0.));
#7947 = CARTESIAN_POINT('',(6.28318530718,-1.5));
#7948 = ( GEOMETRIC_REPRESENTATION_CONTEXT(2) 
PARAMETRIC_REPRESENTATION_CONTEXT() REPRESENTATION_CONTEXT('2D SPACE',''
  ) );
#7949 = ORIENTED_EDGE('',*,*,#7721,.T.);
#7950 = ORIENTED_EDGE('',*,*,#7929,.T.);
#7951 = ORIENTED_EDGE('',*,*,#7952,.F.);
#7952 = EDGE_CURVE('',#7930,#7930,#7953,.T.);
#7953 = SURFACE_CURVE('',#7954,(#7959,#7966),.PCURVE_S1.);
#7954 = CIRCLE('',#7955,13.45);
#7955 = AXIS2_PLACEMENT_3D('',#7956,#7957,#7958);
#7956 = CARTESIAN_POINT('',(0.,0.,0.));
#7957 = DIRECTION('',(0.,0.,1.));
#7958 = DIRECTION('',(1.,0.,-0.));
#7959 = PCURVE('',#7743,#7960);
#7960 = DEFINITIONAL_REPRESENTATION('',(#7961),#7965);
#7961 = LINE('',#7962,#7963);
#7962 = CARTESIAN_POINT('',(0.,-1.5));
#7963 = VECTOR('',#7964,1.);
#7964 = DIRECTION('',(1.,-0.));
#7965 = ( GEOMETRIC_REPRESENTATION_CONTEXT(2) 
PARAMETRIC_REPRESENTATION_CONTEXT() REPRESENTATION_CONTEXT('2D SPACE',''
  ) );
#7966 = PCURVE('',#7967,#7972);
#7967 = PLANE('',#7968);
#7968 = AXIS2_PLACEMENT_3D('',#7969,#7970,#7971);
#7969 = CARTESIAN_POINT('',(0.,8.53198756728E-16,0.));
#7970 = DIRECTION('',(0.,0.,1.));
#7971 = DIRECTION('',(1.,0.,-0.));
#7972 = DEFINITIONAL_REPRESENTATION('',(#7973),#7977);
#7973 = CIRCLE('',#7974,13.45);
#7974 = AXIS2_PLACEMENT_2D('',#7975,#7976);
#7975 = CARTESIAN_POINT('',(0.,-8.53198756728E-16));
#7976 = DIRECTION('',(1.,0.));
#7977 = ( GEOMETRIC_REPRESENTATION_CONTEXT(2) 
PARAMETRIC_REPRESENTATION_CONTEXT() REPRESENTATION_CONTEXT('2D SPACE',''
  ) );
#7978 = ADVANCED_FACE('',(#7979),#7793,.T.);
#7979 = FACE_BOUND('',#7980,.T.);
#7980 = EDGE_LOOP('',(#7981,#8002,#8003,#8004));
#7981 = ORIENTED_EDGE('',*,*,#7982,.F.);
#7982 = EDGE_CURVE('',#7756,#7983,#7985,.T.);
#7983 = VERTEX_POINT('',#7984);
#7984 = CARTESIAN_POINT('',(13.45,0.,260.));
#7985 = SEAM_CURVE('',#7986,(#7990,#7996),.PCURVE_S1.);
#7986 = LINE('',#7987,#7988);
#7987 = CARTESIAN_POINT('',(14.95,0.,258.5));
#7988 = VECTOR('',#7989,1.);
#7989 = DIRECTION('',(-0.707106781187,0.,0.707106781187));
#7990 = PCURVE('',#7793,#7991);
#7991 = DEFINITIONAL_REPRESENTATION('',(#7992),#7995);
#7992 = B_SPLINE_CURVE_WITH_KNOTS('',1,(#7993,#7994),.UNSPECIFIED.,.F.,
  .F.,(2,2),(0.,2.12132034356),.PIECEWISE_BEZIER_KNOTS.);
#7993 = CARTESIAN_POINT('',(0.,0.));
#7994 = CARTESIAN_POINT('',(0.,-1.5));
#7995 = ( GEOMETRIC_REPRESENTATION_CONTEXT(2) 
PARAMETRIC_REPRESENTATION_CONTEXT() REPRESENTATION_CONTEXT('2D SPACE',''
  ) );
#7996 = PCURVE('',#7793,#7997);
#7997 = DEFINITIONAL_REPRESENTATION('',(#7998),#8001);
#7998 = B_SPLINE_CURVE_WITH_KNOTS('',1,(#7999,#8000),.UNSPECIFIED.,.F.,
  .F.,(2,2),(0.,2.12132034356),.PIECEWISE_BEZIER_KNOTS.);
#7999 = CARTESIAN_POINT('',(-6.28318530718,0.));
#8000 = CARTESIAN_POINT('',(-6.28318530718,-1.5));
#8001 = ( GEOMETRIC_REPRESENTATION_CONTEXT(2) 
PARAMETRIC_REPRESENTATION_CONTEXT() REPRESENTATION_CONTEXT('2D SPACE',''
  ) );
#8002 = ORIENTED_EDGE('',*,*,#7778,.T.);
#8003 = ORIENTED_EDGE('',*,*,#7982,.T.);
#8004 = ORIENTED_EDGE('',*,*,#8005,.F.);
#8005 = EDGE_CURVE('',#7983,#7983,#8006,.T.);
#8006 = SURFACE_CURVE('',#8007,(#8012,#8019),.PCURVE_S1.);
#8007 = CIRCLE('',#8008,13.45);
#8008 = AXIS2_PLACEMENT_3D('',#8009,#8010,#8011);
#8009 = CARTESIAN_POINT('',(0.,0.,260.));
#8010 = DIRECTION('',(0.,0.,1.));
#8011 = DIRECTION('',(1.,0.,-0.));
#8012 = PCURVE('',#7793,#8013);
#8013 = DEFINITIONAL_REPRESENTATION('',(#8014),#8018);
#8014 = LINE('',#8015,#8016);
#8015 = CARTESIAN_POINT('',(-0.,-1.5));
#8016 = VECTOR('',#8017,1.);
#8017 = DIRECTION('',(-1.,-0.));
#8018 = ( GEOMETRIC_REPRESENTATION_CONTEXT(2) 
PARAMETRIC_REPRESENTATION_CONTEXT() REPRESENTATION_CONTEXT('2D SPACE',''
  ) );
#8019 = PCURVE('',#8020,#8025);
#8020 = PLANE('',#8021);
#8021 = AXIS2_PLACEMENT_3D('',#8022,#8023,#8024);
#8022 = CARTESIAN_POINT('',(0.,8.53198756728E-16,260.));
#8023 = DIRECTION('',(0.,0.,1.));
#8024 = DIRECTION('',(1.,0.,-0.));
#8025 = DEFINITIONAL_REPRESENTATION('',(#8026),#8030);
#8026 = CIRCLE('',#8027,13.45);
#8027 = AXIS2_PLACEMENT_2D('',#8028,#8029);
#8028 = CARTESIAN_POINT('',(0.,-8.53198756728E-16));
#8029 = DIRECTION('',(1.,0.));
#8030 = ( GEOMETRIC_REPRESENTATION_CONTEXT(2) 
PARAMETRIC_REPRESENTATION_CONTEXT() REPRESENTATION_CONTEXT('2D SPACE',''
  ) );
#8031 = ADVANCED_FACE('',(#8032),#7825,.T.);
#8032 = FACE_BOUND('',#8033,.T.);
#8033 = EDGE_LOOP('',(#8034,#8057,#8085,#8106));
#8034 = ORIENTED_EDGE('',*,*,#8035,.F.);
#8035 = EDGE_CURVE('',#8036,#7809,#8038,.T.);
#8036 = VERTEX_POINT('',#8037);
#8037 = CARTESIAN_POINT('',(-3.,8.,247.5));
#8038 = SURFACE_CURVE('',#8039,(#8043,#8050),.PCURVE_S1.);
#8039 = LINE('',#8040,#8041);
#8040 = CARTESIAN_POINT('',(-3.,8.,247.5));
#8041 = VECTOR('',#8042,1.);
#8042 = DIRECTION('',(0.,1.,0.));
#8043 = PCURVE('',#7825,#8044);
#8044 = DEFINITIONAL_REPRESENTATION('',(#8045),#8049);
#8045 = LINE('',#8046,#8047);
#8046 = CARTESIAN_POINT('',(45.,0.));
#8047 = VECTOR('',#8048,1.);
#8048 = DIRECTION('',(0.,-1.));
#8049 = ( GEOMETRIC_REPRESENTATION_CONTEXT(2) 
PARAMETRIC_REPRESENTATION_CONTEXT() REPRESENTATION_CONTEXT('2D SPACE',''
  ) );
#8050 = PCURVE('',#7853,#8051);
#8051 = DEFINITIONAL_REPRESENTATION('',(#8052),#8056);
#8052 = LINE('',#8053,#8054);
#8053 = CARTESIAN_POINT('',(0.,0.));
#8054 = VECTOR('',#8055,1.);
#8055 = DIRECTION('',(0.,1.));
#8056 = ( GEOMETRIC_REPRESENTATION_CONTEXT(2) 
PARAMETRIC_REPRESENTATION_CONTEXT() REPRESENTATION_CONTEXT('2D SPACE',''
  ) );
#8057 = ORIENTED_EDGE('',*,*,#8058,.F.);
#8058 = EDGE_CURVE('',#8059,#8036,#8061,.T.);
#8059 = VERTEX_POINT('',#8060);
#8060 = CARTESIAN_POINT('',(-3.,8.,202.5));
#8061 = SURFACE_CURVE('',#8062,(#8066,#8073),.PCURVE_S1.);
#8062 = LINE('',#8063,#8064);
#8063 = CARTESIAN_POINT('',(-3.,8.,202.5));
#8064 = VECTOR('',#8065,1.);
#8065 = DIRECTION('',(0.,0.,1.));
#8066 = PCURVE('',#7825,#8067);
#8067 = DEFINITIONAL_REPRESENTATION('',(#8068),#8072);
#8068 = LINE('',#8069,#8070);
#8069 = CARTESIAN_POINT('',(0.,0.));
#8070 = VECTOR('',#8071,1.);
#8071 = DIRECTION('',(1.,0.));
#8072 = ( GEOMETRIC_REPRESENTATION_CONTEXT(2) 
PARAMETRIC_REPRESENTATION_CONTEXT() REPRESENTATION_CONTEXT('2D SPACE',''
  ) );
#8073 = PCURVE('',#8074,#8079);
#8074 = PLANE('',#8075);
#8075 = AXIS2_PLACEMENT_3D('',#8076,#8077,#8078);
#8076 = CARTESIAN_POINT('',(-3.,8.,202.5));
#8077 = DIRECTION('',(0.,1.,0.));
#8078 = DIRECTION('',(0.,0.,1.));
#8079 = DEFINITIONAL_REPRESENTATION('',(#8080),#8084);
#8080 = LINE('',#8081,#8082);
#8081 = CARTESIAN_POINT('',(0.,0.));
#8082 = VECTOR('',#8083,1.);
#8083 = DIRECTION('',(1.,0.));
#8084 = ( GEOMETRIC_REPRESENTATION_CONTEXT(2) 
PARAMETRIC_REPRESENTATION_CONTEXT() REPRESENTATION_CONTEXT('2D SPACE',''
  ) );
#8085 = ORIENTED_EDGE('',*,*,#8086,.T.);
#8086 = EDGE_CURVE('',#8059,#7811,#8087,.T.);
#8087 = SURFACE_CURVE('',#8088,(#8092,#8099),.PCURVE_S1.);
#8088 = LINE('',#8089,#8090);
#8089 = CARTESIAN_POINT('',(-3.,8.,202.5));
#8090 = VECTOR('',#8091,1.);
#8091 = DIRECTION('',(0.,1.,0.));
#8092 = PCURVE('',#7825,#8093);
#8093 = DEFINITIONAL_REPRESENTATION('',(#8094),#8098);
#8094 = LINE('',#8095,#8096);
#8095 = CARTESIAN_POINT('',(0.,0.));
#8096 = VECTOR('',#8097,1.);
#8097 = DIRECTION('',(0.,-1.));
#8098 = ( GEOMETRIC_REPRESENTATION_CONTEXT(2) 
PARAMETRIC_REPRESENTATION_CONTEXT() REPRESENTATION_CONTEXT('2D SPACE',''
  ) );
#8099 = PCURVE('',#7910,#8100);
#8100 = DEFINITIONAL_REPRESENTATION('',(#8101),#8105);
#8101 = LINE('',#8102,#8103);
#8102 = CARTESIAN_POINT('',(0.,0.));
#8103 = VECTOR('',#8104,1.);
#8104 = DIRECTION('',(0.,1.));
#8105 = ( GEOMETRIC_REPRESENTATION_CONTEXT(2) 
PARAMETRIC_REPRESENTATION_CONTEXT() REPRESENTATION_CONTEXT('2D SPACE',''
  ) );
#8106 = ORIENTED_EDGE('',*,*,#7808,.F.);
#8107 = ADVANCED_FACE('',(#8108),#7910,.T.);
#8108 = FACE_BOUND('',#8109,.T.);
#8109 = EDGE_LOOP('',(#8110,#8111,#8134,#8155));
#8110 = ORIENTED_EDGE('',*,*,#8086,.F.);
#8111 = ORIENTED_EDGE('',*,*,#8112,.T.);
#8112 = EDGE_CURVE('',#8059,#8113,#8115,.T.);
#8113 = VERTEX_POINT('',#8114);
#8114 = CARTESIAN_POINT('',(3.,8.,202.5));
#8115 = SURFACE_CURVE('',#8116,(#8120,#8127),.PCURVE_S1.);
#8116 = LINE('',#8117,#8118);
#8117 = CARTESIAN_POINT('',(-3.,8.,202.5));
#8118 = VECTOR('',#8119,1.);
#8119 = DIRECTION('',(1.,0.,0.));
#8120 = PCURVE('',#7910,#8121);
#8121 = DEFINITIONAL_REPRESENTATION('',(#8122),#8126);
#8122 = LINE('',#8123,#8124);
#8123 = CARTESIAN_POINT('',(0.,0.));
#8124 = VECTOR('',#8125,1.);
#8125 = DIRECTION('',(1.,0.));
#8126 = ( GEOMETRIC_REPRESENTATION_CONTEXT(2) 
PARAMETRIC_REPRESENTATION_CONTEXT() REPRESENTATION_CONTEXT('2D SPACE',''
  ) );
#8127 = PCURVE('',#8074,#8128);
#8128 = DEFINITIONAL_REPRESENTATION('',(#8129),#8133);
#8129 = LINE('',#8130,#8131);
#8130 = CARTESIAN_POINT('',(0.,0.));
#8131 = VECTOR('',#8132,1.);
#8132 = DIRECTION('',(0.,1.));
#8133 = ( GEOMETRIC_REPRESENTATION_CONTEXT(2) 
PARAMETRIC_REPRESENTATION_CONTEXT() REPRESENTATION_CONTEXT('2D SPACE',''
  ) );
#8134 = ORIENTED_EDGE('',*,*,#8135,.T.);
#8135 = EDGE_CURVE('',#8113,#7870,#8136,.T.);
#8136 = SURFACE_CURVE('',#8137,(#8141,#8148),.PCURVE_S1.);
#8137 = LINE('',#8138,#8139);
#8138 = CARTESIAN_POINT('',(3.,8.,202.5));
#8139 = VECTOR('',#8140,1.);
#8140 = DIRECTION('',(0.,1.,0.));
#8141 = PCURVE('',#7910,#8142);
#8142 = DEFINITIONAL_REPRESENTATION('',(#8143),#8147);
#8143 = LINE('',#8144,#8145);
#8144 = CARTESIAN_POINT('',(6.,0.));
#8145 = VECTOR('',#8146,1.);
#8146 = DIRECTION('',(0.,1.));
#8147 = ( GEOMETRIC_REPRESENTATION_CONTEXT(2) 
PARAMETRIC_REPRESENTATION_CONTEXT() REPRESENTATION_CONTEXT('2D SPACE',''
  ) );
#8148 = PCURVE('',#7884,#8149);
#8149 = DEFINITIONAL_REPRESENTATION('',(#8150),#8154);
#8150 = LINE('',#8151,#8152);
#8151 = CARTESIAN_POINT('',(0.,0.));
#8152 = VECTOR('',#8153,1.);
#8153 = DIRECTION('',(0.,-1.));
#8154 = ( GEOMETRIC_REPRESENTATION_CONTEXT(2) 
PARAMETRIC_REPRESENTATION_CONTEXT() REPRESENTATION_CONTEXT('2D SPACE',''
  ) );
#8155 = ORIENTED_EDGE('',*,*,#7895,.F.);
#8156 = ADVANCED_FACE('',(#8157),#7884,.F.);
#8157 = FACE_BOUND('',#8158,.F.);
#8158 = EDGE_LOOP('',(#8159,#8182,#8203,#8204));
#8159 = ORIENTED_EDGE('',*,*,#8160,.F.);
#8160 = EDGE_CURVE('',#8161,#7837,#8163,.T.);
#8161 = VERTEX_POINT('',#8162);
#8162 = CARTESIAN_POINT('',(3.,8.,247.5));
#8163 = SURFACE_CURVE('',#8164,(#8168,#8175),.PCURVE_S1.);
#8164 = LINE('',#8165,#8166);
#8165 = CARTESIAN_POINT('',(3.,8.,247.5));
#8166 = VECTOR('',#8167,1.);
#8167 = DIRECTION('',(0.,1.,0.));
#8168 = PCURVE('',#7884,#8169);
#8169 = DEFINITIONAL_REPRESENTATION('',(#8170),#8174);
#8170 = LINE('',#8171,#8172);
#8171 = CARTESIAN_POINT('',(45.,0.));
#8172 = VECTOR('',#8173,1.);
#8173 = DIRECTION('',(0.,-1.));
#8174 = ( GEOMETRIC_REPRESENTATION_CONTEXT(2) 
PARAMETRIC_REPRESENTATION_CONTEXT() REPRESENTATION_CONTEXT('2D SPACE',''
  ) );
#8175 = PCURVE('',#7853,#8176);
#8176 = DEFINITIONAL_REPRESENTATION('',(#8177),#8181);
#8177 = LINE('',#8178,#8179);
#8178 = CARTESIAN_POINT('',(6.,0.));
#8179 = VECTOR('',#8180,1.);
#8180 = DIRECTION('',(0.,1.));
#8181 = ( GEOMETRIC_REPRESENTATION_CONTEXT(2) 
PARAMETRIC_REPRESENTATION_CONTEXT() REPRESENTATION_CONTEXT('2D SPACE',''
  ) );
#8182 = ORIENTED_EDGE('',*,*,#8183,.F.);
#8183 = EDGE_CURVE('',#8113,#8161,#8184,.T.);
#8184 = SURFACE_CURVE('',#8185,(#8189,#8196),.PCURVE_S1.);
#8185 = LINE('',#8186,#8187);
#8186 = CARTESIAN_POINT('',(3.,8.,202.5));
#8187 = VECTOR('',#8188,1.);
#8188 = DIRECTION('',(0.,0.,1.));
#8189 = PCURVE('',#7884,#8190);
#8190 = DEFINITIONAL_REPRESENTATION('',(#8191),#8195);
#8191 = LINE('',#8192,#8193);
#8192 = CARTESIAN_POINT('',(0.,0.));
#8193 = VECTOR('',#8194,1.);
#8194 = DIRECTION('',(1.,0.));
#8195 = ( GEOMETRIC_REPRESENTATION_CONTEXT(2) 
PARAMETRIC_REPRESENTATION_CONTEXT() REPRESENTATION_CONTEXT('2D SPACE',''
  ) );
#8196 = PCURVE('',#8074,#8197);
#8197 = DEFINITIONAL_REPRESENTATION('',(#8198),#8202);
#8198 = LINE('',#8199,#8200);
#8199 = CARTESIAN_POINT('',(0.,6.));
#8200 = VECTOR('',#8201,1.);
#8201 = DIRECTION('',(1.,0.));
#8202 = ( GEOMETRIC_REPRESENTATION_CONTEXT(2) 
PARAMETRIC_REPRESENTATION_CONTEXT() REPRESENTATION_CONTEXT('2D SPACE',''
  ) );
#8203 = ORIENTED_EDGE('',*,*,#8135,.T.);
#8204 = ORIENTED_EDGE('',*,*,#7869,.F.);
#8205 = ADVANCED_FACE('',(#8206),#7853,.F.);
#8206 = FACE_BOUND('',#8207,.F.);
#8207 = EDGE_LOOP('',(#8208,#8209,#8230,#8231));
#8208 = ORIENTED_EDGE('',*,*,#8035,.F.);
#8209 = ORIENTED_EDGE('',*,*,#8210,.T.);
#8210 = EDGE_CURVE('',#8036,#8161,#8211,.T.);
#8211 = SURFACE_CURVE('',#8212,(#8216,#8223),.PCURVE_S1.);
#8212 = LINE('',#8213,#8214);
#8213 = CARTESIAN_POINT('',(-3.,8.,247.5));
#8214 = VECTOR('',#8215,1.);
#8215 = DIRECTION('',(1.,0.,0.));
#8216 = PCURVE('',#7853,#8217);
#8217 = DEFINITIONAL_REPRESENTATION('',(#8218),#8222);
#8218 = LINE('',#8219,#8220);
#8219 = CARTESIAN_POINT('',(0.,0.));
#8220 = VECTOR('',#8221,1.);
#8221 = DIRECTION('',(1.,0.));
#8222 = ( GEOMETRIC_REPRESENTATION_CONTEXT(2) 
PARAMETRIC_REPRESENTATION_CONTEXT() REPRESENTATION_CONTEXT('2D SPACE',''
  ) );
#8223 = PCURVE('',#8074,#8224);
#8224 = DEFINITIONAL_REPRESENTATION('',(#8225),#8229);
#8225 = LINE('',#8226,#8227);
#8226 = CARTESIAN_POINT('',(45.,0.));
#8227 = VECTOR('',#8228,1.);
#8228 = DIRECTION('',(0.,1.));
#8229 = ( GEOMETRIC_REPRESENTATION_CONTEXT(2) 
PARAMETRIC_REPRESENTATION_CONTEXT() REPRESENTATION_CONTEXT('2D SPACE',''
  ) );
#8230 = ORIENTED_EDGE('',*,*,#8160,.T.);
#8231 = ORIENTED_EDGE('',*,*,#7836,.F.);
#8232 = ADVANCED_FACE('',(#8233),#7967,.F.);
#8233 = FACE_BOUND('',#8234,.F.);
#8234 = EDGE_LOOP('',(#8235));
#8235 = ORIENTED_EDGE('',*,*,#7952,.T.);
#8236 = ADVANCED_FACE('',(#8237),#8020,.T.);
#8237 = FACE_BOUND('',#8238,.T.);
#8238 = EDGE_LOOP('',(#8239));
#8239 = ORIENTED_EDGE('',*,*,#8005,.T.);
#8240 = ADVANCED_FACE('',(#8241),#8074,.T.);
#8241 = FACE_BOUND('',#8242,.T.);
#8242 = EDGE_LOOP('',(#8243,#8244,#8245,#8246));
#8243 = ORIENTED_EDGE('',*,*,#8112,.F.);
#8244 = ORIENTED_EDGE('',*,*,#8058,.T.);
#8245 = ORIENTED_EDGE('',*,*,#8210,.T.);
#8246 = ORIENTED_EDGE('',*,*,#8183,.F.);
#8247 = ( GEOMETRIC_REPRESENTATION_CONTEXT(3) 
GLOBAL_UNCERTAINTY_ASSIGNED_CONTEXT((#8251)) 
GLOBAL_UNIT_ASSIGNED_CONTEXT((#8248,#8249,#8250)) REPRESENTATION_CONTEXT
('Context #1','3D Context with UNIT and UNCERTAINTY') );
#8248 = ( LENGTH_UNIT() NAMED_UNIT(*) SI_UNIT(.MILLI.,.METRE.) );
#8249 = ( NAMED_UNIT(*) PLANE_ANGLE_UNIT() SI_UNIT($,.RADIAN.) );
#8250 = ( NAMED_UNIT(*) SI_UNIT($,.STERADIAN.) SOLID_ANGLE_UNIT() );
#8251 = UNCERTAINTY_MEASURE_WITH_UNIT(LENGTH_MEASURE(1.E-07),#8248,
  'distance_accuracy_value','confusion accuracy');
#8252 = CONTEXT_DEPENDENT_SHAPE_REPRESENTATION(#8253,#8255);
#8253 = ( REPRESENTATION_RELATIONSHIP('','',#7714,#10) 
REPRESENTATION_RELATIONSHIP_WITH_TRANSFORMATION(#8254) 
SHAPE_REPRESENTATION_RELATIONSHIP() );
#8254 = ITEM_DEFINED_TRANSFORMATION('','',#11,#27);
#8255 = PRODUCT_DEFINITION_SHAPE('Placement','Placement of an item',
  #8256);
#8256 = NEXT_ASSEMBLY_USAGE_OCCURRENCE('20','','',#5,#7709,$);
#8257 = PRODUCT_RELATED_PRODUCT_CATEGORY('part',$,(#7711));
#8258 = SHAPE_DEFINITION_REPRESENTATION(#8259,#8265);
#8259 = PRODUCT_DEFINITION_SHAPE('','',#8260);
#8260 = PRODUCT_DEFINITION('design','',#8261,#8264);
#8261 = PRODUCT_DEFINITION_FORMATION('','',#8262);
#8262 = PRODUCT('Open CASCADE STEP translator 7.9 12.5',
  'Open CASCADE STEP translator 7.9 12.5','',(#8263));
#8263 = PRODUCT_CONTEXT('',#2,'mechanical');
#8264 = PRODUCT_DEFINITION_CONTEXT('part definition',#2,'design');
#8265 = ADVANCED_BREP_SHAPE_REPRESENTATION('',(#11,#8266),#8903);
#8266 = MANIFOLD_SOLID_BREP('',#8267);
#8267 = CLOSED_SHELL('',(#8268,#8388,#8469,#8548,#8626,#8706,#8807,#8835
    ,#8868,#8896));
#8268 = ADVANCED_FACE('',(#8269),#8283,.T.);
#8269 = FACE_BOUND('',#8270,.F.);
#8270 = EDGE_LOOP('',(#8271,#8306,#8335,#8361));
#8271 = ORIENTED_EDGE('',*,*,#8272,.T.);
#8272 = EDGE_CURVE('',#8273,#8275,#8277,.T.);
#8273 = VERTEX_POINT('',#8274);
#8274 = CARTESIAN_POINT('',(28.,0.,0.));
#8275 = VERTEX_POINT('',#8276);
#8276 = CARTESIAN_POINT('',(28.,-6.661338147751E-16,13.2));
#8277 = SURFACE_CURVE('',#8278,(#8282,#8294),.PCURVE_S1.);
#8278 = LINE('',#8279,#8280);
#8279 = CARTESIAN_POINT('',(28.,0.,0.));
#8280 = VECTOR('',#8281,1.);
#8281 = DIRECTION('',(0.,0.,1.));
#8282 = PCURVE('',#8283,#8288);
#8283 = CYLINDRICAL_SURFACE('',#8284,28.);
#8284 = AXIS2_PLACEMENT_3D('',#8285,#8286,#8287);
#8285 = CARTESIAN_POINT('',(0.,0.,0.));
#8286 = DIRECTION('',(-0.,-0.,-1.));
#8287 = DIRECTION('',(1.,0.,0.));
#8288 = DEFINITIONAL_REPRESENTATION('',(#8289),#8293);
#8289 = LINE('',#8290,#8291);
#8290 = CARTESIAN_POINT('',(-0.,0.));
#8291 = VECTOR('',#8292,1.);
#8292 = DIRECTION('',(-0.,-1.));
#8293 = ( GEOMETRIC_REPRESENTATION_CONTEXT(2) 
PARAMETRIC_REPRESENTATION_CONTEXT() REPRESENTATION_CONTEXT('2D SPACE',''
  ) );
#8294 = PCURVE('',#8295,#8300);
#8295 = CYLINDRICAL_SURFACE('',#8296,28.);
#8296 = AXIS2_PLACEMENT_3D('',#8297,#8298,#8299);
#8297 = CARTESIAN_POINT('',(0.,0.,0.));
#8298 = DIRECTION('',(-0.,-0.,-1.));
#8299 = DIRECTION('',(1.,0.,0.));
#8300 = DEFINITIONAL_REPRESENTATION('',(#8301),#8305);
#8301 = LINE('',#8302,#8303);
#8302 = CARTESIAN_POINT('',(-6.28318530718,0.));
#8303 = VECTOR('',#8304,1.);
#8304 = DIRECTION('',(-0.,-1.));
#8305 = ( GEOMETRIC_REPRESENTATION_CONTEXT(2) 
PARAMETRIC_REPRESENTATION_CONTEXT() REPRESENTATION_CONTEXT('2D SPACE',''
  ) );
#8306 = ORIENTED_EDGE('',*,*,#8307,.T.);
#8307 = EDGE_CURVE('',#8275,#8308,#8310,.T.);
#8308 = VERTEX_POINT('',#8309);
#8309 = CARTESIAN_POINT('',(1.5,27.959792560032,13.2));
#8310 = SURFACE_CURVE('',#8311,(#8316,#8323),.PCURVE_S1.);
#8311 = CIRCLE('',#8312,28.);
#8312 = AXIS2_PLACEMENT_3D('',#8313,#8314,#8315);
#8313 = CARTESIAN_POINT('',(0.,0.,13.2));
#8314 = DIRECTION('',(0.,0.,1.));
#8315 = DIRECTION('',(1.,0.,-0.));
#8316 = PCURVE('',#8283,#8317);
#8317 = DEFINITIONAL_REPRESENTATION('',(#8318),#8322);
#8318 = LINE('',#8319,#8320);
#8319 = CARTESIAN_POINT('',(-0.,-13.2));
#8320 = VECTOR('',#8321,1.);
#8321 = DIRECTION('',(-1.,0.));
#8322 = ( GEOMETRIC_REPRESENTATION_CONTEXT(2) 
PARAMETRIC_REPRESENTATION_CONTEXT() REPRESENTATION_CONTEXT('2D SPACE',''
  ) );
#8323 = PCURVE('',#8324,#8329);
#8324 = CONICAL_SURFACE('',#8325,28.,0.785398163397);
#8325 = AXIS2_PLACEMENT_3D('',#8326,#8327,#8328);
#8326 = CARTESIAN_POINT('',(0.,0.,13.2));
#8327 = DIRECTION('',(-0.,-0.,-1.));
#8328 = DIRECTION('',(1.,0.,0.));
#8329 = DEFINITIONAL_REPRESENTATION('',(#8330),#8334);
#8330 = LINE('',#8331,#8332);
#8331 = CARTESIAN_POINT('',(-0.,-0.));
#8332 = VECTOR('',#8333,1.);
#8333 = DIRECTION('',(-1.,-0.));
#8334 = ( GEOMETRIC_REPRESENTATION_CONTEXT(2) 
PARAMETRIC_REPRESENTATION_CONTEXT() REPRESENTATION_CONTEXT('2D SPACE',''
  ) );
#8335 = ORIENTED_EDGE('',*,*,#8336,.T.);
#8336 = EDGE_CURVE('',#8308,#8337,#8339,.T.);
#8337 = VERTEX_POINT('',#8338);
#8338 = CARTESIAN_POINT('',(1.5,27.959792560032,0.));
#8339 = SURFACE_CURVE('',#8340,(#8344,#8350),.PCURVE_S1.);
#8340 = LINE('',#8341,#8342);
#8341 = CARTESIAN_POINT('',(1.5,27.959792560032,0.));
#8342 = VECTOR('',#8343,1.);
#8343 = DIRECTION('',(-0.,-0.,-1.));
#8344 = PCURVE('',#8283,#8345);
#8345 = DEFINITIONAL_REPRESENTATION('',(#8346),#8349);
#8346 = B_SPLINE_CURVE_WITH_KNOTS('',1,(#8347,#8348),.UNSPECIFIED.,.F.,
  .F.,(2,2),(-14.0000006,6.E-07),.PIECEWISE_BEZIER_KNOTS.);
#8347 = CARTESIAN_POINT('',(-1.517199240986,-14.0000006));
#8348 = CARTESIAN_POINT('',(-1.517199240986,6.E-07));
#8349 = ( GEOMETRIC_REPRESENTATION_CONTEXT(2) 
PARAMETRIC_REPRESENTATION_CONTEXT() REPRESENTATION_CONTEXT('2D SPACE',''
  ) );
#8350 = PCURVE('',#8351,#8356);
#8351 = PLANE('',#8352);
#8352 = AXIS2_PLACEMENT_3D('',#8353,#8354,#8355);
#8353 = CARTESIAN_POINT('',(1.5,9.,0.));
#8354 = DIRECTION('',(1.,0.,0.));
#8355 = DIRECTION('',(0.,0.,1.));
#8356 = DEFINITIONAL_REPRESENTATION('',(#8357),#8360);
#8357 = B_SPLINE_CURVE_WITH_KNOTS('',1,(#8358,#8359),.UNSPECIFIED.,.F.,
  .F.,(2,2),(-14.0000006,6.E-07),.PIECEWISE_BEZIER_KNOTS.);
#8358 = CARTESIAN_POINT('',(14.0000006,-18.95979256003));
#8359 = CARTESIAN_POINT('',(-6.E-07,-18.95979256003));
#8360 = ( GEOMETRIC_REPRESENTATION_CONTEXT(2) 
PARAMETRIC_REPRESENTATION_CONTEXT() REPRESENTATION_CONTEXT('2D SPACE',''
  ) );
#8361 = ORIENTED_EDGE('',*,*,#8362,.F.);
#8362 = EDGE_CURVE('',#8273,#8337,#8363,.T.);
#8363 = SURFACE_CURVE('',#8364,(#8369,#8376),.PCURVE_S1.);
#8364 = CIRCLE('',#8365,28.);
#8365 = AXIS2_PLACEMENT_3D('',#8366,#8367,#8368);
#8366 = CARTESIAN_POINT('',(0.,0.,0.));
#8367 = DIRECTION('',(0.,0.,1.));
#8368 = DIRECTION('',(1.,0.,0.));
#8369 = PCURVE('',#8283,#8370);
#8370 = DEFINITIONAL_REPRESENTATION('',(#8371),#8375);
#8371 = LINE('',#8372,#8373);
#8372 = CARTESIAN_POINT('',(-0.,0.));
#8373 = VECTOR('',#8374,1.);
#8374 = DIRECTION('',(-1.,0.));
#8375 = ( GEOMETRIC_REPRESENTATION_CONTEXT(2) 
PARAMETRIC_REPRESENTATION_CONTEXT() REPRESENTATION_CONTEXT('2D SPACE',''
  ) );
#8376 = PCURVE('',#8377,#8382);
#8377 = PLANE('',#8378);
#8378 = AXIS2_PLACEMENT_3D('',#8379,#8380,#8381);
#8379 = CARTESIAN_POINT('',(-7.813943614511E-16,1.9825737666E-15,0.));
#8380 = DIRECTION('',(0.,0.,1.));
#8381 = DIRECTION('',(1.,0.,-0.));
#8382 = DEFINITIONAL_REPRESENTATION('',(#8383),#8387);
#8383 = CIRCLE('',#8384,28.);
#8384 = AXIS2_PLACEMENT_2D('',#8385,#8386);
#8385 = CARTESIAN_POINT('',(7.813943614511E-16,-1.9825737666E-15));
#8386 = DIRECTION('',(1.,0.));
#8387 = ( GEOMETRIC_REPRESENTATION_CONTEXT(2) 
PARAMETRIC_REPRESENTATION_CONTEXT() REPRESENTATION_CONTEXT('2D SPACE',''
  ) );
#8388 = ADVANCED_FACE('',(#8389),#8295,.T.);
#8389 = FACE_BOUND('',#8390,.F.);
#8390 = EDGE_LOOP('',(#8391,#8419,#8446,#8447));
#8391 = ORIENTED_EDGE('',*,*,#8392,.F.);
#8392 = EDGE_CURVE('',#8393,#8395,#8397,.T.);
#8393 = VERTEX_POINT('',#8394);
#8394 = CARTESIAN_POINT('',(-1.5,27.959792560032,13.2));
#8395 = VERTEX_POINT('',#8396);
#8396 = CARTESIAN_POINT('',(-1.5,27.959792560032,0.));
#8397 = SURFACE_CURVE('',#8398,(#8402,#8408),.PCURVE_S1.);
#8398 = LINE('',#8399,#8400);
#8399 = CARTESIAN_POINT('',(-1.5,27.959792560032,0.));
#8400 = VECTOR('',#8401,1.);
#8401 = DIRECTION('',(-0.,-0.,-1.));
#8402 = PCURVE('',#8295,#8403);
#8403 = DEFINITIONAL_REPRESENTATION('',(#8404),#8407);
#8404 = B_SPLINE_CURVE_WITH_KNOTS('',1,(#8405,#8406),.UNSPECIFIED.,.F.,
  .F.,(2,2),(-14.0000006,6.E-07),.PIECEWISE_BEZIER_KNOTS.);
#8405 = CARTESIAN_POINT('',(-1.624393412604,-14.0000006));
#8406 = CARTESIAN_POINT('',(-1.624393412604,6.E-07));
#8407 = ( GEOMETRIC_REPRESENTATION_CONTEXT(2) 
PARAMETRIC_REPRESENTATION_CONTEXT() REPRESENTATION_CONTEXT('2D SPACE',''
  ) );
#8408 = PCURVE('',#8409,#8414);
#8409 = PLANE('',#8410);
#8410 = AXIS2_PLACEMENT_3D('',#8411,#8412,#8413);
#8411 = CARTESIAN_POINT('',(-1.5,9.,0.));
#8412 = DIRECTION('',(1.,0.,0.));
#8413 = DIRECTION('',(0.,0.,1.));
#8414 = DEFINITIONAL_REPRESENTATION('',(#8415),#8418);
#8415 = B_SPLINE_CURVE_WITH_KNOTS('',1,(#8416,#8417),.UNSPECIFIED.,.F.,
  .F.,(2,2),(-14.0000006,6.E-07),.PIECEWISE_BEZIER_KNOTS.);
#8416 = CARTESIAN_POINT('',(14.0000006,-18.95979256003));
#8417 = CARTESIAN_POINT('',(-6.E-07,-18.95979256003));
#8418 = ( GEOMETRIC_REPRESENTATION_CONTEXT(2) 
PARAMETRIC_REPRESENTATION_CONTEXT() REPRESENTATION_CONTEXT('2D SPACE',''
  ) );
#8419 = ORIENTED_EDGE('',*,*,#8420,.T.);
#8420 = EDGE_CURVE('',#8393,#8275,#8421,.T.);
#8421 = SURFACE_CURVE('',#8422,(#8427,#8434),.PCURVE_S1.);
#8422 = CIRCLE('',#8423,28.);
#8423 = AXIS2_PLACEMENT_3D('',#8424,#8425,#8426);
#8424 = CARTESIAN_POINT('',(0.,0.,13.2));
#8425 = DIRECTION('',(0.,0.,1.));
#8426 = DIRECTION('',(-5.357142857142E-02,0.998564020001,0.));
#8427 = PCURVE('',#8295,#8428);
#8428 = DEFINITIONAL_REPRESENTATION('',(#8429),#8433);
#8429 = LINE('',#8430,#8431);
#8430 = CARTESIAN_POINT('',(-1.624393412604,-13.2));
#8431 = VECTOR('',#8432,1.);
#8432 = DIRECTION('',(-1.,0.));
#8433 = ( GEOMETRIC_REPRESENTATION_CONTEXT(2) 
PARAMETRIC_REPRESENTATION_CONTEXT() REPRESENTATION_CONTEXT('2D SPACE',''
  ) );
#8434 = PCURVE('',#8435,#8440);
#8435 = CONICAL_SURFACE('',#8436,28.,0.785398163397);
#8436 = AXIS2_PLACEMENT_3D('',#8437,#8438,#8439);
#8437 = CARTESIAN_POINT('',(0.,0.,13.2));
#8438 = DIRECTION('',(-0.,-0.,-1.));
#8439 = DIRECTION('',(-5.357142857142E-02,0.998564020001,0.));
#8440 = DEFINITIONAL_REPRESENTATION('',(#8441),#8445);
#8441 = LINE('',#8442,#8443);
#8442 = CARTESIAN_POINT('',(-0.,-0.));
#8443 = VECTOR('',#8444,1.);
#8444 = DIRECTION('',(-1.,-0.));
#8445 = ( GEOMETRIC_REPRESENTATION_CONTEXT(2) 
PARAMETRIC_REPRESENTATION_CONTEXT() REPRESENTATION_CONTEXT('2D SPACE',''
  ) );
#8446 = ORIENTED_EDGE('',*,*,#8272,.F.);
#8447 = ORIENTED_EDGE('',*,*,#8448,.F.);
#8448 = EDGE_CURVE('',#8395,#8273,#8449,.T.);
#8449 = SURFACE_CURVE('',#8450,(#8455,#8462),.PCURVE_S1.);
#8450 = CIRCLE('',#8451,28.);
#8451 = AXIS2_PLACEMENT_3D('',#8452,#8453,#8454);
#8452 = CARTESIAN_POINT('',(0.,0.,0.));
#8453 = DIRECTION('',(0.,0.,1.));
#8454 = DIRECTION('',(1.,0.,0.));
#8455 = PCURVE('',#8295,#8456);
#8456 = DEFINITIONAL_REPRESENTATION('',(#8457),#8461);
#8457 = LINE('',#8458,#8459);
#8458 = CARTESIAN_POINT('',(-0.,0.));
#8459 = VECTOR('',#8460,1.);
#8460 = DIRECTION('',(-1.,0.));
#8461 = ( GEOMETRIC_REPRESENTATION_CONTEXT(2) 
PARAMETRIC_REPRESENTATION_CONTEXT() REPRESENTATION_CONTEXT('2D SPACE',''
  ) );
#8462 = PCURVE('',#8377,#8463);
#8463 = DEFINITIONAL_REPRESENTATION('',(#8464),#8468);
#8464 = CIRCLE('',#8465,28.);
#8465 = AXIS2_PLACEMENT_2D('',#8466,#8467);
#8466 = CARTESIAN_POINT('',(7.813943614511E-16,-1.9825737666E-15));
#8467 = DIRECTION('',(1.,0.));
#8468 = ( GEOMETRIC_REPRESENTATION_CONTEXT(2) 
PARAMETRIC_REPRESENTATION_CONTEXT() REPRESENTATION_CONTEXT('2D SPACE',''
  ) );
#8469 = ADVANCED_FACE('',(#8470),#8324,.T.);
#8470 = FACE_BOUND('',#8471,.T.);
#8471 = EDGE_LOOP('',(#8472,#8493,#8494,#8521));
#8472 = ORIENTED_EDGE('',*,*,#8473,.F.);
#8473 = EDGE_CURVE('',#8275,#8474,#8476,.T.);
#8474 = VERTEX_POINT('',#8475);
#8475 = CARTESIAN_POINT('',(27.2,-6.661338147751E-16,14.));
#8476 = SURFACE_CURVE('',#8477,(#8481,#8487),.PCURVE_S1.);
#8477 = LINE('',#8478,#8479);
#8478 = CARTESIAN_POINT('',(28.,-6.661338147751E-16,13.2));
#8479 = VECTOR('',#8480,1.);
#8480 = DIRECTION('',(-0.707106781187,2.081668171172E-17,0.707106781187)
  );
#8481 = PCURVE('',#8324,#8482);
#8482 = DEFINITIONAL_REPRESENTATION('',(#8483),#8486);
#8483 = B_SPLINE_CURVE_WITH_KNOTS('',1,(#8484,#8485),.UNSPECIFIED.,.F.,
  .F.,(2,2),(0.,1.131370849898),.PIECEWISE_BEZIER_KNOTS.);
#8484 = CARTESIAN_POINT('',(0.,0.));
#8485 = CARTESIAN_POINT('',(0.,-0.8));
#8486 = ( GEOMETRIC_REPRESENTATION_CONTEXT(2) 
PARAMETRIC_REPRESENTATION_CONTEXT() REPRESENTATION_CONTEXT('2D SPACE',''
  ) );
#8487 = PCURVE('',#8435,#8488);
#8488 = DEFINITIONAL_REPRESENTATION('',(#8489),#8492);
#8489 = B_SPLINE_CURVE_WITH_KNOTS('',1,(#8490,#8491),.UNSPECIFIED.,.F.,
  .F.,(2,2),(0.,1.131370849898),.PIECEWISE_BEZIER_KNOTS.);
#8490 = CARTESIAN_POINT('',(-4.658791894575,0.));
#8491 = CARTESIAN_POINT('',(-4.658791894575,-0.8));
#8492 = ( GEOMETRIC_REPRESENTATION_CONTEXT(2) 
PARAMETRIC_REPRESENTATION_CONTEXT() REPRESENTATION_CONTEXT('2D SPACE',''
  ) );
#8493 = ORIENTED_EDGE('',*,*,#8307,.T.);
#8494 = ORIENTED_EDGE('',*,*,#8495,.T.);
#8495 = EDGE_CURVE('',#8308,#8496,#8498,.T.);
#8496 = VERTEX_POINT('',#8497);
#8497 = CARTESIAN_POINT('',(1.5,27.158608211762,14.));
#8498 = SURFACE_CURVE('',#8499,(#8504,#8514),.PCURVE_S1.);
#8499 = HYPERBOLA('',#8500,1.5,1.5);
#8500 = AXIS2_PLACEMENT_3D('',#8501,#8502,#8503);
#8501 = CARTESIAN_POINT('',(1.5,0.,41.2));
#8502 = DIRECTION('',(-1.,-0.,-0.));
#8503 = DIRECTION('',(0.,0.,-1.));
#8504 = PCURVE('',#8324,#8505);
#8505 = DEFINITIONAL_REPRESENTATION('',(#8506),#8513);
#8506 = B_SPLINE_CURVE_WITH_KNOTS('',5,(#8507,#8508,#8509,#8510,#8511,
    #8512),.UNSPECIFIED.,.F.,.F.,(6,6),(-3.619168334749,-3.590137877679)
  ,.PIECEWISE_BEZIER_KNOTS.);
#8507 = CARTESIAN_POINT('',(-1.517199240986,1.7763568394E-15));
#8508 = CARTESIAN_POINT('',(-1.516888200374,-0.162337111524));
#8509 = CARTESIAN_POINT('',(-1.516574905591,-0.323494348636));
#8510 = CARTESIAN_POINT('',(-1.516259334918,-0.483483112368));
#8511 = CARTESIAN_POINT('',(-1.515941466325,-0.642314638041));
#8512 = CARTESIAN_POINT('',(-1.51562127746,-0.8));
#8513 = ( GEOMETRIC_REPRESENTATION_CONTEXT(2) 
PARAMETRIC_REPRESENTATION_CONTEXT() REPRESENTATION_CONTEXT('2D SPACE',''
  ) );
#8514 = PCURVE('',#8351,#8515);
#8515 = DEFINITIONAL_REPRESENTATION('',(#8516),#8520);
#8516 = ( BOUNDED_CURVE() B_SPLINE_CURVE(2,(#8517,#8518,#8519),
.UNSPECIFIED.,.F.,.F.) B_SPLINE_CURVE_WITH_KNOTS((3,3),(-3.619168334749,
-3.590137877679),.PIECEWISE_BEZIER_KNOTS.) CURVE() 
GEOMETRIC_REPRESENTATION_ITEM() RATIONAL_B_SPLINE_CURVE((1.,
1.000105347779,1.)) REPRESENTATION_ITEM('') );
#8517 = CARTESIAN_POINT('',(13.2,-18.95979256003));
#8518 = CARTESIAN_POINT('',(13.605814278622,-18.55339470221));
#8519 = CARTESIAN_POINT('',(14.,-18.15860821176));
#8520 = ( GEOMETRIC_REPRESENTATION_CONTEXT(2) 
PARAMETRIC_REPRESENTATION_CONTEXT() REPRESENTATION_CONTEXT('2D SPACE',''
  ) );
#8521 = ORIENTED_EDGE('',*,*,#8522,.F.);
#8522 = EDGE_CURVE('',#8474,#8496,#8523,.T.);
#8523 = SURFACE_CURVE('',#8524,(#8529,#8536),.PCURVE_S1.);
#8524 = CIRCLE('',#8525,27.2);
#8525 = AXIS2_PLACEMENT_3D('',#8526,#8527,#8528);
#8526 = CARTESIAN_POINT('',(0.,0.,14.));
#8527 = DIRECTION('',(0.,0.,1.));
#8528 = DIRECTION('',(1.,0.,-0.));
#8529 = PCURVE('',#8324,#8530);
#8530 = DEFINITIONAL_REPRESENTATION('',(#8531),#8535);
#8531 = LINE('',#8532,#8533);
#8532 = CARTESIAN_POINT('',(-0.,-0.8));
#8533 = VECTOR('',#8534,1.);
#8534 = DIRECTION('',(-1.,-0.));
#8535 = ( GEOMETRIC_REPRESENTATION_CONTEXT(2) 
PARAMETRIC_REPRESENTATION_CONTEXT() REPRESENTATION_CONTEXT('2D SPACE',''
  ) );
#8536 = PCURVE('',#8537,#8542);
#8537 = PLANE('',#8538);
#8538 = AXIS2_PLACEMENT_3D('',#8539,#8540,#8541);
#8539 = CARTESIAN_POINT('',(-7.813943614511E-16,1.9825737666E-15,14.));
#8540 = DIRECTION('',(0.,0.,1.));
#8541 = DIRECTION('',(1.,0.,-0.));
#8542 = DEFINITIONAL_REPRESENTATION('',(#8543),#8547);
#8543 = CIRCLE('',#8544,27.2);
#8544 = AXIS2_PLACEMENT_2D('',#8545,#8546);
#8545 = CARTESIAN_POINT('',(7.813943614511E-16,-1.9825737666E-15));
#8546 = DIRECTION('',(1.,0.));
#8547 = ( GEOMETRIC_REPRESENTATION_CONTEXT(2) 
PARAMETRIC_REPRESENTATION_CONTEXT() REPRESENTATION_CONTEXT('2D SPACE',''
  ) );
#8548 = ADVANCED_FACE('',(#8549),#8377,.F.);
#8549 = FACE_BOUND('',#8550,.F.);
#8550 = EDGE_LOOP('',(#8551,#8552,#8553,#8576,#8605));
#8551 = ORIENTED_EDGE('',*,*,#8448,.T.);
#8552 = ORIENTED_EDGE('',*,*,#8362,.T.);
#8553 = ORIENTED_EDGE('',*,*,#8554,.F.);
#8554 = EDGE_CURVE('',#8555,#8337,#8557,.T.);
#8555 = VERTEX_POINT('',#8556);
#8556 = CARTESIAN_POINT('',(1.5,14.924811556599,0.));
#8557 = SURFACE_CURVE('',#8558,(#8562,#8569),.PCURVE_S1.);
#8558 = LINE('',#8559,#8560);
#8559 = CARTESIAN_POINT('',(1.5,9.,0.));
#8560 = VECTOR('',#8561,1.);
#8561 = DIRECTION('',(0.,1.,0.));
#8562 = PCURVE('',#8377,#8563);
#8563 = DEFINITIONAL_REPRESENTATION('',(#8564),#8568);
#8564 = LINE('',#8565,#8566);
#8565 = CARTESIAN_POINT('',(1.5,9.));
#8566 = VECTOR('',#8567,1.);
#8567 = DIRECTION('',(0.,1.));
#8568 = ( GEOMETRIC_REPRESENTATION_CONTEXT(2) 
PARAMETRIC_REPRESENTATION_CONTEXT() REPRESENTATION_CONTEXT('2D SPACE',''
  ) );
#8569 = PCURVE('',#8351,#8570);
#8570 = DEFINITIONAL_REPRESENTATION('',(#8571),#8575);
#8571 = LINE('',#8572,#8573);
#8572 = CARTESIAN_POINT('',(0.,0.));
#8573 = VECTOR('',#8574,1.);
#8574 = DIRECTION('',(0.,-1.));
#8575 = ( GEOMETRIC_REPRESENTATION_CONTEXT(2) 
PARAMETRIC_REPRESENTATION_CONTEXT() REPRESENTATION_CONTEXT('2D SPACE',''
  ) );
#8576 = ORIENTED_EDGE('',*,*,#8577,.F.);
#8577 = EDGE_CURVE('',#8578,#8555,#8580,.T.);
#8578 = VERTEX_POINT('',#8579);
#8579 = CARTESIAN_POINT('',(-1.5,14.924811556599,0.));
#8580 = SURFACE_CURVE('',#8581,(#8586,#8593),.PCURVE_S1.);
#8581 = CIRCLE('',#8582,15.);
#8582 = AXIS2_PLACEMENT_3D('',#8583,#8584,#8585);
#8583 = CARTESIAN_POINT('',(-4.281471244817E-16,-1.7763568394E-15,0.));
#8584 = DIRECTION('',(0.,0.,1.));
#8585 = DIRECTION('',(-9.999999999999E-02,0.994987437107,0.));
#8586 = PCURVE('',#8377,#8587);
#8587 = DEFINITIONAL_REPRESENTATION('',(#8588),#8592);
#8588 = CIRCLE('',#8589,15.);
#8589 = AXIS2_PLACEMENT_2D('',#8590,#8591);
#8590 = CARTESIAN_POINT('',(3.532472369694E-16,-3.758930606E-15));
#8591 = DIRECTION('',(-9.999999999999E-02,0.994987437107));
#8592 = ( GEOMETRIC_REPRESENTATION_CONTEXT(2) 
PARAMETRIC_REPRESENTATION_CONTEXT() REPRESENTATION_CONTEXT('2D SPACE',''
  ) );
#8593 = PCURVE('',#8594,#8599);
#8594 = CYLINDRICAL_SURFACE('',#8595,15.);
#8595 = AXIS2_PLACEMENT_3D('',#8596,#8597,#8598);
#8596 = CARTESIAN_POINT('',(0.,0.,-42.0000002));
#8597 = DIRECTION('',(-0.,-0.,-1.));
#8598 = DIRECTION('',(1.,0.,0.));
#8599 = DEFINITIONAL_REPRESENTATION('',(#8600),#8604);
#8600 = LINE('',#8601,#8602);
#8601 = CARTESIAN_POINT('',(-1.670963747956,-42.0000002));
#8602 = VECTOR('',#8603,1.);
#8603 = DIRECTION('',(-1.,-0.));
#8604 = ( GEOMETRIC_REPRESENTATION_CONTEXT(2) 
PARAMETRIC_REPRESENTATION_CONTEXT() REPRESENTATION_CONTEXT('2D SPACE',''
  ) );
#8605 = ORIENTED_EDGE('',*,*,#8606,.T.);
#8606 = EDGE_CURVE('',#8578,#8395,#8607,.T.);
#8607 = SURFACE_CURVE('',#8608,(#8612,#8619),.PCURVE_S1.);
#8608 = LINE('',#8609,#8610);
#8609 = CARTESIAN_POINT('',(-1.5,9.,0.));
#8610 = VECTOR('',#8611,1.);
#8611 = DIRECTION('',(0.,1.,0.));
#8612 = PCURVE('',#8377,#8613);
#8613 = DEFINITIONAL_REPRESENTATION('',(#8614),#8618);
#8614 = LINE('',#8615,#8616);
#8615 = CARTESIAN_POINT('',(-1.5,9.));
#8616 = VECTOR('',#8617,1.);
#8617 = DIRECTION('',(0.,1.));
#8618 = ( GEOMETRIC_REPRESENTATION_CONTEXT(2) 
PARAMETRIC_REPRESENTATION_CONTEXT() REPRESENTATION_CONTEXT('2D SPACE',''
  ) );
#8619 = PCURVE('',#8409,#8620);
#8620 = DEFINITIONAL_REPRESENTATION('',(#8621),#8625);
#8621 = LINE('',#8622,#8623);
#8622 = CARTESIAN_POINT('',(0.,0.));
#8623 = VECTOR('',#8624,1.);
#8624 = DIRECTION('',(0.,-1.));
#8625 = ( GEOMETRIC_REPRESENTATION_CONTEXT(2) 
PARAMETRIC_REPRESENTATION_CONTEXT() REPRESENTATION_CONTEXT('2D SPACE',''
  ) );
#8626 = ADVANCED_FACE('',(#8627),#8351,.F.);
#8627 = FACE_BOUND('',#8628,.F.);
#8628 = EDGE_LOOP('',(#8629,#8652,#8684,#8703,#8704,#8705));
#8629 = ORIENTED_EDGE('',*,*,#8630,.F.);
#8630 = EDGE_CURVE('',#8631,#8496,#8633,.T.);
#8631 = VERTEX_POINT('',#8632);
#8632 = CARTESIAN_POINT('',(1.5,15.728636304524,14.));
#8633 = SURFACE_CURVE('',#8634,(#8638,#8645),.PCURVE_S1.);
#8634 = LINE('',#8635,#8636);
#8635 = CARTESIAN_POINT('',(1.5,9.,14.));
#8636 = VECTOR('',#8637,1.);
#8637 = DIRECTION('',(0.,1.,0.));
#8638 = PCURVE('',#8351,#8639);
#8639 = DEFINITIONAL_REPRESENTATION('',(#8640),#8644);
#8640 = LINE('',#8641,#8642);
#8641 = CARTESIAN_POINT('',(14.,0.));
#8642 = VECTOR('',#8643,1.);
#8643 = DIRECTION('',(0.,-1.));
#8644 = ( GEOMETRIC_REPRESENTATION_CONTEXT(2) 
PARAMETRIC_REPRESENTATION_CONTEXT() REPRESENTATION_CONTEXT('2D SPACE',''
  ) );
#8645 = PCURVE('',#8537,#8646);
#8646 = DEFINITIONAL_REPRESENTATION('',(#8647),#8651);
#8647 = LINE('',#8648,#8649);
#8648 = CARTESIAN_POINT('',(1.5,9.));
#8649 = VECTOR('',#8650,1.);
#8650 = DIRECTION('',(0.,1.));
#8651 = ( GEOMETRIC_REPRESENTATION_CONTEXT(2) 
PARAMETRIC_REPRESENTATION_CONTEXT() REPRESENTATION_CONTEXT('2D SPACE',''
  ) );
#8652 = ORIENTED_EDGE('',*,*,#8653,.F.);
#8653 = EDGE_CURVE('',#8654,#8631,#8656,.T.);
#8654 = VERTEX_POINT('',#8655);
#8655 = CARTESIAN_POINT('',(1.5,14.924811556599,13.2));
#8656 = SURFACE_CURVE('',#8657,(#8662,#8669),.PCURVE_S1.);
#8657 = HYPERBOLA('',#8658,1.5,1.5);
#8658 = AXIS2_PLACEMENT_3D('',#8659,#8660,#8661);
#8659 = CARTESIAN_POINT('',(1.5,0.,-1.8));
#8660 = DIRECTION('',(-1.,0.,-0.));
#8661 = DIRECTION('',(-0.,0.,1.));
#8662 = PCURVE('',#8351,#8663);
#8663 = DEFINITIONAL_REPRESENTATION('',(#8664),#8668);
#8664 = ( BOUNDED_CURVE() B_SPLINE_CURVE(2,(#8665,#8666,#8667),
.UNSPECIFIED.,.F.,.F.) B_SPLINE_CURVE_WITH_KNOTS((3,3),(2.993222846126,
3.045431113785),.PIECEWISE_BEZIER_KNOTS.) CURVE() 
GEOMETRIC_REPRESENTATION_ITEM() RATIONAL_B_SPLINE_CURVE((1.,
1.000340732249,1.)) REPRESENTATION_ITEM('') );
#8665 = CARTESIAN_POINT('',(13.2,-5.924811556599));
#8666 = CARTESIAN_POINT('',(13.58951080803,-6.316284648121));
#8667 = CARTESIAN_POINT('',(14.,-6.728636304524));
#8668 = ( GEOMETRIC_REPRESENTATION_CONTEXT(2) 
PARAMETRIC_REPRESENTATION_CONTEXT() REPRESENTATION_CONTEXT('2D SPACE',''
  ) );
#8669 = PCURVE('',#8670,#8675);
#8670 = CONICAL_SURFACE('',#8671,15.,0.785398163397);
#8671 = AXIS2_PLACEMENT_3D('',#8672,#8673,#8674);
#8672 = CARTESIAN_POINT('',(0.,0.,13.2));
#8673 = DIRECTION('',(0.,0.,1.));
#8674 = DIRECTION('',(1.E-01,0.994987437107,-0.));
#8675 = DEFINITIONAL_REPRESENTATION('',(#8676),#8683);
#8676 = B_SPLINE_CURVE_WITH_KNOTS('',5,(#8677,#8678,#8679,#8680,#8681,
    #8682),.UNSPECIFIED.,.F.,.F.,(6,6),(2.993222846126,3.045431113785),
  .PIECEWISE_BEZIER_KNOTS.);
#8677 = CARTESIAN_POINT('',(-8.881784197001E-16,0.));
#8678 = CARTESIAN_POINT('',(1.044165353167E-03,0.1558397113));
#8679 = CARTESIAN_POINT('',(2.074770504059E-03,0.313723699999));
#8680 = CARTESIAN_POINT('',(3.092047882895E-03,0.473687363893));
#8681 = CARTESIAN_POINT('',(4.096224129796E-03,0.635767029182));
#8682 = CARTESIAN_POINT('',(5.087520351158E-03,0.8));
#8683 = ( GEOMETRIC_REPRESENTATION_CONTEXT(2) 
PARAMETRIC_REPRESENTATION_CONTEXT() REPRESENTATION_CONTEXT('2D SPACE',''
  ) );
#8684 = ORIENTED_EDGE('',*,*,#8685,.T.);
#8685 = EDGE_CURVE('',#8654,#8555,#8686,.T.);
#8686 = SURFACE_CURVE('',#8687,(#8691,#8697),.PCURVE_S1.);
#8687 = LINE('',#8688,#8689);
#8688 = CARTESIAN_POINT('',(1.5,14.924811556599,-42.0000002));
#8689 = VECTOR('',#8690,1.);
#8690 = DIRECTION('',(-0.,-0.,-1.));
#8691 = PCURVE('',#8351,#8692);
#8692 = DEFINITIONAL_REPRESENTATION('',(#8693),#8696);
#8693 = B_SPLINE_CURVE_WITH_KNOTS('',1,(#8694,#8695),.UNSPECIFIED.,.F.,
  .F.,(2,2),(-56.0000008,-41.9999996),.PIECEWISE_BEZIER_KNOTS.);
#8694 = CARTESIAN_POINT('',(14.0000006,-5.924811556599));
#8695 = CARTESIAN_POINT('',(-5.999999999062E-07,-5.924811556599));
#8696 = ( GEOMETRIC_REPRESENTATION_CONTEXT(2) 
PARAMETRIC_REPRESENTATION_CONTEXT() REPRESENTATION_CONTEXT('2D SPACE',''
  ) );
#8697 = PCURVE('',#8594,#8698);
#8698 = DEFINITIONAL_REPRESENTATION('',(#8699),#8702);
#8699 = B_SPLINE_CURVE_WITH_KNOTS('',1,(#8700,#8701),.UNSPECIFIED.,.F.,
  .F.,(2,2),(-56.0000002,-42.0000002),.PIECEWISE_BEZIER_KNOTS.);
#8700 = CARTESIAN_POINT('',(-7.753814212813,-56.0000002));
#8701 = CARTESIAN_POINT('',(-7.753814212813,-42.0000002));
#8702 = ( GEOMETRIC_REPRESENTATION_CONTEXT(2) 
PARAMETRIC_REPRESENTATION_CONTEXT() REPRESENTATION_CONTEXT('2D SPACE',''
  ) );
#8703 = ORIENTED_EDGE('',*,*,#8554,.T.);
#8704 = ORIENTED_EDGE('',*,*,#8336,.F.);
#8705 = ORIENTED_EDGE('',*,*,#8495,.T.);
#8706 = ADVANCED_FACE('',(#8707),#8409,.T.);
#8707 = FACE_BOUND('',#8708,.T.);
#8708 = EDGE_LOOP('',(#8709,#8734,#8761,#8780,#8781,#8782));
#8709 = ORIENTED_EDGE('',*,*,#8710,.F.);
#8710 = EDGE_CURVE('',#8711,#8713,#8715,.T.);
#8711 = VERTEX_POINT('',#8712);
#8712 = CARTESIAN_POINT('',(-1.5,15.728636304524,14.));
#8713 = VERTEX_POINT('',#8714);
#8714 = CARTESIAN_POINT('',(-1.5,27.158608211762,14.));
#8715 = SURFACE_CURVE('',#8716,(#8720,#8727),.PCURVE_S1.);
#8716 = LINE('',#8717,#8718);
#8717 = CARTESIAN_POINT('',(-1.5,9.,14.));
#8718 = VECTOR('',#8719,1.);
#8719 = DIRECTION('',(0.,1.,0.));
#8720 = PCURVE('',#8409,#8721);
#8721 = DEFINITIONAL_REPRESENTATION('',(#8722),#8726);
#8722 = LINE('',#8723,#8724);
#8723 = CARTESIAN_POINT('',(14.,0.));
#8724 = VECTOR('',#8725,1.);
#8725 = DIRECTION('',(0.,-1.));
#8726 = ( GEOMETRIC_REPRESENTATION_CONTEXT(2) 
PARAMETRIC_REPRESENTATION_CONTEXT() REPRESENTATION_CONTEXT('2D SPACE',''
  ) );
#8727 = PCURVE('',#8537,#8728);
#8728 = DEFINITIONAL_REPRESENTATION('',(#8729),#8733);
#8729 = LINE('',#8730,#8731);
#8730 = CARTESIAN_POINT('',(-1.5,9.));
#8731 = VECTOR('',#8732,1.);
#8732 = DIRECTION('',(0.,1.));
#8733 = ( GEOMETRIC_REPRESENTATION_CONTEXT(2) 
PARAMETRIC_REPRESENTATION_CONTEXT() REPRESENTATION_CONTEXT('2D SPACE',''
  ) );
#8734 = ORIENTED_EDGE('',*,*,#8735,.F.);
#8735 = EDGE_CURVE('',#8736,#8711,#8738,.T.);
#8736 = VERTEX_POINT('',#8737);
#8737 = CARTESIAN_POINT('',(-1.5,14.924811556599,13.2));
#8738 = SURFACE_CURVE('',#8739,(#8744,#8751),.PCURVE_S1.);
#8739 = HYPERBOLA('',#8740,1.5,1.5);
#8740 = AXIS2_PLACEMENT_3D('',#8741,#8742,#8743);
#8741 = CARTESIAN_POINT('',(-1.5,0.,-1.8));
#8742 = DIRECTION('',(-1.,0.,-0.));
#8743 = DIRECTION('',(-0.,0.,1.));
#8744 = PCURVE('',#8409,#8745);
#8745 = DEFINITIONAL_REPRESENTATION('',(#8746),#8750);
#8746 = ( BOUNDED_CURVE() B_SPLINE_CURVE(2,(#8747,#8748,#8749),
.UNSPECIFIED.,.F.,.F.) B_SPLINE_CURVE_WITH_KNOTS((3,3),(2.993222846126,
3.045431113785),.PIECEWISE_BEZIER_KNOTS.) CURVE() 
GEOMETRIC_REPRESENTATION_ITEM() RATIONAL_B_SPLINE_CURVE((1.,
1.000340732249,1.)) REPRESENTATION_ITEM('') );
#8747 = CARTESIAN_POINT('',(13.2,-5.924811556599));
#8748 = CARTESIAN_POINT('',(13.58951080803,-6.316284648121));
#8749 = CARTESIAN_POINT('',(14.,-6.728636304524));
#8750 = ( GEOMETRIC_REPRESENTATION_CONTEXT(2) 
PARAMETRIC_REPRESENTATION_CONTEXT() REPRESENTATION_CONTEXT('2D SPACE',''
  ) );
#8751 = PCURVE('',#8670,#8752);
#8752 = DEFINITIONAL_REPRESENTATION('',(#8753),#8760);
#8753 = B_SPLINE_CURVE_WITH_KNOTS('',5,(#8754,#8755,#8756,#8757,#8758,
    #8759),.UNSPECIFIED.,.F.,.F.,(6,6),(2.993222846126,3.045431113785),
  .PIECEWISE_BEZIER_KNOTS.);
#8754 = CARTESIAN_POINT('',(-6.082850464856,-1.7763568394E-15));
#8755 = CARTESIAN_POINT('',(-6.08389463021,0.1558397113));
#8756 = CARTESIAN_POINT('',(-6.084925235361,0.313723699999));
#8757 = CARTESIAN_POINT('',(-6.085942512739,0.473687363893));
#8758 = CARTESIAN_POINT('',(-6.086946688986,0.635767029182));
#8759 = CARTESIAN_POINT('',(-6.087937985208,0.8));
#8760 = ( GEOMETRIC_REPRESENTATION_CONTEXT(2) 
PARAMETRIC_REPRESENTATION_CONTEXT() REPRESENTATION_CONTEXT('2D SPACE',''
  ) );
#8761 = ORIENTED_EDGE('',*,*,#8762,.T.);
#8762 = EDGE_CURVE('',#8736,#8578,#8763,.T.);
#8763 = SURFACE_CURVE('',#8764,(#8768,#8774),.PCURVE_S1.);
#8764 = LINE('',#8765,#8766);
#8765 = CARTESIAN_POINT('',(-1.5,14.924811556599,-42.0000002));
#8766 = VECTOR('',#8767,1.);
#8767 = DIRECTION('',(-0.,-0.,-1.));
#8768 = PCURVE('',#8409,#8769);
#8769 = DEFINITIONAL_REPRESENTATION('',(#8770),#8773);
#8770 = B_SPLINE_CURVE_WITH_KNOTS('',1,(#8771,#8772),.UNSPECIFIED.,.F.,
  .F.,(2,2),(-56.0000008,-41.9999996),.PIECEWISE_BEZIER_KNOTS.);
#8771 = CARTESIAN_POINT('',(14.0000006,-5.924811556599));
#8772 = CARTESIAN_POINT('',(-5.999999999062E-07,-5.924811556599));
#8773 = ( GEOMETRIC_REPRESENTATION_CONTEXT(2) 
PARAMETRIC_REPRESENTATION_CONTEXT() REPRESENTATION_CONTEXT('2D SPACE',''
  ) );
#8774 = PCURVE('',#8594,#8775);
#8775 = DEFINITIONAL_REPRESENTATION('',(#8776),#8779);
#8776 = B_SPLINE_CURVE_WITH_KNOTS('',1,(#8777,#8778),.UNSPECIFIED.,.F.,
  .F.,(2,2),(-56.0000002,-42.0000002),.PIECEWISE_BEZIER_KNOTS.);
#8777 = CARTESIAN_POINT('',(-1.670963747956,-56.0000002));
#8778 = CARTESIAN_POINT('',(-1.670963747956,-42.0000002));
#8779 = ( GEOMETRIC_REPRESENTATION_CONTEXT(2) 
PARAMETRIC_REPRESENTATION_CONTEXT() REPRESENTATION_CONTEXT('2D SPACE',''
  ) );
#8780 = ORIENTED_EDGE('',*,*,#8606,.T.);
#8781 = ORIENTED_EDGE('',*,*,#8392,.F.);
#8782 = ORIENTED_EDGE('',*,*,#8783,.T.);
#8783 = EDGE_CURVE('',#8393,#8713,#8784,.T.);
#8784 = SURFACE_CURVE('',#8785,(#8790,#8797),.PCURVE_S1.);
#8785 = HYPERBOLA('',#8786,1.5,1.5);
#8786 = AXIS2_PLACEMENT_3D('',#8787,#8788,#8789);
#8787 = CARTESIAN_POINT('',(-1.5,0.,41.2));
#8788 = DIRECTION('',(-1.,-0.,-0.));
#8789 = DIRECTION('',(0.,0.,-1.));
#8790 = PCURVE('',#8409,#8791);
#8791 = DEFINITIONAL_REPRESENTATION('',(#8792),#8796);
#8792 = ( BOUNDED_CURVE() B_SPLINE_CURVE(2,(#8793,#8794,#8795),
.UNSPECIFIED.,.F.,.F.) B_SPLINE_CURVE_WITH_KNOTS((3,3),(-3.619168334749,
-3.590137877679),.PIECEWISE_BEZIER_KNOTS.) CURVE() 
GEOMETRIC_REPRESENTATION_ITEM() RATIONAL_B_SPLINE_CURVE((1.,
1.000105347779,1.)) REPRESENTATION_ITEM('') );
#8793 = CARTESIAN_POINT('',(13.2,-18.95979256003));
#8794 = CARTESIAN_POINT('',(13.605814278622,-18.55339470221));
#8795 = CARTESIAN_POINT('',(14.,-18.15860821176));
#8796 = ( GEOMETRIC_REPRESENTATION_CONTEXT(2) 
PARAMETRIC_REPRESENTATION_CONTEXT() REPRESENTATION_CONTEXT('2D SPACE',''
  ) );
#8797 = PCURVE('',#8435,#8798);
#8798 = DEFINITIONAL_REPRESENTATION('',(#8799),#8806);
#8799 = B_SPLINE_CURVE_WITH_KNOTS('',5,(#8800,#8801,#8802,#8803,#8804,
    #8805),.UNSPECIFIED.,.F.,.F.,(6,6),(-3.619168334749,-3.590137877679)
  ,.PIECEWISE_BEZIER_KNOTS.);
#8800 = CARTESIAN_POINT('',(-1.284686642781E-14,3.552713678801E-15));
#8801 = CARTESIAN_POINT('',(-3.110406114851E-04,-0.162337111524));
#8802 = CARTESIAN_POINT('',(-6.243353941365E-04,-0.323494348636));
#8803 = CARTESIAN_POINT('',(-9.39906067164E-04,-0.483483112368));
#8804 = CARTESIAN_POINT('',(-1.257774660912E-03,-0.642314638041));
#8805 = CARTESIAN_POINT('',(-1.577963525663E-03,-0.8));
#8806 = ( GEOMETRIC_REPRESENTATION_CONTEXT(2) 
PARAMETRIC_REPRESENTATION_CONTEXT() REPRESENTATION_CONTEXT('2D SPACE',''
  ) );
#8807 = ADVANCED_FACE('',(#8808),#8435,.T.);
#8808 = FACE_BOUND('',#8809,.T.);
#8809 = EDGE_LOOP('',(#8810,#8811,#8812,#8813));
#8810 = ORIENTED_EDGE('',*,*,#8783,.F.);
#8811 = ORIENTED_EDGE('',*,*,#8420,.T.);
#8812 = ORIENTED_EDGE('',*,*,#8473,.T.);
#8813 = ORIENTED_EDGE('',*,*,#8814,.F.);
#8814 = EDGE_CURVE('',#8713,#8474,#8815,.T.);
#8815 = SURFACE_CURVE('',#8816,(#8821,#8828),.PCURVE_S1.);
#8816 = CIRCLE('',#8817,27.2);
#8817 = AXIS2_PLACEMENT_3D('',#8818,#8819,#8820);
#8818 = CARTESIAN_POINT('',(0.,0.,14.));
#8819 = DIRECTION('',(0.,0.,1.));
#8820 = DIRECTION('',(-5.357142857142E-02,0.998564020001,0.));
#8821 = PCURVE('',#8435,#8822);
#8822 = DEFINITIONAL_REPRESENTATION('',(#8823),#8827);
#8823 = LINE('',#8824,#8825);
#8824 = CARTESIAN_POINT('',(-0.,-0.8));
#8825 = VECTOR('',#8826,1.);
#8826 = DIRECTION('',(-1.,-0.));
#8827 = ( GEOMETRIC_REPRESENTATION_CONTEXT(2) 
PARAMETRIC_REPRESENTATION_CONTEXT() REPRESENTATION_CONTEXT('2D SPACE',''
  ) );
#8828 = PCURVE('',#8537,#8829);
#8829 = DEFINITIONAL_REPRESENTATION('',(#8830),#8834);
#8830 = CIRCLE('',#8831,27.2);
#8831 = AXIS2_PLACEMENT_2D('',#8832,#8833);
#8832 = CARTESIAN_POINT('',(7.813943614511E-16,-1.9825737666E-15));
#8833 = DIRECTION('',(-5.357142857142E-02,0.998564020001));
#8834 = ( GEOMETRIC_REPRESENTATION_CONTEXT(2) 
PARAMETRIC_REPRESENTATION_CONTEXT() REPRESENTATION_CONTEXT('2D SPACE',''
  ) );
#8835 = ADVANCED_FACE('',(#8836),#8537,.T.);
#8836 = FACE_BOUND('',#8837,.T.);
#8837 = EDGE_LOOP('',(#8838,#8839,#8865,#8866,#8867));
#8838 = ORIENTED_EDGE('',*,*,#8630,.F.);
#8839 = ORIENTED_EDGE('',*,*,#8840,.T.);
#8840 = EDGE_CURVE('',#8631,#8711,#8841,.T.);
#8841 = SURFACE_CURVE('',#8842,(#8847,#8858),.PCURVE_S1.);
#8842 = CIRCLE('',#8843,15.8);
#8843 = AXIS2_PLACEMENT_3D('',#8844,#8845,#8846);
#8844 = CARTESIAN_POINT('',(0.,0.,14.));
#8845 = DIRECTION('',(0.,-0.,-1.));
#8846 = DIRECTION('',(1.E-01,0.994987437107,-0.));
#8847 = PCURVE('',#8537,#8848);
#8848 = DEFINITIONAL_REPRESENTATION('',(#8849),#8857);
#8849 = ( BOUNDED_CURVE() B_SPLINE_CURVE(2,(#8850,#8851,#8852,#8853,
#8854,#8855,#8856),.UNSPECIFIED.,.T.,.F.) B_SPLINE_CURVE_WITH_KNOTS((1,2
    ,2,2,2,1),(-2.094395102393,0.,2.094395102393,4.188790204786,
6.28318530718,8.377580409573),.UNSPECIFIED.) CURVE() 
GEOMETRIC_REPRESENTATION_ITEM() RATIONAL_B_SPLINE_CURVE((1.,0.5,1.,0.5,
1.,0.5,1.)) REPRESENTATION_ITEM('') );
#8850 = CARTESIAN_POINT('',(1.58,15.720801506285));
#8851 = CARTESIAN_POINT('',(28.80922694459,12.984161230326));
#8852 = CARTESIAN_POINT('',(12.824613472295,-9.228720891122));
#8853 = CARTESIAN_POINT('',(-3.16,-31.44160301256));
#8854 = CARTESIAN_POINT('',(-14.40461347229,-6.492080615163));
#8855 = CARTESIAN_POINT('',(-25.64922694459,18.457441782243));
#8856 = CARTESIAN_POINT('',(1.58,15.720801506285));
#8857 = ( GEOMETRIC_REPRESENTATION_CONTEXT(2) 
PARAMETRIC_REPRESENTATION_CONTEXT() REPRESENTATION_CONTEXT('2D SPACE',''
  ) );
#8858 = PCURVE('',#8670,#8859);
#8859 = DEFINITIONAL_REPRESENTATION('',(#8860),#8864);
#8860 = LINE('',#8861,#8862);
#8861 = CARTESIAN_POINT('',(-0.,0.8));
#8862 = VECTOR('',#8863,1.);
#8863 = DIRECTION('',(-1.,0.));
#8864 = ( GEOMETRIC_REPRESENTATION_CONTEXT(2) 
PARAMETRIC_REPRESENTATION_CONTEXT() REPRESENTATION_CONTEXT('2D SPACE',''
  ) );
#8865 = ORIENTED_EDGE('',*,*,#8710,.T.);
#8866 = ORIENTED_EDGE('',*,*,#8814,.T.);
#8867 = ORIENTED_EDGE('',*,*,#8522,.T.);
#8868 = ADVANCED_FACE('',(#8869),#8594,.F.);
#8869 = FACE_BOUND('',#8870,.T.);
#8870 = EDGE_LOOP('',(#8871,#8872,#8873,#8874));
#8871 = ORIENTED_EDGE('',*,*,#8685,.T.);
#8872 = ORIENTED_EDGE('',*,*,#8577,.F.);
#8873 = ORIENTED_EDGE('',*,*,#8762,.F.);
#8874 = ORIENTED_EDGE('',*,*,#8875,.F.);
#8875 = EDGE_CURVE('',#8654,#8736,#8876,.T.);
#8876 = SURFACE_CURVE('',#8877,(#8882,#8889),.PCURVE_S1.);
#8877 = CIRCLE('',#8878,15.);
#8878 = AXIS2_PLACEMENT_3D('',#8879,#8880,#8881);
#8879 = CARTESIAN_POINT('',(0.,0.,13.2));
#8880 = DIRECTION('',(0.,-0.,-1.));
#8881 = DIRECTION('',(1.E-01,0.994987437107,-0.));
#8882 = PCURVE('',#8594,#8883);
#8883 = DEFINITIONAL_REPRESENTATION('',(#8884),#8888);
#8884 = LINE('',#8885,#8886);
#8885 = CARTESIAN_POINT('',(-7.753814212813,-55.2000002));
#8886 = VECTOR('',#8887,1.);
#8887 = DIRECTION('',(1.,-0.));
#8888 = ( GEOMETRIC_REPRESENTATION_CONTEXT(2) 
PARAMETRIC_REPRESENTATION_CONTEXT() REPRESENTATION_CONTEXT('2D SPACE',''
  ) );
#8889 = PCURVE('',#8670,#8890);
#8890 = DEFINITIONAL_REPRESENTATION('',(#8891),#8895);
#8891 = LINE('',#8892,#8893);
#8892 = CARTESIAN_POINT('',(-0.,0.));
#8893 = VECTOR('',#8894,1.);
#8894 = DIRECTION('',(-1.,0.));
#8895 = ( GEOMETRIC_REPRESENTATION_CONTEXT(2) 
PARAMETRIC_REPRESENTATION_CONTEXT() REPRESENTATION_CONTEXT('2D SPACE',''
  ) );
#8896 = ADVANCED_FACE('',(#8897),#8670,.F.);
#8897 = FACE_BOUND('',#8898,.T.);
#8898 = EDGE_LOOP('',(#8899,#8900,#8901,#8902));
#8899 = ORIENTED_EDGE('',*,*,#8653,.F.);
#8900 = ORIENTED_EDGE('',*,*,#8875,.T.);
#8901 = ORIENTED_EDGE('',*,*,#8735,.T.);
#8902 = ORIENTED_EDGE('',*,*,#8840,.F.);
#8903 = ( GEOMETRIC_REPRESENTATION_CONTEXT(3) 
GLOBAL_UNCERTAINTY_ASSIGNED_CONTEXT((#8907)) 
GLOBAL_UNIT_ASSIGNED_CONTEXT((#8904,#8905,#8906)) REPRESENTATION_CONTEXT
('Context #1','3D Context with UNIT and UNCERTAINTY') );
#8904 = ( LENGTH_UNIT() NAMED_UNIT(*) SI_UNIT(.MILLI.,.METRE.) );
#8905 = ( NAMED_UNIT(*) PLANE_ANGLE_UNIT() SI_UNIT($,.RADIAN.) );
#8906 = ( NAMED_UNIT(*) SI_UNIT($,.STERADIAN.) SOLID_ANGLE_UNIT() );
#8907 = UNCERTAINTY_MEASURE_WITH_UNIT(LENGTH_MEASURE(1.E-07),#8904,
  'distance_accuracy_value','confusion accuracy');
#8908 = CONTEXT_DEPENDENT_SHAPE_REPRESENTATION(#8909,#8911);
#8909 = ( REPRESENTATION_RELATIONSHIP('','',#8265,#10) 
REPRESENTATION_RELATIONSHIP_WITH_TRANSFORMATION(#8910) 
SHAPE_REPRESENTATION_RELATIONSHIP() );
#8910 = ITEM_DEFINED_TRANSFORMATION('','',#11,#31);
#8911 = PRODUCT_DEFINITION_SHAPE('Placement','Placement of an item',
  #8912);
#8912 = NEXT_ASSEMBLY_USAGE_OCCURRENCE('21','','',#5,#8260,$);
#8913 = PRODUCT_RELATED_PRODUCT_CATEGORY('part',$,(#8262));
#8914 = SHAPE_DEFINITION_REPRESENTATION(#8915,#8921);
#8915 = PRODUCT_DEFINITION_SHAPE('','',#8916);
#8916 = PRODUCT_DEFINITION('design','',#8917,#8920);
#8917 = PRODUCT_DEFINITION_FORMATION('','',#8918);
#8918 = PRODUCT('Open CASCADE STEP translator 7.9 12.6',
  'Open CASCADE STEP translator 7.9 12.6','',(#8919));
#8919 = PRODUCT_CONTEXT('',#2,'mechanical');
#8920 = PRODUCT_DEFINITION_CONTEXT('part definition',#2,'design');
#8921 = ADVANCED_BREP_SHAPE_REPRESENTATION('',(#11,#8922),#9559);
#8922 = MANIFOLD_SOLID_BREP('',#8923);
#8923 = CLOSED_SHELL('',(#8924,#9044,#9125,#9204,#9282,#9362,#9463,#9491
    ,#9524,#9552));
#8924 = ADVANCED_FACE('',(#8925),#8939,.T.);
#8925 = FACE_BOUND('',#8926,.F.);
#8926 = EDGE_LOOP('',(#8927,#8962,#8991,#9017));
#8927 = ORIENTED_EDGE('',*,*,#8928,.T.);
#8928 = EDGE_CURVE('',#8929,#8931,#8933,.T.);
#8929 = VERTEX_POINT('',#8930);
#8930 = CARTESIAN_POINT('',(28.,0.,0.));
#8931 = VERTEX_POINT('',#8932);
#8932 = CARTESIAN_POINT('',(28.,-6.661338147751E-16,13.2));
#8933 = SURFACE_CURVE('',#8934,(#8938,#8950),.PCURVE_S1.);
#8934 = LINE('',#8935,#8936);
#8935 = CARTESIAN_POINT('',(28.,0.,0.));
#8936 = VECTOR('',#8937,1.);
#8937 = DIRECTION('',(0.,0.,1.));
#8938 = PCURVE('',#8939,#8944);
#8939 = CYLINDRICAL_SURFACE('',#8940,28.);
#8940 = AXIS2_PLACEMENT_3D('',#8941,#8942,#8943);
#8941 = CARTESIAN_POINT('',(0.,0.,0.));
#8942 = DIRECTION('',(-0.,-0.,-1.));
#8943 = DIRECTION('',(1.,0.,0.));
#8944 = DEFINITIONAL_REPRESENTATION('',(#8945),#8949);
#8945 = LINE('',#8946,#8947);
#8946 = CARTESIAN_POINT('',(-0.,0.));
#8947 = VECTOR('',#8948,1.);
#8948 = DIRECTION('',(-0.,-1.));
#8949 = ( GEOMETRIC_REPRESENTATION_CONTEXT(2) 
PARAMETRIC_REPRESENTATION_CONTEXT() REPRESENTATION_CONTEXT('2D SPACE',''
  ) );
#8950 = PCURVE('',#8951,#8956);
#8951 = CYLINDRICAL_SURFACE('',#8952,28.);
#8952 = AXIS2_PLACEMENT_3D('',#8953,#8954,#8955);
#8953 = CARTESIAN_POINT('',(0.,0.,0.));
#8954 = DIRECTION('',(-0.,-0.,-1.));
#8955 = DIRECTION('',(1.,0.,0.));
#8956 = DEFINITIONAL_REPRESENTATION('',(#8957),#8961);
#8957 = LINE('',#8958,#8959);
#8958 = CARTESIAN_POINT('',(-6.28318530718,0.));
#8959 = VECTOR('',#8960,1.);
#8960 = DIRECTION('',(-0.,-1.));
#8961 = ( GEOMETRIC_REPRESENTATION_CONTEXT(2) 
PARAMETRIC_REPRESENTATION_CONTEXT() REPRESENTATION_CONTEXT('2D SPACE',''
  ) );
#8962 = ORIENTED_EDGE('',*,*,#8963,.T.);
#8963 = EDGE_CURVE('',#8931,#8964,#8966,.T.);
#8964 = VERTEX_POINT('',#8965);
#8965 = CARTESIAN_POINT('',(1.5,27.959792560032,13.2));
#8966 = SURFACE_CURVE('',#8967,(#8972,#8979),.PCURVE_S1.);
#8967 = CIRCLE('',#8968,28.);
#8968 = AXIS2_PLACEMENT_3D('',#8969,#8970,#8971);
#8969 = CARTESIAN_POINT('',(0.,0.,13.2));
#8970 = DIRECTION('',(0.,0.,1.));
#8971 = DIRECTION('',(1.,0.,-0.));
#8972 = PCURVE('',#8939,#8973);
#8973 = DEFINITIONAL_REPRESENTATION('',(#8974),#8978);
#8974 = LINE('',#8975,#8976);
#8975 = CARTESIAN_POINT('',(-0.,-13.2));
#8976 = VECTOR('',#8977,1.);
#8977 = DIRECTION('',(-1.,0.));
#8978 = ( GEOMETRIC_REPRESENTATION_CONTEXT(2) 
PARAMETRIC_REPRESENTATION_CONTEXT() REPRESENTATION_CONTEXT('2D SPACE',''
  ) );
#8979 = PCURVE('',#8980,#8985);
#8980 = CONICAL_SURFACE('',#8981,28.,0.785398163397);
#8981 = AXIS2_PLACEMENT_3D('',#8982,#8983,#8984);
#8982 = CARTESIAN_POINT('',(0.,0.,13.2));
#8983 = DIRECTION('',(-0.,-0.,-1.));
#8984 = DIRECTION('',(1.,0.,0.));
#8985 = DEFINITIONAL_REPRESENTATION('',(#8986),#8990);
#8986 = LINE('',#8987,#8988);
#8987 = CARTESIAN_POINT('',(-0.,-0.));
#8988 = VECTOR('',#8989,1.);
#8989 = DIRECTION('',(-1.,-0.));
#8990 = ( GEOMETRIC_REPRESENTATION_CONTEXT(2) 
PARAMETRIC_REPRESENTATION_CONTEXT() REPRESENTATION_CONTEXT('2D SPACE',''
  ) );
#8991 = ORIENTED_EDGE('',*,*,#8992,.T.);
#8992 = EDGE_CURVE('',#8964,#8993,#8995,.T.);
#8993 = VERTEX_POINT('',#8994);
#8994 = CARTESIAN_POINT('',(1.5,27.959792560032,0.));
#8995 = SURFACE_CURVE('',#8996,(#9000,#9006),.PCURVE_S1.);
#8996 = LINE('',#8997,#8998);
#8997 = CARTESIAN_POINT('',(1.5,27.959792560032,0.));
#8998 = VECTOR('',#8999,1.);
#8999 = DIRECTION('',(-0.,-0.,-1.));
#9000 = PCURVE('',#8939,#9001);
#9001 = DEFINITIONAL_REPRESENTATION('',(#9002),#9005);
#9002 = B_SPLINE_CURVE_WITH_KNOTS('',1,(#9003,#9004),.UNSPECIFIED.,.F.,
  .F.,(2,2),(-14.0000006,6.E-07),.PIECEWISE_BEZIER_KNOTS.);
#9003 = CARTESIAN_POINT('',(-1.517199240986,-14.0000006));
#9004 = CARTESIAN_POINT('',(-1.517199240986,6.E-07));
#9005 = ( GEOMETRIC_REPRESENTATION_CONTEXT(2) 
PARAMETRIC_REPRESENTATION_CONTEXT() REPRESENTATION_CONTEXT('2D SPACE',''
  ) );
#9006 = PCURVE('',#9007,#9012);
#9007 = PLANE('',#9008);
#9008 = AXIS2_PLACEMENT_3D('',#9009,#9010,#9011);
#9009 = CARTESIAN_POINT('',(1.5,9.,0.));
#9010 = DIRECTION('',(1.,0.,0.));
#9011 = DIRECTION('',(0.,0.,1.));
#9012 = DEFINITIONAL_REPRESENTATION('',(#9013),#9016);
#9013 = B_SPLINE_CURVE_WITH_KNOTS('',1,(#9014,#9015),.UNSPECIFIED.,.F.,
  .F.,(2,2),(-14.0000006,6.E-07),.PIECEWISE_BEZIER_KNOTS.);
#9014 = CARTESIAN_POINT('',(14.0000006,-18.95979256003));
#9015 = CARTESIAN_POINT('',(-6.E-07,-18.95979256003));
#9016 = ( GEOMETRIC_REPRESENTATION_CONTEXT(2) 
PARAMETRIC_REPRESENTATION_CONTEXT() REPRESENTATION_CONTEXT('2D SPACE',''
  ) );
#9017 = ORIENTED_EDGE('',*,*,#9018,.F.);
#9018 = EDGE_CURVE('',#8929,#8993,#9019,.T.);
#9019 = SURFACE_CURVE('',#9020,(#9025,#9032),.PCURVE_S1.);
#9020 = CIRCLE('',#9021,28.);
#9021 = AXIS2_PLACEMENT_3D('',#9022,#9023,#9024);
#9022 = CARTESIAN_POINT('',(0.,0.,0.));
#9023 = DIRECTION('',(0.,0.,1.));
#9024 = DIRECTION('',(1.,0.,0.));
#9025 = PCURVE('',#8939,#9026);
#9026 = DEFINITIONAL_REPRESENTATION('',(#9027),#9031);
#9027 = LINE('',#9028,#9029);
#9028 = CARTESIAN_POINT('',(-0.,0.));
#9029 = VECTOR('',#9030,1.);
#9030 = DIRECTION('',(-1.,0.));
#9031 = ( GEOMETRIC_REPRESENTATION_CONTEXT(2) 
PARAMETRIC_REPRESENTATION_CONTEXT() REPRESENTATION_CONTEXT('2D SPACE',''
  ) );
#9032 = PCURVE('',#9033,#9038);
#9033 = PLANE('',#9034);
#9034 = AXIS2_PLACEMENT_3D('',#9035,#9036,#9037);
#9035 = CARTESIAN_POINT('',(-7.813943614511E-16,1.9825737666E-15,0.));
#9036 = DIRECTION('',(0.,0.,1.));
#9037 = DIRECTION('',(1.,0.,-0.));
#9038 = DEFINITIONAL_REPRESENTATION('',(#9039),#9043);
#9039 = CIRCLE('',#9040,28.);
#9040 = AXIS2_PLACEMENT_2D('',#9041,#9042);
#9041 = CARTESIAN_POINT('',(7.813943614511E-16,-1.9825737666E-15));
#9042 = DIRECTION('',(1.,0.));
#9043 = ( GEOMETRIC_REPRESENTATION_CONTEXT(2) 
PARAMETRIC_REPRESENTATION_CONTEXT() REPRESENTATION_CONTEXT('2D SPACE',''
  ) );
#9044 = ADVANCED_FACE('',(#9045),#8951,.T.);
#9045 = FACE_BOUND('',#9046,.F.);
#9046 = EDGE_LOOP('',(#9047,#9075,#9102,#9103));
#9047 = ORIENTED_EDGE('',*,*,#9048,.F.);
#9048 = EDGE_CURVE('',#9049,#9051,#9053,.T.);
#9049 = VERTEX_POINT('',#9050);
#9050 = CARTESIAN_POINT('',(-1.5,27.959792560032,13.2));
#9051 = VERTEX_POINT('',#9052);
#9052 = CARTESIAN_POINT('',(-1.5,27.959792560032,0.));
#9053 = SURFACE_CURVE('',#9054,(#9058,#9064),.PCURVE_S1.);
#9054 = LINE('',#9055,#9056);
#9055 = CARTESIAN_POINT('',(-1.5,27.959792560032,0.));
#9056 = VECTOR('',#9057,1.);
#9057 = DIRECTION('',(-0.,-0.,-1.));
#9058 = PCURVE('',#8951,#9059);
#9059 = DEFINITIONAL_REPRESENTATION('',(#9060),#9063);
#9060 = B_SPLINE_CURVE_WITH_KNOTS('',1,(#9061,#9062),.UNSPECIFIED.,.F.,
  .F.,(2,2),(-14.0000006,6.E-07),.PIECEWISE_BEZIER_KNOTS.);
#9061 = CARTESIAN_POINT('',(-1.624393412604,-14.0000006));
#9062 = CARTESIAN_POINT('',(-1.624393412604,6.E-07));
#9063 = ( GEOMETRIC_REPRESENTATION_CONTEXT(2) 
PARAMETRIC_REPRESENTATION_CONTEXT() REPRESENTATION_CONTEXT('2D SPACE',''
  ) );
#9064 = PCURVE('',#9065,#9070);
#9065 = PLANE('',#9066);
#9066 = AXIS2_PLACEMENT_3D('',#9067,#9068,#9069);
#9067 = CARTESIAN_POINT('',(-1.5,9.,0.));
#9068 = DIRECTION('',(1.,0.,0.));
#9069 = DIRECTION('',(0.,0.,1.));
#9070 = DEFINITIONAL_REPRESENTATION('',(#9071),#9074);
#9071 = B_SPLINE_CURVE_WITH_KNOTS('',1,(#9072,#9073),.UNSPECIFIED.,.F.,
  .F.,(2,2),(-14.0000006,6.E-07),.PIECEWISE_BEZIER_KNOTS.);
#9072 = CARTESIAN_POINT('',(14.0000006,-18.95979256003));
#9073 = CARTESIAN_POINT('',(-6.E-07,-18.95979256003));
#9074 = ( GEOMETRIC_REPRESENTATION_CONTEXT(2) 
PARAMETRIC_REPRESENTATION_CONTEXT() REPRESENTATION_CONTEXT('2D SPACE',''
  ) );
#9075 = ORIENTED_EDGE('',*,*,#9076,.T.);
#9076 = EDGE_CURVE('',#9049,#8931,#9077,.T.);
#9077 = SURFACE_CURVE('',#9078,(#9083,#9090),.PCURVE_S1.);
#9078 = CIRCLE('',#9079,28.);
#9079 = AXIS2_PLACEMENT_3D('',#9080,#9081,#9082);
#9080 = CARTESIAN_POINT('',(0.,0.,13.2));
#9081 = DIRECTION('',(0.,0.,1.));
#9082 = DIRECTION('',(-5.357142857142E-02,0.998564020001,0.));
#9083 = PCURVE('',#8951,#9084);
#9084 = DEFINITIONAL_REPRESENTATION('',(#9085),#9089);
#9085 = LINE('',#9086,#9087);
#9086 = CARTESIAN_POINT('',(-1.624393412604,-13.2));
#9087 = VECTOR('',#9088,1.);
#9088 = DIRECTION('',(-1.,0.));
#9089 = ( GEOMETRIC_REPRESENTATION_CONTEXT(2) 
PARAMETRIC_REPRESENTATION_CONTEXT() REPRESENTATION_CONTEXT('2D SPACE',''
  ) );
#9090 = PCURVE('',#9091,#9096);
#9091 = CONICAL_SURFACE('',#9092,28.,0.785398163397);
#9092 = AXIS2_PLACEMENT_3D('',#9093,#9094,#9095);
#9093 = CARTESIAN_POINT('',(0.,0.,13.2));
#9094 = DIRECTION('',(-0.,-0.,-1.));
#9095 = DIRECTION('',(-5.357142857142E-02,0.998564020001,0.));
#9096 = DEFINITIONAL_REPRESENTATION('',(#9097),#9101);
#9097 = LINE('',#9098,#9099);
#9098 = CARTESIAN_POINT('',(-0.,-0.));
#9099 = VECTOR('',#9100,1.);
#9100 = DIRECTION('',(-1.,-0.));
#9101 = ( GEOMETRIC_REPRESENTATION_CONTEXT(2) 
PARAMETRIC_REPRESENTATION_CONTEXT() REPRESENTATION_CONTEXT('2D SPACE',''
  ) );
#9102 = ORIENTED_EDGE('',*,*,#8928,.F.);
#9103 = ORIENTED_EDGE('',*,*,#9104,.F.);
#9104 = EDGE_CURVE('',#9051,#8929,#9105,.T.);
#9105 = SURFACE_CURVE('',#9106,(#9111,#9118),.PCURVE_S1.);
#9106 = CIRCLE('',#9107,28.);
#9107 = AXIS2_PLACEMENT_3D('',#9108,#9109,#9110);
#9108 = CARTESIAN_POINT('',(0.,0.,0.));
#9109 = DIRECTION('',(0.,0.,1.));
#9110 = DIRECTION('',(1.,0.,0.));
#9111 = PCURVE('',#8951,#9112);
#9112 = DEFINITIONAL_REPRESENTATION('',(#9113),#9117);
#9113 = LINE('',#9114,#9115);
#9114 = CARTESIAN_POINT('',(-0.,0.));
#9115 = VECTOR('',#9116,1.);
#9116 = DIRECTION('',(-1.,0.));
#9117 = ( GEOMETRIC_REPRESENTATION_CONTEXT(2) 
PARAMETRIC_REPRESENTATION_CONTEXT() REPRESENTATION_CONTEXT('2D SPACE',''
  ) );
#9118 = PCURVE('',#9033,#9119);
#9119 = DEFINITIONAL_REPRESENTATION('',(#9120),#9124);
#9120 = CIRCLE('',#9121,28.);
#9121 = AXIS2_PLACEMENT_2D('',#9122,#9123);
#9122 = CARTESIAN_POINT('',(7.813943614511E-16,-1.9825737666E-15));
#9123 = DIRECTION('',(1.,0.));
#9124 = ( GEOMETRIC_REPRESENTATION_CONTEXT(2) 
PARAMETRIC_REPRESENTATION_CONTEXT() REPRESENTATION_CONTEXT('2D SPACE',''
  ) );
#9125 = ADVANCED_FACE('',(#9126),#8980,.T.);
#9126 = FACE_BOUND('',#9127,.T.);
#9127 = EDGE_LOOP('',(#9128,#9149,#9150,#9177));
#9128 = ORIENTED_EDGE('',*,*,#9129,.F.);
#9129 = EDGE_CURVE('',#8931,#9130,#9132,.T.);
#9130 = VERTEX_POINT('',#9131);
#9131 = CARTESIAN_POINT('',(27.2,-6.661338147751E-16,14.));
#9132 = SURFACE_CURVE('',#9133,(#9137,#9143),.PCURVE_S1.);
#9133 = LINE('',#9134,#9135);
#9134 = CARTESIAN_POINT('',(28.,-6.661338147751E-16,13.2));
#9135 = VECTOR('',#9136,1.);
#9136 = DIRECTION('',(-0.707106781187,2.081668171172E-17,0.707106781187)
  );
#9137 = PCURVE('',#8980,#9138);
#9138 = DEFINITIONAL_REPRESENTATION('',(#9139),#9142);
#9139 = B_SPLINE_CURVE_WITH_KNOTS('',1,(#9140,#9141),.UNSPECIFIED.,.F.,
  .F.,(2,2),(0.,1.131370849898),.PIECEWISE_BEZIER_KNOTS.);
#9140 = CARTESIAN_POINT('',(0.,0.));
#9141 = CARTESIAN_POINT('',(0.,-0.8));
#9142 = ( GEOMETRIC_REPRESENTATION_CONTEXT(2) 
PARAMETRIC_REPRESENTATION_CONTEXT() REPRESENTATION_CONTEXT('2D SPACE',''
  ) );
#9143 = PCURVE('',#9091,#9144);
#9144 = DEFINITIONAL_REPRESENTATION('',(#9145),#9148);
#9145 = B_SPLINE_CURVE_WITH_KNOTS('',1,(#9146,#9147),.UNSPECIFIED.,.F.,
  .F.,(2,2),(0.,1.131370849898),.PIECEWISE_BEZIER_KNOTS.);
#9146 = CARTESIAN_POINT('',(-4.658791894575,0.));
#9147 = CARTESIAN_POINT('',(-4.658791894575,-0.8));
#9148 = ( GEOMETRIC_REPRESENTATION_CONTEXT(2) 
PARAMETRIC_REPRESENTATION_CONTEXT() REPRESENTATION_CONTEXT('2D SPACE',''
  ) );
#9149 = ORIENTED_EDGE('',*,*,#8963,.T.);
#9150 = ORIENTED_EDGE('',*,*,#9151,.T.);
#9151 = EDGE_CURVE('',#8964,#9152,#9154,.T.);
#9152 = VERTEX_POINT('',#9153);
#9153 = CARTESIAN_POINT('',(1.5,27.158608211762,14.));
#9154 = SURFACE_CURVE('',#9155,(#9160,#9170),.PCURVE_S1.);
#9155 = HYPERBOLA('',#9156,1.5,1.5);
#9156 = AXIS2_PLACEMENT_3D('',#9157,#9158,#9159);
#9157 = CARTESIAN_POINT('',(1.5,0.,41.2));
#9158 = DIRECTION('',(-1.,-0.,-0.));
#9159 = DIRECTION('',(0.,0.,-1.));
#9160 = PCURVE('',#8980,#9161);
#9161 = DEFINITIONAL_REPRESENTATION('',(#9162),#9169);
#9162 = B_SPLINE_CURVE_WITH_KNOTS('',5,(#9163,#9164,#9165,#9166,#9167,
    #9168),.UNSPECIFIED.,.F.,.F.,(6,6),(-3.619168334749,-3.590137877679)
  ,.PIECEWISE_BEZIER_KNOTS.);
#9163 = CARTESIAN_POINT('',(-1.517199240986,1.7763568394E-15));
#9164 = CARTESIAN_POINT('',(-1.516888200374,-0.162337111524));
#9165 = CARTESIAN_POINT('',(-1.516574905591,-0.323494348636));
#9166 = CARTESIAN_POINT('',(-1.516259334918,-0.483483112368));
#9167 = CARTESIAN_POINT('',(-1.515941466325,-0.642314638041));
#9168 = CARTESIAN_POINT('',(-1.51562127746,-0.8));
#9169 = ( GEOMETRIC_REPRESENTATION_CONTEXT(2) 
PARAMETRIC_REPRESENTATION_CONTEXT() REPRESENTATION_CONTEXT('2D SPACE',''
  ) );
#9170 = PCURVE('',#9007,#9171);
#9171 = DEFINITIONAL_REPRESENTATION('',(#9172),#9176);
#9172 = ( BOUNDED_CURVE() B_SPLINE_CURVE(2,(#9173,#9174,#9175),
.UNSPECIFIED.,.F.,.F.) B_SPLINE_CURVE_WITH_KNOTS((3,3),(-3.619168334749,
-3.590137877679),.PIECEWISE_BEZIER_KNOTS.) CURVE() 
GEOMETRIC_REPRESENTATION_ITEM() RATIONAL_B_SPLINE_CURVE((1.,
1.000105347779,1.)) REPRESENTATION_ITEM('') );
#9173 = CARTESIAN_POINT('',(13.2,-18.95979256003));
#9174 = CARTESIAN_POINT('',(13.605814278622,-18.55339470221));
#9175 = CARTESIAN_POINT('',(14.,-18.15860821176));
#9176 = ( GEOMETRIC_REPRESENTATION_CONTEXT(2) 
PARAMETRIC_REPRESENTATION_CONTEXT() REPRESENTATION_CONTEXT('2D SPACE',''
  ) );
#9177 = ORIENTED_EDGE('',*,*,#9178,.F.);
#9178 = EDGE_CURVE('',#9130,#9152,#9179,.T.);
#9179 = SURFACE_CURVE('',#9180,(#9185,#9192),.PCURVE_S1.);
#9180 = CIRCLE('',#9181,27.2);
#9181 = AXIS2_PLACEMENT_3D('',#9182,#9183,#9184);
#9182 = CARTESIAN_POINT('',(0.,0.,14.));
#9183 = DIRECTION('',(0.,0.,1.));
#9184 = DIRECTION('',(1.,0.,-0.));
#9185 = PCURVE('',#8980,#9186);
#9186 = DEFINITIONAL_REPRESENTATION('',(#9187),#9191);
#9187 = LINE('',#9188,#9189);
#9188 = CARTESIAN_POINT('',(-0.,-0.8));
#9189 = VECTOR('',#9190,1.);
#9190 = DIRECTION('',(-1.,-0.));
#9191 = ( GEOMETRIC_REPRESENTATION_CONTEXT(2) 
PARAMETRIC_REPRESENTATION_CONTEXT() REPRESENTATION_CONTEXT('2D SPACE',''
  ) );
#9192 = PCURVE('',#9193,#9198);
#9193 = PLANE('',#9194);
#9194 = AXIS2_PLACEMENT_3D('',#9195,#9196,#9197);
#9195 = CARTESIAN_POINT('',(-7.813943614511E-16,1.9825737666E-15,14.));
#9196 = DIRECTION('',(0.,0.,1.));
#9197 = DIRECTION('',(1.,0.,-0.));
#9198 = DEFINITIONAL_REPRESENTATION('',(#9199),#9203);
#9199 = CIRCLE('',#9200,27.2);
#9200 = AXIS2_PLACEMENT_2D('',#9201,#9202);
#9201 = CARTESIAN_POINT('',(7.813943614511E-16,-1.9825737666E-15));
#9202 = DIRECTION('',(1.,0.));
#9203 = ( GEOMETRIC_REPRESENTATION_CONTEXT(2) 
PARAMETRIC_REPRESENTATION_CONTEXT() REPRESENTATION_CONTEXT('2D SPACE',''
  ) );
#9204 = ADVANCED_FACE('',(#9205),#9033,.F.);
#9205 = FACE_BOUND('',#9206,.F.);
#9206 = EDGE_LOOP('',(#9207,#9208,#9209,#9232,#9261));
#9207 = ORIENTED_EDGE('',*,*,#9104,.T.);
#9208 = ORIENTED_EDGE('',*,*,#9018,.T.);
#9209 = ORIENTED_EDGE('',*,*,#9210,.F.);
#9210 = EDGE_CURVE('',#9211,#8993,#9213,.T.);
#9211 = VERTEX_POINT('',#9212);
#9212 = CARTESIAN_POINT('',(1.5,14.924811556599,0.));
#9213 = SURFACE_CURVE('',#9214,(#9218,#9225),.PCURVE_S1.);
#9214 = LINE('',#9215,#9216);
#9215 = CARTESIAN_POINT('',(1.5,9.,0.));
#9216 = VECTOR('',#9217,1.);
#9217 = DIRECTION('',(0.,1.,0.));
#9218 = PCURVE('',#9033,#9219);
#9219 = DEFINITIONAL_REPRESENTATION('',(#9220),#9224);
#9220 = LINE('',#9221,#9222);
#9221 = CARTESIAN_POINT('',(1.5,9.));
#9222 = VECTOR('',#9223,1.);
#9223 = DIRECTION('',(0.,1.));
#9224 = ( GEOMETRIC_REPRESENTATION_CONTEXT(2) 
PARAMETRIC_REPRESENTATION_CONTEXT() REPRESENTATION_CONTEXT('2D SPACE',''
  ) );
#9225 = PCURVE('',#9007,#9226);
#9226 = DEFINITIONAL_REPRESENTATION('',(#9227),#9231);
#9227 = LINE('',#9228,#9229);
#9228 = CARTESIAN_POINT('',(0.,0.));
#9229 = VECTOR('',#9230,1.);
#9230 = DIRECTION('',(0.,-1.));
#9231 = ( GEOMETRIC_REPRESENTATION_CONTEXT(2) 
PARAMETRIC_REPRESENTATION_CONTEXT() REPRESENTATION_CONTEXT('2D SPACE',''
  ) );
#9232 = ORIENTED_EDGE('',*,*,#9233,.F.);
#9233 = EDGE_CURVE('',#9234,#9211,#9236,.T.);
#9234 = VERTEX_POINT('',#9235);
#9235 = CARTESIAN_POINT('',(-1.5,14.924811556599,0.));
#9236 = SURFACE_CURVE('',#9237,(#9242,#9249),.PCURVE_S1.);
#9237 = CIRCLE('',#9238,15.);
#9238 = AXIS2_PLACEMENT_3D('',#9239,#9240,#9241);
#9239 = CARTESIAN_POINT('',(-4.281471244817E-16,-1.7763568394E-15,0.));
#9240 = DIRECTION('',(0.,0.,1.));
#9241 = DIRECTION('',(-9.999999999999E-02,0.994987437107,0.));
#9242 = PCURVE('',#9033,#9243);
#9243 = DEFINITIONAL_REPRESENTATION('',(#9244),#9248);
#9244 = CIRCLE('',#9245,15.);
#9245 = AXIS2_PLACEMENT_2D('',#9246,#9247);
#9246 = CARTESIAN_POINT('',(3.532472369694E-16,-3.758930606E-15));
#9247 = DIRECTION('',(-9.999999999999E-02,0.994987437107));
#9248 = ( GEOMETRIC_REPRESENTATION_CONTEXT(2) 
PARAMETRIC_REPRESENTATION_CONTEXT() REPRESENTATION_CONTEXT('2D SPACE',''
  ) );
#9249 = PCURVE('',#9250,#9255);
#9250 = CYLINDRICAL_SURFACE('',#9251,15.);
#9251 = AXIS2_PLACEMENT_3D('',#9252,#9253,#9254);
#9252 = CARTESIAN_POINT('',(0.,0.,-42.0000002));
#9253 = DIRECTION('',(-0.,-0.,-1.));
#9254 = DIRECTION('',(1.,0.,0.));
#9255 = DEFINITIONAL_REPRESENTATION('',(#9256),#9260);
#9256 = LINE('',#9257,#9258);
#9257 = CARTESIAN_POINT('',(-1.670963747956,-42.0000002));
#9258 = VECTOR('',#9259,1.);
#9259 = DIRECTION('',(-1.,-0.));
#9260 = ( GEOMETRIC_REPRESENTATION_CONTEXT(2) 
PARAMETRIC_REPRESENTATION_CONTEXT() REPRESENTATION_CONTEXT('2D SPACE',''
  ) );
#9261 = ORIENTED_EDGE('',*,*,#9262,.T.);
#9262 = EDGE_CURVE('',#9234,#9051,#9263,.T.);
#9263 = SURFACE_CURVE('',#9264,(#9268,#9275),.PCURVE_S1.);
#9264 = LINE('',#9265,#9266);
#9265 = CARTESIAN_POINT('',(-1.5,9.,0.));
#9266 = VECTOR('',#9267,1.);
#9267 = DIRECTION('',(0.,1.,0.));
#9268 = PCURVE('',#9033,#9269);
#9269 = DEFINITIONAL_REPRESENTATION('',(#9270),#9274);
#9270 = LINE('',#9271,#9272);
#9271 = CARTESIAN_POINT('',(-1.5,9.));
#9272 = VECTOR('',#9273,1.);
#9273 = DIRECTION('',(0.,1.));
#9274 = ( GEOMETRIC_REPRESENTATION_CONTEXT(2) 
PARAMETRIC_REPRESENTATION_CONTEXT() REPRESENTATION_CONTEXT('2D SPACE',''
  ) );
#9275 = PCURVE('',#9065,#9276);
#9276 = DEFINITIONAL_REPRESENTATION('',(#9277),#9281);
#9277 = LINE('',#9278,#9279);
#9278 = CARTESIAN_POINT('',(0.,0.));
#9279 = VECTOR('',#9280,1.);
#9280 = DIRECTION('',(0.,-1.));
#9281 = ( GEOMETRIC_REPRESENTATION_CONTEXT(2) 
PARAMETRIC_REPRESENTATION_CONTEXT() REPRESENTATION_CONTEXT('2D SPACE',''
  ) );
#9282 = ADVANCED_FACE('',(#9283),#9007,.F.);
#9283 = FACE_BOUND('',#9284,.F.);
#9284 = EDGE_LOOP('',(#9285,#9308,#9340,#9359,#9360,#9361));
#9285 = ORIENTED_EDGE('',*,*,#9286,.F.);
#9286 = EDGE_CURVE('',#9287,#9152,#9289,.T.);
#9287 = VERTEX_POINT('',#9288);
#9288 = CARTESIAN_POINT('',(1.5,15.728636304524,14.));
#9289 = SURFACE_CURVE('',#9290,(#9294,#9301),.PCURVE_S1.);
#9290 = LINE('',#9291,#9292);
#9291 = CARTESIAN_POINT('',(1.5,9.,14.));
#9292 = VECTOR('',#9293,1.);
#9293 = DIRECTION('',(0.,1.,0.));
#9294 = PCURVE('',#9007,#9295);
#9295 = DEFINITIONAL_REPRESENTATION('',(#9296),#9300);
#9296 = LINE('',#9297,#9298);
#9297 = CARTESIAN_POINT('',(14.,0.));
#9298 = VECTOR('',#9299,1.);
#9299 = DIRECTION('',(0.,-1.));
#9300 = ( GEOMETRIC_REPRESENTATION_CONTEXT(2) 
PARAMETRIC_REPRESENTATION_CONTEXT() REPRESENTATION_CONTEXT('2D SPACE',''
  ) );
#9301 = PCURVE('',#9193,#9302);
#9302 = DEFINITIONAL_REPRESENTATION('',(#9303),#9307);
#9303 = LINE('',#9304,#9305);
#9304 = CARTESIAN_POINT('',(1.5,9.));
#9305 = VECTOR('',#9306,1.);
#9306 = DIRECTION('',(0.,1.));
#9307 = ( GEOMETRIC_REPRESENTATION_CONTEXT(2) 
PARAMETRIC_REPRESENTATION_CONTEXT() REPRESENTATION_CONTEXT('2D SPACE',''
  ) );
#9308 = ORIENTED_EDGE('',*,*,#9309,.F.);
#9309 = EDGE_CURVE('',#9310,#9287,#9312,.T.);
#9310 = VERTEX_POINT('',#9311);
#9311 = CARTESIAN_POINT('',(1.5,14.924811556599,13.2));
#9312 = SURFACE_CURVE('',#9313,(#9318,#9325),.PCURVE_S1.);
#9313 = HYPERBOLA('',#9314,1.5,1.5);
#9314 = AXIS2_PLACEMENT_3D('',#9315,#9316,#9317);
#9315 = CARTESIAN_POINT('',(1.5,0.,-1.8));
#9316 = DIRECTION('',(-1.,0.,-0.));
#9317 = DIRECTION('',(-0.,0.,1.));
#9318 = PCURVE('',#9007,#9319);
#9319 = DEFINITIONAL_REPRESENTATION('',(#9320),#9324);
#9320 = ( BOUNDED_CURVE() B_SPLINE_CURVE(2,(#9321,#9322,#9323),
.UNSPECIFIED.,.F.,.F.) B_SPLINE_CURVE_WITH_KNOTS((3,3),(2.993222846126,
3.045431113785),.PIECEWISE_BEZIER_KNOTS.) CURVE() 
GEOMETRIC_REPRESENTATION_ITEM() RATIONAL_B_SPLINE_CURVE((1.,
1.000340732249,1.)) REPRESENTATION_ITEM('') );
#9321 = CARTESIAN_POINT('',(13.2,-5.924811556599));
#9322 = CARTESIAN_POINT('',(13.58951080803,-6.316284648121));
#9323 = CARTESIAN_POINT('',(14.,-6.728636304524));
#9324 = ( GEOMETRIC_REPRESENTATION_CONTEXT(2) 
PARAMETRIC_REPRESENTATION_CONTEXT() REPRESENTATION_CONTEXT('2D SPACE',''
  ) );
#9325 = PCURVE('',#9326,#9331);
#9326 = CONICAL_SURFACE('',#9327,15.,0.785398163397);
#9327 = AXIS2_PLACEMENT_3D('',#9328,#9329,#9330);
#9328 = CARTESIAN_POINT('',(0.,0.,13.2));
#9329 = DIRECTION('',(0.,0.,1.));
#9330 = DIRECTION('',(1.E-01,0.994987437107,-0.));
#9331 = DEFINITIONAL_REPRESENTATION('',(#9332),#9339);
#9332 = B_SPLINE_CURVE_WITH_KNOTS('',5,(#9333,#9334,#9335,#9336,#9337,
    #9338),.UNSPECIFIED.,.F.,.F.,(6,6),(2.993222846126,3.045431113785),
  .PIECEWISE_BEZIER_KNOTS.);
#9333 = CARTESIAN_POINT('',(-8.881784197001E-16,0.));
#9334 = CARTESIAN_POINT('',(1.044165353167E-03,0.1558397113));
#9335 = CARTESIAN_POINT('',(2.074770504059E-03,0.313723699999));
#9336 = CARTESIAN_POINT('',(3.092047882895E-03,0.473687363893));
#9337 = CARTESIAN_POINT('',(4.096224129796E-03,0.635767029182));
#9338 = CARTESIAN_POINT('',(5.087520351158E-03,0.8));
#9339 = ( GEOMETRIC_REPRESENTATION_CONTEXT(2) 
PARAMETRIC_REPRESENTATION_CONTEXT() REPRESENTATION_CONTEXT('2D SPACE',''
  ) );
#9340 = ORIENTED_EDGE('',*,*,#9341,.T.);
#9341 = EDGE_CURVE('',#9310,#9211,#9342,.T.);
#9342 = SURFACE_CURVE('',#9343,(#9347,#9353),.PCURVE_S1.);
#9343 = LINE('',#9344,#9345);
#9344 = CARTESIAN_POINT('',(1.5,14.924811556599,-42.0000002));
#9345 = VECTOR('',#9346,1.);
#9346 = DIRECTION('',(-0.,-0.,-1.));
#9347 = PCURVE('',#9007,#9348);
#9348 = DEFINITIONAL_REPRESENTATION('',(#9349),#9352);
#9349 = B_SPLINE_CURVE_WITH_KNOTS('',1,(#9350,#9351),.UNSPECIFIED.,.F.,
  .F.,(2,2),(-56.0000008,-41.9999996),.PIECEWISE_BEZIER_KNOTS.);
#9350 = CARTESIAN_POINT('',(14.0000006,-5.924811556599));
#9351 = CARTESIAN_POINT('',(-5.999999999062E-07,-5.924811556599));
#9352 = ( GEOMETRIC_REPRESENTATION_CONTEXT(2) 
PARAMETRIC_REPRESENTATION_CONTEXT() REPRESENTATION_CONTEXT('2D SPACE',''
  ) );
#9353 = PCURVE('',#9250,#9354);
#9354 = DEFINITIONAL_REPRESENTATION('',(#9355),#9358);
#9355 = B_SPLINE_CURVE_WITH_KNOTS('',1,(#9356,#9357),.UNSPECIFIED.,.F.,
  .F.,(2,2),(-56.0000002,-42.0000002),.PIECEWISE_BEZIER_KNOTS.);
#9356 = CARTESIAN_POINT('',(-7.753814212813,-56.0000002));
#9357 = CARTESIAN_POINT('',(-7.753814212813,-42.0000002));
#9358 = ( GEOMETRIC_REPRESENTATION_CONTEXT(2) 
PARAMETRIC_REPRESENTATION_CONTEXT() REPRESENTATION_CONTEXT('2D SPACE',''
  ) );
#9359 = ORIENTED_EDGE('',*,*,#9210,.T.);
#9360 = ORIENTED_EDGE('',*,*,#8992,.F.);
#9361 = ORIENTED_EDGE('',*,*,#9151,.T.);
#9362 = ADVANCED_FACE('',(#9363),#9065,.T.);
#9363 = FACE_BOUND('',#9364,.T.);
#9364 = EDGE_LOOP('',(#9365,#9390,#9417,#9436,#9437,#9438));
#9365 = ORIENTED_EDGE('',*,*,#9366,.F.);
#9366 = EDGE_CURVE('',#9367,#9369,#9371,.T.);
#9367 = VERTEX_POINT('',#9368);
#9368 = CARTESIAN_POINT('',(-1.5,15.728636304524,14.));
#9369 = VERTEX_POINT('',#9370);
#9370 = CARTESIAN_POINT('',(-1.5,27.158608211762,14.));
#9371 = SURFACE_CURVE('',#9372,(#9376,#9383),.PCURVE_S1.);
#9372 = LINE('',#9373,#9374);
#9373 = CARTESIAN_POINT('',(-1.5,9.,14.));
#9374 = VECTOR('',#9375,1.);
#9375 = DIRECTION('',(0.,1.,0.));
#9376 = PCURVE('',#9065,#9377);
#9377 = DEFINITIONAL_REPRESENTATION('',(#9378),#9382);
#9378 = LINE('',#9379,#9380);
#9379 = CARTESIAN_POINT('',(14.,0.));
#9380 = VECTOR('',#9381,1.);
#9381 = DIRECTION('',(0.,-1.));
#9382 = ( GEOMETRIC_REPRESENTATION_CONTEXT(2) 
PARAMETRIC_REPRESENTATION_CONTEXT() REPRESENTATION_CONTEXT('2D SPACE',''
  ) );
#9383 = PCURVE('',#9193,#9384);
#9384 = DEFINITIONAL_REPRESENTATION('',(#9385),#9389);
#9385 = LINE('',#9386,#9387);
#9386 = CARTESIAN_POINT('',(-1.5,9.));
#9387 = VECTOR('',#9388,1.);
#9388 = DIRECTION('',(0.,1.));
#9389 = ( GEOMETRIC_REPRESENTATION_CONTEXT(2) 
PARAMETRIC_REPRESENTATION_CONTEXT() REPRESENTATION_CONTEXT('2D SPACE',''
  ) );
#9390 = ORIENTED_EDGE('',*,*,#9391,.F.);
#9391 = EDGE_CURVE('',#9392,#9367,#9394,.T.);
#9392 = VERTEX_POINT('',#9393);
#9393 = CARTESIAN_POINT('',(-1.5,14.924811556599,13.2));
#9394 = SURFACE_CURVE('',#9395,(#9400,#9407),.PCURVE_S1.);
#9395 = HYPERBOLA('',#9396,1.5,1.5);
#9396 = AXIS2_PLACEMENT_3D('',#9397,#9398,#9399);
#9397 = CARTESIAN_POINT('',(-1.5,0.,-1.8));
#9398 = DIRECTION('',(-1.,0.,-0.));
#9399 = DIRECTION('',(-0.,0.,1.));
#9400 = PCURVE('',#9065,#9401);
#9401 = DEFINITIONAL_REPRESENTATION('',(#9402),#9406);
#9402 = ( BOUNDED_CURVE() B_SPLINE_CURVE(2,(#9403,#9404,#9405),
.UNSPECIFIED.,.F.,.F.) B_SPLINE_CURVE_WITH_KNOTS((3,3),(2.993222846126,
3.045431113785),.PIECEWISE_BEZIER_KNOTS.) CURVE() 
GEOMETRIC_REPRESENTATION_ITEM() RATIONAL_B_SPLINE_CURVE((1.,
1.000340732249,1.)) REPRESENTATION_ITEM('') );
#9403 = CARTESIAN_POINT('',(13.2,-5.924811556599));
#9404 = CARTESIAN_POINT('',(13.58951080803,-6.316284648121));
#9405 = CARTESIAN_POINT('',(14.,-6.728636304524));
#9406 = ( GEOMETRIC_REPRESENTATION_CONTEXT(2) 
PARAMETRIC_REPRESENTATION_CONTEXT() REPRESENTATION_CONTEXT('2D SPACE',''
  ) );
#9407 = PCURVE('',#9326,#9408);
#9408 = DEFINITIONAL_REPRESENTATION('',(#9409),#9416);
#9409 = B_SPLINE_CURVE_WITH_KNOTS('',5,(#9410,#9411,#9412,#9413,#9414,
    #9415),.UNSPECIFIED.,.F.,.F.,(6,6),(2.993222846126,3.045431113785),
  .PIECEWISE_BEZIER_KNOTS.);
#9410 = CARTESIAN_POINT('',(-6.082850464856,-1.7763568394E-15));
#9411 = CARTESIAN_POINT('',(-6.08389463021,0.1558397113));
#9412 = CARTESIAN_POINT('',(-6.084925235361,0.313723699999));
#9413 = CARTESIAN_POINT('',(-6.085942512739,0.473687363893));
#9414 = CARTESIAN_POINT('',(-6.086946688986,0.635767029182));
#9415 = CARTESIAN_POINT('',(-6.087937985208,0.8));
#9416 = ( GEOMETRIC_REPRESENTATION_CONTEXT(2) 
PARAMETRIC_REPRESENTATION_CONTEXT() REPRESENTATION_CONTEXT('2D SPACE',''
  ) );
#9417 = ORIENTED_EDGE('',*,*,#9418,.T.);
#9418 = EDGE_CURVE('',#9392,#9234,#9419,.T.);
#9419 = SURFACE_CURVE('',#9420,(#9424,#9430),.PCURVE_S1.);
#9420 = LINE('',#9421,#9422);
#9421 = CARTESIAN_POINT('',(-1.5,14.924811556599,-42.0000002));
#9422 = VECTOR('',#9423,1.);
#9423 = DIRECTION('',(-0.,-0.,-1.));
#9424 = PCURVE('',#9065,#9425);
#9425 = DEFINITIONAL_REPRESENTATION('',(#9426),#9429);
#9426 = B_SPLINE_CURVE_WITH_KNOTS('',1,(#9427,#9428),.UNSPECIFIED.,.F.,
  .F.,(2,2),(-56.0000008,-41.9999996),.PIECEWISE_BEZIER_KNOTS.);
#9427 = CARTESIAN_POINT('',(14.0000006,-5.924811556599));
#9428 = CARTESIAN_POINT('',(-5.999999999062E-07,-5.924811556599));
#9429 = ( GEOMETRIC_REPRESENTATION_CONTEXT(2) 
PARAMETRIC_REPRESENTATION_CONTEXT() REPRESENTATION_CONTEXT('2D SPACE',''
  ) );
#9430 = PCURVE('',#9250,#9431);
#9431 = DEFINITIONAL_REPRESENTATION('',(#9432),#9435);
#9432 = B_SPLINE_CURVE_WITH_KNOTS('',1,(#9433,#9434),.UNSPECIFIED.,.F.,
  .F.,(2,2),(-56.0000002,-42.0000002),.PIECEWISE_BEZIER_KNOTS.);
#9433 = CARTESIAN_POINT('',(-1.670963747956,-56.0000002));
#9434 = CARTESIAN_POINT('',(-1.670963747956,-42.0000002));
#9435 = ( GEOMETRIC_REPRESENTATION_CONTEXT(2) 
PARAMETRIC_REPRESENTATION_CONTEXT() REPRESENTATION_CONTEXT('2D SPACE',''
  ) );
#9436 = ORIENTED_EDGE('',*,*,#9262,.T.);
#9437 = ORIENTED_EDGE('',*,*,#9048,.F.);
#9438 = ORIENTED_EDGE('',*,*,#9439,.T.);
#9439 = EDGE_CURVE('',#9049,#9369,#9440,.T.);
#9440 = SURFACE_CURVE('',#9441,(#9446,#9453),.PCURVE_S1.);
#9441 = HYPERBOLA('',#9442,1.5,1.5);
#9442 = AXIS2_PLACEMENT_3D('',#9443,#9444,#9445);
#9443 = CARTESIAN_POINT('',(-1.5,0.,41.2));
#9444 = DIRECTION('',(-1.,-0.,-0.));
#9445 = DIRECTION('',(0.,0.,-1.));
#9446 = PCURVE('',#9065,#9447);
#9447 = DEFINITIONAL_REPRESENTATION('',(#9448),#9452);
#9448 = ( BOUNDED_CURVE() B_SPLINE_CURVE(2,(#9449,#9450,#9451),
.UNSPECIFIED.,.F.,.F.) B_SPLINE_CURVE_WITH_KNOTS((3,3),(-3.619168334749,
-3.590137877679),.PIECEWISE_BEZIER_KNOTS.) CURVE() 
GEOMETRIC_REPRESENTATION_ITEM() RATIONAL_B_SPLINE_CURVE((1.,
1.000105347779,1.)) REPRESENTATION_ITEM('') );
#9449 = CARTESIAN_POINT('',(13.2,-18.95979256003));
#9450 = CARTESIAN_POINT('',(13.605814278622,-18.55339470221));
#9451 = CARTESIAN_POINT('',(14.,-18.15860821176));
#9452 = ( GEOMETRIC_REPRESENTATION_CONTEXT(2) 
PARAMETRIC_REPRESENTATION_CONTEXT() REPRESENTATION_CONTEXT('2D SPACE',''
  ) );
#9453 = PCURVE('',#9091,#9454);
#9454 = DEFINITIONAL_REPRESENTATION('',(#9455),#9462);
#9455 = B_SPLINE_CURVE_WITH_KNOTS('',5,(#9456,#9457,#9458,#9459,#9460,
    #9461),.UNSPECIFIED.,.F.,.F.,(6,6),(-3.619168334749,-3.590137877679)
  ,.PIECEWISE_BEZIER_KNOTS.);
#9456 = CARTESIAN_POINT('',(-1.284686642781E-14,3.552713678801E-15));
#9457 = CARTESIAN_POINT('',(-3.110406114851E-04,-0.162337111524));
#9458 = CARTESIAN_POINT('',(-6.243353941365E-04,-0.323494348636));
#9459 = CARTESIAN_POINT('',(-9.39906067164E-04,-0.483483112368));
#9460 = CARTESIAN_POINT('',(-1.257774660912E-03,-0.642314638041));
#9461 = CARTESIAN_POINT('',(-1.577963525663E-03,-0.8));
#9462 = ( GEOMETRIC_REPRESENTATION_CONTEXT(2) 
PARAMETRIC_REPRESENTATION_CONTEXT() REPRESENTATION_CONTEXT('2D SPACE',''
  ) );
#9463 = ADVANCED_FACE('',(#9464),#9091,.T.);
#9464 = FACE_BOUND('',#9465,.T.);
#9465 = EDGE_LOOP('',(#9466,#9467,#9468,#9469));
#9466 = ORIENTED_EDGE('',*,*,#9439,.F.);
#9467 = ORIENTED_EDGE('',*,*,#9076,.T.);
#9468 = ORIENTED_EDGE('',*,*,#9129,.T.);
#9469 = ORIENTED_EDGE('',*,*,#9470,.F.);
#9470 = EDGE_CURVE('',#9369,#9130,#9471,.T.);
#9471 = SURFACE_CURVE('',#9472,(#9477,#9484),.PCURVE_S1.);
#9472 = CIRCLE('',#9473,27.2);
#9473 = AXIS2_PLACEMENT_3D('',#9474,#9475,#9476);
#9474 = CARTESIAN_POINT('',(0.,0.,14.));
#9475 = DIRECTION('',(0.,0.,1.));
#9476 = DIRECTION('',(-5.357142857142E-02,0.998564020001,0.));
#9477 = PCURVE('',#9091,#9478);
#9478 = DEFINITIONAL_REPRESENTATION('',(#9479),#9483);
#9479 = LINE('',#9480,#9481);
#9480 = CARTESIAN_POINT('',(-0.,-0.8));
#9481 = VECTOR('',#9482,1.);
#9482 = DIRECTION('',(-1.,-0.));
#9483 = ( GEOMETRIC_REPRESENTATION_CONTEXT(2) 
PARAMETRIC_REPRESENTATION_CONTEXT() REPRESENTATION_CONTEXT('2D SPACE',''
  ) );
#9484 = PCURVE('',#9193,#9485);
#9485 = DEFINITIONAL_REPRESENTATION('',(#9486),#9490);
#9486 = CIRCLE('',#9487,27.2);
#9487 = AXIS2_PLACEMENT_2D('',#9488,#9489);
#9488 = CARTESIAN_POINT('',(7.813943614511E-16,-1.9825737666E-15));
#9489 = DIRECTION('',(-5.357142857142E-02,0.998564020001));
#9490 = ( GEOMETRIC_REPRESENTATION_CONTEXT(2) 
PARAMETRIC_REPRESENTATION_CONTEXT() REPRESENTATION_CONTEXT('2D SPACE',''
  ) );
#9491 = ADVANCED_FACE('',(#9492),#9193,.T.);
#9492 = FACE_BOUND('',#9493,.T.);
#9493 = EDGE_LOOP('',(#9494,#9495,#9521,#9522,#9523));
#9494 = ORIENTED_EDGE('',*,*,#9286,.F.);
#9495 = ORIENTED_EDGE('',*,*,#9496,.T.);
#9496 = EDGE_CURVE('',#9287,#9367,#9497,.T.);
#9497 = SURFACE_CURVE('',#9498,(#9503,#9514),.PCURVE_S1.);
#9498 = CIRCLE('',#9499,15.8);
#9499 = AXIS2_PLACEMENT_3D('',#9500,#9501,#9502);
#9500 = CARTESIAN_POINT('',(0.,0.,14.));
#9501 = DIRECTION('',(0.,-0.,-1.));
#9502 = DIRECTION('',(1.E-01,0.994987437107,-0.));
#9503 = PCURVE('',#9193,#9504);
#9504 = DEFINITIONAL_REPRESENTATION('',(#9505),#9513);
#9505 = ( BOUNDED_CURVE() B_SPLINE_CURVE(2,(#9506,#9507,#9508,#9509,
#9510,#9511,#9512),.UNSPECIFIED.,.T.,.F.) B_SPLINE_CURVE_WITH_KNOTS((1,2
    ,2,2,2,1),(-2.094395102393,0.,2.094395102393,4.188790204786,
6.28318530718,8.377580409573),.UNSPECIFIED.) CURVE() 
GEOMETRIC_REPRESENTATION_ITEM() RATIONAL_B_SPLINE_CURVE((1.,0.5,1.,0.5,
1.,0.5,1.)) REPRESENTATION_ITEM('') );
#9506 = CARTESIAN_POINT('',(1.58,15.720801506285));
#9507 = CARTESIAN_POINT('',(28.80922694459,12.984161230326));
#9508 = CARTESIAN_POINT('',(12.824613472295,-9.228720891122));
#9509 = CARTESIAN_POINT('',(-3.16,-31.44160301256));
#9510 = CARTESIAN_POINT('',(-14.40461347229,-6.492080615163));
#9511 = CARTESIAN_POINT('',(-25.64922694459,18.457441782243));
#9512 = CARTESIAN_POINT('',(1.58,15.720801506285));
#9513 = ( GEOMETRIC_REPRESENTATION_CONTEXT(2) 
PARAMETRIC_REPRESENTATION_CONTEXT() REPRESENTATION_CONTEXT('2D SPACE',''
  ) );
#9514 = PCURVE('',#9326,#9515);
#9515 = DEFINITIONAL_REPRESENTATION('',(#9516),#9520);
#9516 = LINE('',#9517,#9518);
#9517 = CARTESIAN_POINT('',(-0.,0.8));
#9518 = VECTOR('',#9519,1.);
#9519 = DIRECTION('',(-1.,0.));
#9520 = ( GEOMETRIC_REPRESENTATION_CONTEXT(2) 
PARAMETRIC_REPRESENTATION_CONTEXT() REPRESENTATION_CONTEXT('2D SPACE',''
  ) );
#9521 = ORIENTED_EDGE('',*,*,#9366,.T.);
#9522 = ORIENTED_EDGE('',*,*,#9470,.T.);
#9523 = ORIENTED_EDGE('',*,*,#9178,.T.);
#9524 = ADVANCED_FACE('',(#9525),#9250,.F.);
#9525 = FACE_BOUND('',#9526,.T.);
#9526 = EDGE_LOOP('',(#9527,#9528,#9529,#9530));
#9527 = ORIENTED_EDGE('',*,*,#9341,.T.);
#9528 = ORIENTED_EDGE('',*,*,#9233,.F.);
#9529 = ORIENTED_EDGE('',*,*,#9418,.F.);
#9530 = ORIENTED_EDGE('',*,*,#9531,.F.);
#9531 = EDGE_CURVE('',#9310,#9392,#9532,.T.);
#9532 = SURFACE_CURVE('',#9533,(#9538,#9545),.PCURVE_S1.);
#9533 = CIRCLE('',#9534,15.);
#9534 = AXIS2_PLACEMENT_3D('',#9535,#9536,#9537);
#9535 = CARTESIAN_POINT('',(0.,0.,13.2));
#9536 = DIRECTION('',(0.,-0.,-1.));
#9537 = DIRECTION('',(1.E-01,0.994987437107,-0.));
#9538 = PCURVE('',#9250,#9539);
#9539 = DEFINITIONAL_REPRESENTATION('',(#9540),#9544);
#9540 = LINE('',#9541,#9542);
#9541 = CARTESIAN_POINT('',(-7.753814212813,-55.2000002));
#9542 = VECTOR('',#9543,1.);
#9543 = DIRECTION('',(1.,-0.));
#9544 = ( GEOMETRIC_REPRESENTATION_CONTEXT(2) 
PARAMETRIC_REPRESENTATION_CONTEXT() REPRESENTATION_CONTEXT('2D SPACE',''
  ) );
#9545 = PCURVE('',#9326,#9546);
#9546 = DEFINITIONAL_REPRESENTATION('',(#9547),#9551);
#9547 = LINE('',#9548,#9549);
#9548 = CARTESIAN_POINT('',(-0.,0.));
#9549 = VECTOR('',#9550,1.);
#9550 = DIRECTION('',(-1.,0.));
#9551 = ( GEOMETRIC_REPRESENTATION_CONTEXT(2) 
PARAMETRIC_REPRESENTATION_CONTEXT() REPRESENTATION_CONTEXT('2D SPACE',''
  ) );
#9552 = ADVANCED_FACE('',(#9553),#9326,.F.);
#9553 = FACE_BOUND('',#9554,.T.);
#9554 = EDGE_LOOP('',(#9555,#9556,#9557,#9558));
#9555 = ORIENTED_EDGE('',*,*,#9309,.F.);
#9556 = ORIENTED_EDGE('',*,*,#9531,.T.);
#9557 = ORIENTED_EDGE('',*,*,#9391,.T.);
#9558 = ORIENTED_EDGE('',*,*,#9496,.F.);
#9559 = ( GEOMETRIC_REPRESENTATION_CONTEXT(3) 
GLOBAL_UNCERTAINTY_ASSIGNED_CONTEXT((#9563)) 
GLOBAL_UNIT_ASSIGNED_CONTEXT((#9560,#9561,#9562)) REPRESENTATION_CONTEXT
('Context #1','3D Context with UNIT and UNCERTAINTY') );
#9560 = ( LENGTH_UNIT() NAMED_UNIT(*) SI_UNIT(.MILLI.,.METRE.) );
#9561 = ( NAMED_UNIT(*) PLANE_ANGLE_UNIT() SI_UNIT($,.RADIAN.) );
#9562 = ( NAMED_UNIT(*) SI_UNIT($,.STERADIAN.) SOLID_ANGLE_UNIT() );
#9563 = UNCERTAINTY_MEASURE_WITH_UNIT(LENGTH_MEASURE(1.E-07),#9560,
  'distance_accuracy_value','confusion accuracy');
#9564 = CONTEXT_DEPENDENT_SHAPE_REPRESENTATION(#9565,#9567);
#9565 = ( REPRESENTATION_RELATIONSHIP('','',#8921,#10) 
REPRESENTATION_RELATIONSHIP_WITH_TRANSFORMATION(#9566) 
SHAPE_REPRESENTATION_RELATIONSHIP() );
#9566 = ITEM_DEFINED_TRANSFORMATION('','',#11,#35);
#9567 = PRODUCT_DEFINITION_SHAPE('Placement','Placement of an item',
  #9568);
#9568 = NEXT_ASSEMBLY_USAGE_OCCURRENCE('22','','',#5,#8916,$);
#9569 = PRODUCT_RELATED_PRODUCT_CATEGORY('part',$,(#8918));
#9570 = SHAPE_DEFINITION_REPRESENTATION(#9571,#9577);
#9571 = PRODUCT_DEFINITION_SHAPE('','',#9572);
#9572 = PRODUCT_DEFINITION('design','',#9573,#9576);
#9573 = PRODUCT_DEFINITION_FORMATION('','',#9574);
#9574 = PRODUCT('Open CASCADE STEP translator 7.9 12.7',
  'Open CASCADE STEP translator 7.9 12.7','',(#9575));
#9575 = PRODUCT_CONTEXT('',#2,'mechanical');
#9576 = PRODUCT_DEFINITION_CONTEXT('part definition',#2,'design');
#9577 = ADVANCED_BREP_SHAPE_REPRESENTATION('',(#11,#9578),#10207);
#9578 = MANIFOLD_SOLID_BREP('',#9579);
#9579 = CLOSED_SHELL('',(#9580,#9700,#9776,#9852,#9961,#10034,#10061,
    #10088,#10095,#10150,#10203));
#9580 = ADVANCED_FACE('',(#9581),#9595,.F.);
#9581 = FACE_BOUND('',#9582,.F.);
#9582 = EDGE_LOOP('',(#9583,#9618,#9646,#9674));
#9583 = ORIENTED_EDGE('',*,*,#9584,.T.);
#9584 = EDGE_CURVE('',#9585,#9587,#9589,.T.);
#9585 = VERTEX_POINT('',#9586);
#9586 = CARTESIAN_POINT('',(6.8,0.,0.));
#9587 = VERTEX_POINT('',#9588);
#9588 = CARTESIAN_POINT('',(6.8,0.,5.2));
#9589 = SURFACE_CURVE('',#9590,(#9594,#9606),.PCURVE_S1.);
#9590 = LINE('',#9591,#9592);
#9591 = CARTESIAN_POINT('',(6.8,0.,0.));
#9592 = VECTOR('',#9593,1.);
#9593 = DIRECTION('',(0.,0.,1.));
#9594 = PCURVE('',#9595,#9600);
#9595 = PLANE('',#9596);
#9596 = AXIS2_PLACEMENT_3D('',#9597,#9598,#9599);
#9597 = CARTESIAN_POINT('',(6.8,0.,0.));
#9598 = DIRECTION('',(-0.866025403784,-0.5,0.));
#9599 = DIRECTION('',(-0.5,0.866025403784,0.));
#9600 = DEFINITIONAL_REPRESENTATION('',(#9601),#9605);
#9601 = LINE('',#9602,#9603);
#9602 = CARTESIAN_POINT('',(0.,0.));
#9603 = VECTOR('',#9604,1.);
#9604 = DIRECTION('',(0.,-1.));
#9605 = ( GEOMETRIC_REPRESENTATION_CONTEXT(2) 
PARAMETRIC_REPRESENTATION_CONTEXT() REPRESENTATION_CONTEXT('2D SPACE',''
  ) );
#9606 = PCURVE('',#9607,#9612);
#9607 = PLANE('',#9608);
#9608 = AXIS2_PLACEMENT_3D('',#9609,#9610,#9611);
#9609 = CARTESIAN_POINT('',(3.4,-5.888972745734,0.));
#9610 = DIRECTION('',(-0.866025403784,0.5,0.));
#9611 = DIRECTION('',(0.5,0.866025403784,0.));
#9612 = DEFINITIONAL_REPRESENTATION('',(#9613),#9617);
#9613 = LINE('',#9614,#9615);
#9614 = CARTESIAN_POINT('',(6.8,0.));
#9615 = VECTOR('',#9616,1.);
#9616 = DIRECTION('',(0.,-1.));
#9617 = ( GEOMETRIC_REPRESENTATION_CONTEXT(2) 
PARAMETRIC_REPRESENTATION_CONTEXT() REPRESENTATION_CONTEXT('2D SPACE',''
  ) );
#9618 = ORIENTED_EDGE('',*,*,#9619,.T.);
#9619 = EDGE_CURVE('',#9587,#9620,#9622,.T.);
#9620 = VERTEX_POINT('',#9621);
#9621 = CARTESIAN_POINT('',(3.4,5.888972745734,5.2));
#9622 = SURFACE_CURVE('',#9623,(#9627,#9634),.PCURVE_S1.);
#9623 = LINE('',#9624,#9625);
#9624 = CARTESIAN_POINT('',(6.8,0.,5.2));
#9625 = VECTOR('',#9626,1.);
#9626 = DIRECTION('',(-0.5,0.866025403784,0.));
#9627 = PCURVE('',#9595,#9628);
#9628 = DEFINITIONAL_REPRESENTATION('',(#9629),#9633);
#9629 = LINE('',#9630,#9631);
#9630 = CARTESIAN_POINT('',(0.,-5.2));
#9631 = VECTOR('',#9632,1.);
#9632 = DIRECTION('',(1.,0.));
#9633 = ( GEOMETRIC_REPRESENTATION_CONTEXT(2) 
PARAMETRIC_REPRESENTATION_CONTEXT() REPRESENTATION_CONTEXT('2D SPACE',''
  ) );
#9634 = PCURVE('',#9635,#9640);
#9635 = PLANE('',#9636);
#9636 = AXIS2_PLACEMENT_3D('',#9637,#9638,#9639);
#9637 = CARTESIAN_POINT('',(0.,8.707631565688E-17,5.2));
#9638 = DIRECTION('',(0.,0.,1.));
#9639 = DIRECTION('',(1.,0.,-0.));
#9640 = DEFINITIONAL_REPRESENTATION('',(#9641),#9645);
#9641 = LINE('',#9642,#9643);
#9642 = CARTESIAN_POINT('',(6.8,-8.707631565688E-17));
#9643 = VECTOR('',#9644,1.);
#9644 = DIRECTION('',(-0.5,0.866025403784));
#9645 = ( GEOMETRIC_REPRESENTATION_CONTEXT(2) 
PARAMETRIC_REPRESENTATION_CONTEXT() REPRESENTATION_CONTEXT('2D SPACE',''
  ) );
#9646 = ORIENTED_EDGE('',*,*,#9647,.F.);
#9647 = EDGE_CURVE('',#9648,#9620,#9650,.T.);
#9648 = VERTEX_POINT('',#9649);
#9649 = CARTESIAN_POINT('',(3.4,5.888972745734,0.));
#9650 = SURFACE_CURVE('',#9651,(#9655,#9662),.PCURVE_S1.);
#9651 = LINE('',#9652,#9653);
#9652 = CARTESIAN_POINT('',(3.4,5.888972745734,0.));
#9653 = VECTOR('',#9654,1.);
#9654 = DIRECTION('',(0.,0.,1.));
#9655 = PCURVE('',#9595,#9656);
#9656 = DEFINITIONAL_REPRESENTATION('',(#9657),#9661);
#9657 = LINE('',#9658,#9659);
#9658 = CARTESIAN_POINT('',(6.8,0.));
#9659 = VECTOR('',#9660,1.);
#9660 = DIRECTION('',(0.,-1.));
#9661 = ( GEOMETRIC_REPRESENTATION_CONTEXT(2) 
PARAMETRIC_REPRESENTATION_CONTEXT() REPRESENTATION_CONTEXT('2D SPACE',''
  ) );
#9662 = PCURVE('',#9663,#9668);
#9663 = PLANE('',#9664);
#9664 = AXIS2_PLACEMENT_3D('',#9665,#9666,#9667);
#9665 = CARTESIAN_POINT('',(3.4,5.888972745734,0.));
#9666 = DIRECTION('',(0.,-1.,0.));
#9667 = DIRECTION('',(-1.,0.,0.));
#9668 = DEFINITIONAL_REPRESENTATION('',(#9669),#9673);
#9669 = LINE('',#9670,#9671);
#9670 = CARTESIAN_POINT('',(0.,-0.));
#9671 = VECTOR('',#9672,1.);
#9672 = DIRECTION('',(0.,-1.));
#9673 = ( GEOMETRIC_REPRESENTATION_CONTEXT(2) 
PARAMETRIC_REPRESENTATION_CONTEXT() REPRESENTATION_CONTEXT('2D SPACE',''
  ) );
#9674 = ORIENTED_EDGE('',*,*,#9675,.F.);
#9675 = EDGE_CURVE('',#9585,#9648,#9676,.T.);
#9676 = SURFACE_CURVE('',#9677,(#9681,#9688),.PCURVE_S1.);
#9677 = LINE('',#9678,#9679);
#9678 = CARTESIAN_POINT('',(6.8,0.,0.));
#9679 = VECTOR('',#9680,1.);
#9680 = DIRECTION('',(-0.5,0.866025403784,0.));
#9681 = PCURVE('',#9595,#9682);
#9682 = DEFINITIONAL_REPRESENTATION('',(#9683),#9687);
#9683 = LINE('',#9684,#9685);
#9684 = CARTESIAN_POINT('',(0.,0.));
#9685 = VECTOR('',#9686,1.);
#9686 = DIRECTION('',(1.,0.));
#9687 = ( GEOMETRIC_REPRESENTATION_CONTEXT(2) 
PARAMETRIC_REPRESENTATION_CONTEXT() REPRESENTATION_CONTEXT('2D SPACE',''
  ) );
#9688 = PCURVE('',#9689,#9694);
#9689 = PLANE('',#9690);
#9690 = AXIS2_PLACEMENT_3D('',#9691,#9692,#9693);
#9691 = CARTESIAN_POINT('',(0.,8.707631565688E-17,0.));
#9692 = DIRECTION('',(0.,0.,1.));
#9693 = DIRECTION('',(1.,0.,-0.));
#9694 = DEFINITIONAL_REPRESENTATION('',(#9695),#9699);
#9695 = LINE('',#9696,#9697);
#9696 = CARTESIAN_POINT('',(6.8,-8.707631565688E-17));
#9697 = VECTOR('',#9698,1.);
#9698 = DIRECTION('',(-0.5,0.866025403784));
#9699 = ( GEOMETRIC_REPRESENTATION_CONTEXT(2) 
PARAMETRIC_REPRESENTATION_CONTEXT() REPRESENTATION_CONTEXT('2D SPACE',''
  ) );
#9700 = ADVANCED_FACE('',(#9701),#9607,.F.);
#9701 = FACE_BOUND('',#9702,.F.);
#9702 = EDGE_LOOP('',(#9703,#9733,#9754,#9755));
#9703 = ORIENTED_EDGE('',*,*,#9704,.T.);
#9704 = EDGE_CURVE('',#9705,#9707,#9709,.T.);
#9705 = VERTEX_POINT('',#9706);
#9706 = CARTESIAN_POINT('',(3.4,-5.888972745734,0.));
#9707 = VERTEX_POINT('',#9708);
#9708 = CARTESIAN_POINT('',(3.4,-5.888972745734,5.2));
#9709 = SURFACE_CURVE('',#9710,(#9714,#9721),.PCURVE_S1.);
#9710 = LINE('',#9711,#9712);
#9711 = CARTESIAN_POINT('',(3.4,-5.888972745734,0.));
#9712 = VECTOR('',#9713,1.);
#9713 = DIRECTION('',(0.,0.,1.));
#9714 = PCURVE('',#9607,#9715);
#9715 = DEFINITIONAL_REPRESENTATION('',(#9716),#9720);
#9716 = LINE('',#9717,#9718);
#9717 = CARTESIAN_POINT('',(0.,0.));
#9718 = VECTOR('',#9719,1.);
#9719 = DIRECTION('',(0.,-1.));
#9720 = ( GEOMETRIC_REPRESENTATION_CONTEXT(2) 
PARAMETRIC_REPRESENTATION_CONTEXT() REPRESENTATION_CONTEXT('2D SPACE',''
  ) );
#9721 = PCURVE('',#9722,#9727);
#9722 = PLANE('',#9723);
#9723 = AXIS2_PLACEMENT_3D('',#9724,#9725,#9726);
#9724 = CARTESIAN_POINT('',(-3.4,-5.888972745734,0.));
#9725 = DIRECTION('',(6.530723674266E-16,1.,-0.));
#9726 = DIRECTION('',(1.,-6.530723674266E-16,0.));
#9727 = DEFINITIONAL_REPRESENTATION('',(#9728),#9732);
#9728 = LINE('',#9729,#9730);
#9729 = CARTESIAN_POINT('',(6.8,0.));
#9730 = VECTOR('',#9731,1.);
#9731 = DIRECTION('',(0.,-1.));
#9732 = ( GEOMETRIC_REPRESENTATION_CONTEXT(2) 
PARAMETRIC_REPRESENTATION_CONTEXT() REPRESENTATION_CONTEXT('2D SPACE',''
  ) );
#9733 = ORIENTED_EDGE('',*,*,#9734,.T.);
#9734 = EDGE_CURVE('',#9707,#9587,#9735,.T.);
#9735 = SURFACE_CURVE('',#9736,(#9740,#9747),.PCURVE_S1.);
#9736 = LINE('',#9737,#9738);
#9737 = CARTESIAN_POINT('',(3.4,-5.888972745734,5.2));
#9738 = VECTOR('',#9739,1.);
#9739 = DIRECTION('',(0.5,0.866025403784,0.));
#9740 = PCURVE('',#9607,#9741);
#9741 = DEFINITIONAL_REPRESENTATION('',(#9742),#9746);
#9742 = LINE('',#9743,#9744);
#9743 = CARTESIAN_POINT('',(0.,-5.2));
#9744 = VECTOR('',#9745,1.);
#9745 = DIRECTION('',(1.,0.));
#9746 = ( GEOMETRIC_REPRESENTATION_CONTEXT(2) 
PARAMETRIC_REPRESENTATION_CONTEXT() REPRESENTATION_CONTEXT('2D SPACE',''
  ) );
#9747 = PCURVE('',#9635,#9748);
#9748 = DEFINITIONAL_REPRESENTATION('',(#9749),#9753);
#9749 = LINE('',#9750,#9751);
#9750 = CARTESIAN_POINT('',(3.4,-5.888972745734));
#9751 = VECTOR('',#9752,1.);
#9752 = DIRECTION('',(0.5,0.866025403784));
#9753 = ( GEOMETRIC_REPRESENTATION_CONTEXT(2) 
PARAMETRIC_REPRESENTATION_CONTEXT() REPRESENTATION_CONTEXT('2D SPACE',''
  ) );
#9754 = ORIENTED_EDGE('',*,*,#9584,.F.);
#9755 = ORIENTED_EDGE('',*,*,#9756,.F.);
#9756 = EDGE_CURVE('',#9705,#9585,#9757,.T.);
#9757 = SURFACE_CURVE('',#9758,(#9762,#9769),.PCURVE_S1.);
#9758 = LINE('',#9759,#9760);
#9759 = CARTESIAN_POINT('',(3.4,-5.888972745734,0.));
#9760 = VECTOR('',#9761,1.);
#9761 = DIRECTION('',(0.5,0.866025403784,0.));
#9762 = PCURVE('',#9607,#9763);
#9763 = DEFINITIONAL_REPRESENTATION('',(#9764),#9768);
#9764 = LINE('',#9765,#9766);
#9765 = CARTESIAN_POINT('',(0.,0.));
#9766 = VECTOR('',#9767,1.);
#9767 = DIRECTION('',(1.,0.));
#9768 = ( GEOMETRIC_REPRESENTATION_CONTEXT(2) 
PARAMETRIC_REPRESENTATION_CONTEXT() REPRESENTATION_CONTEXT('2D SPACE',''
  ) );
#9769 = PCURVE('',#9689,#9770);
#9770 = DEFINITIONAL_REPRESENTATION('',(#9771),#9775);
#9771 = LINE('',#9772,#9773);
#9772 = CARTESIAN_POINT('',(3.4,-5.888972745734));
#9773 = VECTOR('',#9774,1.);
#9774 = DIRECTION('',(0.5,0.866025403784));
#9775 = ( GEOMETRIC_REPRESENTATION_CONTEXT(2) 
PARAMETRIC_REPRESENTATION_CONTEXT() REPRESENTATION_CONTEXT('2D SPACE',''
  ) );
#9776 = ADVANCED_FACE('',(#9777),#9663,.F.);
#9777 = FACE_BOUND('',#9778,.F.);
#9778 = EDGE_LOOP('',(#9779,#9780,#9803,#9831));
#9779 = ORIENTED_EDGE('',*,*,#9647,.T.);
#9780 = ORIENTED_EDGE('',*,*,#9781,.T.);
#9781 = EDGE_CURVE('',#9620,#9782,#9784,.T.);
#9782 = VERTEX_POINT('',#9783);
#9783 = CARTESIAN_POINT('',(-3.4,5.888972745734,5.2));
#9784 = SURFACE_CURVE('',#9785,(#9789,#9796),.PCURVE_S1.);
#9785 = LINE('',#9786,#9787);
#9786 = CARTESIAN_POINT('',(3.4,5.888972745734,5.2));
#9787 = VECTOR('',#9788,1.);
#9788 = DIRECTION('',(-1.,0.,0.));
#9789 = PCURVE('',#9663,#9790);
#9790 = DEFINITIONAL_REPRESENTATION('',(#9791),#9795);
#9791 = LINE('',#9792,#9793);
#9792 = CARTESIAN_POINT('',(0.,-5.2));
#9793 = VECTOR('',#9794,1.);
#9794 = DIRECTION('',(1.,0.));
#9795 = ( GEOMETRIC_REPRESENTATION_CONTEXT(2) 
PARAMETRIC_REPRESENTATION_CONTEXT() REPRESENTATION_CONTEXT('2D SPACE',''
  ) );
#9796 = PCURVE('',#9635,#9797);
#9797 = DEFINITIONAL_REPRESENTATION('',(#9798),#9802);
#9798 = LINE('',#9799,#9800);
#9799 = CARTESIAN_POINT('',(3.4,5.888972745734));
#9800 = VECTOR('',#9801,1.);
#9801 = DIRECTION('',(-1.,0.));
#9802 = ( GEOMETRIC_REPRESENTATION_CONTEXT(2) 
PARAMETRIC_REPRESENTATION_CONTEXT() REPRESENTATION_CONTEXT('2D SPACE',''
  ) );
#9803 = ORIENTED_EDGE('',*,*,#9804,.F.);
#9804 = EDGE_CURVE('',#9805,#9782,#9807,.T.);
#9805 = VERTEX_POINT('',#9806);
#9806 = CARTESIAN_POINT('',(-3.4,5.888972745734,0.));
#9807 = SURFACE_CURVE('',#9808,(#9812,#9819),.PCURVE_S1.);
#9808 = LINE('',#9809,#9810);
#9809 = CARTESIAN_POINT('',(-3.4,5.888972745734,0.));
#9810 = VECTOR('',#9811,1.);
#9811 = DIRECTION('',(0.,0.,1.));
#9812 = PCURVE('',#9663,#9813);
#9813 = DEFINITIONAL_REPRESENTATION('',(#9814),#9818);
#9814 = LINE('',#9815,#9816);
#9815 = CARTESIAN_POINT('',(6.8,0.));
#9816 = VECTOR('',#9817,1.);
#9817 = DIRECTION('',(0.,-1.));
#9818 = ( GEOMETRIC_REPRESENTATION_CONTEXT(2) 
PARAMETRIC_REPRESENTATION_CONTEXT() REPRESENTATION_CONTEXT('2D SPACE',''
  ) );
#9819 = PCURVE('',#9820,#9825);
#9820 = PLANE('',#9821);
#9821 = AXIS2_PLACEMENT_3D('',#9822,#9823,#9824);
#9822 = CARTESIAN_POINT('',(-3.4,5.888972745734,0.));
#9823 = DIRECTION('',(0.866025403784,-0.5,0.));
#9824 = DIRECTION('',(-0.5,-0.866025403784,0.));
#9825 = DEFINITIONAL_REPRESENTATION('',(#9826),#9830);
#9826 = LINE('',#9827,#9828);
#9827 = CARTESIAN_POINT('',(0.,0.));
#9828 = VECTOR('',#9829,1.);
#9829 = DIRECTION('',(0.,-1.));
#9830 = ( GEOMETRIC_REPRESENTATION_CONTEXT(2) 
PARAMETRIC_REPRESENTATION_CONTEXT() REPRESENTATION_CONTEXT('2D SPACE',''
  ) );
#9831 = ORIENTED_EDGE('',*,*,#9832,.F.);
#9832 = EDGE_CURVE('',#9648,#9805,#9833,.T.);
#9833 = SURFACE_CURVE('',#9834,(#9838,#9845),.PCURVE_S1.);
#9834 = LINE('',#9835,#9836);
#9835 = CARTESIAN_POINT('',(3.4,5.888972745734,0.));
#9836 = VECTOR('',#9837,1.);
#9837 = DIRECTION('',(-1.,0.,0.));
#9838 = PCURVE('',#9663,#9839);
#9839 = DEFINITIONAL_REPRESENTATION('',(#9840),#9844);
#9840 = LINE('',#9841,#9842);
#9841 = CARTESIAN_POINT('',(0.,-0.));
#9842 = VECTOR('',#9843,1.);
#9843 = DIRECTION('',(1.,0.));
#9844 = ( GEOMETRIC_REPRESENTATION_CONTEXT(2) 
PARAMETRIC_REPRESENTATION_CONTEXT() REPRESENTATION_CONTEXT('2D SPACE',''
  ) );
#9845 = PCURVE('',#9689,#9846);
#9846 = DEFINITIONAL_REPRESENTATION('',(#9847),#9851);
#9847 = LINE('',#9848,#9849);
#9848 = CARTESIAN_POINT('',(3.4,5.888972745734));
#9849 = VECTOR('',#9850,1.);
#9850 = DIRECTION('',(-1.,0.));
#9851 = ( GEOMETRIC_REPRESENTATION_CONTEXT(2) 
PARAMETRIC_REPRESENTATION_CONTEXT() REPRESENTATION_CONTEXT('2D SPACE',''
  ) );
#9852 = ADVANCED_FACE('',(#9853,#9930),#9689,.F.);
#9853 = FACE_BOUND('',#9854,.F.);
#9854 = EDGE_LOOP('',(#9855,#9856,#9857,#9880,#9908,#9929));
#9855 = ORIENTED_EDGE('',*,*,#9675,.T.);
#9856 = ORIENTED_EDGE('',*,*,#9832,.T.);
#9857 = ORIENTED_EDGE('',*,*,#9858,.T.);
#9858 = EDGE_CURVE('',#9805,#9859,#9861,.T.);
#9859 = VERTEX_POINT('',#9860);
#9860 = CARTESIAN_POINT('',(-6.8,8.327598234202E-16,0.));
#9861 = SURFACE_CURVE('',#9862,(#9866,#9873),.PCURVE_S1.);
#9862 = LINE('',#9863,#9864);
#9863 = CARTESIAN_POINT('',(-3.4,5.888972745734,0.));
#9864 = VECTOR('',#9865,1.);
#9865 = DIRECTION('',(-0.5,-0.866025403784,0.));
#9866 = PCURVE('',#9689,#9867);
#9867 = DEFINITIONAL_REPRESENTATION('',(#9868),#9872);
#9868 = LINE('',#9869,#9870);
#9869 = CARTESIAN_POINT('',(-3.4,5.888972745734));
#9870 = VECTOR('',#9871,1.);
#9871 = DIRECTION('',(-0.5,-0.866025403784));
#9872 = ( GEOMETRIC_REPRESENTATION_CONTEXT(2) 
PARAMETRIC_REPRESENTATION_CONTEXT() REPRESENTATION_CONTEXT('2D SPACE',''
  ) );
#9873 = PCURVE('',#9820,#9874);
#9874 = DEFINITIONAL_REPRESENTATION('',(#9875),#9879);
#9875 = LINE('',#9876,#9877);
#9876 = CARTESIAN_POINT('',(0.,0.));
#9877 = VECTOR('',#9878,1.);
#9878 = DIRECTION('',(1.,0.));
#9879 = ( GEOMETRIC_REPRESENTATION_CONTEXT(2) 
PARAMETRIC_REPRESENTATION_CONTEXT() REPRESENTATION_CONTEXT('2D SPACE',''
  ) );
#9880 = ORIENTED_EDGE('',*,*,#9881,.T.);
#9881 = EDGE_CURVE('',#9859,#9882,#9884,.T.);
#9882 = VERTEX_POINT('',#9883);
#9883 = CARTESIAN_POINT('',(-3.4,-5.888972745734,0.));
#9884 = SURFACE_CURVE('',#9885,(#9889,#9896),.PCURVE_S1.);
#9885 = LINE('',#9886,#9887);
#9886 = CARTESIAN_POINT('',(-6.8,8.327598234202E-16,0.));
#9887 = VECTOR('',#9888,1.);
#9888 = DIRECTION('',(0.5,-0.866025403784,0.));
#9889 = PCURVE('',#9689,#9890);
#9890 = DEFINITIONAL_REPRESENTATION('',(#9891),#9895);
#9891 = LINE('',#9892,#9893);
#9892 = CARTESIAN_POINT('',(-6.8,7.456835077633E-16));
#9893 = VECTOR('',#9894,1.);
#9894 = DIRECTION('',(0.5,-0.866025403784));
#9895 = ( GEOMETRIC_REPRESENTATION_CONTEXT(2) 
PARAMETRIC_REPRESENTATION_CONTEXT() REPRESENTATION_CONTEXT('2D SPACE',''
  ) );
#9896 = PCURVE('',#9897,#9902);
#9897 = PLANE('',#9898);
#9898 = AXIS2_PLACEMENT_3D('',#9899,#9900,#9901);
#9899 = CARTESIAN_POINT('',(-6.8,8.327598234202E-16,0.));
#9900 = DIRECTION('',(0.866025403784,0.5,-0.));
#9901 = DIRECTION('',(0.5,-0.866025403784,0.));
#9902 = DEFINITIONAL_REPRESENTATION('',(#9903),#9907);
#9903 = LINE('',#9904,#9905);
#9904 = CARTESIAN_POINT('',(0.,0.));
#9905 = VECTOR('',#9906,1.);
#9906 = DIRECTION('',(1.,0.));
#9907 = ( GEOMETRIC_REPRESENTATION_CONTEXT(2) 
PARAMETRIC_REPRESENTATION_CONTEXT() REPRESENTATION_CONTEXT('2D SPACE',''
  ) );
#9908 = ORIENTED_EDGE('',*,*,#9909,.T.);
#9909 = EDGE_CURVE('',#9882,#9705,#9910,.T.);
#9910 = SURFACE_CURVE('',#9911,(#9915,#9922),.PCURVE_S1.);
#9911 = LINE('',#9912,#9913);
#9912 = CARTESIAN_POINT('',(-3.4,-5.888972745734,0.));
#9913 = VECTOR('',#9914,1.);
#9914 = DIRECTION('',(1.,-6.530723674266E-16,0.));
#9915 = PCURVE('',#9689,#9916);
#9916 = DEFINITIONAL_REPRESENTATION('',(#9917),#9921);
#9917 = LINE('',#9918,#9919);
#9918 = CARTESIAN_POINT('',(-3.4,-5.888972745734));
#9919 = VECTOR('',#9920,1.);
#9920 = DIRECTION('',(1.,-6.530723674266E-16));
#9921 = ( GEOMETRIC_REPRESENTATION_CONTEXT(2) 
PARAMETRIC_REPRESENTATION_CONTEXT() REPRESENTATION_CONTEXT('2D SPACE',''
  ) );
#9922 = PCURVE('',#9722,#9923);
#9923 = DEFINITIONAL_REPRESENTATION('',(#9924),#9928);
#9924 = LINE('',#9925,#9926);
#9925 = CARTESIAN_POINT('',(0.,0.));
#9926 = VECTOR('',#9927,1.);
#9927 = DIRECTION('',(1.,0.));
#9928 = ( GEOMETRIC_REPRESENTATION_CONTEXT(2) 
PARAMETRIC_REPRESENTATION_CONTEXT() REPRESENTATION_CONTEXT('2D SPACE',''
  ) );
#9929 = ORIENTED_EDGE('',*,*,#9756,.T.);
#9930 = FACE_BOUND('',#9931,.F.);
#9931 = EDGE_LOOP('',(#9932));
#9932 = ORIENTED_EDGE('',*,*,#9933,.F.);
#9933 = EDGE_CURVE('',#9934,#9934,#9936,.T.);
#9934 = VERTEX_POINT('',#9935);
#9935 = CARTESIAN_POINT('',(4.,0.,0.));
#9936 = SURFACE_CURVE('',#9937,(#9942,#9949),.PCURVE_S1.);
#9937 = CIRCLE('',#9938,4.);
#9938 = AXIS2_PLACEMENT_3D('',#9939,#9940,#9941);
#9939 = CARTESIAN_POINT('',(0.,0.,0.));
#9940 = DIRECTION('',(0.,0.,1.));
#9941 = DIRECTION('',(1.,0.,0.));
#9942 = PCURVE('',#9689,#9943);
#9943 = DEFINITIONAL_REPRESENTATION('',(#9944),#9948);
#9944 = CIRCLE('',#9945,4.);
#9945 = AXIS2_PLACEMENT_2D('',#9946,#9947);
#9946 = CARTESIAN_POINT('',(0.,-8.707631565688E-17));
#9947 = DIRECTION('',(1.,0.));
#9948 = ( GEOMETRIC_REPRESENTATION_CONTEXT(2) 
PARAMETRIC_REPRESENTATION_CONTEXT() REPRESENTATION_CONTEXT('2D SPACE',''
  ) );
#9949 = PCURVE('',#9950,#9955);
#9950 = CYLINDRICAL_SURFACE('',#9951,4.);
#9951 = AXIS2_PLACEMENT_3D('',#9952,#9953,#9954);
#9952 = CARTESIAN_POINT('',(0.,0.,0.));
#9953 = DIRECTION('',(0.,0.,1.));
#9954 = DIRECTION('',(1.,0.,0.));
#9955 = DEFINITIONAL_REPRESENTATION('',(#9956),#9960);
#9956 = LINE('',#9957,#9958);
#9957 = CARTESIAN_POINT('',(0.,0.));
#9958 = VECTOR('',#9959,1.);
#9959 = DIRECTION('',(1.,0.));
#9960 = ( GEOMETRIC_REPRESENTATION_CONTEXT(2) 
PARAMETRIC_REPRESENTATION_CONTEXT() REPRESENTATION_CONTEXT('2D SPACE',''
  ) );
#9961 = ADVANCED_FACE('',(#9962),#9635,.T.);
#9962 = FACE_BOUND('',#9963,.T.);
#9963 = EDGE_LOOP('',(#9964,#9965,#9966,#9989,#10012,#10033));
#9964 = ORIENTED_EDGE('',*,*,#9619,.T.);
#9965 = ORIENTED_EDGE('',*,*,#9781,.T.);
#9966 = ORIENTED_EDGE('',*,*,#9967,.T.);
#9967 = EDGE_CURVE('',#9782,#9968,#9970,.T.);
#9968 = VERTEX_POINT('',#9969);
#9969 = CARTESIAN_POINT('',(-6.8,8.327598234202E-16,5.2));
#9970 = SURFACE_CURVE('',#9971,(#9975,#9982),.PCURVE_S1.);
#9971 = LINE('',#9972,#9973);
#9972 = CARTESIAN_POINT('',(-3.4,5.888972745734,5.2));
#9973 = VECTOR('',#9974,1.);
#9974 = DIRECTION('',(-0.5,-0.866025403784,0.));
#9975 = PCURVE('',#9635,#9976);
#9976 = DEFINITIONAL_REPRESENTATION('',(#9977),#9981);
#9977 = LINE('',#9978,#9979);
#9978 = CARTESIAN_POINT('',(-3.4,5.888972745734));
#9979 = VECTOR('',#9980,1.);
#9980 = DIRECTION('',(-0.5,-0.866025403784));
#9981 = ( GEOMETRIC_REPRESENTATION_CONTEXT(2) 
PARAMETRIC_REPRESENTATION_CONTEXT() REPRESENTATION_CONTEXT('2D SPACE',''
  ) );
#9982 = PCURVE('',#9820,#9983);
#9983 = DEFINITIONAL_REPRESENTATION('',(#9984),#9988);
#9984 = LINE('',#9985,#9986);
#9985 = CARTESIAN_POINT('',(0.,-5.2));
#9986 = VECTOR('',#9987,1.);
#9987 = DIRECTION('',(1.,0.));
#9988 = ( GEOMETRIC_REPRESENTATION_CONTEXT(2) 
PARAMETRIC_REPRESENTATION_CONTEXT() REPRESENTATION_CONTEXT('2D SPACE',''
  ) );
#9989 = ORIENTED_EDGE('',*,*,#9990,.T.);
#9990 = EDGE_CURVE('',#9968,#9991,#9993,.T.);
#9991 = VERTEX_POINT('',#9992);
#9992 = CARTESIAN_POINT('',(-3.4,-5.888972745734,5.2));
#9993 = SURFACE_CURVE('',#9994,(#9998,#10005),.PCURVE_S1.);
#9994 = LINE('',#9995,#9996);
#9995 = CARTESIAN_POINT('',(-6.8,8.327598234202E-16,5.2));
#9996 = VECTOR('',#9997,1.);
#9997 = DIRECTION('',(0.5,-0.866025403784,0.));
#9998 = PCURVE('',#9635,#9999);
#9999 = DEFINITIONAL_REPRESENTATION('',(#10000),#10004);
#10000 = LINE('',#10001,#10002);
#10001 = CARTESIAN_POINT('',(-6.8,7.456835077633E-16));
#10002 = VECTOR('',#10003,1.);
#10003 = DIRECTION('',(0.5,-0.866025403784));
#10004 = ( GEOMETRIC_REPRESENTATION_CONTEXT(2) 
PARAMETRIC_REPRESENTATION_CONTEXT() REPRESENTATION_CONTEXT('2D SPACE',''
  ) );
#10005 = PCURVE('',#9897,#10006);
#10006 = DEFINITIONAL_REPRESENTATION('',(#10007),#10011);
#10007 = LINE('',#10008,#10009);
#10008 = CARTESIAN_POINT('',(0.,-5.2));
#10009 = VECTOR('',#10010,1.);
#10010 = DIRECTION('',(1.,0.));
#10011 = ( GEOMETRIC_REPRESENTATION_CONTEXT(2) 
PARAMETRIC_REPRESENTATION_CONTEXT() REPRESENTATION_CONTEXT('2D SPACE',''
  ) );
#10012 = ORIENTED_EDGE('',*,*,#10013,.T.);
#10013 = EDGE_CURVE('',#9991,#9707,#10014,.T.);
#10014 = SURFACE_CURVE('',#10015,(#10019,#10026),.PCURVE_S1.);
#10015 = LINE('',#10016,#10017);
#10016 = CARTESIAN_POINT('',(-3.4,-5.888972745734,5.2));
#10017 = VECTOR('',#10018,1.);
#10018 = DIRECTION('',(1.,-6.530723674266E-16,0.));
#10019 = PCURVE('',#9635,#10020);
#10020 = DEFINITIONAL_REPRESENTATION('',(#10021),#10025);
#10021 = LINE('',#10022,#10023);
#10022 = CARTESIAN_POINT('',(-3.4,-5.888972745734));
#10023 = VECTOR('',#10024,1.);
#10024 = DIRECTION('',(1.,-6.530723674266E-16));
#10025 = ( GEOMETRIC_REPRESENTATION_CONTEXT(2) 
PARAMETRIC_REPRESENTATION_CONTEXT() REPRESENTATION_CONTEXT('2D SPACE',''
  ) );
#10026 = PCURVE('',#9722,#10027);
#10027 = DEFINITIONAL_REPRESENTATION('',(#10028),#10032);
#10028 = LINE('',#10029,#10030);
#10029 = CARTESIAN_POINT('',(0.,-5.2));
#10030 = VECTOR('',#10031,1.);
#10031 = DIRECTION('',(1.,0.));
#10032 = ( GEOMETRIC_REPRESENTATION_CONTEXT(2) 
PARAMETRIC_REPRESENTATION_CONTEXT() REPRESENTATION_CONTEXT('2D SPACE',''
  ) );
#10033 = ORIENTED_EDGE('',*,*,#9734,.T.);
#10034 = ADVANCED_FACE('',(#10035),#9722,.F.);
#10035 = FACE_BOUND('',#10036,.F.);
#10036 = EDGE_LOOP('',(#10037,#10058,#10059,#10060));
#10037 = ORIENTED_EDGE('',*,*,#10038,.T.);
#10038 = EDGE_CURVE('',#9882,#9991,#10039,.T.);
#10039 = SURFACE_CURVE('',#10040,(#10044,#10051),.PCURVE_S1.);
#10040 = LINE('',#10041,#10042);
#10041 = CARTESIAN_POINT('',(-3.4,-5.888972745734,0.));
#10042 = VECTOR('',#10043,1.);
#10043 = DIRECTION('',(0.,0.,1.));
#10044 = PCURVE('',#9722,#10045);
#10045 = DEFINITIONAL_REPRESENTATION('',(#10046),#10050);
#10046 = LINE('',#10047,#10048);
#10047 = CARTESIAN_POINT('',(0.,0.));
#10048 = VECTOR('',#10049,1.);
#10049 = DIRECTION('',(0.,-1.));
#10050 = ( GEOMETRIC_REPRESENTATION_CONTEXT(2) 
PARAMETRIC_REPRESENTATION_CONTEXT() REPRESENTATION_CONTEXT('2D SPACE',''
  ) );
#10051 = PCURVE('',#9897,#10052);
#10052 = DEFINITIONAL_REPRESENTATION('',(#10053),#10057);
#10053 = LINE('',#10054,#10055);
#10054 = CARTESIAN_POINT('',(6.8,0.));
#10055 = VECTOR('',#10056,1.);
#10056 = DIRECTION('',(0.,-1.));
#10057 = ( GEOMETRIC_REPRESENTATION_CONTEXT(2) 
PARAMETRIC_REPRESENTATION_CONTEXT() REPRESENTATION_CONTEXT('2D SPACE',''
  ) );
#10058 = ORIENTED_EDGE('',*,*,#10013,.T.);
#10059 = ORIENTED_EDGE('',*,*,#9704,.F.);
#10060 = ORIENTED_EDGE('',*,*,#9909,.F.);
#10061 = ADVANCED_FACE('',(#10062),#9820,.F.);
#10062 = FACE_BOUND('',#10063,.F.);
#10063 = EDGE_LOOP('',(#10064,#10065,#10066,#10087));
#10064 = ORIENTED_EDGE('',*,*,#9804,.T.);
#10065 = ORIENTED_EDGE('',*,*,#9967,.T.);
#10066 = ORIENTED_EDGE('',*,*,#10067,.F.);
#10067 = EDGE_CURVE('',#9859,#9968,#10068,.T.);
#10068 = SURFACE_CURVE('',#10069,(#10073,#10080),.PCURVE_S1.);
#10069 = LINE('',#10070,#10071);
#10070 = CARTESIAN_POINT('',(-6.8,8.327598234202E-16,0.));
#10071 = VECTOR('',#10072,1.);
#10072 = DIRECTION('',(0.,0.,1.));
#10073 = PCURVE('',#9820,#10074);
#10074 = DEFINITIONAL_REPRESENTATION('',(#10075),#10079);
#10075 = LINE('',#10076,#10077);
#10076 = CARTESIAN_POINT('',(6.8,0.));
#10077 = VECTOR('',#10078,1.);
#10078 = DIRECTION('',(0.,-1.));
#10079 = ( GEOMETRIC_REPRESENTATION_CONTEXT(2) 
PARAMETRIC_REPRESENTATION_CONTEXT() REPRESENTATION_CONTEXT('2D SPACE',''
  ) );
#10080 = PCURVE('',#9897,#10081);
#10081 = DEFINITIONAL_REPRESENTATION('',(#10082),#10086);
#10082 = LINE('',#10083,#10084);
#10083 = CARTESIAN_POINT('',(0.,0.));
#10084 = VECTOR('',#10085,1.);
#10085 = DIRECTION('',(0.,-1.));
#10086 = ( GEOMETRIC_REPRESENTATION_CONTEXT(2) 
PARAMETRIC_REPRESENTATION_CONTEXT() REPRESENTATION_CONTEXT('2D SPACE',''
  ) );
#10087 = ORIENTED_EDGE('',*,*,#9858,.F.);
#10088 = ADVANCED_FACE('',(#10089),#9897,.F.);
#10089 = FACE_BOUND('',#10090,.F.);
#10090 = EDGE_LOOP('',(#10091,#10092,#10093,#10094));
#10091 = ORIENTED_EDGE('',*,*,#10067,.T.);
#10092 = ORIENTED_EDGE('',*,*,#9990,.T.);
#10093 = ORIENTED_EDGE('',*,*,#10038,.F.);
#10094 = ORIENTED_EDGE('',*,*,#9881,.F.);
#10095 = ADVANCED_FACE('',(#10096),#9950,.T.);
#10096 = FACE_BOUND('',#10097,.T.);
#10097 = EDGE_LOOP('',(#10098,#10121,#10148,#10149));
#10098 = ORIENTED_EDGE('',*,*,#10099,.T.);
#10099 = EDGE_CURVE('',#9934,#10100,#10102,.T.);
#10100 = VERTEX_POINT('',#10101);
#10101 = CARTESIAN_POINT('',(4.,0.,-29.04));
#10102 = SEAM_CURVE('',#10103,(#10107,#10114),.PCURVE_S1.);
#10103 = LINE('',#10104,#10105);
#10104 = CARTESIAN_POINT('',(4.,0.,0.));
#10105 = VECTOR('',#10106,1.);
#10106 = DIRECTION('',(-0.,-0.,-1.));
#10107 = PCURVE('',#9950,#10108);
#10108 = DEFINITIONAL_REPRESENTATION('',(#10109),#10113);
#10109 = LINE('',#10110,#10111);
#10110 = CARTESIAN_POINT('',(0.,0.));
#10111 = VECTOR('',#10112,1.);
#10112 = DIRECTION('',(0.,-1.));
#10113 = ( GEOMETRIC_REPRESENTATION_CONTEXT(2) 
PARAMETRIC_REPRESENTATION_CONTEXT() REPRESENTATION_CONTEXT('2D SPACE',''
  ) );
#10114 = PCURVE('',#9950,#10115);
#10115 = DEFINITIONAL_REPRESENTATION('',(#10116),#10120);
#10116 = LINE('',#10117,#10118);
#10117 = CARTESIAN_POINT('',(6.28318530718,0.));
#10118 = VECTOR('',#10119,1.);
#10119 = DIRECTION('',(0.,-1.));
#10120 = ( GEOMETRIC_REPRESENTATION_CONTEXT(2) 
PARAMETRIC_REPRESENTATION_CONTEXT() REPRESENTATION_CONTEXT('2D SPACE',''
  ) );
#10121 = ORIENTED_EDGE('',*,*,#10122,.T.);
#10122 = EDGE_CURVE('',#10100,#10100,#10123,.T.);
#10123 = SURFACE_CURVE('',#10124,(#10129,#10136),.PCURVE_S1.);
#10124 = CIRCLE('',#10125,4.);
#10125 = AXIS2_PLACEMENT_3D('',#10126,#10127,#10128);
#10126 = CARTESIAN_POINT('',(0.,0.,-29.04));
#10127 = DIRECTION('',(0.,0.,1.));
#10128 = DIRECTION('',(1.,0.,-0.));
#10129 = PCURVE('',#9950,#10130);
#10130 = DEFINITIONAL_REPRESENTATION('',(#10131),#10135);
#10131 = LINE('',#10132,#10133);
#10132 = CARTESIAN_POINT('',(0.,-29.04));
#10133 = VECTOR('',#10134,1.);
#10134 = DIRECTION('',(1.,0.));
#10135 = ( GEOMETRIC_REPRESENTATION_CONTEXT(2) 
PARAMETRIC_REPRESENTATION_CONTEXT() REPRESENTATION_CONTEXT('2D SPACE',''
  ) );
#10136 = PCURVE('',#10137,#10142);
#10137 = CONICAL_SURFACE('',#10138,4.,0.785398163397);
#10138 = AXIS2_PLACEMENT_3D('',#10139,#10140,#10141);
#10139 = CARTESIAN_POINT('',(0.,0.,-29.04));
#10140 = DIRECTION('',(0.,0.,1.));
#10141 = DIRECTION('',(1.,0.,-0.));
#10142 = DEFINITIONAL_REPRESENTATION('',(#10143),#10147);
#10143 = LINE('',#10144,#10145);
#10144 = CARTESIAN_POINT('',(0.,-0.));
#10145 = VECTOR('',#10146,1.);
#10146 = DIRECTION('',(1.,-0.));
#10147 = ( GEOMETRIC_REPRESENTATION_CONTEXT(2) 
PARAMETRIC_REPRESENTATION_CONTEXT() REPRESENTATION_CONTEXT('2D SPACE',''
  ) );
#10148 = ORIENTED_EDGE('',*,*,#10099,.F.);
#10149 = ORIENTED_EDGE('',*,*,#9933,.F.);
#10150 = ADVANCED_FACE('',(#10151),#10137,.T.);
#10151 = FACE_BOUND('',#10152,.F.);
#10152 = EDGE_LOOP('',(#10153,#10174,#10175,#10176));
#10153 = ORIENTED_EDGE('',*,*,#10154,.F.);
#10154 = EDGE_CURVE('',#10100,#10155,#10157,.T.);
#10155 = VERTEX_POINT('',#10156);
#10156 = CARTESIAN_POINT('',(3.04,0.,-30.));
#10157 = SEAM_CURVE('',#10158,(#10162,#10168),.PCURVE_S1.);
#10158 = LINE('',#10159,#10160);
#10159 = CARTESIAN_POINT('',(4.,0.,-29.04));
#10160 = VECTOR('',#10161,1.);
#10161 = DIRECTION('',(-0.707106781187,-0.,-0.707106781187));
#10162 = PCURVE('',#10137,#10163);
#10163 = DEFINITIONAL_REPRESENTATION('',(#10164),#10167);
#10164 = B_SPLINE_CURVE_WITH_KNOTS('',1,(#10165,#10166),.UNSPECIFIED.,
  .F.,.F.,(2,2),(0.,1.357645019878),.PIECEWISE_BEZIER_KNOTS.);
#10165 = CARTESIAN_POINT('',(0.,0.));
#10166 = CARTESIAN_POINT('',(0.,-0.96));
#10167 = ( GEOMETRIC_REPRESENTATION_CONTEXT(2) 
PARAMETRIC_REPRESENTATION_CONTEXT() REPRESENTATION_CONTEXT('2D SPACE',''
  ) );
#10168 = PCURVE('',#10137,#10169);
#10169 = DEFINITIONAL_REPRESENTATION('',(#10170),#10173);
#10170 = B_SPLINE_CURVE_WITH_KNOTS('',1,(#10171,#10172),.UNSPECIFIED.,
  .F.,.F.,(2,2),(0.,1.357645019878),.PIECEWISE_BEZIER_KNOTS.);
#10171 = CARTESIAN_POINT('',(6.28318530718,0.));
#10172 = CARTESIAN_POINT('',(6.28318530718,-0.96));
#10173 = ( GEOMETRIC_REPRESENTATION_CONTEXT(2) 
PARAMETRIC_REPRESENTATION_CONTEXT() REPRESENTATION_CONTEXT('2D SPACE',''
  ) );
#10174 = ORIENTED_EDGE('',*,*,#10122,.T.);
#10175 = ORIENTED_EDGE('',*,*,#10154,.T.);
#10176 = ORIENTED_EDGE('',*,*,#10177,.F.);
#10177 = EDGE_CURVE('',#10155,#10155,#10178,.T.);
#10178 = SURFACE_CURVE('',#10179,(#10184,#10191),.PCURVE_S1.);
#10179 = CIRCLE('',#10180,3.04);
#10180 = AXIS2_PLACEMENT_3D('',#10181,#10182,#10183);
#10181 = CARTESIAN_POINT('',(0.,0.,-30.));
#10182 = DIRECTION('',(0.,0.,1.));
#10183 = DIRECTION('',(1.,0.,-0.));
#10184 = PCURVE('',#10137,#10185);
#10185 = DEFINITIONAL_REPRESENTATION('',(#10186),#10190);
#10186 = LINE('',#10187,#10188);
#10187 = CARTESIAN_POINT('',(0.,-0.96));
#10188 = VECTOR('',#10189,1.);
#10189 = DIRECTION('',(1.,-0.));
#10190 = ( GEOMETRIC_REPRESENTATION_CONTEXT(2) 
PARAMETRIC_REPRESENTATION_CONTEXT() REPRESENTATION_CONTEXT('2D SPACE',''
  ) );
#10191 = PCURVE('',#10192,#10197);
#10192 = PLANE('',#10193);
#10193 = AXIS2_PLACEMENT_3D('',#10194,#10195,#10196);
#10194 = CARTESIAN_POINT('',(-2.563950248511E-16,3.49503809816E-16,-30.)
  );
#10195 = DIRECTION('',(0.,0.,1.));
#10196 = DIRECTION('',(1.,0.,-0.));
#10197 = DEFINITIONAL_REPRESENTATION('',(#10198),#10202);
#10198 = CIRCLE('',#10199,3.04);
#10199 = AXIS2_PLACEMENT_2D('',#10200,#10201);
#10200 = CARTESIAN_POINT('',(2.563950248511E-16,-3.49503809816E-16));
#10201 = DIRECTION('',(1.,0.));
#10202 = ( GEOMETRIC_REPRESENTATION_CONTEXT(2) 
PARAMETRIC_REPRESENTATION_CONTEXT() REPRESENTATION_CONTEXT('2D SPACE',''
  ) );
#10203 = ADVANCED_FACE('',(#10204),#10192,.F.);
#10204 = FACE_BOUND('',#10205,.F.);
#10205 = EDGE_LOOP('',(#10206));
#10206 = ORIENTED_EDGE('',*,*,#10177,.T.);
#10207 = ( GEOMETRIC_REPRESENTATION_CONTEXT(3) 
GLOBAL_UNCERTAINTY_ASSIGNED_CONTEXT((#10211)) 
GLOBAL_UNIT_ASSIGNED_CONTEXT((#10208,#10209,#10210)) 
REPRESENTATION_CONTEXT('Context #1',
  '3D Context with UNIT and UNCERTAINTY') );
#10208 = ( LENGTH_UNIT() NAMED_UNIT(*) SI_UNIT(.MILLI.,.METRE.) );
#10209 = ( NAMED_UNIT(*) PLANE_ANGLE_UNIT() SI_UNIT($,.RADIAN.) );
#10210 = ( NAMED_UNIT(*) SI_UNIT($,.STERADIAN.) SOLID_ANGLE_UNIT() );
#10211 = UNCERTAINTY_MEASURE_WITH_UNIT(LENGTH_MEASURE(1.E-07),#10208,
  'distance_accuracy_value','confusion accuracy');
#10212 = CONTEXT_DEPENDENT_SHAPE_REPRESENTATION(#10213,#10215);
#10213 = ( REPRESENTATION_RELATIONSHIP('','',#9577,#10) 
REPRESENTATION_RELATIONSHIP_WITH_TRANSFORMATION(#10214) 
SHAPE_REPRESENTATION_RELATIONSHIP() );
#10214 = ITEM_DEFINED_TRANSFORMATION('','',#11,#39);
#10215 = PRODUCT_DEFINITION_SHAPE('Placement','Placement of an item',
  #10216);
#10216 = NEXT_ASSEMBLY_USAGE_OCCURRENCE('23','','',#5,#9572,$);
#10217 = PRODUCT_RELATED_PRODUCT_CATEGORY('part',$,(#9574));
#10218 = SHAPE_DEFINITION_REPRESENTATION(#10219,#10225);
#10219 = PRODUCT_DEFINITION_SHAPE('','',#10220);
#10220 = PRODUCT_DEFINITION('design','',#10221,#10224);
#10221 = PRODUCT_DEFINITION_FORMATION('','',#10222);
#10222 = PRODUCT('Open CASCADE STEP translator 7.9 12.8',
  'Open CASCADE STEP translator 7.9 12.8','',(#10223));
#10223 = PRODUCT_CONTEXT('',#2,'mechanical');
#10224 = PRODUCT_DEFINITION_CONTEXT('part definition',#2,'design');
#10225 = ADVANCED_BREP_SHAPE_REPRESENTATION('',(#11,#10226),#10855);
#10226 = MANIFOLD_SOLID_BREP('',#10227);
#10227 = CLOSED_SHELL('',(#10228,#10348,#10424,#10500,#10609,#10682,
    #10709,#10736,#10743,#10798,#10851));
#10228 = ADVANCED_FACE('',(#10229),#10243,.F.);
#10229 = FACE_BOUND('',#10230,.F.);
#10230 = EDGE_LOOP('',(#10231,#10266,#10294,#10322));
#10231 = ORIENTED_EDGE('',*,*,#10232,.T.);
#10232 = EDGE_CURVE('',#10233,#10235,#10237,.T.);
#10233 = VERTEX_POINT('',#10234);
#10234 = CARTESIAN_POINT('',(6.8,0.,0.));
#10235 = VERTEX_POINT('',#10236);
#10236 = CARTESIAN_POINT('',(6.8,0.,5.2));
#10237 = SURFACE_CURVE('',#10238,(#10242,#10254),.PCURVE_S1.);
#10238 = LINE('',#10239,#10240);
#10239 = CARTESIAN_POINT('',(6.8,0.,0.));
#10240 = VECTOR('',#10241,1.);
#10241 = DIRECTION('',(0.,0.,1.));
#10242 = PCURVE('',#10243,#10248);
#10243 = PLANE('',#10244);
#10244 = AXIS2_PLACEMENT_3D('',#10245,#10246,#10247);
#10245 = CARTESIAN_POINT('',(6.8,0.,0.));
#10246 = DIRECTION('',(-0.866025403784,-0.5,0.));
#10247 = DIRECTION('',(-0.5,0.866025403784,0.));
#10248 = DEFINITIONAL_REPRESENTATION('',(#10249),#10253);
#10249 = LINE('',#10250,#10251);
#10250 = CARTESIAN_POINT('',(0.,0.));
#10251 = VECTOR('',#10252,1.);
#10252 = DIRECTION('',(0.,-1.));
#10253 = ( GEOMETRIC_REPRESENTATION_CONTEXT(2) 
PARAMETRIC_REPRESENTATION_CONTEXT() REPRESENTATION_CONTEXT('2D SPACE',''
  ) );
#10254 = PCURVE('',#10255,#10260);
#10255 = PLANE('',#10256);
#10256 = AXIS2_PLACEMENT_3D('',#10257,#10258,#10259);
#10257 = CARTESIAN_POINT('',(3.4,-5.888972745734,0.));
#10258 = DIRECTION('',(-0.866025403784,0.5,0.));
#10259 = DIRECTION('',(0.5,0.866025403784,0.));
#10260 = DEFINITIONAL_REPRESENTATION('',(#10261),#10265);
#10261 = LINE('',#10262,#10263);
#10262 = CARTESIAN_POINT('',(6.8,0.));
#10263 = VECTOR('',#10264,1.);
#10264 = DIRECTION('',(0.,-1.));
#10265 = ( GEOMETRIC_REPRESENTATION_CONTEXT(2) 
PARAMETRIC_REPRESENTATION_CONTEXT() REPRESENTATION_CONTEXT('2D SPACE',''
  ) );
#10266 = ORIENTED_EDGE('',*,*,#10267,.T.);
#10267 = EDGE_CURVE('',#10235,#10268,#10270,.T.);
#10268 = VERTEX_POINT('',#10269);
#10269 = CARTESIAN_POINT('',(3.4,5.888972745734,5.2));
#10270 = SURFACE_CURVE('',#10271,(#10275,#10282),.PCURVE_S1.);
#10271 = LINE('',#10272,#10273);
#10272 = CARTESIAN_POINT('',(6.8,0.,5.2));
#10273 = VECTOR('',#10274,1.);
#10274 = DIRECTION('',(-0.5,0.866025403784,0.));
#10275 = PCURVE('',#10243,#10276);
#10276 = DEFINITIONAL_REPRESENTATION('',(#10277),#10281);
#10277 = LINE('',#10278,#10279);
#10278 = CARTESIAN_POINT('',(0.,-5.2));
#10279 = VECTOR('',#10280,1.);
#10280 = DIRECTION('',(1.,0.));
#10281 = ( GEOMETRIC_REPRESENTATION_CONTEXT(2) 
PARAMETRIC_REPRESENTATION_CONTEXT() REPRESENTATION_CONTEXT('2D SPACE',''
  ) );
#10282 = PCURVE('',#10283,#10288);
#10283 = PLANE('',#10284);
#10284 = AXIS2_PLACEMENT_3D('',#10285,#10286,#10287);
#10285 = CARTESIAN_POINT('',(0.,8.707631565688E-17,5.2));
#10286 = DIRECTION('',(0.,0.,1.));
#10287 = DIRECTION('',(1.,0.,-0.));
#10288 = DEFINITIONAL_REPRESENTATION('',(#10289),#10293);
#10289 = LINE('',#10290,#10291);
#10290 = CARTESIAN_POINT('',(6.8,-8.707631565688E-17));
#10291 = VECTOR('',#10292,1.);
#10292 = DIRECTION('',(-0.5,0.866025403784));
#10293 = ( GEOMETRIC_REPRESENTATION_CONTEXT(2) 
PARAMETRIC_REPRESENTATION_CONTEXT() REPRESENTATION_CONTEXT('2D SPACE',''
  ) );
#10294 = ORIENTED_EDGE('',*,*,#10295,.F.);
#10295 = EDGE_CURVE('',#10296,#10268,#10298,.T.);
#10296 = VERTEX_POINT('',#10297);
#10297 = CARTESIAN_POINT('',(3.4,5.888972745734,0.));
#10298 = SURFACE_CURVE('',#10299,(#10303,#10310),.PCURVE_S1.);
#10299 = LINE('',#10300,#10301);
#10300 = CARTESIAN_POINT('',(3.4,5.888972745734,0.));
#10301 = VECTOR('',#10302,1.);
#10302 = DIRECTION('',(0.,0.,1.));
#10303 = PCURVE('',#10243,#10304);
#10304 = DEFINITIONAL_REPRESENTATION('',(#10305),#10309);
#10305 = LINE('',#10306,#10307);
#10306 = CARTESIAN_POINT('',(6.8,0.));
#10307 = VECTOR('',#10308,1.);
#10308 = DIRECTION('',(0.,-1.));
#10309 = ( GEOMETRIC_REPRESENTATION_CONTEXT(2) 
PARAMETRIC_REPRESENTATION_CONTEXT() REPRESENTATION_CONTEXT('2D SPACE',''
  ) );
#10310 = PCURVE('',#10311,#10316);
#10311 = PLANE('',#10312);
#10312 = AXIS2_PLACEMENT_3D('',#10313,#10314,#10315);
#10313 = CARTESIAN_POINT('',(3.4,5.888972745734,0.));
#10314 = DIRECTION('',(0.,-1.,0.));
#10315 = DIRECTION('',(-1.,0.,0.));
#10316 = DEFINITIONAL_REPRESENTATION('',(#10317),#10321);
#10317 = LINE('',#10318,#10319);
#10318 = CARTESIAN_POINT('',(0.,-0.));
#10319 = VECTOR('',#10320,1.);
#10320 = DIRECTION('',(0.,-1.));
#10321 = ( GEOMETRIC_REPRESENTATION_CONTEXT(2) 
PARAMETRIC_REPRESENTATION_CONTEXT() REPRESENTATION_CONTEXT('2D SPACE',''
  ) );
#10322 = ORIENTED_EDGE('',*,*,#10323,.F.);
#10323 = EDGE_CURVE('',#10233,#10296,#10324,.T.);
#10324 = SURFACE_CURVE('',#10325,(#10329,#10336),.PCURVE_S1.);
#10325 = LINE('',#10326,#10327);
#10326 = CARTESIAN_POINT('',(6.8,0.,0.));
#10327 = VECTOR('',#10328,1.);
#10328 = DIRECTION('',(-0.5,0.866025403784,0.));
#10329 = PCURVE('',#10243,#10330);
#10330 = DEFINITIONAL_REPRESENTATION('',(#10331),#10335);
#10331 = LINE('',#10332,#10333);
#10332 = CARTESIAN_POINT('',(0.,0.));
#10333 = VECTOR('',#10334,1.);
#10334 = DIRECTION('',(1.,0.));
#10335 = ( GEOMETRIC_REPRESENTATION_CONTEXT(2) 
PARAMETRIC_REPRESENTATION_CONTEXT() REPRESENTATION_CONTEXT('2D SPACE',''
  ) );
#10336 = PCURVE('',#10337,#10342);
#10337 = PLANE('',#10338);
#10338 = AXIS2_PLACEMENT_3D('',#10339,#10340,#10341);
#10339 = CARTESIAN_POINT('',(0.,8.707631565688E-17,0.));
#10340 = DIRECTION('',(0.,0.,1.));
#10341 = DIRECTION('',(1.,0.,-0.));
#10342 = DEFINITIONAL_REPRESENTATION('',(#10343),#10347);
#10343 = LINE('',#10344,#10345);
#10344 = CARTESIAN_POINT('',(6.8,-8.707631565688E-17));
#10345 = VECTOR('',#10346,1.);
#10346 = DIRECTION('',(-0.5,0.866025403784));
#10347 = ( GEOMETRIC_REPRESENTATION_CONTEXT(2) 
PARAMETRIC_REPRESENTATION_CONTEXT() REPRESENTATION_CONTEXT('2D SPACE',''
  ) );
#10348 = ADVANCED_FACE('',(#10349),#10255,.F.);
#10349 = FACE_BOUND('',#10350,.F.);
#10350 = EDGE_LOOP('',(#10351,#10381,#10402,#10403));
#10351 = ORIENTED_EDGE('',*,*,#10352,.T.);
#10352 = EDGE_CURVE('',#10353,#10355,#10357,.T.);
#10353 = VERTEX_POINT('',#10354);
#10354 = CARTESIAN_POINT('',(3.4,-5.888972745734,0.));
#10355 = VERTEX_POINT('',#10356);
#10356 = CARTESIAN_POINT('',(3.4,-5.888972745734,5.2));
#10357 = SURFACE_CURVE('',#10358,(#10362,#10369),.PCURVE_S1.);
#10358 = LINE('',#10359,#10360);
#10359 = CARTESIAN_POINT('',(3.4,-5.888972745734,0.));
#10360 = VECTOR('',#10361,1.);
#10361 = DIRECTION('',(0.,0.,1.));
#10362 = PCURVE('',#10255,#10363);
#10363 = DEFINITIONAL_REPRESENTATION('',(#10364),#10368);
#10364 = LINE('',#10365,#10366);
#10365 = CARTESIAN_POINT('',(0.,0.));
#10366 = VECTOR('',#10367,1.);
#10367 = DIRECTION('',(0.,-1.));
#10368 = ( GEOMETRIC_REPRESENTATION_CONTEXT(2) 
PARAMETRIC_REPRESENTATION_CONTEXT() REPRESENTATION_CONTEXT('2D SPACE',''
  ) );
#10369 = PCURVE('',#10370,#10375);
#10370 = PLANE('',#10371);
#10371 = AXIS2_PLACEMENT_3D('',#10372,#10373,#10374);
#10372 = CARTESIAN_POINT('',(-3.4,-5.888972745734,0.));
#10373 = DIRECTION('',(6.530723674266E-16,1.,-0.));
#10374 = DIRECTION('',(1.,-6.530723674266E-16,0.));
#10375 = DEFINITIONAL_REPRESENTATION('',(#10376),#10380);
#10376 = LINE('',#10377,#10378);
#10377 = CARTESIAN_POINT('',(6.8,0.));
#10378 = VECTOR('',#10379,1.);
#10379 = DIRECTION('',(0.,-1.));
#10380 = ( GEOMETRIC_REPRESENTATION_CONTEXT(2) 
PARAMETRIC_REPRESENTATION_CONTEXT() REPRESENTATION_CONTEXT('2D SPACE',''
  ) );
#10381 = ORIENTED_EDGE('',*,*,#10382,.T.);
#10382 = EDGE_CURVE('',#10355,#10235,#10383,.T.);
#10383 = SURFACE_CURVE('',#10384,(#10388,#10395),.PCURVE_S1.);
#10384 = LINE('',#10385,#10386);
#10385 = CARTESIAN_POINT('',(3.4,-5.888972745734,5.2));
#10386 = VECTOR('',#10387,1.);
#10387 = DIRECTION('',(0.5,0.866025403784,0.));
#10388 = PCURVE('',#10255,#10389);
#10389 = DEFINITIONAL_REPRESENTATION('',(#10390),#10394);
#10390 = LINE('',#10391,#10392);
#10391 = CARTESIAN_POINT('',(0.,-5.2));
#10392 = VECTOR('',#10393,1.);
#10393 = DIRECTION('',(1.,0.));
#10394 = ( GEOMETRIC_REPRESENTATION_CONTEXT(2) 
PARAMETRIC_REPRESENTATION_CONTEXT() REPRESENTATION_CONTEXT('2D SPACE',''
  ) );
#10395 = PCURVE('',#10283,#10396);
#10396 = DEFINITIONAL_REPRESENTATION('',(#10397),#10401);
#10397 = LINE('',#10398,#10399);
#10398 = CARTESIAN_POINT('',(3.4,-5.888972745734));
#10399 = VECTOR('',#10400,1.);
#10400 = DIRECTION('',(0.5,0.866025403784));
#10401 = ( GEOMETRIC_REPRESENTATION_CONTEXT(2) 
PARAMETRIC_REPRESENTATION_CONTEXT() REPRESENTATION_CONTEXT('2D SPACE',''
  ) );
#10402 = ORIENTED_EDGE('',*,*,#10232,.F.);
#10403 = ORIENTED_EDGE('',*,*,#10404,.F.);
#10404 = EDGE_CURVE('',#10353,#10233,#10405,.T.);
#10405 = SURFACE_CURVE('',#10406,(#10410,#10417),.PCURVE_S1.);
#10406 = LINE('',#10407,#10408);
#10407 = CARTESIAN_POINT('',(3.4,-5.888972745734,0.));
#10408 = VECTOR('',#10409,1.);
#10409 = DIRECTION('',(0.5,0.866025403784,0.));
#10410 = PCURVE('',#10255,#10411);
#10411 = DEFINITIONAL_REPRESENTATION('',(#10412),#10416);
#10412 = LINE('',#10413,#10414);
#10413 = CARTESIAN_POINT('',(0.,0.));
#10414 = VECTOR('',#10415,1.);
#10415 = DIRECTION('',(1.,0.));
#10416 = ( GEOMETRIC_REPRESENTATION_CONTEXT(2) 
PARAMETRIC_REPRESENTATION_CONTEXT() REPRESENTATION_CONTEXT('2D SPACE',''
  ) );
#10417 = PCURVE('',#10337,#10418);
#10418 = DEFINITIONAL_REPRESENTATION('',(#10419),#10423);
#10419 = LINE('',#10420,#10421);
#10420 = CARTESIAN_POINT('',(3.4,-5.888972745734));
#10421 = VECTOR('',#10422,1.);
#10422 = DIRECTION('',(0.5,0.866025403784));
#10423 = ( GEOMETRIC_REPRESENTATION_CONTEXT(2) 
PARAMETRIC_REPRESENTATION_CONTEXT() REPRESENTATION_CONTEXT('2D SPACE',''
  ) );
#10424 = ADVANCED_FACE('',(#10425),#10311,.F.);
#10425 = FACE_BOUND('',#10426,.F.);
#10426 = EDGE_LOOP('',(#10427,#10428,#10451,#10479));
#10427 = ORIENTED_EDGE('',*,*,#10295,.T.);
#10428 = ORIENTED_EDGE('',*,*,#10429,.T.);
#10429 = EDGE_CURVE('',#10268,#10430,#10432,.T.);
#10430 = VERTEX_POINT('',#10431);
#10431 = CARTESIAN_POINT('',(-3.4,5.888972745734,5.2));
#10432 = SURFACE_CURVE('',#10433,(#10437,#10444),.PCURVE_S1.);
#10433 = LINE('',#10434,#10435);
#10434 = CARTESIAN_POINT('',(3.4,5.888972745734,5.2));
#10435 = VECTOR('',#10436,1.);
#10436 = DIRECTION('',(-1.,0.,0.));
#10437 = PCURVE('',#10311,#10438);
#10438 = DEFINITIONAL_REPRESENTATION('',(#10439),#10443);
#10439 = LINE('',#10440,#10441);
#10440 = CARTESIAN_POINT('',(0.,-5.2));
#10441 = VECTOR('',#10442,1.);
#10442 = DIRECTION('',(1.,0.));
#10443 = ( GEOMETRIC_REPRESENTATION_CONTEXT(2) 
PARAMETRIC_REPRESENTATION_CONTEXT() REPRESENTATION_CONTEXT('2D SPACE',''
  ) );
#10444 = PCURVE('',#10283,#10445);
#10445 = DEFINITIONAL_REPRESENTATION('',(#10446),#10450);
#10446 = LINE('',#10447,#10448);
#10447 = CARTESIAN_POINT('',(3.4,5.888972745734));
#10448 = VECTOR('',#10449,1.);
#10449 = DIRECTION('',(-1.,0.));
#10450 = ( GEOMETRIC_REPRESENTATION_CONTEXT(2) 
PARAMETRIC_REPRESENTATION_CONTEXT() REPRESENTATION_CONTEXT('2D SPACE',''
  ) );
#10451 = ORIENTED_EDGE('',*,*,#10452,.F.);
#10452 = EDGE_CURVE('',#10453,#10430,#10455,.T.);
#10453 = VERTEX_POINT('',#10454);
#10454 = CARTESIAN_POINT('',(-3.4,5.888972745734,0.));
#10455 = SURFACE_CURVE('',#10456,(#10460,#10467),.PCURVE_S1.);
#10456 = LINE('',#10457,#10458);
#10457 = CARTESIAN_POINT('',(-3.4,5.888972745734,0.));
#10458 = VECTOR('',#10459,1.);
#10459 = DIRECTION('',(0.,0.,1.));
#10460 = PCURVE('',#10311,#10461);
#10461 = DEFINITIONAL_REPRESENTATION('',(#10462),#10466);
#10462 = LINE('',#10463,#10464);
#10463 = CARTESIAN_POINT('',(6.8,0.));
#10464 = VECTOR('',#10465,1.);
#10465 = DIRECTION('',(0.,-1.));
#10466 = ( GEOMETRIC_REPRESENTATION_CONTEXT(2) 
PARAMETRIC_REPRESENTATION_CONTEXT() REPRESENTATION_CONTEXT('2D SPACE',''
  ) );
#10467 = PCURVE('',#10468,#10473);
#10468 = PLANE('',#10469);
#10469 = AXIS2_PLACEMENT_3D('',#10470,#10471,#10472);
#10470 = CARTESIAN_POINT('',(-3.4,5.888972745734,0.));
#10471 = DIRECTION('',(0.866025403784,-0.5,0.));
#10472 = DIRECTION('',(-0.5,-0.866025403784,0.));
#10473 = DEFINITIONAL_REPRESENTATION('',(#10474),#10478);
#10474 = LINE('',#10475,#10476);
#10475 = CARTESIAN_POINT('',(0.,0.));
#10476 = VECTOR('',#10477,1.);
#10477 = DIRECTION('',(0.,-1.));
#10478 = ( GEOMETRIC_REPRESENTATION_CONTEXT(2) 
PARAMETRIC_REPRESENTATION_CONTEXT() REPRESENTATION_CONTEXT('2D SPACE',''
  ) );
#10479 = ORIENTED_EDGE('',*,*,#10480,.F.);
#10480 = EDGE_CURVE('',#10296,#10453,#10481,.T.);
#10481 = SURFACE_CURVE('',#10482,(#10486,#10493),.PCURVE_S1.);
#10482 = LINE('',#10483,#10484);
#10483 = CARTESIAN_POINT('',(3.4,5.888972745734,0.));
#10484 = VECTOR('',#10485,1.);
#10485 = DIRECTION('',(-1.,0.,0.));
#10486 = PCURVE('',#10311,#10487);
#10487 = DEFINITIONAL_REPRESENTATION('',(#10488),#10492);
#10488 = LINE('',#10489,#10490);
#10489 = CARTESIAN_POINT('',(0.,-0.));
#10490 = VECTOR('',#10491,1.);
#10491 = DIRECTION('',(1.,0.));
#10492 = ( GEOMETRIC_REPRESENTATION_CONTEXT(2) 
PARAMETRIC_REPRESENTATION_CONTEXT() REPRESENTATION_CONTEXT('2D SPACE',''
  ) );
#10493 = PCURVE('',#10337,#10494);
#10494 = DEFINITIONAL_REPRESENTATION('',(#10495),#10499);
#10495 = LINE('',#10496,#10497);
#10496 = CARTESIAN_POINT('',(3.4,5.888972745734));
#10497 = VECTOR('',#10498,1.);
#10498 = DIRECTION('',(-1.,0.));
#10499 = ( GEOMETRIC_REPRESENTATION_CONTEXT(2) 
PARAMETRIC_REPRESENTATION_CONTEXT() REPRESENTATION_CONTEXT('2D SPACE',''
  ) );
#10500 = ADVANCED_FACE('',(#10501,#10578),#10337,.F.);
#10501 = FACE_BOUND('',#10502,.F.);
#10502 = EDGE_LOOP('',(#10503,#10504,#10505,#10528,#10556,#10577));
#10503 = ORIENTED_EDGE('',*,*,#10323,.T.);
#10504 = ORIENTED_EDGE('',*,*,#10480,.T.);
#10505 = ORIENTED_EDGE('',*,*,#10506,.T.);
#10506 = EDGE_CURVE('',#10453,#10507,#10509,.T.);
#10507 = VERTEX_POINT('',#10508);
#10508 = CARTESIAN_POINT('',(-6.8,8.327598234202E-16,0.));
#10509 = SURFACE_CURVE('',#10510,(#10514,#10521),.PCURVE_S1.);
#10510 = LINE('',#10511,#10512);
#10511 = CARTESIAN_POINT('',(-3.4,5.888972745734,0.));
#10512 = VECTOR('',#10513,1.);
#10513 = DIRECTION('',(-0.5,-0.866025403784,0.));
#10514 = PCURVE('',#10337,#10515);
#10515 = DEFINITIONAL_REPRESENTATION('',(#10516),#10520);
#10516 = LINE('',#10517,#10518);
#10517 = CARTESIAN_POINT('',(-3.4,5.888972745734));
#10518 = VECTOR('',#10519,1.);
#10519 = DIRECTION('',(-0.5,-0.866025403784));
#10520 = ( GEOMETRIC_REPRESENTATION_CONTEXT(2) 
PARAMETRIC_REPRESENTATION_CONTEXT() REPRESENTATION_CONTEXT('2D SPACE',''
  ) );
#10521 = PCURVE('',#10468,#10522);
#10522 = DEFINITIONAL_REPRESENTATION('',(#10523),#10527);
#10523 = LINE('',#10524,#10525);
#10524 = CARTESIAN_POINT('',(0.,0.));
#10525 = VECTOR('',#10526,1.);
#10526 = DIRECTION('',(1.,0.));
#10527 = ( GEOMETRIC_REPRESENTATION_CONTEXT(2) 
PARAMETRIC_REPRESENTATION_CONTEXT() REPRESENTATION_CONTEXT('2D SPACE',''
  ) );
#10528 = ORIENTED_EDGE('',*,*,#10529,.T.);
#10529 = EDGE_CURVE('',#10507,#10530,#10532,.T.);
#10530 = VERTEX_POINT('',#10531);
#10531 = CARTESIAN_POINT('',(-3.4,-5.888972745734,0.));
#10532 = SURFACE_CURVE('',#10533,(#10537,#10544),.PCURVE_S1.);
#10533 = LINE('',#10534,#10535);
#10534 = CARTESIAN_POINT('',(-6.8,8.327598234202E-16,0.));
#10535 = VECTOR('',#10536,1.);
#10536 = DIRECTION('',(0.5,-0.866025403784,0.));
#10537 = PCURVE('',#10337,#10538);
#10538 = DEFINITIONAL_REPRESENTATION('',(#10539),#10543);
#10539 = LINE('',#10540,#10541);
#10540 = CARTESIAN_POINT('',(-6.8,7.456835077633E-16));
#10541 = VECTOR('',#10542,1.);
#10542 = DIRECTION('',(0.5,-0.866025403784));
#10543 = ( GEOMETRIC_REPRESENTATION_CONTEXT(2) 
PARAMETRIC_REPRESENTATION_CONTEXT() REPRESENTATION_CONTEXT('2D SPACE',''
  ) );
#10544 = PCURVE('',#10545,#10550);
#10545 = PLANE('',#10546);
#10546 = AXIS2_PLACEMENT_3D('',#10547,#10548,#10549);
#10547 = CARTESIAN_POINT('',(-6.8,8.327598234202E-16,0.));
#10548 = DIRECTION('',(0.866025403784,0.5,-0.));
#10549 = DIRECTION('',(0.5,-0.866025403784,0.));
#10550 = DEFINITIONAL_REPRESENTATION('',(#10551),#10555);
#10551 = LINE('',#10552,#10553);
#10552 = CARTESIAN_POINT('',(0.,0.));
#10553 = VECTOR('',#10554,1.);
#10554 = DIRECTION('',(1.,0.));
#10555 = ( GEOMETRIC_REPRESENTATION_CONTEXT(2) 
PARAMETRIC_REPRESENTATION_CONTEXT() REPRESENTATION_CONTEXT('2D SPACE',''
  ) );
#10556 = ORIENTED_EDGE('',*,*,#10557,.T.);
#10557 = EDGE_CURVE('',#10530,#10353,#10558,.T.);
#10558 = SURFACE_CURVE('',#10559,(#10563,#10570),.PCURVE_S1.);
#10559 = LINE('',#10560,#10561);
#10560 = CARTESIAN_POINT('',(-3.4,-5.888972745734,0.));
#10561 = VECTOR('',#10562,1.);
#10562 = DIRECTION('',(1.,-6.530723674266E-16,0.));
#10563 = PCURVE('',#10337,#10564);
#10564 = DEFINITIONAL_REPRESENTATION('',(#10565),#10569);
#10565 = LINE('',#10566,#10567);
#10566 = CARTESIAN_POINT('',(-3.4,-5.888972745734));
#10567 = VECTOR('',#10568,1.);
#10568 = DIRECTION('',(1.,-6.530723674266E-16));
#10569 = ( GEOMETRIC_REPRESENTATION_CONTEXT(2) 
PARAMETRIC_REPRESENTATION_CONTEXT() REPRESENTATION_CONTEXT('2D SPACE',''
  ) );
#10570 = PCURVE('',#10370,#10571);
#10571 = DEFINITIONAL_REPRESENTATION('',(#10572),#10576);
#10572 = LINE('',#10573,#10574);
#10573 = CARTESIAN_POINT('',(0.,0.));
#10574 = VECTOR('',#10575,1.);
#10575 = DIRECTION('',(1.,0.));
#10576 = ( GEOMETRIC_REPRESENTATION_CONTEXT(2) 
PARAMETRIC_REPRESENTATION_CONTEXT() REPRESENTATION_CONTEXT('2D SPACE',''
  ) );
#10577 = ORIENTED_EDGE('',*,*,#10404,.T.);
#10578 = FACE_BOUND('',#10579,.F.);
#10579 = EDGE_LOOP('',(#10580));
#10580 = ORIENTED_EDGE('',*,*,#10581,.F.);
#10581 = EDGE_CURVE('',#10582,#10582,#10584,.T.);
#10582 = VERTEX_POINT('',#10583);
#10583 = CARTESIAN_POINT('',(4.,0.,0.));
#10584 = SURFACE_CURVE('',#10585,(#10590,#10597),.PCURVE_S1.);
#10585 = CIRCLE('',#10586,4.);
#10586 = AXIS2_PLACEMENT_3D('',#10587,#10588,#10589);
#10587 = CARTESIAN_POINT('',(0.,0.,0.));
#10588 = DIRECTION('',(0.,0.,1.));
#10589 = DIRECTION('',(1.,0.,0.));
#10590 = PCURVE('',#10337,#10591);
#10591 = DEFINITIONAL_REPRESENTATION('',(#10592),#10596);
#10592 = CIRCLE('',#10593,4.);
#10593 = AXIS2_PLACEMENT_2D('',#10594,#10595);
#10594 = CARTESIAN_POINT('',(0.,-8.707631565688E-17));
#10595 = DIRECTION('',(1.,0.));
#10596 = ( GEOMETRIC_REPRESENTATION_CONTEXT(2) 
PARAMETRIC_REPRESENTATION_CONTEXT() REPRESENTATION_CONTEXT('2D SPACE',''
  ) );
#10597 = PCURVE('',#10598,#10603);
#10598 = CYLINDRICAL_SURFACE('',#10599,4.);
#10599 = AXIS2_PLACEMENT_3D('',#10600,#10601,#10602);
#10600 = CARTESIAN_POINT('',(0.,0.,0.));
#10601 = DIRECTION('',(0.,0.,1.));
#10602 = DIRECTION('',(1.,0.,0.));
#10603 = DEFINITIONAL_REPRESENTATION('',(#10604),#10608);
#10604 = LINE('',#10605,#10606);
#10605 = CARTESIAN_POINT('',(0.,0.));
#10606 = VECTOR('',#10607,1.);
#10607 = DIRECTION('',(1.,0.));
#10608 = ( GEOMETRIC_REPRESENTATION_CONTEXT(2) 
PARAMETRIC_REPRESENTATION_CONTEXT() REPRESENTATION_CONTEXT('2D SPACE',''
  ) );
#10609 = ADVANCED_FACE('',(#10610),#10283,.T.);
#10610 = FACE_BOUND('',#10611,.T.);
#10611 = EDGE_LOOP('',(#10612,#10613,#10614,#10637,#10660,#10681));
#10612 = ORIENTED_EDGE('',*,*,#10267,.T.);
#10613 = ORIENTED_EDGE('',*,*,#10429,.T.);
#10614 = ORIENTED_EDGE('',*,*,#10615,.T.);
#10615 = EDGE_CURVE('',#10430,#10616,#10618,.T.);
#10616 = VERTEX_POINT('',#10617);
#10617 = CARTESIAN_POINT('',(-6.8,8.327598234202E-16,5.2));
#10618 = SURFACE_CURVE('',#10619,(#10623,#10630),.PCURVE_S1.);
#10619 = LINE('',#10620,#10621);
#10620 = CARTESIAN_POINT('',(-3.4,5.888972745734,5.2));
#10621 = VECTOR('',#10622,1.);
#10622 = DIRECTION('',(-0.5,-0.866025403784,0.));
#10623 = PCURVE('',#10283,#10624);
#10624 = DEFINITIONAL_REPRESENTATION('',(#10625),#10629);
#10625 = LINE('',#10626,#10627);
#10626 = CARTESIAN_POINT('',(-3.4,5.888972745734));
#10627 = VECTOR('',#10628,1.);
#10628 = DIRECTION('',(-0.5,-0.866025403784));
#10629 = ( GEOMETRIC_REPRESENTATION_CONTEXT(2) 
PARAMETRIC_REPRESENTATION_CONTEXT() REPRESENTATION_CONTEXT('2D SPACE',''
  ) );
#10630 = PCURVE('',#10468,#10631);
#10631 = DEFINITIONAL_REPRESENTATION('',(#10632),#10636);
#10632 = LINE('',#10633,#10634);
#10633 = CARTESIAN_POINT('',(0.,-5.2));
#10634 = VECTOR('',#10635,1.);
#10635 = DIRECTION('',(1.,0.));
#10636 = ( GEOMETRIC_REPRESENTATION_CONTEXT(2) 
PARAMETRIC_REPRESENTATION_CONTEXT() REPRESENTATION_CONTEXT('2D SPACE',''
  ) );
#10637 = ORIENTED_EDGE('',*,*,#10638,.T.);
#10638 = EDGE_CURVE('',#10616,#10639,#10641,.T.);
#10639 = VERTEX_POINT('',#10640);
#10640 = CARTESIAN_POINT('',(-3.4,-5.888972745734,5.2));
#10641 = SURFACE_CURVE('',#10642,(#10646,#10653),.PCURVE_S1.);
#10642 = LINE('',#10643,#10644);
#10643 = CARTESIAN_POINT('',(-6.8,8.327598234202E-16,5.2));
#10644 = VECTOR('',#10645,1.);
#10645 = DIRECTION('',(0.5,-0.866025403784,0.));
#10646 = PCURVE('',#10283,#10647);
#10647 = DEFINITIONAL_REPRESENTATION('',(#10648),#10652);
#10648 = LINE('',#10649,#10650);
#10649 = CARTESIAN_POINT('',(-6.8,7.456835077633E-16));
#10650 = VECTOR('',#10651,1.);
#10651 = DIRECTION('',(0.5,-0.866025403784));
#10652 = ( GEOMETRIC_REPRESENTATION_CONTEXT(2) 
PARAMETRIC_REPRESENTATION_CONTEXT() REPRESENTATION_CONTEXT('2D SPACE',''
  ) );
#10653 = PCURVE('',#10545,#10654);
#10654 = DEFINITIONAL_REPRESENTATION('',(#10655),#10659);
#10655 = LINE('',#10656,#10657);
#10656 = CARTESIAN_POINT('',(0.,-5.2));
#10657 = VECTOR('',#10658,1.);
#10658 = DIRECTION('',(1.,0.));
#10659 = ( GEOMETRIC_REPRESENTATION_CONTEXT(2) 
PARAMETRIC_REPRESENTATION_CONTEXT() REPRESENTATION_CONTEXT('2D SPACE',''
  ) );
#10660 = ORIENTED_EDGE('',*,*,#10661,.T.);
#10661 = EDGE_CURVE('',#10639,#10355,#10662,.T.);
#10662 = SURFACE_CURVE('',#10663,(#10667,#10674),.PCURVE_S1.);
#10663 = LINE('',#10664,#10665);
#10664 = CARTESIAN_POINT('',(-3.4,-5.888972745734,5.2));
#10665 = VECTOR('',#10666,1.);
#10666 = DIRECTION('',(1.,-6.530723674266E-16,0.));
#10667 = PCURVE('',#10283,#10668);
#10668 = DEFINITIONAL_REPRESENTATION('',(#10669),#10673);
#10669 = LINE('',#10670,#10671);
#10670 = CARTESIAN_POINT('',(-3.4,-5.888972745734));
#10671 = VECTOR('',#10672,1.);
#10672 = DIRECTION('',(1.,-6.530723674266E-16));
#10673 = ( GEOMETRIC_REPRESENTATION_CONTEXT(2) 
PARAMETRIC_REPRESENTATION_CONTEXT() REPRESENTATION_CONTEXT('2D SPACE',''
  ) );
#10674 = PCURVE('',#10370,#10675);
#10675 = DEFINITIONAL_REPRESENTATION('',(#10676),#10680);
#10676 = LINE('',#10677,#10678);
#10677 = CARTESIAN_POINT('',(0.,-5.2));
#10678 = VECTOR('',#10679,1.);
#10679 = DIRECTION('',(1.,0.));
#10680 = ( GEOMETRIC_REPRESENTATION_CONTEXT(2) 
PARAMETRIC_REPRESENTATION_CONTEXT() REPRESENTATION_CONTEXT('2D SPACE',''
  ) );
#10681 = ORIENTED_EDGE('',*,*,#10382,.T.);
#10682 = ADVANCED_FACE('',(#10683),#10370,.F.);
#10683 = FACE_BOUND('',#10684,.F.);
#10684 = EDGE_LOOP('',(#10685,#10706,#10707,#10708));
#10685 = ORIENTED_EDGE('',*,*,#10686,.T.);
#10686 = EDGE_CURVE('',#10530,#10639,#10687,.T.);
#10687 = SURFACE_CURVE('',#10688,(#10692,#10699),.PCURVE_S1.);
#10688 = LINE('',#10689,#10690);
#10689 = CARTESIAN_POINT('',(-3.4,-5.888972745734,0.));
#10690 = VECTOR('',#10691,1.);
#10691 = DIRECTION('',(0.,0.,1.));
#10692 = PCURVE('',#10370,#10693);
#10693 = DEFINITIONAL_REPRESENTATION('',(#10694),#10698);
#10694 = LINE('',#10695,#10696);
#10695 = CARTESIAN_POINT('',(0.,0.));
#10696 = VECTOR('',#10697,1.);
#10697 = DIRECTION('',(0.,-1.));
#10698 = ( GEOMETRIC_REPRESENTATION_CONTEXT(2) 
PARAMETRIC_REPRESENTATION_CONTEXT() REPRESENTATION_CONTEXT('2D SPACE',''
  ) );
#10699 = PCURVE('',#10545,#10700);
#10700 = DEFINITIONAL_REPRESENTATION('',(#10701),#10705);
#10701 = LINE('',#10702,#10703);
#10702 = CARTESIAN_POINT('',(6.8,0.));
#10703 = VECTOR('',#10704,1.);
#10704 = DIRECTION('',(0.,-1.));
#10705 = ( GEOMETRIC_REPRESENTATION_CONTEXT(2) 
PARAMETRIC_REPRESENTATION_CONTEXT() REPRESENTATION_CONTEXT('2D SPACE',''
  ) );
#10706 = ORIENTED_EDGE('',*,*,#10661,.T.);
#10707 = ORIENTED_EDGE('',*,*,#10352,.F.);
#10708 = ORIENTED_EDGE('',*,*,#10557,.F.);
#10709 = ADVANCED_FACE('',(#10710),#10468,.F.);
#10710 = FACE_BOUND('',#10711,.F.);
#10711 = EDGE_LOOP('',(#10712,#10713,#10714,#10735));
#10712 = ORIENTED_EDGE('',*,*,#10452,.T.);
#10713 = ORIENTED_EDGE('',*,*,#10615,.T.);
#10714 = ORIENTED_EDGE('',*,*,#10715,.F.);
#10715 = EDGE_CURVE('',#10507,#10616,#10716,.T.);
#10716 = SURFACE_CURVE('',#10717,(#10721,#10728),.PCURVE_S1.);
#10717 = LINE('',#10718,#10719);
#10718 = CARTESIAN_POINT('',(-6.8,8.327598234202E-16,0.));
#10719 = VECTOR('',#10720,1.);
#10720 = DIRECTION('',(0.,0.,1.));
#10721 = PCURVE('',#10468,#10722);
#10722 = DEFINITIONAL_REPRESENTATION('',(#10723),#10727);
#10723 = LINE('',#10724,#10725);
#10724 = CARTESIAN_POINT('',(6.8,0.));
#10725 = VECTOR('',#10726,1.);
#10726 = DIRECTION('',(0.,-1.));
#10727 = ( GEOMETRIC_REPRESENTATION_CONTEXT(2) 
PARAMETRIC_REPRESENTATION_CONTEXT() REPRESENTATION_CONTEXT('2D SPACE',''
  ) );
#10728 = PCURVE('',#10545,#10729);
#10729 = DEFINITIONAL_REPRESENTATION('',(#10730),#10734);
#10730 = LINE('',#10731,#10732);
#10731 = CARTESIAN_POINT('',(0.,0.));
#10732 = VECTOR('',#10733,1.);
#10733 = DIRECTION('',(0.,-1.));
#10734 = ( GEOMETRIC_REPRESENTATION_CONTEXT(2) 
PARAMETRIC_REPRESENTATION_CONTEXT() REPRESENTATION_CONTEXT('2D SPACE',''
  ) );
#10735 = ORIENTED_EDGE('',*,*,#10506,.F.);
#10736 = ADVANCED_FACE('',(#10737),#10545,.F.);
#10737 = FACE_BOUND('',#10738,.F.);
#10738 = EDGE_LOOP('',(#10739,#10740,#10741,#10742));
#10739 = ORIENTED_EDGE('',*,*,#10715,.T.);
#10740 = ORIENTED_EDGE('',*,*,#10638,.T.);
#10741 = ORIENTED_EDGE('',*,*,#10686,.F.);
#10742 = ORIENTED_EDGE('',*,*,#10529,.F.);
#10743 = ADVANCED_FACE('',(#10744),#10598,.T.);
#10744 = FACE_BOUND('',#10745,.T.);
#10745 = EDGE_LOOP('',(#10746,#10769,#10796,#10797));
#10746 = ORIENTED_EDGE('',*,*,#10747,.T.);
#10747 = EDGE_CURVE('',#10582,#10748,#10750,.T.);
#10748 = VERTEX_POINT('',#10749);
#10749 = CARTESIAN_POINT('',(4.,0.,-29.04));
#10750 = SEAM_CURVE('',#10751,(#10755,#10762),.PCURVE_S1.);
#10751 = LINE('',#10752,#10753);
#10752 = CARTESIAN_POINT('',(4.,0.,0.));
#10753 = VECTOR('',#10754,1.);
#10754 = DIRECTION('',(-0.,-0.,-1.));
#10755 = PCURVE('',#10598,#10756);
#10756 = DEFINITIONAL_REPRESENTATION('',(#10757),#10761);
#10757 = LINE('',#10758,#10759);
#10758 = CARTESIAN_POINT('',(0.,0.));
#10759 = VECTOR('',#10760,1.);
#10760 = DIRECTION('',(0.,-1.));
#10761 = ( GEOMETRIC_REPRESENTATION_CONTEXT(2) 
PARAMETRIC_REPRESENTATION_CONTEXT() REPRESENTATION_CONTEXT('2D SPACE',''
  ) );
#10762 = PCURVE('',#10598,#10763);
#10763 = DEFINITIONAL_REPRESENTATION('',(#10764),#10768);
#10764 = LINE('',#10765,#10766);
#10765 = CARTESIAN_POINT('',(6.28318530718,0.));
#10766 = VECTOR('',#10767,1.);
#10767 = DIRECTION('',(0.,-1.));
#10768 = ( GEOMETRIC_REPRESENTATION_CONTEXT(2) 
PARAMETRIC_REPRESENTATION_CONTEXT() REPRESENTATION_CONTEXT('2D SPACE',''
  ) );
#10769 = ORIENTED_EDGE('',*,*,#10770,.T.);
#10770 = EDGE_CURVE('',#10748,#10748,#10771,.T.);
#10771 = SURFACE_CURVE('',#10772,(#10777,#10784),.PCURVE_S1.);
#10772 = CIRCLE('',#10773,4.);
#10773 = AXIS2_PLACEMENT_3D('',#10774,#10775,#10776);
#10774 = CARTESIAN_POINT('',(0.,0.,-29.04));
#10775 = DIRECTION('',(0.,0.,1.));
#10776 = DIRECTION('',(1.,0.,-0.));
#10777 = PCURVE('',#10598,#10778);
#10778 = DEFINITIONAL_REPRESENTATION('',(#10779),#10783);
#10779 = LINE('',#10780,#10781);
#10780 = CARTESIAN_POINT('',(0.,-29.04));
#10781 = VECTOR('',#10782,1.);
#10782 = DIRECTION('',(1.,0.));
#10783 = ( GEOMETRIC_REPRESENTATION_CONTEXT(2) 
PARAMETRIC_REPRESENTATION_CONTEXT() REPRESENTATION_CONTEXT('2D SPACE',''
  ) );
#10784 = PCURVE('',#10785,#10790);
#10785 = CONICAL_SURFACE('',#10786,4.,0.785398163397);
#10786 = AXIS2_PLACEMENT_3D('',#10787,#10788,#10789);
#10787 = CARTESIAN_POINT('',(0.,0.,-29.04));
#10788 = DIRECTION('',(0.,0.,1.));
#10789 = DIRECTION('',(1.,0.,-0.));
#10790 = DEFINITIONAL_REPRESENTATION('',(#10791),#10795);
#10791 = LINE('',#10792,#10793);
#10792 = CARTESIAN_POINT('',(0.,-0.));
#10793 = VECTOR('',#10794,1.);
#10794 = DIRECTION('',(1.,-0.));
#10795 = ( GEOMETRIC_REPRESENTATION_CONTEXT(2) 
PARAMETRIC_REPRESENTATION_CONTEXT() REPRESENTATION_CONTEXT('2D SPACE',''
  ) );
#10796 = ORIENTED_EDGE('',*,*,#10747,.F.);
#10797 = ORIENTED_EDGE('',*,*,#10581,.F.);
#10798 = ADVANCED_FACE('',(#10799),#10785,.T.);
#10799 = FACE_BOUND('',#10800,.F.);
#10800 = EDGE_LOOP('',(#10801,#10822,#10823,#10824));
#10801 = ORIENTED_EDGE('',*,*,#10802,.F.);
#10802 = EDGE_CURVE('',#10748,#10803,#10805,.T.);
#10803 = VERTEX_POINT('',#10804);
#10804 = CARTESIAN_POINT('',(3.04,0.,-30.));
#10805 = SEAM_CURVE('',#10806,(#10810,#10816),.PCURVE_S1.);
#10806 = LINE('',#10807,#10808);
#10807 = CARTESIAN_POINT('',(4.,0.,-29.04));
#10808 = VECTOR('',#10809,1.);
#10809 = DIRECTION('',(-0.707106781187,-0.,-0.707106781187));
#10810 = PCURVE('',#10785,#10811);
#10811 = DEFINITIONAL_REPRESENTATION('',(#10812),#10815);
#10812 = B_SPLINE_CURVE_WITH_KNOTS('',1,(#10813,#10814),.UNSPECIFIED.,
  .F.,.F.,(2,2),(0.,1.357645019878),.PIECEWISE_BEZIER_KNOTS.);
#10813 = CARTESIAN_POINT('',(0.,0.));
#10814 = CARTESIAN_POINT('',(0.,-0.96));
#10815 = ( GEOMETRIC_REPRESENTATION_CONTEXT(2) 
PARAMETRIC_REPRESENTATION_CONTEXT() REPRESENTATION_CONTEXT('2D SPACE',''
  ) );
#10816 = PCURVE('',#10785,#10817);
#10817 = DEFINITIONAL_REPRESENTATION('',(#10818),#10821);
#10818 = B_SPLINE_CURVE_WITH_KNOTS('',1,(#10819,#10820),.UNSPECIFIED.,
  .F.,.F.,(2,2),(0.,1.357645019878),.PIECEWISE_BEZIER_KNOTS.);
#10819 = CARTESIAN_POINT('',(6.28318530718,0.));
#10820 = CARTESIAN_POINT('',(6.28318530718,-0.96));
#10821 = ( GEOMETRIC_REPRESENTATION_CONTEXT(2) 
PARAMETRIC_REPRESENTATION_CONTEXT() REPRESENTATION_CONTEXT('2D SPACE',''
  ) );
#10822 = ORIENTED_EDGE('',*,*,#10770,.T.);
#10823 = ORIENTED_EDGE('',*,*,#10802,.T.);
#10824 = ORIENTED_EDGE('',*,*,#10825,.F.);
#10825 = EDGE_CURVE('',#10803,#10803,#10826,.T.);
#10826 = SURFACE_CURVE('',#10827,(#10832,#10839),.PCURVE_S1.);
#10827 = CIRCLE('',#10828,3.04);
#10828 = AXIS2_PLACEMENT_3D('',#10829,#10830,#10831);
#10829 = CARTESIAN_POINT('',(0.,0.,-30.));
#10830 = DIRECTION('',(0.,0.,1.));
#10831 = DIRECTION('',(1.,0.,-0.));
#10832 = PCURVE('',#10785,#10833);
#10833 = DEFINITIONAL_REPRESENTATION('',(#10834),#10838);
#10834 = LINE('',#10835,#10836);
#10835 = CARTESIAN_POINT('',(0.,-0.96));
#10836 = VECTOR('',#10837,1.);
#10837 = DIRECTION('',(1.,-0.));
#10838 = ( GEOMETRIC_REPRESENTATION_CONTEXT(2) 
PARAMETRIC_REPRESENTATION_CONTEXT() REPRESENTATION_CONTEXT('2D SPACE',''
  ) );
#10839 = PCURVE('',#10840,#10845);
#10840 = PLANE('',#10841);
#10841 = AXIS2_PLACEMENT_3D('',#10842,#10843,#10844);
#10842 = CARTESIAN_POINT('',(-2.563950248511E-16,3.49503809816E-16,-30.)
  );
#10843 = DIRECTION('',(0.,0.,1.));
#10844 = DIRECTION('',(1.,0.,-0.));
#10845 = DEFINITIONAL_REPRESENTATION('',(#10846),#10850);
#10846 = CIRCLE('',#10847,3.04);
#10847 = AXIS2_PLACEMENT_2D('',#10848,#10849);
#10848 = CARTESIAN_POINT('',(2.563950248511E-16,-3.49503809816E-16));
#10849 = DIRECTION('',(1.,0.));
#10850 = ( GEOMETRIC_REPRESENTATION_CONTEXT(2) 
PARAMETRIC_REPRESENTATION_CONTEXT() REPRESENTATION_CONTEXT('2D SPACE',''
  ) );
#10851 = ADVANCED_FACE('',(#10852),#10840,.F.);
#10852 = FACE_BOUND('',#10853,.F.);
#10853 = EDGE_LOOP('',(#10854));
#10854 = ORIENTED_EDGE('',*,*,#10825,.T.);
#10855 = ( GEOMETRIC_REPRESENTATION_CONTEXT(3) 
GLOBAL_UNCERTAINTY_ASSIGNED_CONTEXT((#10859)) 
GLOBAL_UNIT_ASSIGNED_CONTEXT((#10856,#10857,#10858)) 
REPRESENTATION_CONTEXT('Context #1',
  '3D Context with UNIT and UNCERTAINTY') );
#10856 = ( LENGTH_UNIT() NAMED_UNIT(*) SI_UNIT(.MILLI.,.METRE.) );
#10857 = ( NAMED_UNIT(*) PLANE_ANGLE_UNIT() SI_UNIT($,.RADIAN.) );
#10858 = ( NAMED_UNIT(*) SI_UNIT($,.STERADIAN.) SOLID_ANGLE_UNIT() );
#10859 = UNCERTAINTY_MEASURE_WITH_UNIT(LENGTH_MEASURE(1.E-07),#10856,
  'distance_accuracy_value','confusion accuracy');
#10860 = CONTEXT_DEPENDENT_SHAPE_REPRESENTATION(#10861,#10863);
#10861 = ( REPRESENTATION_RELATIONSHIP('','',#10225,#10) 
REPRESENTATION_RELATIONSHIP_WITH_TRANSFORMATION(#10862) 
SHAPE_REPRESENTATION_RELATIONSHIP() );
#10862 = ITEM_DEFINED_TRANSFORMATION('','',#11,#43);
#10863 = PRODUCT_DEFINITION_SHAPE('Placement','Placement of an item',
  #10864);
#10864 = NEXT_ASSEMBLY_USAGE_OCCURRENCE('24','','',#5,#10220,$);
#10865 = PRODUCT_RELATED_PRODUCT_CATEGORY('part',$,(#10222));
#10866 = SHAPE_DEFINITION_REPRESENTATION(#10867,#10873);
#10867 = PRODUCT_DEFINITION_SHAPE('','',#10868);
#10868 = PRODUCT_DEFINITION('design','',#10869,#10872);
#10869 = PRODUCT_DEFINITION_FORMATION('','',#10870);
#10870 = PRODUCT('Open CASCADE STEP translator 7.9 12.9',
  'Open CASCADE STEP translator 7.9 12.9','',(#10871));
#10871 = PRODUCT_CONTEXT('',#2,'mechanical');
#10872 = PRODUCT_DEFINITION_CONTEXT('part definition',#2,'design');
#10873 = ADVANCED_BREP_SHAPE_REPRESENTATION('',(#11,#10874),#11503);
#10874 = MANIFOLD_SOLID_BREP('',#10875);
#10875 = CLOSED_SHELL('',(#10876,#10996,#11072,#11148,#11257,#11330,
    #11357,#11384,#11391,#11446,#11499));
#10876 = ADVANCED_FACE('',(#10877),#10891,.F.);
#10877 = FACE_BOUND('',#10878,.F.);
#10878 = EDGE_LOOP('',(#10879,#10914,#10942,#10970));
#10879 = ORIENTED_EDGE('',*,*,#10880,.T.);
#10880 = EDGE_CURVE('',#10881,#10883,#10885,.T.);
#10881 = VERTEX_POINT('',#10882);
#10882 = CARTESIAN_POINT('',(6.8,0.,0.));
#10883 = VERTEX_POINT('',#10884);
#10884 = CARTESIAN_POINT('',(6.8,0.,5.2));
#10885 = SURFACE_CURVE('',#10886,(#10890,#10902),.PCURVE_S1.);
#10886 = LINE('',#10887,#10888);
#10887 = CARTESIAN_POINT('',(6.8,0.,0.));
#10888 = VECTOR('',#10889,1.);
#10889 = DIRECTION('',(0.,0.,1.));
#10890 = PCURVE('',#10891,#10896);
#10891 = PLANE('',#10892);
#10892 = AXIS2_PLACEMENT_3D('',#10893,#10894,#10895);
#10893 = CARTESIAN_POINT('',(6.8,0.,0.));
#10894 = DIRECTION('',(-0.866025403784,-0.5,0.));
#10895 = DIRECTION('',(-0.5,0.866025403784,0.));
#10896 = DEFINITIONAL_REPRESENTATION('',(#10897),#10901);
#10897 = LINE('',#10898,#10899);
#10898 = CARTESIAN_POINT('',(0.,0.));
#10899 = VECTOR('',#10900,1.);
#10900 = DIRECTION('',(0.,-1.));
#10901 = ( GEOMETRIC_REPRESENTATION_CONTEXT(2) 
PARAMETRIC_REPRESENTATION_CONTEXT() REPRESENTATION_CONTEXT('2D SPACE',''
  ) );
#10902 = PCURVE('',#10903,#10908);
#10903 = PLANE('',#10904);
#10904 = AXIS2_PLACEMENT_3D('',#10905,#10906,#10907);
#10905 = CARTESIAN_POINT('',(3.4,-5.888972745734,0.));
#10906 = DIRECTION('',(-0.866025403784,0.5,0.));
#10907 = DIRECTION('',(0.5,0.866025403784,0.));
#10908 = DEFINITIONAL_REPRESENTATION('',(#10909),#10913);
#10909 = LINE('',#10910,#10911);
#10910 = CARTESIAN_POINT('',(6.8,0.));
#10911 = VECTOR('',#10912,1.);
#10912 = DIRECTION('',(0.,-1.));
#10913 = ( GEOMETRIC_REPRESENTATION_CONTEXT(2) 
PARAMETRIC_REPRESENTATION_CONTEXT() REPRESENTATION_CONTEXT('2D SPACE',''
  ) );
#10914 = ORIENTED_EDGE('',*,*,#10915,.T.);
#10915 = EDGE_CURVE('',#10883,#10916,#10918,.T.);
#10916 = VERTEX_POINT('',#10917);
#10917 = CARTESIAN_POINT('',(3.4,5.888972745734,5.2));
#10918 = SURFACE_CURVE('',#10919,(#10923,#10930),.PCURVE_S1.);
#10919 = LINE('',#10920,#10921);
#10920 = CARTESIAN_POINT('',(6.8,0.,5.2));
#10921 = VECTOR('',#10922,1.);
#10922 = DIRECTION('',(-0.5,0.866025403784,0.));
#10923 = PCURVE('',#10891,#10924);
#10924 = DEFINITIONAL_REPRESENTATION('',(#10925),#10929);
#10925 = LINE('',#10926,#10927);
#10926 = CARTESIAN_POINT('',(0.,-5.2));
#10927 = VECTOR('',#10928,1.);
#10928 = DIRECTION('',(1.,0.));
#10929 = ( GEOMETRIC_REPRESENTATION_CONTEXT(2) 
PARAMETRIC_REPRESENTATION_CONTEXT() REPRESENTATION_CONTEXT('2D SPACE',''
  ) );
#10930 = PCURVE('',#10931,#10936);
#10931 = PLANE('',#10932);
#10932 = AXIS2_PLACEMENT_3D('',#10933,#10934,#10935);
#10933 = CARTESIAN_POINT('',(0.,8.707631565688E-17,5.2));
#10934 = DIRECTION('',(0.,0.,1.));
#10935 = DIRECTION('',(1.,0.,-0.));
#10936 = DEFINITIONAL_REPRESENTATION('',(#10937),#10941);
#10937 = LINE('',#10938,#10939);
#10938 = CARTESIAN_POINT('',(6.8,-8.707631565688E-17));
#10939 = VECTOR('',#10940,1.);
#10940 = DIRECTION('',(-0.5,0.866025403784));
#10941 = ( GEOMETRIC_REPRESENTATION_CONTEXT(2) 
PARAMETRIC_REPRESENTATION_CONTEXT() REPRESENTATION_CONTEXT('2D SPACE',''
  ) );
#10942 = ORIENTED_EDGE('',*,*,#10943,.F.);
#10943 = EDGE_CURVE('',#10944,#10916,#10946,.T.);
#10944 = VERTEX_POINT('',#10945);
#10945 = CARTESIAN_POINT('',(3.4,5.888972745734,0.));
#10946 = SURFACE_CURVE('',#10947,(#10951,#10958),.PCURVE_S1.);
#10947 = LINE('',#10948,#10949);
#10948 = CARTESIAN_POINT('',(3.4,5.888972745734,0.));
#10949 = VECTOR('',#10950,1.);
#10950 = DIRECTION('',(0.,0.,1.));
#10951 = PCURVE('',#10891,#10952);
#10952 = DEFINITIONAL_REPRESENTATION('',(#10953),#10957);
#10953 = LINE('',#10954,#10955);
#10954 = CARTESIAN_POINT('',(6.8,0.));
#10955 = VECTOR('',#10956,1.);
#10956 = DIRECTION('',(0.,-1.));
#10957 = ( GEOMETRIC_REPRESENTATION_CONTEXT(2) 
PARAMETRIC_REPRESENTATION_CONTEXT() REPRESENTATION_CONTEXT('2D SPACE',''
  ) );
#10958 = PCURVE('',#10959,#10964);
#10959 = PLANE('',#10960);
#10960 = AXIS2_PLACEMENT_3D('',#10961,#10962,#10963);
#10961 = CARTESIAN_POINT('',(3.4,5.888972745734,0.));
#10962 = DIRECTION('',(0.,-1.,0.));
#10963 = DIRECTION('',(-1.,0.,0.));
#10964 = DEFINITIONAL_REPRESENTATION('',(#10965),#10969);
#10965 = LINE('',#10966,#10967);
#10966 = CARTESIAN_POINT('',(0.,-0.));
#10967 = VECTOR('',#10968,1.);
#10968 = DIRECTION('',(0.,-1.));
#10969 = ( GEOMETRIC_REPRESENTATION_CONTEXT(2) 
PARAMETRIC_REPRESENTATION_CONTEXT() REPRESENTATION_CONTEXT('2D SPACE',''
  ) );
#10970 = ORIENTED_EDGE('',*,*,#10971,.F.);
#10971 = EDGE_CURVE('',#10881,#10944,#10972,.T.);
#10972 = SURFACE_CURVE('',#10973,(#10977,#10984),.PCURVE_S1.);
#10973 = LINE('',#10974,#10975);
#10974 = CARTESIAN_POINT('',(6.8,0.,0.));
#10975 = VECTOR('',#10976,1.);
#10976 = DIRECTION('',(-0.5,0.866025403784,0.));
#10977 = PCURVE('',#10891,#10978);
#10978 = DEFINITIONAL_REPRESENTATION('',(#10979),#10983);
#10979 = LINE('',#10980,#10981);
#10980 = CARTESIAN_POINT('',(0.,0.));
#10981 = VECTOR('',#10982,1.);
#10982 = DIRECTION('',(1.,0.));
#10983 = ( GEOMETRIC_REPRESENTATION_CONTEXT(2) 
PARAMETRIC_REPRESENTATION_CONTEXT() REPRESENTATION_CONTEXT('2D SPACE',''
  ) );
#10984 = PCURVE('',#10985,#10990);
#10985 = PLANE('',#10986);
#10986 = AXIS2_PLACEMENT_3D('',#10987,#10988,#10989);
#10987 = CARTESIAN_POINT('',(0.,8.707631565688E-17,0.));
#10988 = DIRECTION('',(0.,0.,1.));
#10989 = DIRECTION('',(1.,0.,-0.));
#10990 = DEFINITIONAL_REPRESENTATION('',(#10991),#10995);
#10991 = LINE('',#10992,#10993);
#10992 = CARTESIAN_POINT('',(6.8,-8.707631565688E-17));
#10993 = VECTOR('',#10994,1.);
#10994 = DIRECTION('',(-0.5,0.866025403784));
#10995 = ( GEOMETRIC_REPRESENTATION_CONTEXT(2) 
PARAMETRIC_REPRESENTATION_CONTEXT() REPRESENTATION_CONTEXT('2D SPACE',''
  ) );
#10996 = ADVANCED_FACE('',(#10997),#10903,.F.);
#10997 = FACE_BOUND('',#10998,.F.);
#10998 = EDGE_LOOP('',(#10999,#11029,#11050,#11051));
#10999 = ORIENTED_EDGE('',*,*,#11000,.T.);
#11000 = EDGE_CURVE('',#11001,#11003,#11005,.T.);
#11001 = VERTEX_POINT('',#11002);
#11002 = CARTESIAN_POINT('',(3.4,-5.888972745734,0.));
#11003 = VERTEX_POINT('',#11004);
#11004 = CARTESIAN_POINT('',(3.4,-5.888972745734,5.2));
#11005 = SURFACE_CURVE('',#11006,(#11010,#11017),.PCURVE_S1.);
#11006 = LINE('',#11007,#11008);
#11007 = CARTESIAN_POINT('',(3.4,-5.888972745734,0.));
#11008 = VECTOR('',#11009,1.);
#11009 = DIRECTION('',(0.,0.,1.));
#11010 = PCURVE('',#10903,#11011);
#11011 = DEFINITIONAL_REPRESENTATION('',(#11012),#11016);
#11012 = LINE('',#11013,#11014);
#11013 = CARTESIAN_POINT('',(0.,0.));
#11014 = VECTOR('',#11015,1.);
#11015 = DIRECTION('',(0.,-1.));
#11016 = ( GEOMETRIC_REPRESENTATION_CONTEXT(2) 
PARAMETRIC_REPRESENTATION_CONTEXT() REPRESENTATION_CONTEXT('2D SPACE',''
  ) );
#11017 = PCURVE('',#11018,#11023);
#11018 = PLANE('',#11019);
#11019 = AXIS2_PLACEMENT_3D('',#11020,#11021,#11022);
#11020 = CARTESIAN_POINT('',(-3.4,-5.888972745734,0.));
#11021 = DIRECTION('',(6.530723674266E-16,1.,-0.));
#11022 = DIRECTION('',(1.,-6.530723674266E-16,0.));
#11023 = DEFINITIONAL_REPRESENTATION('',(#11024),#11028);
#11024 = LINE('',#11025,#11026);
#11025 = CARTESIAN_POINT('',(6.8,0.));
#11026 = VECTOR('',#11027,1.);
#11027 = DIRECTION('',(0.,-1.));
#11028 = ( GEOMETRIC_REPRESENTATION_CONTEXT(2) 
PARAMETRIC_REPRESENTATION_CONTEXT() REPRESENTATION_CONTEXT('2D SPACE',''
  ) );
#11029 = ORIENTED_EDGE('',*,*,#11030,.T.);
#11030 = EDGE_CURVE('',#11003,#10883,#11031,.T.);
#11031 = SURFACE_CURVE('',#11032,(#11036,#11043),.PCURVE_S1.);
#11032 = LINE('',#11033,#11034);
#11033 = CARTESIAN_POINT('',(3.4,-5.888972745734,5.2));
#11034 = VECTOR('',#11035,1.);
#11035 = DIRECTION('',(0.5,0.866025403784,0.));
#11036 = PCURVE('',#10903,#11037);
#11037 = DEFINITIONAL_REPRESENTATION('',(#11038),#11042);
#11038 = LINE('',#11039,#11040);
#11039 = CARTESIAN_POINT('',(0.,-5.2));
#11040 = VECTOR('',#11041,1.);
#11041 = DIRECTION('',(1.,0.));
#11042 = ( GEOMETRIC_REPRESENTATION_CONTEXT(2) 
PARAMETRIC_REPRESENTATION_CONTEXT() REPRESENTATION_CONTEXT('2D SPACE',''
  ) );
#11043 = PCURVE('',#10931,#11044);
#11044 = DEFINITIONAL_REPRESENTATION('',(#11045),#11049);
#11045 = LINE('',#11046,#11047);
#11046 = CARTESIAN_POINT('',(3.4,-5.888972745734));
#11047 = VECTOR('',#11048,1.);
#11048 = DIRECTION('',(0.5,0.866025403784));
#11049 = ( GEOMETRIC_REPRESENTATION_CONTEXT(2) 
PARAMETRIC_REPRESENTATION_CONTEXT() REPRESENTATION_CONTEXT('2D SPACE',''
  ) );
#11050 = ORIENTED_EDGE('',*,*,#10880,.F.);
#11051 = ORIENTED_EDGE('',*,*,#11052,.F.);
#11052 = EDGE_CURVE('',#11001,#10881,#11053,.T.);
#11053 = SURFACE_CURVE('',#11054,(#11058,#11065),.PCURVE_S1.);
#11054 = LINE('',#11055,#11056);
#11055 = CARTESIAN_POINT('',(3.4,-5.888972745734,0.));
#11056 = VECTOR('',#11057,1.);
#11057 = DIRECTION('',(0.5,0.866025403784,0.));
#11058 = PCURVE('',#10903,#11059);
#11059 = DEFINITIONAL_REPRESENTATION('',(#11060),#11064);
#11060 = LINE('',#11061,#11062);
#11061 = CARTESIAN_POINT('',(0.,0.));
#11062 = VECTOR('',#11063,1.);
#11063 = DIRECTION('',(1.,0.));
#11064 = ( GEOMETRIC_REPRESENTATION_CONTEXT(2) 
PARAMETRIC_REPRESENTATION_CONTEXT() REPRESENTATION_CONTEXT('2D SPACE',''
  ) );
#11065 = PCURVE('',#10985,#11066);
#11066 = DEFINITIONAL_REPRESENTATION('',(#11067),#11071);
#11067 = LINE('',#11068,#11069);
#11068 = CARTESIAN_POINT('',(3.4,-5.888972745734));
#11069 = VECTOR('',#11070,1.);
#11070 = DIRECTION('',(0.5,0.866025403784));
#11071 = ( GEOMETRIC_REPRESENTATION_CONTEXT(2) 
PARAMETRIC_REPRESENTATION_CONTEXT() REPRESENTATION_CONTEXT('2D SPACE',''
  ) );
#11072 = ADVANCED_FACE('',(#11073),#10959,.F.);
#11073 = FACE_BOUND('',#11074,.F.);
#11074 = EDGE_LOOP('',(#11075,#11076,#11099,#11127));
#11075 = ORIENTED_EDGE('',*,*,#10943,.T.);
#11076 = ORIENTED_EDGE('',*,*,#11077,.T.);
#11077 = EDGE_CURVE('',#10916,#11078,#11080,.T.);
#11078 = VERTEX_POINT('',#11079);
#11079 = CARTESIAN_POINT('',(-3.4,5.888972745734,5.2));
#11080 = SURFACE_CURVE('',#11081,(#11085,#11092),.PCURVE_S1.);
#11081 = LINE('',#11082,#11083);
#11082 = CARTESIAN_POINT('',(3.4,5.888972745734,5.2));
#11083 = VECTOR('',#11084,1.);
#11084 = DIRECTION('',(-1.,0.,0.));
#11085 = PCURVE('',#10959,#11086);
#11086 = DEFINITIONAL_REPRESENTATION('',(#11087),#11091);
#11087 = LINE('',#11088,#11089);
#11088 = CARTESIAN_POINT('',(0.,-5.2));
#11089 = VECTOR('',#11090,1.);
#11090 = DIRECTION('',(1.,0.));
#11091 = ( GEOMETRIC_REPRESENTATION_CONTEXT(2) 
PARAMETRIC_REPRESENTATION_CONTEXT() REPRESENTATION_CONTEXT('2D SPACE',''
  ) );
#11092 = PCURVE('',#10931,#11093);
#11093 = DEFINITIONAL_REPRESENTATION('',(#11094),#11098);
#11094 = LINE('',#11095,#11096);
#11095 = CARTESIAN_POINT('',(3.4,5.888972745734));
#11096 = VECTOR('',#11097,1.);
#11097 = DIRECTION('',(-1.,0.));
#11098 = ( GEOMETRIC_REPRESENTATION_CONTEXT(2) 
PARAMETRIC_REPRESENTATION_CONTEXT() REPRESENTATION_CONTEXT('2D SPACE',''
  ) );
#11099 = ORIENTED_EDGE('',*,*,#11100,.F.);
#11100 = EDGE_CURVE('',#11101,#11078,#11103,.T.);
#11101 = VERTEX_POINT('',#11102);
#11102 = CARTESIAN_POINT('',(-3.4,5.888972745734,0.));
#11103 = SURFACE_CURVE('',#11104,(#11108,#11115),.PCURVE_S1.);
#11104 = LINE('',#11105,#11106);
#11105 = CARTESIAN_POINT('',(-3.4,5.888972745734,0.));
#11106 = VECTOR('',#11107,1.);
#11107 = DIRECTION('',(0.,0.,1.));
#11108 = PCURVE('',#10959,#11109);
#11109 = DEFINITIONAL_REPRESENTATION('',(#11110),#11114);
#11110 = LINE('',#11111,#11112);
#11111 = CARTESIAN_POINT('',(6.8,0.));
#11112 = VECTOR('',#11113,1.);
#11113 = DIRECTION('',(0.,-1.));
#11114 = ( GEOMETRIC_REPRESENTATION_CONTEXT(2) 
PARAMETRIC_REPRESENTATION_CONTEXT() REPRESENTATION_CONTEXT('2D SPACE',''
  ) );
#11115 = PCURVE('',#11116,#11121);
#11116 = PLANE('',#11117);
#11117 = AXIS2_PLACEMENT_3D('',#11118,#11119,#11120);
#11118 = CARTESIAN_POINT('',(-3.4,5.888972745734,0.));
#11119 = DIRECTION('',(0.866025403784,-0.5,0.));
#11120 = DIRECTION('',(-0.5,-0.866025403784,0.));
#11121 = DEFINITIONAL_REPRESENTATION('',(#11122),#11126);
#11122 = LINE('',#11123,#11124);
#11123 = CARTESIAN_POINT('',(0.,0.));
#11124 = VECTOR('',#11125,1.);
#11125 = DIRECTION('',(0.,-1.));
#11126 = ( GEOMETRIC_REPRESENTATION_CONTEXT(2) 
PARAMETRIC_REPRESENTATION_CONTEXT() REPRESENTATION_CONTEXT('2D SPACE',''
  ) );
#11127 = ORIENTED_EDGE('',*,*,#11128,.F.);
#11128 = EDGE_CURVE('',#10944,#11101,#11129,.T.);
#11129 = SURFACE_CURVE('',#11130,(#11134,#11141),.PCURVE_S1.);
#11130 = LINE('',#11131,#11132);
#11131 = CARTESIAN_POINT('',(3.4,5.888972745734,0.));
#11132 = VECTOR('',#11133,1.);
#11133 = DIRECTION('',(-1.,0.,0.));
#11134 = PCURVE('',#10959,#11135);
#11135 = DEFINITIONAL_REPRESENTATION('',(#11136),#11140);
#11136 = LINE('',#11137,#11138);
#11137 = CARTESIAN_POINT('',(0.,-0.));
#11138 = VECTOR('',#11139,1.);
#11139 = DIRECTION('',(1.,0.));
#11140 = ( GEOMETRIC_REPRESENTATION_CONTEXT(2) 
PARAMETRIC_REPRESENTATION_CONTEXT() REPRESENTATION_CONTEXT('2D SPACE',''
  ) );
#11141 = PCURVE('',#10985,#11142);
#11142 = DEFINITIONAL_REPRESENTATION('',(#11143),#11147);
#11143 = LINE('',#11144,#11145);
#11144 = CARTESIAN_POINT('',(3.4,5.888972745734));
#11145 = VECTOR('',#11146,1.);
#11146 = DIRECTION('',(-1.,0.));
#11147 = ( GEOMETRIC_REPRESENTATION_CONTEXT(2) 
PARAMETRIC_REPRESENTATION_CONTEXT() REPRESENTATION_CONTEXT('2D SPACE',''
  ) );
#11148 = ADVANCED_FACE('',(#11149,#11226),#10985,.F.);
#11149 = FACE_BOUND('',#11150,.F.);
#11150 = EDGE_LOOP('',(#11151,#11152,#11153,#11176,#11204,#11225));
#11151 = ORIENTED_EDGE('',*,*,#10971,.T.);
#11152 = ORIENTED_EDGE('',*,*,#11128,.T.);
#11153 = ORIENTED_EDGE('',*,*,#11154,.T.);
#11154 = EDGE_CURVE('',#11101,#11155,#11157,.T.);
#11155 = VERTEX_POINT('',#11156);
#11156 = CARTESIAN_POINT('',(-6.8,8.327598234202E-16,0.));
#11157 = SURFACE_CURVE('',#11158,(#11162,#11169),.PCURVE_S1.);
#11158 = LINE('',#11159,#11160);
#11159 = CARTESIAN_POINT('',(-3.4,5.888972745734,0.));
#11160 = VECTOR('',#11161,1.);
#11161 = DIRECTION('',(-0.5,-0.866025403784,0.));
#11162 = PCURVE('',#10985,#11163);
#11163 = DEFINITIONAL_REPRESENTATION('',(#11164),#11168);
#11164 = LINE('',#11165,#11166);
#11165 = CARTESIAN_POINT('',(-3.4,5.888972745734));
#11166 = VECTOR('',#11167,1.);
#11167 = DIRECTION('',(-0.5,-0.866025403784));
#11168 = ( GEOMETRIC_REPRESENTATION_CONTEXT(2) 
PARAMETRIC_REPRESENTATION_CONTEXT() REPRESENTATION_CONTEXT('2D SPACE',''
  ) );
#11169 = PCURVE('',#11116,#11170);
#11170 = DEFINITIONAL_REPRESENTATION('',(#11171),#11175);
#11171 = LINE('',#11172,#11173);
#11172 = CARTESIAN_POINT('',(0.,0.));
#11173 = VECTOR('',#11174,1.);
#11174 = DIRECTION('',(1.,0.));
#11175 = ( GEOMETRIC_REPRESENTATION_CONTEXT(2) 
PARAMETRIC_REPRESENTATION_CONTEXT() REPRESENTATION_CONTEXT('2D SPACE',''
  ) );
#11176 = ORIENTED_EDGE('',*,*,#11177,.T.);
#11177 = EDGE_CURVE('',#11155,#11178,#11180,.T.);
#11178 = VERTEX_POINT('',#11179);
#11179 = CARTESIAN_POINT('',(-3.4,-5.888972745734,0.));
#11180 = SURFACE_CURVE('',#11181,(#11185,#11192),.PCURVE_S1.);
#11181 = LINE('',#11182,#11183);
#11182 = CARTESIAN_POINT('',(-6.8,8.327598234202E-16,0.));
#11183 = VECTOR('',#11184,1.);
#11184 = DIRECTION('',(0.5,-0.866025403784,0.));
#11185 = PCURVE('',#10985,#11186);
#11186 = DEFINITIONAL_REPRESENTATION('',(#11187),#11191);
#11187 = LINE('',#11188,#11189);
#11188 = CARTESIAN_POINT('',(-6.8,7.456835077633E-16));
#11189 = VECTOR('',#11190,1.);
#11190 = DIRECTION('',(0.5,-0.866025403784));
#11191 = ( GEOMETRIC_REPRESENTATION_CONTEXT(2) 
PARAMETRIC_REPRESENTATION_CONTEXT() REPRESENTATION_CONTEXT('2D SPACE',''
  ) );
#11192 = PCURVE('',#11193,#11198);
#11193 = PLANE('',#11194);
#11194 = AXIS2_PLACEMENT_3D('',#11195,#11196,#11197);
#11195 = CARTESIAN_POINT('',(-6.8,8.327598234202E-16,0.));
#11196 = DIRECTION('',(0.866025403784,0.5,-0.));
#11197 = DIRECTION('',(0.5,-0.866025403784,0.));
#11198 = DEFINITIONAL_REPRESENTATION('',(#11199),#11203);
#11199 = LINE('',#11200,#11201);
#11200 = CARTESIAN_POINT('',(0.,0.));
#11201 = VECTOR('',#11202,1.);
#11202 = DIRECTION('',(1.,0.));
#11203 = ( GEOMETRIC_REPRESENTATION_CONTEXT(2) 
PARAMETRIC_REPRESENTATION_CONTEXT() REPRESENTATION_CONTEXT('2D SPACE',''
  ) );
#11204 = ORIENTED_EDGE('',*,*,#11205,.T.);
#11205 = EDGE_CURVE('',#11178,#11001,#11206,.T.);
#11206 = SURFACE_CURVE('',#11207,(#11211,#11218),.PCURVE_S1.);
#11207 = LINE('',#11208,#11209);
#11208 = CARTESIAN_POINT('',(-3.4,-5.888972745734,0.));
#11209 = VECTOR('',#11210,1.);
#11210 = DIRECTION('',(1.,-6.530723674266E-16,0.));
#11211 = PCURVE('',#10985,#11212);
#11212 = DEFINITIONAL_REPRESENTATION('',(#11213),#11217);
#11213 = LINE('',#11214,#11215);
#11214 = CARTESIAN_POINT('',(-3.4,-5.888972745734));
#11215 = VECTOR('',#11216,1.);
#11216 = DIRECTION('',(1.,-6.530723674266E-16));
#11217 = ( GEOMETRIC_REPRESENTATION_CONTEXT(2) 
PARAMETRIC_REPRESENTATION_CONTEXT() REPRESENTATION_CONTEXT('2D SPACE',''
  ) );
#11218 = PCURVE('',#11018,#11219);
#11219 = DEFINITIONAL_REPRESENTATION('',(#11220),#11224);
#11220 = LINE('',#11221,#11222);
#11221 = CARTESIAN_POINT('',(0.,0.));
#11222 = VECTOR('',#11223,1.);
#11223 = DIRECTION('',(1.,0.));
#11224 = ( GEOMETRIC_REPRESENTATION_CONTEXT(2) 
PARAMETRIC_REPRESENTATION_CONTEXT() REPRESENTATION_CONTEXT('2D SPACE',''
  ) );
#11225 = ORIENTED_EDGE('',*,*,#11052,.T.);
#11226 = FACE_BOUND('',#11227,.F.);
#11227 = EDGE_LOOP('',(#11228));
#11228 = ORIENTED_EDGE('',*,*,#11229,.F.);
#11229 = EDGE_CURVE('',#11230,#11230,#11232,.T.);
#11230 = VERTEX_POINT('',#11231);
#11231 = CARTESIAN_POINT('',(4.,0.,0.));
#11232 = SURFACE_CURVE('',#11233,(#11238,#11245),.PCURVE_S1.);
#11233 = CIRCLE('',#11234,4.);
#11234 = AXIS2_PLACEMENT_3D('',#11235,#11236,#11237);
#11235 = CARTESIAN_POINT('',(0.,0.,0.));
#11236 = DIRECTION('',(0.,0.,1.));
#11237 = DIRECTION('',(1.,0.,0.));
#11238 = PCURVE('',#10985,#11239);
#11239 = DEFINITIONAL_REPRESENTATION('',(#11240),#11244);
#11240 = CIRCLE('',#11241,4.);
#11241 = AXIS2_PLACEMENT_2D('',#11242,#11243);
#11242 = CARTESIAN_POINT('',(0.,-8.707631565688E-17));
#11243 = DIRECTION('',(1.,0.));
#11244 = ( GEOMETRIC_REPRESENTATION_CONTEXT(2) 
PARAMETRIC_REPRESENTATION_CONTEXT() REPRESENTATION_CONTEXT('2D SPACE',''
  ) );
#11245 = PCURVE('',#11246,#11251);
#11246 = CYLINDRICAL_SURFACE('',#11247,4.);
#11247 = AXIS2_PLACEMENT_3D('',#11248,#11249,#11250);
#11248 = CARTESIAN_POINT('',(0.,0.,0.));
#11249 = DIRECTION('',(0.,0.,1.));
#11250 = DIRECTION('',(1.,0.,0.));
#11251 = DEFINITIONAL_REPRESENTATION('',(#11252),#11256);
#11252 = LINE('',#11253,#11254);
#11253 = CARTESIAN_POINT('',(0.,0.));
#11254 = VECTOR('',#11255,1.);
#11255 = DIRECTION('',(1.,0.));
#11256 = ( GEOMETRIC_REPRESENTATION_CONTEXT(2) 
PARAMETRIC_REPRESENTATION_CONTEXT() REPRESENTATION_CONTEXT('2D SPACE',''
  ) );
#11257 = ADVANCED_FACE('',(#11258),#10931,.T.);
#11258 = FACE_BOUND('',#11259,.T.);
#11259 = EDGE_LOOP('',(#11260,#11261,#11262,#11285,#11308,#11329));
#11260 = ORIENTED_EDGE('',*,*,#10915,.T.);
#11261 = ORIENTED_EDGE('',*,*,#11077,.T.);
#11262 = ORIENTED_EDGE('',*,*,#11263,.T.);
#11263 = EDGE_CURVE('',#11078,#11264,#11266,.T.);
#11264 = VERTEX_POINT('',#11265);
#11265 = CARTESIAN_POINT('',(-6.8,8.327598234202E-16,5.2));
#11266 = SURFACE_CURVE('',#11267,(#11271,#11278),.PCURVE_S1.);
#11267 = LINE('',#11268,#11269);
#11268 = CARTESIAN_POINT('',(-3.4,5.888972745734,5.2));
#11269 = VECTOR('',#11270,1.);
#11270 = DIRECTION('',(-0.5,-0.866025403784,0.));
#11271 = PCURVE('',#10931,#11272);
#11272 = DEFINITIONAL_REPRESENTATION('',(#11273),#11277);
#11273 = LINE('',#11274,#11275);
#11274 = CARTESIAN_POINT('',(-3.4,5.888972745734));
#11275 = VECTOR('',#11276,1.);
#11276 = DIRECTION('',(-0.5,-0.866025403784));
#11277 = ( GEOMETRIC_REPRESENTATION_CONTEXT(2) 
PARAMETRIC_REPRESENTATION_CONTEXT() REPRESENTATION_CONTEXT('2D SPACE',''
  ) );
#11278 = PCURVE('',#11116,#11279);
#11279 = DEFINITIONAL_REPRESENTATION('',(#11280),#11284);
#11280 = LINE('',#11281,#11282);
#11281 = CARTESIAN_POINT('',(0.,-5.2));
#11282 = VECTOR('',#11283,1.);
#11283 = DIRECTION('',(1.,0.));
#11284 = ( GEOMETRIC_REPRESENTATION_CONTEXT(2) 
PARAMETRIC_REPRESENTATION_CONTEXT() REPRESENTATION_CONTEXT('2D SPACE',''
  ) );
#11285 = ORIENTED_EDGE('',*,*,#11286,.T.);
#11286 = EDGE_CURVE('',#11264,#11287,#11289,.T.);
#11287 = VERTEX_POINT('',#11288);
#11288 = CARTESIAN_POINT('',(-3.4,-5.888972745734,5.2));
#11289 = SURFACE_CURVE('',#11290,(#11294,#11301),.PCURVE_S1.);
#11290 = LINE('',#11291,#11292);
#11291 = CARTESIAN_POINT('',(-6.8,8.327598234202E-16,5.2));
#11292 = VECTOR('',#11293,1.);
#11293 = DIRECTION('',(0.5,-0.866025403784,0.));
#11294 = PCURVE('',#10931,#11295);
#11295 = DEFINITIONAL_REPRESENTATION('',(#11296),#11300);
#11296 = LINE('',#11297,#11298);
#11297 = CARTESIAN_POINT('',(-6.8,7.456835077633E-16));
#11298 = VECTOR('',#11299,1.);
#11299 = DIRECTION('',(0.5,-0.866025403784));
#11300 = ( GEOMETRIC_REPRESENTATION_CONTEXT(2) 
PARAMETRIC_REPRESENTATION_CONTEXT() REPRESENTATION_CONTEXT('2D SPACE',''
  ) );
#11301 = PCURVE('',#11193,#11302);
#11302 = DEFINITIONAL_REPRESENTATION('',(#11303),#11307);
#11303 = LINE('',#11304,#11305);
#11304 = CARTESIAN_POINT('',(0.,-5.2));
#11305 = VECTOR('',#11306,1.);
#11306 = DIRECTION('',(1.,0.));
#11307 = ( GEOMETRIC_REPRESENTATION_CONTEXT(2) 
PARAMETRIC_REPRESENTATION_CONTEXT() REPRESENTATION_CONTEXT('2D SPACE',''
  ) );
#11308 = ORIENTED_EDGE('',*,*,#11309,.T.);
#11309 = EDGE_CURVE('',#11287,#11003,#11310,.T.);
#11310 = SURFACE_CURVE('',#11311,(#11315,#11322),.PCURVE_S1.);
#11311 = LINE('',#11312,#11313);
#11312 = CARTESIAN_POINT('',(-3.4,-5.888972745734,5.2));
#11313 = VECTOR('',#11314,1.);
#11314 = DIRECTION('',(1.,-6.530723674266E-16,0.));
#11315 = PCURVE('',#10931,#11316);
#11316 = DEFINITIONAL_REPRESENTATION('',(#11317),#11321);
#11317 = LINE('',#11318,#11319);
#11318 = CARTESIAN_POINT('',(-3.4,-5.888972745734));
#11319 = VECTOR('',#11320,1.);
#11320 = DIRECTION('',(1.,-6.530723674266E-16));
#11321 = ( GEOMETRIC_REPRESENTATION_CONTEXT(2) 
PARAMETRIC_REPRESENTATION_CONTEXT() REPRESENTATION_CONTEXT('2D SPACE',''
  ) );
#11322 = PCURVE('',#11018,#11323);
#11323 = DEFINITIONAL_REPRESENTATION('',(#11324),#11328);
#11324 = LINE('',#11325,#11326);
#11325 = CARTESIAN_POINT('',(0.,-5.2));
#11326 = VECTOR('',#11327,1.);
#11327 = DIRECTION('',(1.,0.));
#11328 = ( GEOMETRIC_REPRESENTATION_CONTEXT(2) 
PARAMETRIC_REPRESENTATION_CONTEXT() REPRESENTATION_CONTEXT('2D SPACE',''
  ) );
#11329 = ORIENTED_EDGE('',*,*,#11030,.T.);
#11330 = ADVANCED_FACE('',(#11331),#11018,.F.);
#11331 = FACE_BOUND('',#11332,.F.);
#11332 = EDGE_LOOP('',(#11333,#11354,#11355,#11356));
#11333 = ORIENTED_EDGE('',*,*,#11334,.T.);
#11334 = EDGE_CURVE('',#11178,#11287,#11335,.T.);
#11335 = SURFACE_CURVE('',#11336,(#11340,#11347),.PCURVE_S1.);
#11336 = LINE('',#11337,#11338);
#11337 = CARTESIAN_POINT('',(-3.4,-5.888972745734,0.));
#11338 = VECTOR('',#11339,1.);
#11339 = DIRECTION('',(0.,0.,1.));
#11340 = PCURVE('',#11018,#11341);
#11341 = DEFINITIONAL_REPRESENTATION('',(#11342),#11346);
#11342 = LINE('',#11343,#11344);
#11343 = CARTESIAN_POINT('',(0.,0.));
#11344 = VECTOR('',#11345,1.);
#11345 = DIRECTION('',(0.,-1.));
#11346 = ( GEOMETRIC_REPRESENTATION_CONTEXT(2) 
PARAMETRIC_REPRESENTATION_CONTEXT() REPRESENTATION_CONTEXT('2D SPACE',''
  ) );
#11347 = PCURVE('',#11193,#11348);
#11348 = DEFINITIONAL_REPRESENTATION('',(#11349),#11353);
#11349 = LINE('',#11350,#11351);
#11350 = CARTESIAN_POINT('',(6.8,0.));
#11351 = VECTOR('',#11352,1.);
#11352 = DIRECTION('',(0.,-1.));
#11353 = ( GEOMETRIC_REPRESENTATION_CONTEXT(2) 
PARAMETRIC_REPRESENTATION_CONTEXT() REPRESENTATION_CONTEXT('2D SPACE',''
  ) );
#11354 = ORIENTED_EDGE('',*,*,#11309,.T.);
#11355 = ORIENTED_EDGE('',*,*,#11000,.F.);
#11356 = ORIENTED_EDGE('',*,*,#11205,.F.);
#11357 = ADVANCED_FACE('',(#11358),#11116,.F.);
#11358 = FACE_BOUND('',#11359,.F.);
#11359 = EDGE_LOOP('',(#11360,#11361,#11362,#11383));
#11360 = ORIENTED_EDGE('',*,*,#11100,.T.);
#11361 = ORIENTED_EDGE('',*,*,#11263,.T.);
#11362 = ORIENTED_EDGE('',*,*,#11363,.F.);
#11363 = EDGE_CURVE('',#11155,#11264,#11364,.T.);
#11364 = SURFACE_CURVE('',#11365,(#11369,#11376),.PCURVE_S1.);
#11365 = LINE('',#11366,#11367);
#11366 = CARTESIAN_POINT('',(-6.8,8.327598234202E-16,0.));
#11367 = VECTOR('',#11368,1.);
#11368 = DIRECTION('',(0.,0.,1.));
#11369 = PCURVE('',#11116,#11370);
#11370 = DEFINITIONAL_REPRESENTATION('',(#11371),#11375);
#11371 = LINE('',#11372,#11373);
#11372 = CARTESIAN_POINT('',(6.8,0.));
#11373 = VECTOR('',#11374,1.);
#11374 = DIRECTION('',(0.,-1.));
#11375 = ( GEOMETRIC_REPRESENTATION_CONTEXT(2) 
PARAMETRIC_REPRESENTATION_CONTEXT() REPRESENTATION_CONTEXT('2D SPACE',''
  ) );
#11376 = PCURVE('',#11193,#11377);
#11377 = DEFINITIONAL_REPRESENTATION('',(#11378),#11382);
#11378 = LINE('',#11379,#11380);
#11379 = CARTESIAN_POINT('',(0.,0.));
#11380 = VECTOR('',#11381,1.);
#11381 = DIRECTION('',(0.,-1.));
#11382 = ( GEOMETRIC_REPRESENTATION_CONTEXT(2) 
PARAMETRIC_REPRESENTATION_CONTEXT() REPRESENTATION_CONTEXT('2D SPACE',''
  ) );
#11383 = ORIENTED_EDGE('',*,*,#11154,.F.);
#11384 = ADVANCED_FACE('',(#11385),#11193,.F.);
#11385 = FACE_BOUND('',#11386,.F.);
#11386 = EDGE_LOOP('',(#11387,#11388,#11389,#11390));
#11387 = ORIENTED_EDGE('',*,*,#11363,.T.);
#11388 = ORIENTED_EDGE('',*,*,#11286,.T.);
#11389 = ORIENTED_EDGE('',*,*,#11334,.F.);
#11390 = ORIENTED_EDGE('',*,*,#11177,.F.);
#11391 = ADVANCED_FACE('',(#11392),#11246,.T.);
#11392 = FACE_BOUND('',#11393,.T.);
#11393 = EDGE_LOOP('',(#11394,#11417,#11444,#11445));
#11394 = ORIENTED_EDGE('',*,*,#11395,.T.);
#11395 = EDGE_CURVE('',#11230,#11396,#11398,.T.);
#11396 = VERTEX_POINT('',#11397);
#11397 = CARTESIAN_POINT('',(4.,0.,-29.04));
#11398 = SEAM_CURVE('',#11399,(#11403,#11410),.PCURVE_S1.);
#11399 = LINE('',#11400,#11401);
#11400 = CARTESIAN_POINT('',(4.,0.,0.));
#11401 = VECTOR('',#11402,1.);
#11402 = DIRECTION('',(-0.,-0.,-1.));
#11403 = PCURVE('',#11246,#11404);
#11404 = DEFINITIONAL_REPRESENTATION('',(#11405),#11409);
#11405 = LINE('',#11406,#11407);
#11406 = CARTESIAN_POINT('',(0.,0.));
#11407 = VECTOR('',#11408,1.);
#11408 = DIRECTION('',(0.,-1.));
#11409 = ( GEOMETRIC_REPRESENTATION_CONTEXT(2) 
PARAMETRIC_REPRESENTATION_CONTEXT() REPRESENTATION_CONTEXT('2D SPACE',''
  ) );
#11410 = PCURVE('',#11246,#11411);
#11411 = DEFINITIONAL_REPRESENTATION('',(#11412),#11416);
#11412 = LINE('',#11413,#11414);
#11413 = CARTESIAN_POINT('',(6.28318530718,0.));
#11414 = VECTOR('',#11415,1.);
#11415 = DIRECTION('',(0.,-1.));
#11416 = ( GEOMETRIC_REPRESENTATION_CONTEXT(2) 
PARAMETRIC_REPRESENTATION_CONTEXT() REPRESENTATION_CONTEXT('2D SPACE',''
  ) );
#11417 = ORIENTED_EDGE('',*,*,#11418,.T.);
#11418 = EDGE_CURVE('',#11396,#11396,#11419,.T.);
#11419 = SURFACE_CURVE('',#11420,(#11425,#11432),.PCURVE_S1.);
#11420 = CIRCLE('',#11421,4.);
#11421 = AXIS2_PLACEMENT_3D('',#11422,#11423,#11424);
#11422 = CARTESIAN_POINT('',(0.,0.,-29.04));
#11423 = DIRECTION('',(0.,0.,1.));
#11424 = DIRECTION('',(1.,0.,-0.));
#11425 = PCURVE('',#11246,#11426);
#11426 = DEFINITIONAL_REPRESENTATION('',(#11427),#11431);
#11427 = LINE('',#11428,#11429);
#11428 = CARTESIAN_POINT('',(0.,-29.04));
#11429 = VECTOR('',#11430,1.);
#11430 = DIRECTION('',(1.,0.));
#11431 = ( GEOMETRIC_REPRESENTATION_CONTEXT(2) 
PARAMETRIC_REPRESENTATION_CONTEXT() REPRESENTATION_CONTEXT('2D SPACE',''
  ) );
#11432 = PCURVE('',#11433,#11438);
#11433 = CONICAL_SURFACE('',#11434,4.,0.785398163397);
#11434 = AXIS2_PLACEMENT_3D('',#11435,#11436,#11437);
#11435 = CARTESIAN_POINT('',(0.,0.,-29.04));
#11436 = DIRECTION('',(0.,0.,1.));
#11437 = DIRECTION('',(1.,0.,-0.));
#11438 = DEFINITIONAL_REPRESENTATION('',(#11439),#11443);
#11439 = LINE('',#11440,#11441);
#11440 = CARTESIAN_POINT('',(0.,-0.));
#11441 = VECTOR('',#11442,1.);
#11442 = DIRECTION('',(1.,-0.));
#11443 = ( GEOMETRIC_REPRESENTATION_CONTEXT(2) 
PARAMETRIC_REPRESENTATION_CONTEXT() REPRESENTATION_CONTEXT('2D SPACE',''
  ) );
#11444 = ORIENTED_EDGE('',*,*,#11395,.F.);
#11445 = ORIENTED_EDGE('',*,*,#11229,.F.);
#11446 = ADVANCED_FACE('',(#11447),#11433,.T.);
#11447 = FACE_BOUND('',#11448,.F.);
#11448 = EDGE_LOOP('',(#11449,#11470,#11471,#11472));
#11449 = ORIENTED_EDGE('',*,*,#11450,.F.);
#11450 = EDGE_CURVE('',#11396,#11451,#11453,.T.);
#11451 = VERTEX_POINT('',#11452);
#11452 = CARTESIAN_POINT('',(3.04,0.,-30.));
#11453 = SEAM_CURVE('',#11454,(#11458,#11464),.PCURVE_S1.);
#11454 = LINE('',#11455,#11456);
#11455 = CARTESIAN_POINT('',(4.,0.,-29.04));
#11456 = VECTOR('',#11457,1.);
#11457 = DIRECTION('',(-0.707106781187,-0.,-0.707106781187));
#11458 = PCURVE('',#11433,#11459);
#11459 = DEFINITIONAL_REPRESENTATION('',(#11460),#11463);
#11460 = B_SPLINE_CURVE_WITH_KNOTS('',1,(#11461,#11462),.UNSPECIFIED.,
  .F.,.F.,(2,2),(0.,1.357645019878),.PIECEWISE_BEZIER_KNOTS.);
#11461 = CARTESIAN_POINT('',(0.,0.));
#11462 = CARTESIAN_POINT('',(0.,-0.96));
#11463 = ( GEOMETRIC_REPRESENTATION_CONTEXT(2) 
PARAMETRIC_REPRESENTATION_CONTEXT() REPRESENTATION_CONTEXT('2D SPACE',''
  ) );
#11464 = PCURVE('',#11433,#11465);
#11465 = DEFINITIONAL_REPRESENTATION('',(#11466),#11469);
#11466 = B_SPLINE_CURVE_WITH_KNOTS('',1,(#11467,#11468),.UNSPECIFIED.,
  .F.,.F.,(2,2),(0.,1.357645019878),.PIECEWISE_BEZIER_KNOTS.);
#11467 = CARTESIAN_POINT('',(6.28318530718,0.));
#11468 = CARTESIAN_POINT('',(6.28318530718,-0.96));
#11469 = ( GEOMETRIC_REPRESENTATION_CONTEXT(2) 
PARAMETRIC_REPRESENTATION_CONTEXT() REPRESENTATION_CONTEXT('2D SPACE',''
  ) );
#11470 = ORIENTED_EDGE('',*,*,#11418,.T.);
#11471 = ORIENTED_EDGE('',*,*,#11450,.T.);
#11472 = ORIENTED_EDGE('',*,*,#11473,.F.);
#11473 = EDGE_CURVE('',#11451,#11451,#11474,.T.);
#11474 = SURFACE_CURVE('',#11475,(#11480,#11487),.PCURVE_S1.);
#11475 = CIRCLE('',#11476,3.04);
#11476 = AXIS2_PLACEMENT_3D('',#11477,#11478,#11479);
#11477 = CARTESIAN_POINT('',(0.,0.,-30.));
#11478 = DIRECTION('',(0.,0.,1.));
#11479 = DIRECTION('',(1.,0.,-0.));
#11480 = PCURVE('',#11433,#11481);
#11481 = DEFINITIONAL_REPRESENTATION('',(#11482),#11486);
#11482 = LINE('',#11483,#11484);
#11483 = CARTESIAN_POINT('',(0.,-0.96));
#11484 = VECTOR('',#11485,1.);
#11485 = DIRECTION('',(1.,-0.));
#11486 = ( GEOMETRIC_REPRESENTATION_CONTEXT(2) 
PARAMETRIC_REPRESENTATION_CONTEXT() REPRESENTATION_CONTEXT('2D SPACE',''
  ) );
#11487 = PCURVE('',#11488,#11493);
#11488 = PLANE('',#11489);
#11489 = AXIS2_PLACEMENT_3D('',#11490,#11491,#11492);
#11490 = CARTESIAN_POINT('',(-2.563950248511E-16,3.49503809816E-16,-30.)
  );
#11491 = DIRECTION('',(0.,0.,1.));
#11492 = DIRECTION('',(1.,0.,-0.));
#11493 = DEFINITIONAL_REPRESENTATION('',(#11494),#11498);
#11494 = CIRCLE('',#11495,3.04);
#11495 = AXIS2_PLACEMENT_2D('',#11496,#11497);
#11496 = CARTESIAN_POINT('',(2.563950248511E-16,-3.49503809816E-16));
#11497 = DIRECTION('',(1.,0.));
#11498 = ( GEOMETRIC_REPRESENTATION_CONTEXT(2) 
PARAMETRIC_REPRESENTATION_CONTEXT() REPRESENTATION_CONTEXT('2D SPACE',''
  ) );
#11499 = ADVANCED_FACE('',(#11500),#11488,.F.);
#11500 = FACE_BOUND('',#11501,.F.);
#11501 = EDGE_LOOP('',(#11502));
#11502 = ORIENTED_EDGE('',*,*,#11473,.T.);
#11503 = ( GEOMETRIC_REPRESENTATION_CONTEXT(3) 
GLOBAL_UNCERTAINTY_ASSIGNED_CONTEXT((#11507)) 
GLOBAL_UNIT_ASSIGNED_CONTEXT((#11504,#11505,#11506)) 
REPRESENTATION_CONTEXT('Context #1',
  '3D Context with UNIT and UNCERTAINTY') );
#11504 = ( LENGTH_UNIT() NAMED_UNIT(*) SI_UNIT(.MILLI.,.METRE.) );
#11505 = ( NAMED_UNIT(*) PLANE_ANGLE_UNIT() SI_UNIT($,.RADIAN.) );
#11506 = ( NAMED_UNIT(*) SI_UNIT($,.STERADIAN.) SOLID_ANGLE_UNIT() );
#11507 = UNCERTAINTY_MEASURE_WITH_UNIT(LENGTH_MEASURE(1.E-07),#11504,
  'distance_accuracy_value','confusion accuracy');
#11508 = CONTEXT_DEPENDENT_SHAPE_REPRESENTATION(#11509,#11511);
#11509 = ( REPRESENTATION_RELATIONSHIP('','',#10873,#10) 
REPRESENTATION_RELATIONSHIP_WITH_TRANSFORMATION(#11510) 
SHAPE_REPRESENTATION_RELATIONSHIP() );
#11510 = ITEM_DEFINED_TRANSFORMATION('','',#11,#47);
#11511 = PRODUCT_DEFINITION_SHAPE('Placement','Placement of an item',
  #11512);
#11512 = NEXT_ASSEMBLY_USAGE_OCCURRENCE('25','','',#5,#10868,$);
#11513 = PRODUCT_RELATED_PRODUCT_CATEGORY('part',$,(#10870));
#11514 = SHAPE_DEFINITION_REPRESENTATION(#11515,#11521);
#11515 = PRODUCT_DEFINITION_SHAPE('','',#11516);
#11516 = PRODUCT_DEFINITION('design','',#11517,#11520);
#11517 = PRODUCT_DEFINITION_FORMATION('','',#11518);
#11518 = PRODUCT('Open CASCADE STEP translator 7.9 12.10',
  'Open CASCADE STEP translator 7.9 12.10','',(#11519));
#11519 = PRODUCT_CONTEXT('',#2,'mechanical');
#11520 = PRODUCT_DEFINITION_CONTEXT('part definition',#2,'design');
#11521 = ADVANCED_BREP_SHAPE_REPRESENTATION('',(#11,#11522),#12151);
#11522 = MANIFOLD_SOLID_BREP('',#11523);
#11523 = CLOSED_SHELL('',(#11524,#11644,#11720,#11796,#11905,#11978,
    #12005,#12032,#12039,#12094,#12147));
#11524 = ADVANCED_FACE('',(#11525),#11539,.F.);
#11525 = FACE_BOUND('',#11526,.F.);
#11526 = EDGE_LOOP('',(#11527,#11562,#11590,#11618));
#11527 = ORIENTED_EDGE('',*,*,#11528,.T.);
#11528 = EDGE_CURVE('',#11529,#11531,#11533,.T.);
#11529 = VERTEX_POINT('',#11530);
#11530 = CARTESIAN_POINT('',(6.8,0.,0.));
#11531 = VERTEX_POINT('',#11532);
#11532 = CARTESIAN_POINT('',(6.8,0.,5.2));
#11533 = SURFACE_CURVE('',#11534,(#11538,#11550),.PCURVE_S1.);
#11534 = LINE('',#11535,#11536);
#11535 = CARTESIAN_POINT('',(6.8,0.,0.));
#11536 = VECTOR('',#11537,1.);
#11537 = DIRECTION('',(0.,0.,1.));
#11538 = PCURVE('',#11539,#11544);
#11539 = PLANE('',#11540);
#11540 = AXIS2_PLACEMENT_3D('',#11541,#11542,#11543);
#11541 = CARTESIAN_POINT('',(6.8,0.,0.));
#11542 = DIRECTION('',(-0.866025403784,-0.5,0.));
#11543 = DIRECTION('',(-0.5,0.866025403784,0.));
#11544 = DEFINITIONAL_REPRESENTATION('',(#11545),#11549);
#11545 = LINE('',#11546,#11547);
#11546 = CARTESIAN_POINT('',(0.,0.));
#11547 = VECTOR('',#11548,1.);
#11548 = DIRECTION('',(0.,-1.));
#11549 = ( GEOMETRIC_REPRESENTATION_CONTEXT(2) 
PARAMETRIC_REPRESENTATION_CONTEXT() REPRESENTATION_CONTEXT('2D SPACE',''
  ) );
#11550 = PCURVE('',#11551,#11556);
#11551 = PLANE('',#11552);
#11552 = AXIS2_PLACEMENT_3D('',#11553,#11554,#11555);
#11553 = CARTESIAN_POINT('',(3.4,-5.888972745734,0.));
#11554 = DIRECTION('',(-0.866025403784,0.5,0.));
#11555 = DIRECTION('',(0.5,0.866025403784,0.));
#11556 = DEFINITIONAL_REPRESENTATION('',(#11557),#11561);
#11557 = LINE('',#11558,#11559);
#11558 = CARTESIAN_POINT('',(6.8,0.));
#11559 = VECTOR('',#11560,1.);
#11560 = DIRECTION('',(0.,-1.));
#11561 = ( GEOMETRIC_REPRESENTATION_CONTEXT(2) 
PARAMETRIC_REPRESENTATION_CONTEXT() REPRESENTATION_CONTEXT('2D SPACE',''
  ) );
#11562 = ORIENTED_EDGE('',*,*,#11563,.T.);
#11563 = EDGE_CURVE('',#11531,#11564,#11566,.T.);
#11564 = VERTEX_POINT('',#11565);
#11565 = CARTESIAN_POINT('',(3.4,5.888972745734,5.2));
#11566 = SURFACE_CURVE('',#11567,(#11571,#11578),.PCURVE_S1.);
#11567 = LINE('',#11568,#11569);
#11568 = CARTESIAN_POINT('',(6.8,0.,5.2));
#11569 = VECTOR('',#11570,1.);
#11570 = DIRECTION('',(-0.5,0.866025403784,0.));
#11571 = PCURVE('',#11539,#11572);
#11572 = DEFINITIONAL_REPRESENTATION('',(#11573),#11577);
#11573 = LINE('',#11574,#11575);
#11574 = CARTESIAN_POINT('',(0.,-5.2));
#11575 = VECTOR('',#11576,1.);
#11576 = DIRECTION('',(1.,0.));
#11577 = ( GEOMETRIC_REPRESENTATION_CONTEXT(2) 
PARAMETRIC_REPRESENTATION_CONTEXT() REPRESENTATION_CONTEXT('2D SPACE',''
  ) );
#11578 = PCURVE('',#11579,#11584);
#11579 = PLANE('',#11580);
#11580 = AXIS2_PLACEMENT_3D('',#11581,#11582,#11583);
#11581 = CARTESIAN_POINT('',(0.,8.707631565688E-17,5.2));
#11582 = DIRECTION('',(0.,0.,1.));
#11583 = DIRECTION('',(1.,0.,-0.));
#11584 = DEFINITIONAL_REPRESENTATION('',(#11585),#11589);
#11585 = LINE('',#11586,#11587);
#11586 = CARTESIAN_POINT('',(6.8,-8.707631565688E-17));
#11587 = VECTOR('',#11588,1.);
#11588 = DIRECTION('',(-0.5,0.866025403784));
#11589 = ( GEOMETRIC_REPRESENTATION_CONTEXT(2) 
PARAMETRIC_REPRESENTATION_CONTEXT() REPRESENTATION_CONTEXT('2D SPACE',''
  ) );
#11590 = ORIENTED_EDGE('',*,*,#11591,.F.);
#11591 = EDGE_CURVE('',#11592,#11564,#11594,.T.);
#11592 = VERTEX_POINT('',#11593);
#11593 = CARTESIAN_POINT('',(3.4,5.888972745734,0.));
#11594 = SURFACE_CURVE('',#11595,(#11599,#11606),.PCURVE_S1.);
#11595 = LINE('',#11596,#11597);
#11596 = CARTESIAN_POINT('',(3.4,5.888972745734,0.));
#11597 = VECTOR('',#11598,1.);
#11598 = DIRECTION('',(0.,0.,1.));
#11599 = PCURVE('',#11539,#11600);
#11600 = DEFINITIONAL_REPRESENTATION('',(#11601),#11605);
#11601 = LINE('',#11602,#11603);
#11602 = CARTESIAN_POINT('',(6.8,0.));
#11603 = VECTOR('',#11604,1.);
#11604 = DIRECTION('',(0.,-1.));
#11605 = ( GEOMETRIC_REPRESENTATION_CONTEXT(2) 
PARAMETRIC_REPRESENTATION_CONTEXT() REPRESENTATION_CONTEXT('2D SPACE',''
  ) );
#11606 = PCURVE('',#11607,#11612);
#11607 = PLANE('',#11608);
#11608 = AXIS2_PLACEMENT_3D('',#11609,#11610,#11611);
#11609 = CARTESIAN_POINT('',(3.4,5.888972745734,0.));
#11610 = DIRECTION('',(0.,-1.,0.));
#11611 = DIRECTION('',(-1.,0.,0.));
#11612 = DEFINITIONAL_REPRESENTATION('',(#11613),#11617);
#11613 = LINE('',#11614,#11615);
#11614 = CARTESIAN_POINT('',(0.,-0.));
#11615 = VECTOR('',#11616,1.);
#11616 = DIRECTION('',(0.,-1.));
#11617 = ( GEOMETRIC_REPRESENTATION_CONTEXT(2) 
PARAMETRIC_REPRESENTATION_CONTEXT() REPRESENTATION_CONTEXT('2D SPACE',''
  ) );
#11618 = ORIENTED_EDGE('',*,*,#11619,.F.);
#11619 = EDGE_CURVE('',#11529,#11592,#11620,.T.);
#11620 = SURFACE_CURVE('',#11621,(#11625,#11632),.PCURVE_S1.);
#11621 = LINE('',#11622,#11623);
#11622 = CARTESIAN_POINT('',(6.8,0.,0.));
#11623 = VECTOR('',#11624,1.);
#11624 = DIRECTION('',(-0.5,0.866025403784,0.));
#11625 = PCURVE('',#11539,#11626);
#11626 = DEFINITIONAL_REPRESENTATION('',(#11627),#11631);
#11627 = LINE('',#11628,#11629);
#11628 = CARTESIAN_POINT('',(0.,0.));
#11629 = VECTOR('',#11630,1.);
#11630 = DIRECTION('',(1.,0.));
#11631 = ( GEOMETRIC_REPRESENTATION_CONTEXT(2) 
PARAMETRIC_REPRESENTATION_CONTEXT() REPRESENTATION_CONTEXT('2D SPACE',''
  ) );
#11632 = PCURVE('',#11633,#11638);
#11633 = PLANE('',#11634);
#11634 = AXIS2_PLACEMENT_3D('',#11635,#11636,#11637);
#11635 = CARTESIAN_POINT('',(0.,8.707631565688E-17,0.));
#11636 = DIRECTION('',(0.,0.,1.));
#11637 = DIRECTION('',(1.,0.,-0.));
#11638 = DEFINITIONAL_REPRESENTATION('',(#11639),#11643);
#11639 = LINE('',#11640,#11641);
#11640 = CARTESIAN_POINT('',(6.8,-8.707631565688E-17));
#11641 = VECTOR('',#11642,1.);
#11642 = DIRECTION('',(-0.5,0.866025403784));
#11643 = ( GEOMETRIC_REPRESENTATION_CONTEXT(2) 
PARAMETRIC_REPRESENTATION_CONTEXT() REPRESENTATION_CONTEXT('2D SPACE',''
  ) );
#11644 = ADVANCED_FACE('',(#11645),#11551,.F.);
#11645 = FACE_BOUND('',#11646,.F.);
#11646 = EDGE_LOOP('',(#11647,#11677,#11698,#11699));
#11647 = ORIENTED_EDGE('',*,*,#11648,.T.);
#11648 = EDGE_CURVE('',#11649,#11651,#11653,.T.);
#11649 = VERTEX_POINT('',#11650);
#11650 = CARTESIAN_POINT('',(3.4,-5.888972745734,0.));
#11651 = VERTEX_POINT('',#11652);
#11652 = CARTESIAN_POINT('',(3.4,-5.888972745734,5.2));
#11653 = SURFACE_CURVE('',#11654,(#11658,#11665),.PCURVE_S1.);
#11654 = LINE('',#11655,#11656);
#11655 = CARTESIAN_POINT('',(3.4,-5.888972745734,0.));
#11656 = VECTOR('',#11657,1.);
#11657 = DIRECTION('',(0.,0.,1.));
#11658 = PCURVE('',#11551,#11659);
#11659 = DEFINITIONAL_REPRESENTATION('',(#11660),#11664);
#11660 = LINE('',#11661,#11662);
#11661 = CARTESIAN_POINT('',(0.,0.));
#11662 = VECTOR('',#11663,1.);
#11663 = DIRECTION('',(0.,-1.));
#11664 = ( GEOMETRIC_REPRESENTATION_CONTEXT(2) 
PARAMETRIC_REPRESENTATION_CONTEXT() REPRESENTATION_CONTEXT('2D SPACE',''
  ) );
#11665 = PCURVE('',#11666,#11671);
#11666 = PLANE('',#11667);
#11667 = AXIS2_PLACEMENT_3D('',#11668,#11669,#11670);
#11668 = CARTESIAN_POINT('',(-3.4,-5.888972745734,0.));
#11669 = DIRECTION('',(6.530723674266E-16,1.,-0.));
#11670 = DIRECTION('',(1.,-6.530723674266E-16,0.));
#11671 = DEFINITIONAL_REPRESENTATION('',(#11672),#11676);
#11672 = LINE('',#11673,#11674);
#11673 = CARTESIAN_POINT('',(6.8,0.));
#11674 = VECTOR('',#11675,1.);
#11675 = DIRECTION('',(0.,-1.));
#11676 = ( GEOMETRIC_REPRESENTATION_CONTEXT(2) 
PARAMETRIC_REPRESENTATION_CONTEXT() REPRESENTATION_CONTEXT('2D SPACE',''
  ) );
#11677 = ORIENTED_EDGE('',*,*,#11678,.T.);
#11678 = EDGE_CURVE('',#11651,#11531,#11679,.T.);
#11679 = SURFACE_CURVE('',#11680,(#11684,#11691),.PCURVE_S1.);
#11680 = LINE('',#11681,#11682);
#11681 = CARTESIAN_POINT('',(3.4,-5.888972745734,5.2));
#11682 = VECTOR('',#11683,1.);
#11683 = DIRECTION('',(0.5,0.866025403784,0.));
#11684 = PCURVE('',#11551,#11685);
#11685 = DEFINITIONAL_REPRESENTATION('',(#11686),#11690);
#11686 = LINE('',#11687,#11688);
#11687 = CARTESIAN_POINT('',(0.,-5.2));
#11688 = VECTOR('',#11689,1.);
#11689 = DIRECTION('',(1.,0.));
#11690 = ( GEOMETRIC_REPRESENTATION_CONTEXT(2) 
PARAMETRIC_REPRESENTATION_CONTEXT() REPRESENTATION_CONTEXT('2D SPACE',''
  ) );
#11691 = PCURVE('',#11579,#11692);
#11692 = DEFINITIONAL_REPRESENTATION('',(#11693),#11697);
#11693 = LINE('',#11694,#11695);
#11694 = CARTESIAN_POINT('',(3.4,-5.888972745734));
#11695 = VECTOR('',#11696,1.);
#11696 = DIRECTION('',(0.5,0.866025403784));
#11697 = ( GEOMETRIC_REPRESENTATION_CONTEXT(2) 
PARAMETRIC_REPRESENTATION_CONTEXT() REPRESENTATION_CONTEXT('2D SPACE',''
  ) );
#11698 = ORIENTED_EDGE('',*,*,#11528,.F.);
#11699 = ORIENTED_EDGE('',*,*,#11700,.F.);
#11700 = EDGE_CURVE('',#11649,#11529,#11701,.T.);
#11701 = SURFACE_CURVE('',#11702,(#11706,#11713),.PCURVE_S1.);
#11702 = LINE('',#11703,#11704);
#11703 = CARTESIAN_POINT('',(3.4,-5.888972745734,0.));
#11704 = VECTOR('',#11705,1.);
#11705 = DIRECTION('',(0.5,0.866025403784,0.));
#11706 = PCURVE('',#11551,#11707);
#11707 = DEFINITIONAL_REPRESENTATION('',(#11708),#11712);
#11708 = LINE('',#11709,#11710);
#11709 = CARTESIAN_POINT('',(0.,0.));
#11710 = VECTOR('',#11711,1.);
#11711 = DIRECTION('',(1.,0.));
#11712 = ( GEOMETRIC_REPRESENTATION_CONTEXT(2) 
PARAMETRIC_REPRESENTATION_CONTEXT() REPRESENTATION_CONTEXT('2D SPACE',''
  ) );
#11713 = PCURVE('',#11633,#11714);
#11714 = DEFINITIONAL_REPRESENTATION('',(#11715),#11719);
#11715 = LINE('',#11716,#11717);
#11716 = CARTESIAN_POINT('',(3.4,-5.888972745734));
#11717 = VECTOR('',#11718,1.);
#11718 = DIRECTION('',(0.5,0.866025403784));
#11719 = ( GEOMETRIC_REPRESENTATION_CONTEXT(2) 
PARAMETRIC_REPRESENTATION_CONTEXT() REPRESENTATION_CONTEXT('2D SPACE',''
  ) );
#11720 = ADVANCED_FACE('',(#11721),#11607,.F.);
#11721 = FACE_BOUND('',#11722,.F.);
#11722 = EDGE_LOOP('',(#11723,#11724,#11747,#11775));
#11723 = ORIENTED_EDGE('',*,*,#11591,.T.);
#11724 = ORIENTED_EDGE('',*,*,#11725,.T.);
#11725 = EDGE_CURVE('',#11564,#11726,#11728,.T.);
#11726 = VERTEX_POINT('',#11727);
#11727 = CARTESIAN_POINT('',(-3.4,5.888972745734,5.2));
#11728 = SURFACE_CURVE('',#11729,(#11733,#11740),.PCURVE_S1.);
#11729 = LINE('',#11730,#11731);
#11730 = CARTESIAN_POINT('',(3.4,5.888972745734,5.2));
#11731 = VECTOR('',#11732,1.);
#11732 = DIRECTION('',(-1.,0.,0.));
#11733 = PCURVE('',#11607,#11734);
#11734 = DEFINITIONAL_REPRESENTATION('',(#11735),#11739);
#11735 = LINE('',#11736,#11737);
#11736 = CARTESIAN_POINT('',(0.,-5.2));
#11737 = VECTOR('',#11738,1.);
#11738 = DIRECTION('',(1.,0.));
#11739 = ( GEOMETRIC_REPRESENTATION_CONTEXT(2) 
PARAMETRIC_REPRESENTATION_CONTEXT() REPRESENTATION_CONTEXT('2D SPACE',''
  ) );
#11740 = PCURVE('',#11579,#11741);
#11741 = DEFINITIONAL_REPRESENTATION('',(#11742),#11746);
#11742 = LINE('',#11743,#11744);
#11743 = CARTESIAN_POINT('',(3.4,5.888972745734));
#11744 = VECTOR('',#11745,1.);
#11745 = DIRECTION('',(-1.,0.));
#11746 = ( GEOMETRIC_REPRESENTATION_CONTEXT(2) 
PARAMETRIC_REPRESENTATION_CONTEXT() REPRESENTATION_CONTEXT('2D SPACE',''
  ) );
#11747 = ORIENTED_EDGE('',*,*,#11748,.F.);
#11748 = EDGE_CURVE('',#11749,#11726,#11751,.T.);
#11749 = VERTEX_POINT('',#11750);
#11750 = CARTESIAN_POINT('',(-3.4,5.888972745734,0.));
#11751 = SURFACE_CURVE('',#11752,(#11756,#11763),.PCURVE_S1.);
#11752 = LINE('',#11753,#11754);
#11753 = CARTESIAN_POINT('',(-3.4,5.888972745734,0.));
#11754 = VECTOR('',#11755,1.);
#11755 = DIRECTION('',(0.,0.,1.));
#11756 = PCURVE('',#11607,#11757);
#11757 = DEFINITIONAL_REPRESENTATION('',(#11758),#11762);
#11758 = LINE('',#11759,#11760);
#11759 = CARTESIAN_POINT('',(6.8,0.));
#11760 = VECTOR('',#11761,1.);
#11761 = DIRECTION('',(0.,-1.));
#11762 = ( GEOMETRIC_REPRESENTATION_CONTEXT(2) 
PARAMETRIC_REPRESENTATION_CONTEXT() REPRESENTATION_CONTEXT('2D SPACE',''
  ) );
#11763 = PCURVE('',#11764,#11769);
#11764 = PLANE('',#11765);
#11765 = AXIS2_PLACEMENT_3D('',#11766,#11767,#11768);
#11766 = CARTESIAN_POINT('',(-3.4,5.888972745734,0.));
#11767 = DIRECTION('',(0.866025403784,-0.5,0.));
#11768 = DIRECTION('',(-0.5,-0.866025403784,0.));
#11769 = DEFINITIONAL_REPRESENTATION('',(#11770),#11774);
#11770 = LINE('',#11771,#11772);
#11771 = CARTESIAN_POINT('',(0.,0.));
#11772 = VECTOR('',#11773,1.);
#11773 = DIRECTION('',(0.,-1.));
#11774 = ( GEOMETRIC_REPRESENTATION_CONTEXT(2) 
PARAMETRIC_REPRESENTATION_CONTEXT() REPRESENTATION_CONTEXT('2D SPACE',''
  ) );
#11775 = ORIENTED_EDGE('',*,*,#11776,.F.);
#11776 = EDGE_CURVE('',#11592,#11749,#11777,.T.);
#11777 = SURFACE_CURVE('',#11778,(#11782,#11789),.PCURVE_S1.);
#11778 = LINE('',#11779,#11780);
#11779 = CARTESIAN_POINT('',(3.4,5.888972745734,0.));
#11780 = VECTOR('',#11781,1.);
#11781 = DIRECTION('',(-1.,0.,0.));
#11782 = PCURVE('',#11607,#11783);
#11783 = DEFINITIONAL_REPRESENTATION('',(#11784),#11788);
#11784 = LINE('',#11785,#11786);
#11785 = CARTESIAN_POINT('',(0.,-0.));
#11786 = VECTOR('',#11787,1.);
#11787 = DIRECTION('',(1.,0.));
#11788 = ( GEOMETRIC_REPRESENTATION_CONTEXT(2) 
PARAMETRIC_REPRESENTATION_CONTEXT() REPRESENTATION_CONTEXT('2D SPACE',''
  ) );
#11789 = PCURVE('',#11633,#11790);
#11790 = DEFINITIONAL_REPRESENTATION('',(#11791),#11795);
#11791 = LINE('',#11792,#11793);
#11792 = CARTESIAN_POINT('',(3.4,5.888972745734));
#11793 = VECTOR('',#11794,1.);
#11794 = DIRECTION('',(-1.,0.));
#11795 = ( GEOMETRIC_REPRESENTATION_CONTEXT(2) 
PARAMETRIC_REPRESENTATION_CONTEXT() REPRESENTATION_CONTEXT('2D SPACE',''
  ) );
#11796 = ADVANCED_FACE('',(#11797,#11874),#11633,.F.);
#11797 = FACE_BOUND('',#11798,.F.);
#11798 = EDGE_LOOP('',(#11799,#11800,#11801,#11824,#11852,#11873));
#11799 = ORIENTED_EDGE('',*,*,#11619,.T.);
#11800 = ORIENTED_EDGE('',*,*,#11776,.T.);
#11801 = ORIENTED_EDGE('',*,*,#11802,.T.);
#11802 = EDGE_CURVE('',#11749,#11803,#11805,.T.);
#11803 = VERTEX_POINT('',#11804);
#11804 = CARTESIAN_POINT('',(-6.8,8.327598234202E-16,0.));
#11805 = SURFACE_CURVE('',#11806,(#11810,#11817),.PCURVE_S1.);
#11806 = LINE('',#11807,#11808);
#11807 = CARTESIAN_POINT('',(-3.4,5.888972745734,0.));
#11808 = VECTOR('',#11809,1.);
#11809 = DIRECTION('',(-0.5,-0.866025403784,0.));
#11810 = PCURVE('',#11633,#11811);
#11811 = DEFINITIONAL_REPRESENTATION('',(#11812),#11816);
#11812 = LINE('',#11813,#11814);
#11813 = CARTESIAN_POINT('',(-3.4,5.888972745734));
#11814 = VECTOR('',#11815,1.);
#11815 = DIRECTION('',(-0.5,-0.866025403784));
#11816 = ( GEOMETRIC_REPRESENTATION_CONTEXT(2) 
PARAMETRIC_REPRESENTATION_CONTEXT() REPRESENTATION_CONTEXT('2D SPACE',''
  ) );
#11817 = PCURVE('',#11764,#11818);
#11818 = DEFINITIONAL_REPRESENTATION('',(#11819),#11823);
#11819 = LINE('',#11820,#11821);
#11820 = CARTESIAN_POINT('',(0.,0.));
#11821 = VECTOR('',#11822,1.);
#11822 = DIRECTION('',(1.,0.));
#11823 = ( GEOMETRIC_REPRESENTATION_CONTEXT(2) 
PARAMETRIC_REPRESENTATION_CONTEXT() REPRESENTATION_CONTEXT('2D SPACE',''
  ) );
#11824 = ORIENTED_EDGE('',*,*,#11825,.T.);
#11825 = EDGE_CURVE('',#11803,#11826,#11828,.T.);
#11826 = VERTEX_POINT('',#11827);
#11827 = CARTESIAN_POINT('',(-3.4,-5.888972745734,0.));
#11828 = SURFACE_CURVE('',#11829,(#11833,#11840),.PCURVE_S1.);
#11829 = LINE('',#11830,#11831);
#11830 = CARTESIAN_POINT('',(-6.8,8.327598234202E-16,0.));
#11831 = VECTOR('',#11832,1.);
#11832 = DIRECTION('',(0.5,-0.866025403784,0.));
#11833 = PCURVE('',#11633,#11834);
#11834 = DEFINITIONAL_REPRESENTATION('',(#11835),#11839);
#11835 = LINE('',#11836,#11837);
#11836 = CARTESIAN_POINT('',(-6.8,7.456835077633E-16));
#11837 = VECTOR('',#11838,1.);
#11838 = DIRECTION('',(0.5,-0.866025403784));
#11839 = ( GEOMETRIC_REPRESENTATION_CONTEXT(2) 
PARAMETRIC_REPRESENTATION_CONTEXT() REPRESENTATION_CONTEXT('2D SPACE',''
  ) );
#11840 = PCURVE('',#11841,#11846);
#11841 = PLANE('',#11842);
#11842 = AXIS2_PLACEMENT_3D('',#11843,#11844,#11845);
#11843 = CARTESIAN_POINT('',(-6.8,8.327598234202E-16,0.));
#11844 = DIRECTION('',(0.866025403784,0.5,-0.));
#11845 = DIRECTION('',(0.5,-0.866025403784,0.));
#11846 = DEFINITIONAL_REPRESENTATION('',(#11847),#11851);
#11847 = LINE('',#11848,#11849);
#11848 = CARTESIAN_POINT('',(0.,0.));
#11849 = VECTOR('',#11850,1.);
#11850 = DIRECTION('',(1.,0.));
#11851 = ( GEOMETRIC_REPRESENTATION_CONTEXT(2) 
PARAMETRIC_REPRESENTATION_CONTEXT() REPRESENTATION_CONTEXT('2D SPACE',''
  ) );
#11852 = ORIENTED_EDGE('',*,*,#11853,.T.);
#11853 = EDGE_CURVE('',#11826,#11649,#11854,.T.);
#11854 = SURFACE_CURVE('',#11855,(#11859,#11866),.PCURVE_S1.);
#11855 = LINE('',#11856,#11857);
#11856 = CARTESIAN_POINT('',(-3.4,-5.888972745734,0.));
#11857 = VECTOR('',#11858,1.);
#11858 = DIRECTION('',(1.,-6.530723674266E-16,0.));
#11859 = PCURVE('',#11633,#11860);
#11860 = DEFINITIONAL_REPRESENTATION('',(#11861),#11865);
#11861 = LINE('',#11862,#11863);
#11862 = CARTESIAN_POINT('',(-3.4,-5.888972745734));
#11863 = VECTOR('',#11864,1.);
#11864 = DIRECTION('',(1.,-6.530723674266E-16));
#11865 = ( GEOMETRIC_REPRESENTATION_CONTEXT(2) 
PARAMETRIC_REPRESENTATION_CONTEXT() REPRESENTATION_CONTEXT('2D SPACE',''
  ) );
#11866 = PCURVE('',#11666,#11867);
#11867 = DEFINITIONAL_REPRESENTATION('',(#11868),#11872);
#11868 = LINE('',#11869,#11870);
#11869 = CARTESIAN_POINT('',(0.,0.));
#11870 = VECTOR('',#11871,1.);
#11871 = DIRECTION('',(1.,0.));
#11872 = ( GEOMETRIC_REPRESENTATION_CONTEXT(2) 
PARAMETRIC_REPRESENTATION_CONTEXT() REPRESENTATION_CONTEXT('2D SPACE',''
  ) );
#11873 = ORIENTED_EDGE('',*,*,#11700,.T.);
#11874 = FACE_BOUND('',#11875,.F.);
#11875 = EDGE_LOOP('',(#11876));
#11876 = ORIENTED_EDGE('',*,*,#11877,.F.);
#11877 = EDGE_CURVE('',#11878,#11878,#11880,.T.);
#11878 = VERTEX_POINT('',#11879);
#11879 = CARTESIAN_POINT('',(4.,0.,0.));
#11880 = SURFACE_CURVE('',#11881,(#11886,#11893),.PCURVE_S1.);
#11881 = CIRCLE('',#11882,4.);
#11882 = AXIS2_PLACEMENT_3D('',#11883,#11884,#11885);
#11883 = CARTESIAN_POINT('',(0.,0.,0.));
#11884 = DIRECTION('',(0.,0.,1.));
#11885 = DIRECTION('',(1.,0.,0.));
#11886 = PCURVE('',#11633,#11887);
#11887 = DEFINITIONAL_REPRESENTATION('',(#11888),#11892);
#11888 = CIRCLE('',#11889,4.);
#11889 = AXIS2_PLACEMENT_2D('',#11890,#11891);
#11890 = CARTESIAN_POINT('',(0.,-8.707631565688E-17));
#11891 = DIRECTION('',(1.,0.));
#11892 = ( GEOMETRIC_REPRESENTATION_CONTEXT(2) 
PARAMETRIC_REPRESENTATION_CONTEXT() REPRESENTATION_CONTEXT('2D SPACE',''
  ) );
#11893 = PCURVE('',#11894,#11899);
#11894 = CYLINDRICAL_SURFACE('',#11895,4.);
#11895 = AXIS2_PLACEMENT_3D('',#11896,#11897,#11898);
#11896 = CARTESIAN_POINT('',(0.,0.,0.));
#11897 = DIRECTION('',(0.,0.,1.));
#11898 = DIRECTION('',(1.,0.,0.));
#11899 = DEFINITIONAL_REPRESENTATION('',(#11900),#11904);
#11900 = LINE('',#11901,#11902);
#11901 = CARTESIAN_POINT('',(0.,0.));
#11902 = VECTOR('',#11903,1.);
#11903 = DIRECTION('',(1.,0.));
#11904 = ( GEOMETRIC_REPRESENTATION_CONTEXT(2) 
PARAMETRIC_REPRESENTATION_CONTEXT() REPRESENTATION_CONTEXT('2D SPACE',''
  ) );
#11905 = ADVANCED_FACE('',(#11906),#11579,.T.);
#11906 = FACE_BOUND('',#11907,.T.);
#11907 = EDGE_LOOP('',(#11908,#11909,#11910,#11933,#11956,#11977));
#11908 = ORIENTED_EDGE('',*,*,#11563,.T.);
#11909 = ORIENTED_EDGE('',*,*,#11725,.T.);
#11910 = ORIENTED_EDGE('',*,*,#11911,.T.);
#11911 = EDGE_CURVE('',#11726,#11912,#11914,.T.);
#11912 = VERTEX_POINT('',#11913);
#11913 = CARTESIAN_POINT('',(-6.8,8.327598234202E-16,5.2));
#11914 = SURFACE_CURVE('',#11915,(#11919,#11926),.PCURVE_S1.);
#11915 = LINE('',#11916,#11917);
#11916 = CARTESIAN_POINT('',(-3.4,5.888972745734,5.2));
#11917 = VECTOR('',#11918,1.);
#11918 = DIRECTION('',(-0.5,-0.866025403784,0.));
#11919 = PCURVE('',#11579,#11920);
#11920 = DEFINITIONAL_REPRESENTATION('',(#11921),#11925);
#11921 = LINE('',#11922,#11923);
#11922 = CARTESIAN_POINT('',(-3.4,5.888972745734));
#11923 = VECTOR('',#11924,1.);
#11924 = DIRECTION('',(-0.5,-0.866025403784));
#11925 = ( GEOMETRIC_REPRESENTATION_CONTEXT(2) 
PARAMETRIC_REPRESENTATION_CONTEXT() REPRESENTATION_CONTEXT('2D SPACE',''
  ) );
#11926 = PCURVE('',#11764,#11927);
#11927 = DEFINITIONAL_REPRESENTATION('',(#11928),#11932);
#11928 = LINE('',#11929,#11930);
#11929 = CARTESIAN_POINT('',(0.,-5.2));
#11930 = VECTOR('',#11931,1.);
#11931 = DIRECTION('',(1.,0.));
#11932 = ( GEOMETRIC_REPRESENTATION_CONTEXT(2) 
PARAMETRIC_REPRESENTATION_CONTEXT() REPRESENTATION_CONTEXT('2D SPACE',''
  ) );
#11933 = ORIENTED_EDGE('',*,*,#11934,.T.);
#11934 = EDGE_CURVE('',#11912,#11935,#11937,.T.);
#11935 = VERTEX_POINT('',#11936);
#11936 = CARTESIAN_POINT('',(-3.4,-5.888972745734,5.2));
#11937 = SURFACE_CURVE('',#11938,(#11942,#11949),.PCURVE_S1.);
#11938 = LINE('',#11939,#11940);
#11939 = CARTESIAN_POINT('',(-6.8,8.327598234202E-16,5.2));
#11940 = VECTOR('',#11941,1.);
#11941 = DIRECTION('',(0.5,-0.866025403784,0.));
#11942 = PCURVE('',#11579,#11943);
#11943 = DEFINITIONAL_REPRESENTATION('',(#11944),#11948);
#11944 = LINE('',#11945,#11946);
#11945 = CARTESIAN_POINT('',(-6.8,7.456835077633E-16));
#11946 = VECTOR('',#11947,1.);
#11947 = DIRECTION('',(0.5,-0.866025403784));
#11948 = ( GEOMETRIC_REPRESENTATION_CONTEXT(2) 
PARAMETRIC_REPRESENTATION_CONTEXT() REPRESENTATION_CONTEXT('2D SPACE',''
  ) );
#11949 = PCURVE('',#11841,#11950);
#11950 = DEFINITIONAL_REPRESENTATION('',(#11951),#11955);
#11951 = LINE('',#11952,#11953);
#11952 = CARTESIAN_POINT('',(0.,-5.2));
#11953 = VECTOR('',#11954,1.);
#11954 = DIRECTION('',(1.,0.));
#11955 = ( GEOMETRIC_REPRESENTATION_CONTEXT(2) 
PARAMETRIC_REPRESENTATION_CONTEXT() REPRESENTATION_CONTEXT('2D SPACE',''
  ) );
#11956 = ORIENTED_EDGE('',*,*,#11957,.T.);
#11957 = EDGE_CURVE('',#11935,#11651,#11958,.T.);
#11958 = SURFACE_CURVE('',#11959,(#11963,#11970),.PCURVE_S1.);
#11959 = LINE('',#11960,#11961);
#11960 = CARTESIAN_POINT('',(-3.4,-5.888972745734,5.2));
#11961 = VECTOR('',#11962,1.);
#11962 = DIRECTION('',(1.,-6.530723674266E-16,0.));
#11963 = PCURVE('',#11579,#11964);
#11964 = DEFINITIONAL_REPRESENTATION('',(#11965),#11969);
#11965 = LINE('',#11966,#11967);
#11966 = CARTESIAN_POINT('',(-3.4,-5.888972745734));
#11967 = VECTOR('',#11968,1.);
#11968 = DIRECTION('',(1.,-6.530723674266E-16));
#11969 = ( GEOMETRIC_REPRESENTATION_CONTEXT(2) 
PARAMETRIC_REPRESENTATION_CONTEXT() REPRESENTATION_CONTEXT('2D SPACE',''
  ) );
#11970 = PCURVE('',#11666,#11971);
#11971 = DEFINITIONAL_REPRESENTATION('',(#11972),#11976);
#11972 = LINE('',#11973,#11974);
#11973 = CARTESIAN_POINT('',(0.,-5.2));
#11974 = VECTOR('',#11975,1.);
#11975 = DIRECTION('',(1.,0.));
#11976 = ( GEOMETRIC_REPRESENTATION_CONTEXT(2) 
PARAMETRIC_REPRESENTATION_CONTEXT() REPRESENTATION_CONTEXT('2D SPACE',''
  ) );
#11977 = ORIENTED_EDGE('',*,*,#11678,.T.);
#11978 = ADVANCED_FACE('',(#11979),#11666,.F.);
#11979 = FACE_BOUND('',#11980,.F.);
#11980 = EDGE_LOOP('',(#11981,#12002,#12003,#12004));
#11981 = ORIENTED_EDGE('',*,*,#11982,.T.);
#11982 = EDGE_CURVE('',#11826,#11935,#11983,.T.);
#11983 = SURFACE_CURVE('',#11984,(#11988,#11995),.PCURVE_S1.);
#11984 = LINE('',#11985,#11986);
#11985 = CARTESIAN_POINT('',(-3.4,-5.888972745734,0.));
#11986 = VECTOR('',#11987,1.);
#11987 = DIRECTION('',(0.,0.,1.));
#11988 = PCURVE('',#11666,#11989);
#11989 = DEFINITIONAL_REPRESENTATION('',(#11990),#11994);
#11990 = LINE('',#11991,#11992);
#11991 = CARTESIAN_POINT('',(0.,0.));
#11992 = VECTOR('',#11993,1.);
#11993 = DIRECTION('',(0.,-1.));
#11994 = ( GEOMETRIC_REPRESENTATION_CONTEXT(2) 
PARAMETRIC_REPRESENTATION_CONTEXT() REPRESENTATION_CONTEXT('2D SPACE',''
  ) );
#11995 = PCURVE('',#11841,#11996);
#11996 = DEFINITIONAL_REPRESENTATION('',(#11997),#12001);
#11997 = LINE('',#11998,#11999);
#11998 = CARTESIAN_POINT('',(6.8,0.));
#11999 = VECTOR('',#12000,1.);
#12000 = DIRECTION('',(0.,-1.));
#12001 = ( GEOMETRIC_REPRESENTATION_CONTEXT(2) 
PARAMETRIC_REPRESENTATION_CONTEXT() REPRESENTATION_CONTEXT('2D SPACE',''
  ) );
#12002 = ORIENTED_EDGE('',*,*,#11957,.T.);
#12003 = ORIENTED_EDGE('',*,*,#11648,.F.);
#12004 = ORIENTED_EDGE('',*,*,#11853,.F.);
#12005 = ADVANCED_FACE('',(#12006),#11764,.F.);
#12006 = FACE_BOUND('',#12007,.F.);
#12007 = EDGE_LOOP('',(#12008,#12009,#12010,#12031));
#12008 = ORIENTED_EDGE('',*,*,#11748,.T.);
#12009 = ORIENTED_EDGE('',*,*,#11911,.T.);
#12010 = ORIENTED_EDGE('',*,*,#12011,.F.);
#12011 = EDGE_CURVE('',#11803,#11912,#12012,.T.);
#12012 = SURFACE_CURVE('',#12013,(#12017,#12024),.PCURVE_S1.);
#12013 = LINE('',#12014,#12015);
#12014 = CARTESIAN_POINT('',(-6.8,8.327598234202E-16,0.));
#12015 = VECTOR('',#12016,1.);
#12016 = DIRECTION('',(0.,0.,1.));
#12017 = PCURVE('',#11764,#12018);
#12018 = DEFINITIONAL_REPRESENTATION('',(#12019),#12023);
#12019 = LINE('',#12020,#12021);
#12020 = CARTESIAN_POINT('',(6.8,0.));
#12021 = VECTOR('',#12022,1.);
#12022 = DIRECTION('',(0.,-1.));
#12023 = ( GEOMETRIC_REPRESENTATION_CONTEXT(2) 
PARAMETRIC_REPRESENTATION_CONTEXT() REPRESENTATION_CONTEXT('2D SPACE',''
  ) );
#12024 = PCURVE('',#11841,#12025);
#12025 = DEFINITIONAL_REPRESENTATION('',(#12026),#12030);
#12026 = LINE('',#12027,#12028);
#12027 = CARTESIAN_POINT('',(0.,0.));
#12028 = VECTOR('',#12029,1.);
#12029 = DIRECTION('',(0.,-1.));
#12030 = ( GEOMETRIC_REPRESENTATION_CONTEXT(2) 
PARAMETRIC_REPRESENTATION_CONTEXT() REPRESENTATION_CONTEXT('2D SPACE',''
  ) );
#12031 = ORIENTED_EDGE('',*,*,#11802,.F.);
#12032 = ADVANCED_FACE('',(#12033),#11841,.F.);
#12033 = FACE_BOUND('',#12034,.F.);
#12034 = EDGE_LOOP('',(#12035,#12036,#12037,#12038));
#12035 = ORIENTED_EDGE('',*,*,#12011,.T.);
#12036 = ORIENTED_EDGE('',*,*,#11934,.T.);
#12037 = ORIENTED_EDGE('',*,*,#11982,.F.);
#12038 = ORIENTED_EDGE('',*,*,#11825,.F.);
#12039 = ADVANCED_FACE('',(#12040),#11894,.T.);
#12040 = FACE_BOUND('',#12041,.T.);
#12041 = EDGE_LOOP('',(#12042,#12065,#12092,#12093));
#12042 = ORIENTED_EDGE('',*,*,#12043,.T.);
#12043 = EDGE_CURVE('',#11878,#12044,#12046,.T.);
#12044 = VERTEX_POINT('',#12045);
#12045 = CARTESIAN_POINT('',(4.,0.,-29.04));
#12046 = SEAM_CURVE('',#12047,(#12051,#12058),.PCURVE_S1.);
#12047 = LINE('',#12048,#12049);
#12048 = CARTESIAN_POINT('',(4.,0.,0.));
#12049 = VECTOR('',#12050,1.);
#12050 = DIRECTION('',(-0.,-0.,-1.));
#12051 = PCURVE('',#11894,#12052);
#12052 = DEFINITIONAL_REPRESENTATION('',(#12053),#12057);
#12053 = LINE('',#12054,#12055);
#12054 = CARTESIAN_POINT('',(0.,0.));
#12055 = VECTOR('',#12056,1.);
#12056 = DIRECTION('',(0.,-1.));
#12057 = ( GEOMETRIC_REPRESENTATION_CONTEXT(2) 
PARAMETRIC_REPRESENTATION_CONTEXT() REPRESENTATION_CONTEXT('2D SPACE',''
  ) );
#12058 = PCURVE('',#11894,#12059);
#12059 = DEFINITIONAL_REPRESENTATION('',(#12060),#12064);
#12060 = LINE('',#12061,#12062);
#12061 = CARTESIAN_POINT('',(6.28318530718,0.));
#12062 = VECTOR('',#12063,1.);
#12063 = DIRECTION('',(0.,-1.));
#12064 = ( GEOMETRIC_REPRESENTATION_CONTEXT(2) 
PARAMETRIC_REPRESENTATION_CONTEXT() REPRESENTATION_CONTEXT('2D SPACE',''
  ) );
#12065 = ORIENTED_EDGE('',*,*,#12066,.T.);
#12066 = EDGE_CURVE('',#12044,#12044,#12067,.T.);
#12067 = SURFACE_CURVE('',#12068,(#12073,#12080),.PCURVE_S1.);
#12068 = CIRCLE('',#12069,4.);
#12069 = AXIS2_PLACEMENT_3D('',#12070,#12071,#12072);
#12070 = CARTESIAN_POINT('',(0.,0.,-29.04));
#12071 = DIRECTION('',(0.,0.,1.));
#12072 = DIRECTION('',(1.,0.,-0.));
#12073 = PCURVE('',#11894,#12074);
#12074 = DEFINITIONAL_REPRESENTATION('',(#12075),#12079);
#12075 = LINE('',#12076,#12077);
#12076 = CARTESIAN_POINT('',(0.,-29.04));
#12077 = VECTOR('',#12078,1.);
#12078 = DIRECTION('',(1.,0.));
#12079 = ( GEOMETRIC_REPRESENTATION_CONTEXT(2) 
PARAMETRIC_REPRESENTATION_CONTEXT() REPRESENTATION_CONTEXT('2D SPACE',''
  ) );
#12080 = PCURVE('',#12081,#12086);
#12081 = CONICAL_SURFACE('',#12082,4.,0.785398163397);
#12082 = AXIS2_PLACEMENT_3D('',#12083,#12084,#12085);
#12083 = CARTESIAN_POINT('',(0.,0.,-29.04));
#12084 = DIRECTION('',(0.,0.,1.));
#12085 = DIRECTION('',(1.,0.,-0.));
#12086 = DEFINITIONAL_REPRESENTATION('',(#12087),#12091);
#12087 = LINE('',#12088,#12089);
#12088 = CARTESIAN_POINT('',(0.,-0.));
#12089 = VECTOR('',#12090,1.);
#12090 = DIRECTION('',(1.,-0.));
#12091 = ( GEOMETRIC_REPRESENTATION_CONTEXT(2) 
PARAMETRIC_REPRESENTATION_CONTEXT() REPRESENTATION_CONTEXT('2D SPACE',''
  ) );
#12092 = ORIENTED_EDGE('',*,*,#12043,.F.);
#12093 = ORIENTED_EDGE('',*,*,#11877,.F.);
#12094 = ADVANCED_FACE('',(#12095),#12081,.T.);
#12095 = FACE_BOUND('',#12096,.F.);
#12096 = EDGE_LOOP('',(#12097,#12118,#12119,#12120));
#12097 = ORIENTED_EDGE('',*,*,#12098,.F.);
#12098 = EDGE_CURVE('',#12044,#12099,#12101,.T.);
#12099 = VERTEX_POINT('',#12100);
#12100 = CARTESIAN_POINT('',(3.04,0.,-30.));
#12101 = SEAM_CURVE('',#12102,(#12106,#12112),.PCURVE_S1.);
#12102 = LINE('',#12103,#12104);
#12103 = CARTESIAN_POINT('',(4.,0.,-29.04));
#12104 = VECTOR('',#12105,1.);
#12105 = DIRECTION('',(-0.707106781187,-0.,-0.707106781187));
#12106 = PCURVE('',#12081,#12107);
#12107 = DEFINITIONAL_REPRESENTATION('',(#12108),#12111);
#12108 = B_SPLINE_CURVE_WITH_KNOTS('',1,(#12109,#12110),.UNSPECIFIED.,
  .F.,.F.,(2,2),(0.,1.357645019878),.PIECEWISE_BEZIER_KNOTS.);
#12109 = CARTESIAN_POINT('',(0.,0.));
#12110 = CARTESIAN_POINT('',(0.,-0.96));
#12111 = ( GEOMETRIC_REPRESENTATION_CONTEXT(2) 
PARAMETRIC_REPRESENTATION_CONTEXT() REPRESENTATION_CONTEXT('2D SPACE',''
  ) );
#12112 = PCURVE('',#12081,#12113);
#12113 = DEFINITIONAL_REPRESENTATION('',(#12114),#12117);
#12114 = B_SPLINE_CURVE_WITH_KNOTS('',1,(#12115,#12116),.UNSPECIFIED.,
  .F.,.F.,(2,2),(0.,1.357645019878),.PIECEWISE_BEZIER_KNOTS.);
#12115 = CARTESIAN_POINT('',(6.28318530718,0.));
#12116 = CARTESIAN_POINT('',(6.28318530718,-0.96));
#12117 = ( GEOMETRIC_REPRESENTATION_CONTEXT(2) 
PARAMETRIC_REPRESENTATION_CONTEXT() REPRESENTATION_CONTEXT('2D SPACE',''
  ) );
#12118 = ORIENTED_EDGE('',*,*,#12066,.T.);
#12119 = ORIENTED_EDGE('',*,*,#12098,.T.);
#12120 = ORIENTED_EDGE('',*,*,#12121,.F.);
#12121 = EDGE_CURVE('',#12099,#12099,#12122,.T.);
#12122 = SURFACE_CURVE('',#12123,(#12128,#12135),.PCURVE_S1.);
#12123 = CIRCLE('',#12124,3.04);
#12124 = AXIS2_PLACEMENT_3D('',#12125,#12126,#12127);
#12125 = CARTESIAN_POINT('',(0.,0.,-30.));
#12126 = DIRECTION('',(0.,0.,1.));
#12127 = DIRECTION('',(1.,0.,-0.));
#12128 = PCURVE('',#12081,#12129);
#12129 = DEFINITIONAL_REPRESENTATION('',(#12130),#12134);
#12130 = LINE('',#12131,#12132);
#12131 = CARTESIAN_POINT('',(0.,-0.96));
#12132 = VECTOR('',#12133,1.);
#12133 = DIRECTION('',(1.,-0.));
#12134 = ( GEOMETRIC_REPRESENTATION_CONTEXT(2) 
PARAMETRIC_REPRESENTATION_CONTEXT() REPRESENTATION_CONTEXT('2D SPACE',''
  ) );
#12135 = PCURVE('',#12136,#12141);
#12136 = PLANE('',#12137);
#12137 = AXIS2_PLACEMENT_3D('',#12138,#12139,#12140);
#12138 = CARTESIAN_POINT('',(-2.563950248511E-16,3.49503809816E-16,-30.)
  );
#12139 = DIRECTION('',(0.,0.,1.));
#12140 = DIRECTION('',(1.,0.,-0.));
#12141 = DEFINITIONAL_REPRESENTATION('',(#12142),#12146);
#12142 = CIRCLE('',#12143,3.04);
#12143 = AXIS2_PLACEMENT_2D('',#12144,#12145);
#12144 = CARTESIAN_POINT('',(2.563950248511E-16,-3.49503809816E-16));
#12145 = DIRECTION('',(1.,0.));
#12146 = ( GEOMETRIC_REPRESENTATION_CONTEXT(2) 
PARAMETRIC_REPRESENTATION_CONTEXT() REPRESENTATION_CONTEXT('2D SPACE',''
  ) );
#12147 = ADVANCED_FACE('',(#12148),#12136,.F.);
#12148 = FACE_BOUND('',#12149,.F.);
#12149 = EDGE_LOOP('',(#12150));
#12150 = ORIENTED_EDGE('',*,*,#12121,.T.);
#12151 = ( GEOMETRIC_REPRESENTATION_CONTEXT(3) 
GLOBAL_UNCERTAINTY_ASSIGNED_CONTEXT((#12155)) 
GLOBAL_UNIT_ASSIGNED_CONTEXT((#12152,#12153,#12154)) 
REPRESENTATION_CONTEXT('Context #1',
  '3D Context with UNIT and UNCERTAINTY') );
#12152 = ( LENGTH_UNIT() NAMED_UNIT(*) SI_UNIT(.MILLI.,.METRE.) );
#12153 = ( NAMED_UNIT(*) PLANE_ANGLE_UNIT() SI_UNIT($,.RADIAN.) );
#12154 = ( NAMED_UNIT(*) SI_UNIT($,.STERADIAN.) SOLID_ANGLE_UNIT() );
#12155 = UNCERTAINTY_MEASURE_WITH_UNIT(LENGTH_MEASURE(1.E-07),#12152,
  'distance_accuracy_value','confusion accuracy');
#12156 = CONTEXT_DEPENDENT_SHAPE_REPRESENTATION(#12157,#12159);
#12157 = ( REPRESENTATION_RELATIONSHIP('','',#11521,#10) 
REPRESENTATION_RELATIONSHIP_WITH_TRANSFORMATION(#12158) 
SHAPE_REPRESENTATION_RELATIONSHIP() );
#12158 = ITEM_DEFINED_TRANSFORMATION('','',#11,#51);
#12159 = PRODUCT_DEFINITION_SHAPE('Placement','Placement of an item',
  #12160);
#12160 = NEXT_ASSEMBLY_USAGE_OCCURRENCE('26','','',#5,#11516,$);
#12161 = PRODUCT_RELATED_PRODUCT_CATEGORY('part',$,(#11518));
#12162 = SHAPE_DEFINITION_REPRESENTATION(#12163,#12169);
#12163 = PRODUCT_DEFINITION_SHAPE('','',#12164);
#12164 = PRODUCT_DEFINITION('design','',#12165,#12168);
#12165 = PRODUCT_DEFINITION_FORMATION('','',#12166);
#12166 = PRODUCT('Open CASCADE STEP translator 7.9 12.11',
  'Open CASCADE STEP translator 7.9 12.11','',(#12167));
#12167 = PRODUCT_CONTEXT('',#2,'mechanical');
#12168 = PRODUCT_DEFINITION_CONTEXT('part definition',#2,'design');
#12169 = ADVANCED_BREP_SHAPE_REPRESENTATION('',(#11,#12170),#12799);
#12170 = MANIFOLD_SOLID_BREP('',#12171);
#12171 = CLOSED_SHELL('',(#12172,#12292,#12368,#12444,#12553,#12626,
    #12653,#12680,#12687,#12742,#12795));
#12172 = ADVANCED_FACE('',(#12173),#12187,.F.);
#12173 = FACE_BOUND('',#12174,.F.);
#12174 = EDGE_LOOP('',(#12175,#12210,#12238,#12266));
#12175 = ORIENTED_EDGE('',*,*,#12176,.T.);
#12176 = EDGE_CURVE('',#12177,#12179,#12181,.T.);
#12177 = VERTEX_POINT('',#12178);
#12178 = CARTESIAN_POINT('',(6.8,0.,0.));
#12179 = VERTEX_POINT('',#12180);
#12180 = CARTESIAN_POINT('',(6.8,0.,5.2));
#12181 = SURFACE_CURVE('',#12182,(#12186,#12198),.PCURVE_S1.);
#12182 = LINE('',#12183,#12184);
#12183 = CARTESIAN_POINT('',(6.8,0.,0.));
#12184 = VECTOR('',#12185,1.);
#12185 = DIRECTION('',(0.,0.,1.));
#12186 = PCURVE('',#12187,#12192);
#12187 = PLANE('',#12188);
#12188 = AXIS2_PLACEMENT_3D('',#12189,#12190,#12191);
#12189 = CARTESIAN_POINT('',(6.8,0.,0.));
#12190 = DIRECTION('',(-0.866025403784,-0.5,0.));
#12191 = DIRECTION('',(-0.5,0.866025403784,0.));
#12192 = DEFINITIONAL_REPRESENTATION('',(#12193),#12197);
#12193 = LINE('',#12194,#12195);
#12194 = CARTESIAN_POINT('',(0.,0.));
#12195 = VECTOR('',#12196,1.);
#12196 = DIRECTION('',(0.,-1.));
#12197 = ( GEOMETRIC_REPRESENTATION_CONTEXT(2) 
PARAMETRIC_REPRESENTATION_CONTEXT() REPRESENTATION_CONTEXT('2D SPACE',''
  ) );
#12198 = PCURVE('',#12199,#12204);
#12199 = PLANE('',#12200);
#12200 = AXIS2_PLACEMENT_3D('',#12201,#12202,#12203);
#12201 = CARTESIAN_POINT('',(3.4,-5.888972745734,0.));
#12202 = DIRECTION('',(-0.866025403784,0.5,0.));
#12203 = DIRECTION('',(0.5,0.866025403784,0.));
#12204 = DEFINITIONAL_REPRESENTATION('',(#12205),#12209);
#12205 = LINE('',#12206,#12207);
#12206 = CARTESIAN_POINT('',(6.8,0.));
#12207 = VECTOR('',#12208,1.);
#12208 = DIRECTION('',(0.,-1.));
#12209 = ( GEOMETRIC_REPRESENTATION_CONTEXT(2) 
PARAMETRIC_REPRESENTATION_CONTEXT() REPRESENTATION_CONTEXT('2D SPACE',''
  ) );
#12210 = ORIENTED_EDGE('',*,*,#12211,.T.);
#12211 = EDGE_CURVE('',#12179,#12212,#12214,.T.);
#12212 = VERTEX_POINT('',#12213);
#12213 = CARTESIAN_POINT('',(3.4,5.888972745734,5.2));
#12214 = SURFACE_CURVE('',#12215,(#12219,#12226),.PCURVE_S1.);
#12215 = LINE('',#12216,#12217);
#12216 = CARTESIAN_POINT('',(6.8,0.,5.2));
#12217 = VECTOR('',#12218,1.);
#12218 = DIRECTION('',(-0.5,0.866025403784,0.));
#12219 = PCURVE('',#12187,#12220);
#12220 = DEFINITIONAL_REPRESENTATION('',(#12221),#12225);
#12221 = LINE('',#12222,#12223);
#12222 = CARTESIAN_POINT('',(0.,-5.2));
#12223 = VECTOR('',#12224,1.);
#12224 = DIRECTION('',(1.,0.));
#12225 = ( GEOMETRIC_REPRESENTATION_CONTEXT(2) 
PARAMETRIC_REPRESENTATION_CONTEXT() REPRESENTATION_CONTEXT('2D SPACE',''
  ) );
#12226 = PCURVE('',#12227,#12232);
#12227 = PLANE('',#12228);
#12228 = AXIS2_PLACEMENT_3D('',#12229,#12230,#12231);
#12229 = CARTESIAN_POINT('',(0.,8.707631565688E-17,5.2));
#12230 = DIRECTION('',(0.,0.,1.));
#12231 = DIRECTION('',(1.,0.,-0.));
#12232 = DEFINITIONAL_REPRESENTATION('',(#12233),#12237);
#12233 = LINE('',#12234,#12235);
#12234 = CARTESIAN_POINT('',(6.8,-8.707631565688E-17));
#12235 = VECTOR('',#12236,1.);
#12236 = DIRECTION('',(-0.5,0.866025403784));
#12237 = ( GEOMETRIC_REPRESENTATION_CONTEXT(2) 
PARAMETRIC_REPRESENTATION_CONTEXT() REPRESENTATION_CONTEXT('2D SPACE',''
  ) );
#12238 = ORIENTED_EDGE('',*,*,#12239,.F.);
#12239 = EDGE_CURVE('',#12240,#12212,#12242,.T.);
#12240 = VERTEX_POINT('',#12241);
#12241 = CARTESIAN_POINT('',(3.4,5.888972745734,0.));
#12242 = SURFACE_CURVE('',#12243,(#12247,#12254),.PCURVE_S1.);
#12243 = LINE('',#12244,#12245);
#12244 = CARTESIAN_POINT('',(3.4,5.888972745734,0.));
#12245 = VECTOR('',#12246,1.);
#12246 = DIRECTION('',(0.,0.,1.));
#12247 = PCURVE('',#12187,#12248);
#12248 = DEFINITIONAL_REPRESENTATION('',(#12249),#12253);
#12249 = LINE('',#12250,#12251);
#12250 = CARTESIAN_POINT('',(6.8,0.));
#12251 = VECTOR('',#12252,1.);
#12252 = DIRECTION('',(0.,-1.));
#12253 = ( GEOMETRIC_REPRESENTATION_CONTEXT(2) 
PARAMETRIC_REPRESENTATION_CONTEXT() REPRESENTATION_CONTEXT('2D SPACE',''
  ) );
#12254 = PCURVE('',#12255,#12260);
#12255 = PLANE('',#12256);
#12256 = AXIS2_PLACEMENT_3D('',#12257,#12258,#12259);
#12257 = CARTESIAN_POINT('',(3.4,5.888972745734,0.));
#12258 = DIRECTION('',(0.,-1.,0.));
#12259 = DIRECTION('',(-1.,0.,0.));
#12260 = DEFINITIONAL_REPRESENTATION('',(#12261),#12265);
#12261 = LINE('',#12262,#12263);
#12262 = CARTESIAN_POINT('',(0.,-0.));
#12263 = VECTOR('',#12264,1.);
#12264 = DIRECTION('',(0.,-1.));
#12265 = ( GEOMETRIC_REPRESENTATION_CONTEXT(2) 
PARAMETRIC_REPRESENTATION_CONTEXT() REPRESENTATION_CONTEXT('2D SPACE',''
  ) );
#12266 = ORIENTED_EDGE('',*,*,#12267,.F.);
#12267 = EDGE_CURVE('',#12177,#12240,#12268,.T.);
#12268 = SURFACE_CURVE('',#12269,(#12273,#12280),.PCURVE_S1.);
#12269 = LINE('',#12270,#12271);
#12270 = CARTESIAN_POINT('',(6.8,0.,0.));
#12271 = VECTOR('',#12272,1.);
#12272 = DIRECTION('',(-0.5,0.866025403784,0.));
#12273 = PCURVE('',#12187,#12274);
#12274 = DEFINITIONAL_REPRESENTATION('',(#12275),#12279);
#12275 = LINE('',#12276,#12277);
#12276 = CARTESIAN_POINT('',(0.,0.));
#12277 = VECTOR('',#12278,1.);
#12278 = DIRECTION('',(1.,0.));
#12279 = ( GEOMETRIC_REPRESENTATION_CONTEXT(2) 
PARAMETRIC_REPRESENTATION_CONTEXT() REPRESENTATION_CONTEXT('2D SPACE',''
  ) );
#12280 = PCURVE('',#12281,#12286);
#12281 = PLANE('',#12282);
#12282 = AXIS2_PLACEMENT_3D('',#12283,#12284,#12285);
#12283 = CARTESIAN_POINT('',(0.,8.707631565688E-17,0.));
#12284 = DIRECTION('',(0.,0.,1.));
#12285 = DIRECTION('',(1.,0.,-0.));
#12286 = DEFINITIONAL_REPRESENTATION('',(#12287),#12291);
#12287 = LINE('',#12288,#12289);
#12288 = CARTESIAN_POINT('',(6.8,-8.707631565688E-17));
#12289 = VECTOR('',#12290,1.);
#12290 = DIRECTION('',(-0.5,0.866025403784));
#12291 = ( GEOMETRIC_REPRESENTATION_CONTEXT(2) 
PARAMETRIC_REPRESENTATION_CONTEXT() REPRESENTATION_CONTEXT('2D SPACE',''
  ) );
#12292 = ADVANCED_FACE('',(#12293),#12199,.F.);
#12293 = FACE_BOUND('',#12294,.F.);
#12294 = EDGE_LOOP('',(#12295,#12325,#12346,#12347));
#12295 = ORIENTED_EDGE('',*,*,#12296,.T.);
#12296 = EDGE_CURVE('',#12297,#12299,#12301,.T.);
#12297 = VERTEX_POINT('',#12298);
#12298 = CARTESIAN_POINT('',(3.4,-5.888972745734,0.));
#12299 = VERTEX_POINT('',#12300);
#12300 = CARTESIAN_POINT('',(3.4,-5.888972745734,5.2));
#12301 = SURFACE_CURVE('',#12302,(#12306,#12313),.PCURVE_S1.);
#12302 = LINE('',#12303,#12304);
#12303 = CARTESIAN_POINT('',(3.4,-5.888972745734,0.));
#12304 = VECTOR('',#12305,1.);
#12305 = DIRECTION('',(0.,0.,1.));
#12306 = PCURVE('',#12199,#12307);
#12307 = DEFINITIONAL_REPRESENTATION('',(#12308),#12312);
#12308 = LINE('',#12309,#12310);
#12309 = CARTESIAN_POINT('',(0.,0.));
#12310 = VECTOR('',#12311,1.);
#12311 = DIRECTION('',(0.,-1.));
#12312 = ( GEOMETRIC_REPRESENTATION_CONTEXT(2) 
PARAMETRIC_REPRESENTATION_CONTEXT() REPRESENTATION_CONTEXT('2D SPACE',''
  ) );
#12313 = PCURVE('',#12314,#12319);
#12314 = PLANE('',#12315);
#12315 = AXIS2_PLACEMENT_3D('',#12316,#12317,#12318);
#12316 = CARTESIAN_POINT('',(-3.4,-5.888972745734,0.));
#12317 = DIRECTION('',(6.530723674266E-16,1.,-0.));
#12318 = DIRECTION('',(1.,-6.530723674266E-16,0.));
#12319 = DEFINITIONAL_REPRESENTATION('',(#12320),#12324);
#12320 = LINE('',#12321,#12322);
#12321 = CARTESIAN_POINT('',(6.8,0.));
#12322 = VECTOR('',#12323,1.);
#12323 = DIRECTION('',(0.,-1.));
#12324 = ( GEOMETRIC_REPRESENTATION_CONTEXT(2) 
PARAMETRIC_REPRESENTATION_CONTEXT() REPRESENTATION_CONTEXT('2D SPACE',''
  ) );
#12325 = ORIENTED_EDGE('',*,*,#12326,.T.);
#12326 = EDGE_CURVE('',#12299,#12179,#12327,.T.);
#12327 = SURFACE_CURVE('',#12328,(#12332,#12339),.PCURVE_S1.);
#12328 = LINE('',#12329,#12330);
#12329 = CARTESIAN_POINT('',(3.4,-5.888972745734,5.2));
#12330 = VECTOR('',#12331,1.);
#12331 = DIRECTION('',(0.5,0.866025403784,0.));
#12332 = PCURVE('',#12199,#12333);
#12333 = DEFINITIONAL_REPRESENTATION('',(#12334),#12338);
#12334 = LINE('',#12335,#12336);
#12335 = CARTESIAN_POINT('',(0.,-5.2));
#12336 = VECTOR('',#12337,1.);
#12337 = DIRECTION('',(1.,0.));
#12338 = ( GEOMETRIC_REPRESENTATION_CONTEXT(2) 
PARAMETRIC_REPRESENTATION_CONTEXT() REPRESENTATION_CONTEXT('2D SPACE',''
  ) );
#12339 = PCURVE('',#12227,#12340);
#12340 = DEFINITIONAL_REPRESENTATION('',(#12341),#12345);
#12341 = LINE('',#12342,#12343);
#12342 = CARTESIAN_POINT('',(3.4,-5.888972745734));
#12343 = VECTOR('',#12344,1.);
#12344 = DIRECTION('',(0.5,0.866025403784));
#12345 = ( GEOMETRIC_REPRESENTATION_CONTEXT(2) 
PARAMETRIC_REPRESENTATION_CONTEXT() REPRESENTATION_CONTEXT('2D SPACE',''
  ) );
#12346 = ORIENTED_EDGE('',*,*,#12176,.F.);
#12347 = ORIENTED_EDGE('',*,*,#12348,.F.);
#12348 = EDGE_CURVE('',#12297,#12177,#12349,.T.);
#12349 = SURFACE_CURVE('',#12350,(#12354,#12361),.PCURVE_S1.);
#12350 = LINE('',#12351,#12352);
#12351 = CARTESIAN_POINT('',(3.4,-5.888972745734,0.));
#12352 = VECTOR('',#12353,1.);
#12353 = DIRECTION('',(0.5,0.866025403784,0.));
#12354 = PCURVE('',#12199,#12355);
#12355 = DEFINITIONAL_REPRESENTATION('',(#12356),#12360);
#12356 = LINE('',#12357,#12358);
#12357 = CARTESIAN_POINT('',(0.,0.));
#12358 = VECTOR('',#12359,1.);
#12359 = DIRECTION('',(1.,0.));
#12360 = ( GEOMETRIC_REPRESENTATION_CONTEXT(2) 
PARAMETRIC_REPRESENTATION_CONTEXT() REPRESENTATION_CONTEXT('2D SPACE',''
  ) );
#12361 = PCURVE('',#12281,#12362);
#12362 = DEFINITIONAL_REPRESENTATION('',(#12363),#12367);
#12363 = LINE('',#12364,#12365);
#12364 = CARTESIAN_POINT('',(3.4,-5.888972745734));
#12365 = VECTOR('',#12366,1.);
#12366 = DIRECTION('',(0.5,0.866025403784));
#12367 = ( GEOMETRIC_REPRESENTATION_CONTEXT(2) 
PARAMETRIC_REPRESENTATION_CONTEXT() REPRESENTATION_CONTEXT('2D SPACE',''
  ) );
#12368 = ADVANCED_FACE('',(#12369),#12255,.F.);
#12369 = FACE_BOUND('',#12370,.F.);
#12370 = EDGE_LOOP('',(#12371,#12372,#12395,#12423));
#12371 = ORIENTED_EDGE('',*,*,#12239,.T.);
#12372 = ORIENTED_EDGE('',*,*,#12373,.T.);
#12373 = EDGE_CURVE('',#12212,#12374,#12376,.T.);
#12374 = VERTEX_POINT('',#12375);
#12375 = CARTESIAN_POINT('',(-3.4,5.888972745734,5.2));
#12376 = SURFACE_CURVE('',#12377,(#12381,#12388),.PCURVE_S1.);
#12377 = LINE('',#12378,#12379);
#12378 = CARTESIAN_POINT('',(3.4,5.888972745734,5.2));
#12379 = VECTOR('',#12380,1.);
#12380 = DIRECTION('',(-1.,0.,0.));
#12381 = PCURVE('',#12255,#12382);
#12382 = DEFINITIONAL_REPRESENTATION('',(#12383),#12387);
#12383 = LINE('',#12384,#12385);
#12384 = CARTESIAN_POINT('',(0.,-5.2));
#12385 = VECTOR('',#12386,1.);
#12386 = DIRECTION('',(1.,0.));
#12387 = ( GEOMETRIC_REPRESENTATION_CONTEXT(2) 
PARAMETRIC_REPRESENTATION_CONTEXT() REPRESENTATION_CONTEXT('2D SPACE',''
  ) );
#12388 = PCURVE('',#12227,#12389);
#12389 = DEFINITIONAL_REPRESENTATION('',(#12390),#12394);
#12390 = LINE('',#12391,#12392);
#12391 = CARTESIAN_POINT('',(3.4,5.888972745734));
#12392 = VECTOR('',#12393,1.);
#12393 = DIRECTION('',(-1.,0.));
#12394 = ( GEOMETRIC_REPRESENTATION_CONTEXT(2) 
PARAMETRIC_REPRESENTATION_CONTEXT() REPRESENTATION_CONTEXT('2D SPACE',''
  ) );
#12395 = ORIENTED_EDGE('',*,*,#12396,.F.);
#12396 = EDGE_CURVE('',#12397,#12374,#12399,.T.);
#12397 = VERTEX_POINT('',#12398);
#12398 = CARTESIAN_POINT('',(-3.4,5.888972745734,0.));
#12399 = SURFACE_CURVE('',#12400,(#12404,#12411),.PCURVE_S1.);
#12400 = LINE('',#12401,#12402);
#12401 = CARTESIAN_POINT('',(-3.4,5.888972745734,0.));
#12402 = VECTOR('',#12403,1.);
#12403 = DIRECTION('',(0.,0.,1.));
#12404 = PCURVE('',#12255,#12405);
#12405 = DEFINITIONAL_REPRESENTATION('',(#12406),#12410);
#12406 = LINE('',#12407,#12408);
#12407 = CARTESIAN_POINT('',(6.8,0.));
#12408 = VECTOR('',#12409,1.);
#12409 = DIRECTION('',(0.,-1.));
#12410 = ( GEOMETRIC_REPRESENTATION_CONTEXT(2) 
PARAMETRIC_REPRESENTATION_CONTEXT() REPRESENTATION_CONTEXT('2D SPACE',''
  ) );
#12411 = PCURVE('',#12412,#12417);
#12412 = PLANE('',#12413);
#12413 = AXIS2_PLACEMENT_3D('',#12414,#12415,#12416);
#12414 = CARTESIAN_POINT('',(-3.4,5.888972745734,0.));
#12415 = DIRECTION('',(0.866025403784,-0.5,0.));
#12416 = DIRECTION('',(-0.5,-0.866025403784,0.));
#12417 = DEFINITIONAL_REPRESENTATION('',(#12418),#12422);
#12418 = LINE('',#12419,#12420);
#12419 = CARTESIAN_POINT('',(0.,0.));
#12420 = VECTOR('',#12421,1.);
#12421 = DIRECTION('',(0.,-1.));
#12422 = ( GEOMETRIC_REPRESENTATION_CONTEXT(2) 
PARAMETRIC_REPRESENTATION_CONTEXT() REPRESENTATION_CONTEXT('2D SPACE',''
  ) );
#12423 = ORIENTED_EDGE('',*,*,#12424,.F.);
#12424 = EDGE_CURVE('',#12240,#12397,#12425,.T.);
#12425 = SURFACE_CURVE('',#12426,(#12430,#12437),.PCURVE_S1.);
#12426 = LINE('',#12427,#12428);
#12427 = CARTESIAN_POINT('',(3.4,5.888972745734,0.));
#12428 = VECTOR('',#12429,1.);
#12429 = DIRECTION('',(-1.,0.,0.));
#12430 = PCURVE('',#12255,#12431);
#12431 = DEFINITIONAL_REPRESENTATION('',(#12432),#12436);
#12432 = LINE('',#12433,#12434);
#12433 = CARTESIAN_POINT('',(0.,-0.));
#12434 = VECTOR('',#12435,1.);
#12435 = DIRECTION('',(1.,0.));
#12436 = ( GEOMETRIC_REPRESENTATION_CONTEXT(2) 
PARAMETRIC_REPRESENTATION_CONTEXT() REPRESENTATION_CONTEXT('2D SPACE',''
  ) );
#12437 = PCURVE('',#12281,#12438);
#12438 = DEFINITIONAL_REPRESENTATION('',(#12439),#12443);
#12439 = LINE('',#12440,#12441);
#12440 = CARTESIAN_POINT('',(3.4,5.888972745734));
#12441 = VECTOR('',#12442,1.);
#12442 = DIRECTION('',(-1.,0.));
#12443 = ( GEOMETRIC_REPRESENTATION_CONTEXT(2) 
PARAMETRIC_REPRESENTATION_CONTEXT() REPRESENTATION_CONTEXT('2D SPACE',''
  ) );
#12444 = ADVANCED_FACE('',(#12445,#12522),#12281,.F.);
#12445 = FACE_BOUND('',#12446,.F.);
#12446 = EDGE_LOOP('',(#12447,#12448,#12449,#12472,#12500,#12521));
#12447 = ORIENTED_EDGE('',*,*,#12267,.T.);
#12448 = ORIENTED_EDGE('',*,*,#12424,.T.);
#12449 = ORIENTED_EDGE('',*,*,#12450,.T.);
#12450 = EDGE_CURVE('',#12397,#12451,#12453,.T.);
#12451 = VERTEX_POINT('',#12452);
#12452 = CARTESIAN_POINT('',(-6.8,8.327598234202E-16,0.));
#12453 = SURFACE_CURVE('',#12454,(#12458,#12465),.PCURVE_S1.);
#12454 = LINE('',#12455,#12456);
#12455 = CARTESIAN_POINT('',(-3.4,5.888972745734,0.));
#12456 = VECTOR('',#12457,1.);
#12457 = DIRECTION('',(-0.5,-0.866025403784,0.));
#12458 = PCURVE('',#12281,#12459);
#12459 = DEFINITIONAL_REPRESENTATION('',(#12460),#12464);
#12460 = LINE('',#12461,#12462);
#12461 = CARTESIAN_POINT('',(-3.4,5.888972745734));
#12462 = VECTOR('',#12463,1.);
#12463 = DIRECTION('',(-0.5,-0.866025403784));
#12464 = ( GEOMETRIC_REPRESENTATION_CONTEXT(2) 
PARAMETRIC_REPRESENTATION_CONTEXT() REPRESENTATION_CONTEXT('2D SPACE',''
  ) );
#12465 = PCURVE('',#12412,#12466);
#12466 = DEFINITIONAL_REPRESENTATION('',(#12467),#12471);
#12467 = LINE('',#12468,#12469);
#12468 = CARTESIAN_POINT('',(0.,0.));
#12469 = VECTOR('',#12470,1.);
#12470 = DIRECTION('',(1.,0.));
#12471 = ( GEOMETRIC_REPRESENTATION_CONTEXT(2) 
PARAMETRIC_REPRESENTATION_CONTEXT() REPRESENTATION_CONTEXT('2D SPACE',''
  ) );
#12472 = ORIENTED_EDGE('',*,*,#12473,.T.);
#12473 = EDGE_CURVE('',#12451,#12474,#12476,.T.);
#12474 = VERTEX_POINT('',#12475);
#12475 = CARTESIAN_POINT('',(-3.4,-5.888972745734,0.));
#12476 = SURFACE_CURVE('',#12477,(#12481,#12488),.PCURVE_S1.);
#12477 = LINE('',#12478,#12479);
#12478 = CARTESIAN_POINT('',(-6.8,8.327598234202E-16,0.));
#12479 = VECTOR('',#12480,1.);
#12480 = DIRECTION('',(0.5,-0.866025403784,0.));
#12481 = PCURVE('',#12281,#12482);
#12482 = DEFINITIONAL_REPRESENTATION('',(#12483),#12487);
#12483 = LINE('',#12484,#12485);
#12484 = CARTESIAN_POINT('',(-6.8,7.456835077633E-16));
#12485 = VECTOR('',#12486,1.);
#12486 = DIRECTION('',(0.5,-0.866025403784));
#12487 = ( GEOMETRIC_REPRESENTATION_CONTEXT(2) 
PARAMETRIC_REPRESENTATION_CONTEXT() REPRESENTATION_CONTEXT('2D SPACE',''
  ) );
#12488 = PCURVE('',#12489,#12494);
#12489 = PLANE('',#12490);
#12490 = AXIS2_PLACEMENT_3D('',#12491,#12492,#12493);
#12491 = CARTESIAN_POINT('',(-6.8,8.327598234202E-16,0.));
#12492 = DIRECTION('',(0.866025403784,0.5,-0.));
#12493 = DIRECTION('',(0.5,-0.866025403784,0.));
#12494 = DEFINITIONAL_REPRESENTATION('',(#12495),#12499);
#12495 = LINE('',#12496,#12497);
#12496 = CARTESIAN_POINT('',(0.,0.));
#12497 = VECTOR('',#12498,1.);
#12498 = DIRECTION('',(1.,0.));
#12499 = ( GEOMETRIC_REPRESENTATION_CONTEXT(2) 
PARAMETRIC_REPRESENTATION_CONTEXT() REPRESENTATION_CONTEXT('2D SPACE',''
  ) );
#12500 = ORIENTED_EDGE('',*,*,#12501,.T.);
#12501 = EDGE_CURVE('',#12474,#12297,#12502,.T.);
#12502 = SURFACE_CURVE('',#12503,(#12507,#12514),.PCURVE_S1.);
#12503 = LINE('',#12504,#12505);
#12504 = CARTESIAN_POINT('',(-3.4,-5.888972745734,0.));
#12505 = VECTOR('',#12506,1.);
#12506 = DIRECTION('',(1.,-6.530723674266E-16,0.));
#12507 = PCURVE('',#12281,#12508);
#12508 = DEFINITIONAL_REPRESENTATION('',(#12509),#12513);
#12509 = LINE('',#12510,#12511);
#12510 = CARTESIAN_POINT('',(-3.4,-5.888972745734));
#12511 = VECTOR('',#12512,1.);
#12512 = DIRECTION('',(1.,-6.530723674266E-16));
#12513 = ( GEOMETRIC_REPRESENTATION_CONTEXT(2) 
PARAMETRIC_REPRESENTATION_CONTEXT() REPRESENTATION_CONTEXT('2D SPACE',''
  ) );
#12514 = PCURVE('',#12314,#12515);
#12515 = DEFINITIONAL_REPRESENTATION('',(#12516),#12520);
#12516 = LINE('',#12517,#12518);
#12517 = CARTESIAN_POINT('',(0.,0.));
#12518 = VECTOR('',#12519,1.);
#12519 = DIRECTION('',(1.,0.));
#12520 = ( GEOMETRIC_REPRESENTATION_CONTEXT(2) 
PARAMETRIC_REPRESENTATION_CONTEXT() REPRESENTATION_CONTEXT('2D SPACE',''
  ) );
#12521 = ORIENTED_EDGE('',*,*,#12348,.T.);
#12522 = FACE_BOUND('',#12523,.F.);
#12523 = EDGE_LOOP('',(#12524));
#12524 = ORIENTED_EDGE('',*,*,#12525,.F.);
#12525 = EDGE_CURVE('',#12526,#12526,#12528,.T.);
#12526 = VERTEX_POINT('',#12527);
#12527 = CARTESIAN_POINT('',(4.,0.,0.));
#12528 = SURFACE_CURVE('',#12529,(#12534,#12541),.PCURVE_S1.);
#12529 = CIRCLE('',#12530,4.);
#12530 = AXIS2_PLACEMENT_3D('',#12531,#12532,#12533);
#12531 = CARTESIAN_POINT('',(0.,0.,0.));
#12532 = DIRECTION('',(0.,0.,1.));
#12533 = DIRECTION('',(1.,0.,0.));
#12534 = PCURVE('',#12281,#12535);
#12535 = DEFINITIONAL_REPRESENTATION('',(#12536),#12540);
#12536 = CIRCLE('',#12537,4.);
#12537 = AXIS2_PLACEMENT_2D('',#12538,#12539);
#12538 = CARTESIAN_POINT('',(0.,-8.707631565688E-17));
#12539 = DIRECTION('',(1.,0.));
#12540 = ( GEOMETRIC_REPRESENTATION_CONTEXT(2) 
PARAMETRIC_REPRESENTATION_CONTEXT() REPRESENTATION_CONTEXT('2D SPACE',''
  ) );
#12541 = PCURVE('',#12542,#12547);
#12542 = CYLINDRICAL_SURFACE('',#12543,4.);
#12543 = AXIS2_PLACEMENT_3D('',#12544,#12545,#12546);
#12544 = CARTESIAN_POINT('',(0.,0.,0.));
#12545 = DIRECTION('',(0.,0.,1.));
#12546 = DIRECTION('',(1.,0.,0.));
#12547 = DEFINITIONAL_REPRESENTATION('',(#12548),#12552);
#12548 = LINE('',#12549,#12550);
#12549 = CARTESIAN_POINT('',(0.,0.));
#12550 = VECTOR('',#12551,1.);
#12551 = DIRECTION('',(1.,0.));
#12552 = ( GEOMETRIC_REPRESENTATION_CONTEXT(2) 
PARAMETRIC_REPRESENTATION_CONTEXT() REPRESENTATION_CONTEXT('2D SPACE',''
  ) );
#12553 = ADVANCED_FACE('',(#12554),#12227,.T.);
#12554 = FACE_BOUND('',#12555,.T.);
#12555 = EDGE_LOOP('',(#12556,#12557,#12558,#12581,#12604,#12625));
#12556 = ORIENTED_EDGE('',*,*,#12211,.T.);
#12557 = ORIENTED_EDGE('',*,*,#12373,.T.);
#12558 = ORIENTED_EDGE('',*,*,#12559,.T.);
#12559 = EDGE_CURVE('',#12374,#12560,#12562,.T.);
#12560 = VERTEX_POINT('',#12561);
#12561 = CARTESIAN_POINT('',(-6.8,8.327598234202E-16,5.2));
#12562 = SURFACE_CURVE('',#12563,(#12567,#12574),.PCURVE_S1.);
#12563 = LINE('',#12564,#12565);
#12564 = CARTESIAN_POINT('',(-3.4,5.888972745734,5.2));
#12565 = VECTOR('',#12566,1.);
#12566 = DIRECTION('',(-0.5,-0.866025403784,0.));
#12567 = PCURVE('',#12227,#12568);
#12568 = DEFINITIONAL_REPRESENTATION('',(#12569),#12573);
#12569 = LINE('',#12570,#12571);
#12570 = CARTESIAN_POINT('',(-3.4,5.888972745734));
#12571 = VECTOR('',#12572,1.);
#12572 = DIRECTION('',(-0.5,-0.866025403784));
#12573 = ( GEOMETRIC_REPRESENTATION_CONTEXT(2) 
PARAMETRIC_REPRESENTATION_CONTEXT() REPRESENTATION_CONTEXT('2D SPACE',''
  ) );
#12574 = PCURVE('',#12412,#12575);
#12575 = DEFINITIONAL_REPRESENTATION('',(#12576),#12580);
#12576 = LINE('',#12577,#12578);
#12577 = CARTESIAN_POINT('',(0.,-5.2));
#12578 = VECTOR('',#12579,1.);
#12579 = DIRECTION('',(1.,0.));
#12580 = ( GEOMETRIC_REPRESENTATION_CONTEXT(2) 
PARAMETRIC_REPRESENTATION_CONTEXT() REPRESENTATION_CONTEXT('2D SPACE',''
  ) );
#12581 = ORIENTED_EDGE('',*,*,#12582,.T.);
#12582 = EDGE_CURVE('',#12560,#12583,#12585,.T.);
#12583 = VERTEX_POINT('',#12584);
#12584 = CARTESIAN_POINT('',(-3.4,-5.888972745734,5.2));
#12585 = SURFACE_CURVE('',#12586,(#12590,#12597),.PCURVE_S1.);
#12586 = LINE('',#12587,#12588);
#12587 = CARTESIAN_POINT('',(-6.8,8.327598234202E-16,5.2));
#12588 = VECTOR('',#12589,1.);
#12589 = DIRECTION('',(0.5,-0.866025403784,0.));
#12590 = PCURVE('',#12227,#12591);
#12591 = DEFINITIONAL_REPRESENTATION('',(#12592),#12596);
#12592 = LINE('',#12593,#12594);
#12593 = CARTESIAN_POINT('',(-6.8,7.456835077633E-16));
#12594 = VECTOR('',#12595,1.);
#12595 = DIRECTION('',(0.5,-0.866025403784));
#12596 = ( GEOMETRIC_REPRESENTATION_CONTEXT(2) 
PARAMETRIC_REPRESENTATION_CONTEXT() REPRESENTATION_CONTEXT('2D SPACE',''
  ) );
#12597 = PCURVE('',#12489,#12598);
#12598 = DEFINITIONAL_REPRESENTATION('',(#12599),#12603);
#12599 = LINE('',#12600,#12601);
#12600 = CARTESIAN_POINT('',(0.,-5.2));
#12601 = VECTOR('',#12602,1.);
#12602 = DIRECTION('',(1.,0.));
#12603 = ( GEOMETRIC_REPRESENTATION_CONTEXT(2) 
PARAMETRIC_REPRESENTATION_CONTEXT() REPRESENTATION_CONTEXT('2D SPACE',''
  ) );
#12604 = ORIENTED_EDGE('',*,*,#12605,.T.);
#12605 = EDGE_CURVE('',#12583,#12299,#12606,.T.);
#12606 = SURFACE_CURVE('',#12607,(#12611,#12618),.PCURVE_S1.);
#12607 = LINE('',#12608,#12609);
#12608 = CARTESIAN_POINT('',(-3.4,-5.888972745734,5.2));
#12609 = VECTOR('',#12610,1.);
#12610 = DIRECTION('',(1.,-6.530723674266E-16,0.));
#12611 = PCURVE('',#12227,#12612);
#12612 = DEFINITIONAL_REPRESENTATION('',(#12613),#12617);
#12613 = LINE('',#12614,#12615);
#12614 = CARTESIAN_POINT('',(-3.4,-5.888972745734));
#12615 = VECTOR('',#12616,1.);
#12616 = DIRECTION('',(1.,-6.530723674266E-16));
#12617 = ( GEOMETRIC_REPRESENTATION_CONTEXT(2) 
PARAMETRIC_REPRESENTATION_CONTEXT() REPRESENTATION_CONTEXT('2D SPACE',''
  ) );
#12618 = PCURVE('',#12314,#12619);
#12619 = DEFINITIONAL_REPRESENTATION('',(#12620),#12624);
#12620 = LINE('',#12621,#12622);
#12621 = CARTESIAN_POINT('',(0.,-5.2));
#12622 = VECTOR('',#12623,1.);
#12623 = DIRECTION('',(1.,0.));
#12624 = ( GEOMETRIC_REPRESENTATION_CONTEXT(2) 
PARAMETRIC_REPRESENTATION_CONTEXT() REPRESENTATION_CONTEXT('2D SPACE',''
  ) );
#12625 = ORIENTED_EDGE('',*,*,#12326,.T.);
#12626 = ADVANCED_FACE('',(#12627),#12314,.F.);
#12627 = FACE_BOUND('',#12628,.F.);
#12628 = EDGE_LOOP('',(#12629,#12650,#12651,#12652));
#12629 = ORIENTED_EDGE('',*,*,#12630,.T.);
#12630 = EDGE_CURVE('',#12474,#12583,#12631,.T.);
#12631 = SURFACE_CURVE('',#12632,(#12636,#12643),.PCURVE_S1.);
#12632 = LINE('',#12633,#12634);
#12633 = CARTESIAN_POINT('',(-3.4,-5.888972745734,0.));
#12634 = VECTOR('',#12635,1.);
#12635 = DIRECTION('',(0.,0.,1.));
#12636 = PCURVE('',#12314,#12637);
#12637 = DEFINITIONAL_REPRESENTATION('',(#12638),#12642);
#12638 = LINE('',#12639,#12640);
#12639 = CARTESIAN_POINT('',(0.,0.));
#12640 = VECTOR('',#12641,1.);
#12641 = DIRECTION('',(0.,-1.));
#12642 = ( GEOMETRIC_REPRESENTATION_CONTEXT(2) 
PARAMETRIC_REPRESENTATION_CONTEXT() REPRESENTATION_CONTEXT('2D SPACE',''
  ) );
#12643 = PCURVE('',#12489,#12644);
#12644 = DEFINITIONAL_REPRESENTATION('',(#12645),#12649);
#12645 = LINE('',#12646,#12647);
#12646 = CARTESIAN_POINT('',(6.8,0.));
#12647 = VECTOR('',#12648,1.);
#12648 = DIRECTION('',(0.,-1.));
#12649 = ( GEOMETRIC_REPRESENTATION_CONTEXT(2) 
PARAMETRIC_REPRESENTATION_CONTEXT() REPRESENTATION_CONTEXT('2D SPACE',''
  ) );
#12650 = ORIENTED_EDGE('',*,*,#12605,.T.);
#12651 = ORIENTED_EDGE('',*,*,#12296,.F.);
#12652 = ORIENTED_EDGE('',*,*,#12501,.F.);
#12653 = ADVANCED_FACE('',(#12654),#12412,.F.);
#12654 = FACE_BOUND('',#12655,.F.);
#12655 = EDGE_LOOP('',(#12656,#12657,#12658,#12679));
#12656 = ORIENTED_EDGE('',*,*,#12396,.T.);
#12657 = ORIENTED_EDGE('',*,*,#12559,.T.);
#12658 = ORIENTED_EDGE('',*,*,#12659,.F.);
#12659 = EDGE_CURVE('',#12451,#12560,#12660,.T.);
#12660 = SURFACE_CURVE('',#12661,(#12665,#12672),.PCURVE_S1.);
#12661 = LINE('',#12662,#12663);
#12662 = CARTESIAN_POINT('',(-6.8,8.327598234202E-16,0.));
#12663 = VECTOR('',#12664,1.);
#12664 = DIRECTION('',(0.,0.,1.));
#12665 = PCURVE('',#12412,#12666);
#12666 = DEFINITIONAL_REPRESENTATION('',(#12667),#12671);
#12667 = LINE('',#12668,#12669);
#12668 = CARTESIAN_POINT('',(6.8,0.));
#12669 = VECTOR('',#12670,1.);
#12670 = DIRECTION('',(0.,-1.));
#12671 = ( GEOMETRIC_REPRESENTATION_CONTEXT(2) 
PARAMETRIC_REPRESENTATION_CONTEXT() REPRESENTATION_CONTEXT('2D SPACE',''
  ) );
#12672 = PCURVE('',#12489,#12673);
#12673 = DEFINITIONAL_REPRESENTATION('',(#12674),#12678);
#12674 = LINE('',#12675,#12676);
#12675 = CARTESIAN_POINT('',(0.,0.));
#12676 = VECTOR('',#12677,1.);
#12677 = DIRECTION('',(0.,-1.));
#12678 = ( GEOMETRIC_REPRESENTATION_CONTEXT(2) 
PARAMETRIC_REPRESENTATION_CONTEXT() REPRESENTATION_CONTEXT('2D SPACE',''
  ) );
#12679 = ORIENTED_EDGE('',*,*,#12450,.F.);
#12680 = ADVANCED_FACE('',(#12681),#12489,.F.);
#12681 = FACE_BOUND('',#12682,.F.);
#12682 = EDGE_LOOP('',(#12683,#12684,#12685,#12686));
#12683 = ORIENTED_EDGE('',*,*,#12659,.T.);
#12684 = ORIENTED_EDGE('',*,*,#12582,.T.);
#12685 = ORIENTED_EDGE('',*,*,#12630,.F.);
#12686 = ORIENTED_EDGE('',*,*,#12473,.F.);
#12687 = ADVANCED_FACE('',(#12688),#12542,.T.);
#12688 = FACE_BOUND('',#12689,.T.);
#12689 = EDGE_LOOP('',(#12690,#12713,#12740,#12741));
#12690 = ORIENTED_EDGE('',*,*,#12691,.T.);
#12691 = EDGE_CURVE('',#12526,#12692,#12694,.T.);
#12692 = VERTEX_POINT('',#12693);
#12693 = CARTESIAN_POINT('',(4.,0.,-29.04));
#12694 = SEAM_CURVE('',#12695,(#12699,#12706),.PCURVE_S1.);
#12695 = LINE('',#12696,#12697);
#12696 = CARTESIAN_POINT('',(4.,0.,0.));
#12697 = VECTOR('',#12698,1.);
#12698 = DIRECTION('',(-0.,-0.,-1.));
#12699 = PCURVE('',#12542,#12700);
#12700 = DEFINITIONAL_REPRESENTATION('',(#12701),#12705);
#12701 = LINE('',#12702,#12703);
#12702 = CARTESIAN_POINT('',(0.,0.));
#12703 = VECTOR('',#12704,1.);
#12704 = DIRECTION('',(0.,-1.));
#12705 = ( GEOMETRIC_REPRESENTATION_CONTEXT(2) 
PARAMETRIC_REPRESENTATION_CONTEXT() REPRESENTATION_CONTEXT('2D SPACE',''
  ) );
#12706 = PCURVE('',#12542,#12707);
#12707 = DEFINITIONAL_REPRESENTATION('',(#12708),#12712);
#12708 = LINE('',#12709,#12710);
#12709 = CARTESIAN_POINT('',(6.28318530718,0.));
#12710 = VECTOR('',#12711,1.);
#12711 = DIRECTION('',(0.,-1.));
#12712 = ( GEOMETRIC_REPRESENTATION_CONTEXT(2) 
PARAMETRIC_REPRESENTATION_CONTEXT() REPRESENTATION_CONTEXT('2D SPACE',''
  ) );
#12713 = ORIENTED_EDGE('',*,*,#12714,.T.);
#12714 = EDGE_CURVE('',#12692,#12692,#12715,.T.);
#12715 = SURFACE_CURVE('',#12716,(#12721,#12728),.PCURVE_S1.);
#12716 = CIRCLE('',#12717,4.);
#12717 = AXIS2_PLACEMENT_3D('',#12718,#12719,#12720);
#12718 = CARTESIAN_POINT('',(0.,0.,-29.04));
#12719 = DIRECTION('',(0.,0.,1.));
#12720 = DIRECTION('',(1.,0.,-0.));
#12721 = PCURVE('',#12542,#12722);
#12722 = DEFINITIONAL_REPRESENTATION('',(#12723),#12727);
#12723 = LINE('',#12724,#12725);
#12724 = CARTESIAN_POINT('',(0.,-29.04));
#12725 = VECTOR('',#12726,1.);
#12726 = DIRECTION('',(1.,0.));
#12727 = ( GEOMETRIC_REPRESENTATION_CONTEXT(2) 
PARAMETRIC_REPRESENTATION_CONTEXT() REPRESENTATION_CONTEXT('2D SPACE',''
  ) );
#12728 = PCURVE('',#12729,#12734);
#12729 = CONICAL_SURFACE('',#12730,4.,0.785398163397);
#12730 = AXIS2_PLACEMENT_3D('',#12731,#12732,#12733);
#12731 = CARTESIAN_POINT('',(0.,0.,-29.04));
#12732 = DIRECTION('',(0.,0.,1.));
#12733 = DIRECTION('',(1.,0.,-0.));
#12734 = DEFINITIONAL_REPRESENTATION('',(#12735),#12739);
#12735 = LINE('',#12736,#12737);
#12736 = CARTESIAN_POINT('',(0.,-0.));
#12737 = VECTOR('',#12738,1.);
#12738 = DIRECTION('',(1.,-0.));
#12739 = ( GEOMETRIC_REPRESENTATION_CONTEXT(2) 
PARAMETRIC_REPRESENTATION_CONTEXT() REPRESENTATION_CONTEXT('2D SPACE',''
  ) );
#12740 = ORIENTED_EDGE('',*,*,#12691,.F.);
#12741 = ORIENTED_EDGE('',*,*,#12525,.F.);
#12742 = ADVANCED_FACE('',(#12743),#12729,.T.);
#12743 = FACE_BOUND('',#12744,.F.);
#12744 = EDGE_LOOP('',(#12745,#12766,#12767,#12768));
#12745 = ORIENTED_EDGE('',*,*,#12746,.F.);
#12746 = EDGE_CURVE('',#12692,#12747,#12749,.T.);
#12747 = VERTEX_POINT('',#12748);
#12748 = CARTESIAN_POINT('',(3.04,0.,-30.));
#12749 = SEAM_CURVE('',#12750,(#12754,#12760),.PCURVE_S1.);
#12750 = LINE('',#12751,#12752);
#12751 = CARTESIAN_POINT('',(4.,0.,-29.04));
#12752 = VECTOR('',#12753,1.);
#12753 = DIRECTION('',(-0.707106781187,-0.,-0.707106781187));
#12754 = PCURVE('',#12729,#12755);
#12755 = DEFINITIONAL_REPRESENTATION('',(#12756),#12759);
#12756 = B_SPLINE_CURVE_WITH_KNOTS('',1,(#12757,#12758),.UNSPECIFIED.,
  .F.,.F.,(2,2),(0.,1.357645019878),.PIECEWISE_BEZIER_KNOTS.);
#12757 = CARTESIAN_POINT('',(0.,0.));
#12758 = CARTESIAN_POINT('',(0.,-0.96));
#12759 = ( GEOMETRIC_REPRESENTATION_CONTEXT(2) 
PARAMETRIC_REPRESENTATION_CONTEXT() REPRESENTATION_CONTEXT('2D SPACE',''
  ) );
#12760 = PCURVE('',#12729,#12761);
#12761 = DEFINITIONAL_REPRESENTATION('',(#12762),#12765);
#12762 = B_SPLINE_CURVE_WITH_KNOTS('',1,(#12763,#12764),.UNSPECIFIED.,
  .F.,.F.,(2,2),(0.,1.357645019878),.PIECEWISE_BEZIER_KNOTS.);
#12763 = CARTESIAN_POINT('',(6.28318530718,0.));
#12764 = CARTESIAN_POINT('',(6.28318530718,-0.96));
#12765 = ( GEOMETRIC_REPRESENTATION_CONTEXT(2) 
PARAMETRIC_REPRESENTATION_CONTEXT() REPRESENTATION_CONTEXT('2D SPACE',''
  ) );
#12766 = ORIENTED_EDGE('',*,*,#12714,.T.);
#12767 = ORIENTED_EDGE('',*,*,#12746,.T.);
#12768 = ORIENTED_EDGE('',*,*,#12769,.F.);
#12769 = EDGE_CURVE('',#12747,#12747,#12770,.T.);
#12770 = SURFACE_CURVE('',#12771,(#12776,#12783),.PCURVE_S1.);
#12771 = CIRCLE('',#12772,3.04);
#12772 = AXIS2_PLACEMENT_3D('',#12773,#12774,#12775);
#12773 = CARTESIAN_POINT('',(0.,0.,-30.));
#12774 = DIRECTION('',(0.,0.,1.));
#12775 = DIRECTION('',(1.,0.,-0.));
#12776 = PCURVE('',#12729,#12777);
#12777 = DEFINITIONAL_REPRESENTATION('',(#12778),#12782);
#12778 = LINE('',#12779,#12780);
#12779 = CARTESIAN_POINT('',(0.,-0.96));
#12780 = VECTOR('',#12781,1.);
#12781 = DIRECTION('',(1.,-0.));
#12782 = ( GEOMETRIC_REPRESENTATION_CONTEXT(2) 
PARAMETRIC_REPRESENTATION_CONTEXT() REPRESENTATION_CONTEXT('2D SPACE',''
  ) );
#12783 = PCURVE('',#12784,#12789);
#12784 = PLANE('',#12785);
#12785 = AXIS2_PLACEMENT_3D('',#12786,#12787,#12788);
#12786 = CARTESIAN_POINT('',(-2.563950248511E-16,3.49503809816E-16,-30.)
  );
#12787 = DIRECTION('',(0.,0.,1.));
#12788 = DIRECTION('',(1.,0.,-0.));
#12789 = DEFINITIONAL_REPRESENTATION('',(#12790),#12794);
#12790 = CIRCLE('',#12791,3.04);
#12791 = AXIS2_PLACEMENT_2D('',#12792,#12793);
#12792 = CARTESIAN_POINT('',(2.563950248511E-16,-3.49503809816E-16));
#12793 = DIRECTION('',(1.,0.));
#12794 = ( GEOMETRIC_REPRESENTATION_CONTEXT(2) 
PARAMETRIC_REPRESENTATION_CONTEXT() REPRESENTATION_CONTEXT('2D SPACE',''
  ) );
#12795 = ADVANCED_FACE('',(#12796),#12784,.F.);
#12796 = FACE_BOUND('',#12797,.F.);
#12797 = EDGE_LOOP('',(#12798));
#12798 = ORIENTED_EDGE('',*,*,#12769,.T.);
#12799 = ( GEOMETRIC_REPRESENTATION_CONTEXT(3) 
GLOBAL_UNCERTAINTY_ASSIGNED_CONTEXT((#12803)) 
GLOBAL_UNIT_ASSIGNED_CONTEXT((#12800,#12801,#12802)) 
REPRESENTATION_CONTEXT('Context #1',
  '3D Context with UNIT and UNCERTAINTY') );
#12800 = ( LENGTH_UNIT() NAMED_UNIT(*) SI_UNIT(.MILLI.,.METRE.) );
#12801 = ( NAMED_UNIT(*) PLANE_ANGLE_UNIT() SI_UNIT($,.RADIAN.) );
#12802 = ( NAMED_UNIT(*) SI_UNIT($,.STERADIAN.) SOLID_ANGLE_UNIT() );
#12803 = UNCERTAINTY_MEASURE_WITH_UNIT(LENGTH_MEASURE(1.E-07),#12800,
  'distance_accuracy_value','confusion accuracy');
#12804 = CONTEXT_DEPENDENT_SHAPE_REPRESENTATION(#12805,#12807);
#12805 = ( REPRESENTATION_RELATIONSHIP('','',#12169,#10) 
REPRESENTATION_RELATIONSHIP_WITH_TRANSFORMATION(#12806) 
SHAPE_REPRESENTATION_RELATIONSHIP() );
#12806 = ITEM_DEFINED_TRANSFORMATION('','',#11,#55);
#12807 = PRODUCT_DEFINITION_SHAPE('Placement','Placement of an item',
  #12808);
#12808 = NEXT_ASSEMBLY_USAGE_OCCURRENCE('27','','',#5,#12164,$);
#12809 = PRODUCT_RELATED_PRODUCT_CATEGORY('part',$,(#12166));
#12810 = SHAPE_DEFINITION_REPRESENTATION(#12811,#12817);
#12811 = PRODUCT_DEFINITION_SHAPE('','',#12812);
#12812 = PRODUCT_DEFINITION('design','',#12813,#12816);
#12813 = PRODUCT_DEFINITION_FORMATION('','',#12814);
#12814 = PRODUCT('Open CASCADE STEP translator 7.9 12.12',
  'Open CASCADE STEP translator 7.9 12.12','',(#12815));
#12815 = PRODUCT_CONTEXT('',#2,'mechanical');
#12816 = PRODUCT_DEFINITION_CONTEXT('part definition',#2,'design');
#12817 = ADVANCED_BREP_SHAPE_REPRESENTATION('',(#11,#12818),#13447);
#12818 = MANIFOLD_SOLID_BREP('',#12819);
#12819 = CLOSED_SHELL('',(#12820,#12940,#13016,#13092,#13201,#13274,
    #13301,#13328,#13335,#13390,#13443));
#12820 = ADVANCED_FACE('',(#12821),#12835,.F.);
#12821 = FACE_BOUND('',#12822,.F.);
#12822 = EDGE_LOOP('',(#12823,#12858,#12886,#12914));
#12823 = ORIENTED_EDGE('',*,*,#12824,.T.);
#12824 = EDGE_CURVE('',#12825,#12827,#12829,.T.);
#12825 = VERTEX_POINT('',#12826);
#12826 = CARTESIAN_POINT('',(6.8,0.,0.));
#12827 = VERTEX_POINT('',#12828);
#12828 = CARTESIAN_POINT('',(6.8,0.,5.2));
#12829 = SURFACE_CURVE('',#12830,(#12834,#12846),.PCURVE_S1.);
#12830 = LINE('',#12831,#12832);
#12831 = CARTESIAN_POINT('',(6.8,0.,0.));
#12832 = VECTOR('',#12833,1.);
#12833 = DIRECTION('',(0.,0.,1.));
#12834 = PCURVE('',#12835,#12840);
#12835 = PLANE('',#12836);
#12836 = AXIS2_PLACEMENT_3D('',#12837,#12838,#12839);
#12837 = CARTESIAN_POINT('',(6.8,0.,0.));
#12838 = DIRECTION('',(-0.866025403784,-0.5,0.));
#12839 = DIRECTION('',(-0.5,0.866025403784,0.));
#12840 = DEFINITIONAL_REPRESENTATION('',(#12841),#12845);
#12841 = LINE('',#12842,#12843);
#12842 = CARTESIAN_POINT('',(0.,0.));
#12843 = VECTOR('',#12844,1.);
#12844 = DIRECTION('',(0.,-1.));
#12845 = ( GEOMETRIC_REPRESENTATION_CONTEXT(2) 
PARAMETRIC_REPRESENTATION_CONTEXT() REPRESENTATION_CONTEXT('2D SPACE',''
  ) );
#12846 = PCURVE('',#12847,#12852);
#12847 = PLANE('',#12848);
#12848 = AXIS2_PLACEMENT_3D('',#12849,#12850,#12851);
#12849 = CARTESIAN_POINT('',(3.4,-5.888972745734,0.));
#12850 = DIRECTION('',(-0.866025403784,0.5,0.));
#12851 = DIRECTION('',(0.5,0.866025403784,0.));
#12852 = DEFINITIONAL_REPRESENTATION('',(#12853),#12857);
#12853 = LINE('',#12854,#12855);
#12854 = CARTESIAN_POINT('',(6.8,0.));
#12855 = VECTOR('',#12856,1.);
#12856 = DIRECTION('',(0.,-1.));
#12857 = ( GEOMETRIC_REPRESENTATION_CONTEXT(2) 
PARAMETRIC_REPRESENTATION_CONTEXT() REPRESENTATION_CONTEXT('2D SPACE',''
  ) );
#12858 = ORIENTED_EDGE('',*,*,#12859,.T.);
#12859 = EDGE_CURVE('',#12827,#12860,#12862,.T.);
#12860 = VERTEX_POINT('',#12861);
#12861 = CARTESIAN_POINT('',(3.4,5.888972745734,5.2));
#12862 = SURFACE_CURVE('',#12863,(#12867,#12874),.PCURVE_S1.);
#12863 = LINE('',#12864,#12865);
#12864 = CARTESIAN_POINT('',(6.8,0.,5.2));
#12865 = VECTOR('',#12866,1.);
#12866 = DIRECTION('',(-0.5,0.866025403784,0.));
#12867 = PCURVE('',#12835,#12868);
#12868 = DEFINITIONAL_REPRESENTATION('',(#12869),#12873);
#12869 = LINE('',#12870,#12871);
#12870 = CARTESIAN_POINT('',(0.,-5.2));
#12871 = VECTOR('',#12872,1.);
#12872 = DIRECTION('',(1.,0.));
#12873 = ( GEOMETRIC_REPRESENTATION_CONTEXT(2) 
PARAMETRIC_REPRESENTATION_CONTEXT() REPRESENTATION_CONTEXT('2D SPACE',''
  ) );
#12874 = PCURVE('',#12875,#12880);
#12875 = PLANE('',#12876);
#12876 = AXIS2_PLACEMENT_3D('',#12877,#12878,#12879);
#12877 = CARTESIAN_POINT('',(0.,8.707631565688E-17,5.2));
#12878 = DIRECTION('',(0.,0.,1.));
#12879 = DIRECTION('',(1.,0.,-0.));
#12880 = DEFINITIONAL_REPRESENTATION('',(#12881),#12885);
#12881 = LINE('',#12882,#12883);
#12882 = CARTESIAN_POINT('',(6.8,-8.707631565688E-17));
#12883 = VECTOR('',#12884,1.);
#12884 = DIRECTION('',(-0.5,0.866025403784));
#12885 = ( GEOMETRIC_REPRESENTATION_CONTEXT(2) 
PARAMETRIC_REPRESENTATION_CONTEXT() REPRESENTATION_CONTEXT('2D SPACE',''
  ) );
#12886 = ORIENTED_EDGE('',*,*,#12887,.F.);
#12887 = EDGE_CURVE('',#12888,#12860,#12890,.T.);
#12888 = VERTEX_POINT('',#12889);
#12889 = CARTESIAN_POINT('',(3.4,5.888972745734,0.));
#12890 = SURFACE_CURVE('',#12891,(#12895,#12902),.PCURVE_S1.);
#12891 = LINE('',#12892,#12893);
#12892 = CARTESIAN_POINT('',(3.4,5.888972745734,0.));
#12893 = VECTOR('',#12894,1.);
#12894 = DIRECTION('',(0.,0.,1.));
#12895 = PCURVE('',#12835,#12896);
#12896 = DEFINITIONAL_REPRESENTATION('',(#12897),#12901);
#12897 = LINE('',#12898,#12899);
#12898 = CARTESIAN_POINT('',(6.8,0.));
#12899 = VECTOR('',#12900,1.);
#12900 = DIRECTION('',(0.,-1.));
#12901 = ( GEOMETRIC_REPRESENTATION_CONTEXT(2) 
PARAMETRIC_REPRESENTATION_CONTEXT() REPRESENTATION_CONTEXT('2D SPACE',''
  ) );
#12902 = PCURVE('',#12903,#12908);
#12903 = PLANE('',#12904);
#12904 = AXIS2_PLACEMENT_3D('',#12905,#12906,#12907);
#12905 = CARTESIAN_POINT('',(3.4,5.888972745734,0.));
#12906 = DIRECTION('',(0.,-1.,0.));
#12907 = DIRECTION('',(-1.,0.,0.));
#12908 = DEFINITIONAL_REPRESENTATION('',(#12909),#12913);
#12909 = LINE('',#12910,#12911);
#12910 = CARTESIAN_POINT('',(0.,-0.));
#12911 = VECTOR('',#12912,1.);
#12912 = DIRECTION('',(0.,-1.));
#12913 = ( GEOMETRIC_REPRESENTATION_CONTEXT(2) 
PARAMETRIC_REPRESENTATION_CONTEXT() REPRESENTATION_CONTEXT('2D SPACE',''
  ) );
#12914 = ORIENTED_EDGE('',*,*,#12915,.F.);
#12915 = EDGE_CURVE('',#12825,#12888,#12916,.T.);
#12916 = SURFACE_CURVE('',#12917,(#12921,#12928),.PCURVE_S1.);
#12917 = LINE('',#12918,#12919);
#12918 = CARTESIAN_POINT('',(6.8,0.,0.));
#12919 = VECTOR('',#12920,1.);
#12920 = DIRECTION('',(-0.5,0.866025403784,0.));
#12921 = PCURVE('',#12835,#12922);
#12922 = DEFINITIONAL_REPRESENTATION('',(#12923),#12927);
#12923 = LINE('',#12924,#12925);
#12924 = CARTESIAN_POINT('',(0.,0.));
#12925 = VECTOR('',#12926,1.);
#12926 = DIRECTION('',(1.,0.));
#12927 = ( GEOMETRIC_REPRESENTATION_CONTEXT(2) 
PARAMETRIC_REPRESENTATION_CONTEXT() REPRESENTATION_CONTEXT('2D SPACE',''
  ) );
#12928 = PCURVE('',#12929,#12934);
#12929 = PLANE('',#12930);
#12930 = AXIS2_PLACEMENT_3D('',#12931,#12932,#12933);
#12931 = CARTESIAN_POINT('',(0.,8.707631565688E-17,0.));
#12932 = DIRECTION('',(0.,0.,1.));
#12933 = DIRECTION('',(1.,0.,-0.));
#12934 = DEFINITIONAL_REPRESENTATION('',(#12935),#12939);
#12935 = LINE('',#12936,#12937);
#12936 = CARTESIAN_POINT('',(6.8,-8.707631565688E-17));
#12937 = VECTOR('',#12938,1.);
#12938 = DIRECTION('',(-0.5,0.866025403784));
#12939 = ( GEOMETRIC_REPRESENTATION_CONTEXT(2) 
PARAMETRIC_REPRESENTATION_CONTEXT() REPRESENTATION_CONTEXT('2D SPACE',''
  ) );
#12940 = ADVANCED_FACE('',(#12941),#12847,.F.);
#12941 = FACE_BOUND('',#12942,.F.);
#12942 = EDGE_LOOP('',(#12943,#12973,#12994,#12995));
#12943 = ORIENTED_EDGE('',*,*,#12944,.T.);
#12944 = EDGE_CURVE('',#12945,#12947,#12949,.T.);
#12945 = VERTEX_POINT('',#12946);
#12946 = CARTESIAN_POINT('',(3.4,-5.888972745734,0.));
#12947 = VERTEX_POINT('',#12948);
#12948 = CARTESIAN_POINT('',(3.4,-5.888972745734,5.2));
#12949 = SURFACE_CURVE('',#12950,(#12954,#12961),.PCURVE_S1.);
#12950 = LINE('',#12951,#12952);
#12951 = CARTESIAN_POINT('',(3.4,-5.888972745734,0.));
#12952 = VECTOR('',#12953,1.);
#12953 = DIRECTION('',(0.,0.,1.));
#12954 = PCURVE('',#12847,#12955);
#12955 = DEFINITIONAL_REPRESENTATION('',(#12956),#12960);
#12956 = LINE('',#12957,#12958);
#12957 = CARTESIAN_POINT('',(0.,0.));
#12958 = VECTOR('',#12959,1.);
#12959 = DIRECTION('',(0.,-1.));
#12960 = ( GEOMETRIC_REPRESENTATION_CONTEXT(2) 
PARAMETRIC_REPRESENTATION_CONTEXT() REPRESENTATION_CONTEXT('2D SPACE',''
  ) );
#12961 = PCURVE('',#12962,#12967);
#12962 = PLANE('',#12963);
#12963 = AXIS2_PLACEMENT_3D('',#12964,#12965,#12966);
#12964 = CARTESIAN_POINT('',(-3.4,-5.888972745734,0.));
#12965 = DIRECTION('',(6.530723674266E-16,1.,-0.));
#12966 = DIRECTION('',(1.,-6.530723674266E-16,0.));
#12967 = DEFINITIONAL_REPRESENTATION('',(#12968),#12972);
#12968 = LINE('',#12969,#12970);
#12969 = CARTESIAN_POINT('',(6.8,0.));
#12970 = VECTOR('',#12971,1.);
#12971 = DIRECTION('',(0.,-1.));
#12972 = ( GEOMETRIC_REPRESENTATION_CONTEXT(2) 
PARAMETRIC_REPRESENTATION_CONTEXT() REPRESENTATION_CONTEXT('2D SPACE',''
  ) );
#12973 = ORIENTED_EDGE('',*,*,#12974,.T.);
#12974 = EDGE_CURVE('',#12947,#12827,#12975,.T.);
#12975 = SURFACE_CURVE('',#12976,(#12980,#12987),.PCURVE_S1.);
#12976 = LINE('',#12977,#12978);
#12977 = CARTESIAN_POINT('',(3.4,-5.888972745734,5.2));
#12978 = VECTOR('',#12979,1.);
#12979 = DIRECTION('',(0.5,0.866025403784,0.));
#12980 = PCURVE('',#12847,#12981);
#12981 = DEFINITIONAL_REPRESENTATION('',(#12982),#12986);
#12982 = LINE('',#12983,#12984);
#12983 = CARTESIAN_POINT('',(0.,-5.2));
#12984 = VECTOR('',#12985,1.);
#12985 = DIRECTION('',(1.,0.));
#12986 = ( GEOMETRIC_REPRESENTATION_CONTEXT(2) 
PARAMETRIC_REPRESENTATION_CONTEXT() REPRESENTATION_CONTEXT('2D SPACE',''
  ) );
#12987 = PCURVE('',#12875,#12988);
#12988 = DEFINITIONAL_REPRESENTATION('',(#12989),#12993);
#12989 = LINE('',#12990,#12991);
#12990 = CARTESIAN_POINT('',(3.4,-5.888972745734));
#12991 = VECTOR('',#12992,1.);
#12992 = DIRECTION('',(0.5,0.866025403784));
#12993 = ( GEOMETRIC_REPRESENTATION_CONTEXT(2) 
PARAMETRIC_REPRESENTATION_CONTEXT() REPRESENTATION_CONTEXT('2D SPACE',''
  ) );
#12994 = ORIENTED_EDGE('',*,*,#12824,.F.);
#12995 = ORIENTED_EDGE('',*,*,#12996,.F.);
#12996 = EDGE_CURVE('',#12945,#12825,#12997,.T.);
#12997 = SURFACE_CURVE('',#12998,(#13002,#13009),.PCURVE_S1.);
#12998 = LINE('',#12999,#13000);
#12999 = CARTESIAN_POINT('',(3.4,-5.888972745734,0.));
#13000 = VECTOR('',#13001,1.);
#13001 = DIRECTION('',(0.5,0.866025403784,0.));
#13002 = PCURVE('',#12847,#13003);
#13003 = DEFINITIONAL_REPRESENTATION('',(#13004),#13008);
#13004 = LINE('',#13005,#13006);
#13005 = CARTESIAN_POINT('',(0.,0.));
#13006 = VECTOR('',#13007,1.);
#13007 = DIRECTION('',(1.,0.));
#13008 = ( GEOMETRIC_REPRESENTATION_CONTEXT(2) 
PARAMETRIC_REPRESENTATION_CONTEXT() REPRESENTATION_CONTEXT('2D SPACE',''
  ) );
#13009 = PCURVE('',#12929,#13010);
#13010 = DEFINITIONAL_REPRESENTATION('',(#13011),#13015);
#13011 = LINE('',#13012,#13013);
#13012 = CARTESIAN_POINT('',(3.4,-5.888972745734));
#13013 = VECTOR('',#13014,1.);
#13014 = DIRECTION('',(0.5,0.866025403784));
#13015 = ( GEOMETRIC_REPRESENTATION_CONTEXT(2) 
PARAMETRIC_REPRESENTATION_CONTEXT() REPRESENTATION_CONTEXT('2D SPACE',''
  ) );
#13016 = ADVANCED_FACE('',(#13017),#12903,.F.);
#13017 = FACE_BOUND('',#13018,.F.);
#13018 = EDGE_LOOP('',(#13019,#13020,#13043,#13071));
#13019 = ORIENTED_EDGE('',*,*,#12887,.T.);
#13020 = ORIENTED_EDGE('',*,*,#13021,.T.);
#13021 = EDGE_CURVE('',#12860,#13022,#13024,.T.);
#13022 = VERTEX_POINT('',#13023);
#13023 = CARTESIAN_POINT('',(-3.4,5.888972745734,5.2));
#13024 = SURFACE_CURVE('',#13025,(#13029,#13036),.PCURVE_S1.);
#13025 = LINE('',#13026,#13027);
#13026 = CARTESIAN_POINT('',(3.4,5.888972745734,5.2));
#13027 = VECTOR('',#13028,1.);
#13028 = DIRECTION('',(-1.,0.,0.));
#13029 = PCURVE('',#12903,#13030);
#13030 = DEFINITIONAL_REPRESENTATION('',(#13031),#13035);
#13031 = LINE('',#13032,#13033);
#13032 = CARTESIAN_POINT('',(0.,-5.2));
#13033 = VECTOR('',#13034,1.);
#13034 = DIRECTION('',(1.,0.));
#13035 = ( GEOMETRIC_REPRESENTATION_CONTEXT(2) 
PARAMETRIC_REPRESENTATION_CONTEXT() REPRESENTATION_CONTEXT('2D SPACE',''
  ) );
#13036 = PCURVE('',#12875,#13037);
#13037 = DEFINITIONAL_REPRESENTATION('',(#13038),#13042);
#13038 = LINE('',#13039,#13040);
#13039 = CARTESIAN_POINT('',(3.4,5.888972745734));
#13040 = VECTOR('',#13041,1.);
#13041 = DIRECTION('',(-1.,0.));
#13042 = ( GEOMETRIC_REPRESENTATION_CONTEXT(2) 
PARAMETRIC_REPRESENTATION_CONTEXT() REPRESENTATION_CONTEXT('2D SPACE',''
  ) );
#13043 = ORIENTED_EDGE('',*,*,#13044,.F.);
#13044 = EDGE_CURVE('',#13045,#13022,#13047,.T.);
#13045 = VERTEX_POINT('',#13046);
#13046 = CARTESIAN_POINT('',(-3.4,5.888972745734,0.));
#13047 = SURFACE_CURVE('',#13048,(#13052,#13059),.PCURVE_S1.);
#13048 = LINE('',#13049,#13050);
#13049 = CARTESIAN_POINT('',(-3.4,5.888972745734,0.));
#13050 = VECTOR('',#13051,1.);
#13051 = DIRECTION('',(0.,0.,1.));
#13052 = PCURVE('',#12903,#13053);
#13053 = DEFINITIONAL_REPRESENTATION('',(#13054),#13058);
#13054 = LINE('',#13055,#13056);
#13055 = CARTESIAN_POINT('',(6.8,0.));
#13056 = VECTOR('',#13057,1.);
#13057 = DIRECTION('',(0.,-1.));
#13058 = ( GEOMETRIC_REPRESENTATION_CONTEXT(2) 
PARAMETRIC_REPRESENTATION_CONTEXT() REPRESENTATION_CONTEXT('2D SPACE',''
  ) );
#13059 = PCURVE('',#13060,#13065);
#13060 = PLANE('',#13061);
#13061 = AXIS2_PLACEMENT_3D('',#13062,#13063,#13064);
#13062 = CARTESIAN_POINT('',(-3.4,5.888972745734,0.));
#13063 = DIRECTION('',(0.866025403784,-0.5,0.));
#13064 = DIRECTION('',(-0.5,-0.866025403784,0.));
#13065 = DEFINITIONAL_REPRESENTATION('',(#13066),#13070);
#13066 = LINE('',#13067,#13068);
#13067 = CARTESIAN_POINT('',(0.,0.));
#13068 = VECTOR('',#13069,1.);
#13069 = DIRECTION('',(0.,-1.));
#13070 = ( GEOMETRIC_REPRESENTATION_CONTEXT(2) 
PARAMETRIC_REPRESENTATION_CONTEXT() REPRESENTATION_CONTEXT('2D SPACE',''
  ) );
#13071 = ORIENTED_EDGE('',*,*,#13072,.F.);
#13072 = EDGE_CURVE('',#12888,#13045,#13073,.T.);
#13073 = SURFACE_CURVE('',#13074,(#13078,#13085),.PCURVE_S1.);
#13074 = LINE('',#13075,#13076);
#13075 = CARTESIAN_POINT('',(3.4,5.888972745734,0.));
#13076 = VECTOR('',#13077,1.);
#13077 = DIRECTION('',(-1.,0.,0.));
#13078 = PCURVE('',#12903,#13079);
#13079 = DEFINITIONAL_REPRESENTATION('',(#13080),#13084);
#13080 = LINE('',#13081,#13082);
#13081 = CARTESIAN_POINT('',(0.,-0.));
#13082 = VECTOR('',#13083,1.);
#13083 = DIRECTION('',(1.,0.));
#13084 = ( GEOMETRIC_REPRESENTATION_CONTEXT(2) 
PARAMETRIC_REPRESENTATION_CONTEXT() REPRESENTATION_CONTEXT('2D SPACE',''
  ) );
#13085 = PCURVE('',#12929,#13086);
#13086 = DEFINITIONAL_REPRESENTATION('',(#13087),#13091);
#13087 = LINE('',#13088,#13089);
#13088 = CARTESIAN_POINT('',(3.4,5.888972745734));
#13089 = VECTOR('',#13090,1.);
#13090 = DIRECTION('',(-1.,0.));
#13091 = ( GEOMETRIC_REPRESENTATION_CONTEXT(2) 
PARAMETRIC_REPRESENTATION_CONTEXT() REPRESENTATION_CONTEXT('2D SPACE',''
  ) );
#13092 = ADVANCED_FACE('',(#13093,#13170),#12929,.F.);
#13093 = FACE_BOUND('',#13094,.F.);
#13094 = EDGE_LOOP('',(#13095,#13096,#13097,#13120,#13148,#13169));
#13095 = ORIENTED_EDGE('',*,*,#12915,.T.);
#13096 = ORIENTED_EDGE('',*,*,#13072,.T.);
#13097 = ORIENTED_EDGE('',*,*,#13098,.T.);
#13098 = EDGE_CURVE('',#13045,#13099,#13101,.T.);
#13099 = VERTEX_POINT('',#13100);
#13100 = CARTESIAN_POINT('',(-6.8,8.327598234202E-16,0.));
#13101 = SURFACE_CURVE('',#13102,(#13106,#13113),.PCURVE_S1.);
#13102 = LINE('',#13103,#13104);
#13103 = CARTESIAN_POINT('',(-3.4,5.888972745734,0.));
#13104 = VECTOR('',#13105,1.);
#13105 = DIRECTION('',(-0.5,-0.866025403784,0.));
#13106 = PCURVE('',#12929,#13107);
#13107 = DEFINITIONAL_REPRESENTATION('',(#13108),#13112);
#13108 = LINE('',#13109,#13110);
#13109 = CARTESIAN_POINT('',(-3.4,5.888972745734));
#13110 = VECTOR('',#13111,1.);
#13111 = DIRECTION('',(-0.5,-0.866025403784));
#13112 = ( GEOMETRIC_REPRESENTATION_CONTEXT(2) 
PARAMETRIC_REPRESENTATION_CONTEXT() REPRESENTATION_CONTEXT('2D SPACE',''
  ) );
#13113 = PCURVE('',#13060,#13114);
#13114 = DEFINITIONAL_REPRESENTATION('',(#13115),#13119);
#13115 = LINE('',#13116,#13117);
#13116 = CARTESIAN_POINT('',(0.,0.));
#13117 = VECTOR('',#13118,1.);
#13118 = DIRECTION('',(1.,0.));
#13119 = ( GEOMETRIC_REPRESENTATION_CONTEXT(2) 
PARAMETRIC_REPRESENTATION_CONTEXT() REPRESENTATION_CONTEXT('2D SPACE',''
  ) );
#13120 = ORIENTED_EDGE('',*,*,#13121,.T.);
#13121 = EDGE_CURVE('',#13099,#13122,#13124,.T.);
#13122 = VERTEX_POINT('',#13123);
#13123 = CARTESIAN_POINT('',(-3.4,-5.888972745734,0.));
#13124 = SURFACE_CURVE('',#13125,(#13129,#13136),.PCURVE_S1.);
#13125 = LINE('',#13126,#13127);
#13126 = CARTESIAN_POINT('',(-6.8,8.327598234202E-16,0.));
#13127 = VECTOR('',#13128,1.);
#13128 = DIRECTION('',(0.5,-0.866025403784,0.));
#13129 = PCURVE('',#12929,#13130);
#13130 = DEFINITIONAL_REPRESENTATION('',(#13131),#13135);
#13131 = LINE('',#13132,#13133);
#13132 = CARTESIAN_POINT('',(-6.8,7.456835077633E-16));
#13133 = VECTOR('',#13134,1.);
#13134 = DIRECTION('',(0.5,-0.866025403784));
#13135 = ( GEOMETRIC_REPRESENTATION_CONTEXT(2) 
PARAMETRIC_REPRESENTATION_CONTEXT() REPRESENTATION_CONTEXT('2D SPACE',''
  ) );
#13136 = PCURVE('',#13137,#13142);
#13137 = PLANE('',#13138);
#13138 = AXIS2_PLACEMENT_3D('',#13139,#13140,#13141);
#13139 = CARTESIAN_POINT('',(-6.8,8.327598234202E-16,0.));
#13140 = DIRECTION('',(0.866025403784,0.5,-0.));
#13141 = DIRECTION('',(0.5,-0.866025403784,0.));
#13142 = DEFINITIONAL_REPRESENTATION('',(#13143),#13147);
#13143 = LINE('',#13144,#13145);
#13144 = CARTESIAN_POINT('',(0.,0.));
#13145 = VECTOR('',#13146,1.);
#13146 = DIRECTION('',(1.,0.));
#13147 = ( GEOMETRIC_REPRESENTATION_CONTEXT(2) 
PARAMETRIC_REPRESENTATION_CONTEXT() REPRESENTATION_CONTEXT('2D SPACE',''
  ) );
#13148 = ORIENTED_EDGE('',*,*,#13149,.T.);
#13149 = EDGE_CURVE('',#13122,#12945,#13150,.T.);
#13150 = SURFACE_CURVE('',#13151,(#13155,#13162),.PCURVE_S1.);
#13151 = LINE('',#13152,#13153);
#13152 = CARTESIAN_POINT('',(-3.4,-5.888972745734,0.));
#13153 = VECTOR('',#13154,1.);
#13154 = DIRECTION('',(1.,-6.530723674266E-16,0.));
#13155 = PCURVE('',#12929,#13156);
#13156 = DEFINITIONAL_REPRESENTATION('',(#13157),#13161);
#13157 = LINE('',#13158,#13159);
#13158 = CARTESIAN_POINT('',(-3.4,-5.888972745734));
#13159 = VECTOR('',#13160,1.);
#13160 = DIRECTION('',(1.,-6.530723674266E-16));
#13161 = ( GEOMETRIC_REPRESENTATION_CONTEXT(2) 
PARAMETRIC_REPRESENTATION_CONTEXT() REPRESENTATION_CONTEXT('2D SPACE',''
  ) );
#13162 = PCURVE('',#12962,#13163);
#13163 = DEFINITIONAL_REPRESENTATION('',(#13164),#13168);
#13164 = LINE('',#13165,#13166);
#13165 = CARTESIAN_POINT('',(0.,0.));
#13166 = VECTOR('',#13167,1.);
#13167 = DIRECTION('',(1.,0.));
#13168 = ( GEOMETRIC_REPRESENTATION_CONTEXT(2) 
PARAMETRIC_REPRESENTATION_CONTEXT() REPRESENTATION_CONTEXT('2D SPACE',''
  ) );
#13169 = ORIENTED_EDGE('',*,*,#12996,.T.);
#13170 = FACE_BOUND('',#13171,.F.);
#13171 = EDGE_LOOP('',(#13172));
#13172 = ORIENTED_EDGE('',*,*,#13173,.F.);
#13173 = EDGE_CURVE('',#13174,#13174,#13176,.T.);
#13174 = VERTEX_POINT('',#13175);
#13175 = CARTESIAN_POINT('',(4.,0.,0.));
#13176 = SURFACE_CURVE('',#13177,(#13182,#13189),.PCURVE_S1.);
#13177 = CIRCLE('',#13178,4.);
#13178 = AXIS2_PLACEMENT_3D('',#13179,#13180,#13181);
#13179 = CARTESIAN_POINT('',(0.,0.,0.));
#13180 = DIRECTION('',(0.,0.,1.));
#13181 = DIRECTION('',(1.,0.,0.));
#13182 = PCURVE('',#12929,#13183);
#13183 = DEFINITIONAL_REPRESENTATION('',(#13184),#13188);
#13184 = CIRCLE('',#13185,4.);
#13185 = AXIS2_PLACEMENT_2D('',#13186,#13187);
#13186 = CARTESIAN_POINT('',(0.,-8.707631565688E-17));
#13187 = DIRECTION('',(1.,0.));
#13188 = ( GEOMETRIC_REPRESENTATION_CONTEXT(2) 
PARAMETRIC_REPRESENTATION_CONTEXT() REPRESENTATION_CONTEXT('2D SPACE',''
  ) );
#13189 = PCURVE('',#13190,#13195);
#13190 = CYLINDRICAL_SURFACE('',#13191,4.);
#13191 = AXIS2_PLACEMENT_3D('',#13192,#13193,#13194);
#13192 = CARTESIAN_POINT('',(0.,0.,0.));
#13193 = DIRECTION('',(0.,0.,1.));
#13194 = DIRECTION('',(1.,0.,0.));
#13195 = DEFINITIONAL_REPRESENTATION('',(#13196),#13200);
#13196 = LINE('',#13197,#13198);
#13197 = CARTESIAN_POINT('',(0.,0.));
#13198 = VECTOR('',#13199,1.);
#13199 = DIRECTION('',(1.,0.));
#13200 = ( GEOMETRIC_REPRESENTATION_CONTEXT(2) 
PARAMETRIC_REPRESENTATION_CONTEXT() REPRESENTATION_CONTEXT('2D SPACE',''
  ) );
#13201 = ADVANCED_FACE('',(#13202),#12875,.T.);
#13202 = FACE_BOUND('',#13203,.T.);
#13203 = EDGE_LOOP('',(#13204,#13205,#13206,#13229,#13252,#13273));
#13204 = ORIENTED_EDGE('',*,*,#12859,.T.);
#13205 = ORIENTED_EDGE('',*,*,#13021,.T.);
#13206 = ORIENTED_EDGE('',*,*,#13207,.T.);
#13207 = EDGE_CURVE('',#13022,#13208,#13210,.T.);
#13208 = VERTEX_POINT('',#13209);
#13209 = CARTESIAN_POINT('',(-6.8,8.327598234202E-16,5.2));
#13210 = SURFACE_CURVE('',#13211,(#13215,#13222),.PCURVE_S1.);
#13211 = LINE('',#13212,#13213);
#13212 = CARTESIAN_POINT('',(-3.4,5.888972745734,5.2));
#13213 = VECTOR('',#13214,1.);
#13214 = DIRECTION('',(-0.5,-0.866025403784,0.));
#13215 = PCURVE('',#12875,#13216);
#13216 = DEFINITIONAL_REPRESENTATION('',(#13217),#13221);
#13217 = LINE('',#13218,#13219);
#13218 = CARTESIAN_POINT('',(-3.4,5.888972745734));
#13219 = VECTOR('',#13220,1.);
#13220 = DIRECTION('',(-0.5,-0.866025403784));
#13221 = ( GEOMETRIC_REPRESENTATION_CONTEXT(2) 
PARAMETRIC_REPRESENTATION_CONTEXT() REPRESENTATION_CONTEXT('2D SPACE',''
  ) );
#13222 = PCURVE('',#13060,#13223);
#13223 = DEFINITIONAL_REPRESENTATION('',(#13224),#13228);
#13224 = LINE('',#13225,#13226);
#13225 = CARTESIAN_POINT('',(0.,-5.2));
#13226 = VECTOR('',#13227,1.);
#13227 = DIRECTION('',(1.,0.));
#13228 = ( GEOMETRIC_REPRESENTATION_CONTEXT(2) 
PARAMETRIC_REPRESENTATION_CONTEXT() REPRESENTATION_CONTEXT('2D SPACE',''
  ) );
#13229 = ORIENTED_EDGE('',*,*,#13230,.T.);
#13230 = EDGE_CURVE('',#13208,#13231,#13233,.T.);
#13231 = VERTEX_POINT('',#13232);
#13232 = CARTESIAN_POINT('',(-3.4,-5.888972745734,5.2));
#13233 = SURFACE_CURVE('',#13234,(#13238,#13245),.PCURVE_S1.);
#13234 = LINE('',#13235,#13236);
#13235 = CARTESIAN_POINT('',(-6.8,8.327598234202E-16,5.2));
#13236 = VECTOR('',#13237,1.);
#13237 = DIRECTION('',(0.5,-0.866025403784,0.));
#13238 = PCURVE('',#12875,#13239);
#13239 = DEFINITIONAL_REPRESENTATION('',(#13240),#13244);
#13240 = LINE('',#13241,#13242);
#13241 = CARTESIAN_POINT('',(-6.8,7.456835077633E-16));
#13242 = VECTOR('',#13243,1.);
#13243 = DIRECTION('',(0.5,-0.866025403784));
#13244 = ( GEOMETRIC_REPRESENTATION_CONTEXT(2) 
PARAMETRIC_REPRESENTATION_CONTEXT() REPRESENTATION_CONTEXT('2D SPACE',''
  ) );
#13245 = PCURVE('',#13137,#13246);
#13246 = DEFINITIONAL_REPRESENTATION('',(#13247),#13251);
#13247 = LINE('',#13248,#13249);
#13248 = CARTESIAN_POINT('',(0.,-5.2));
#13249 = VECTOR('',#13250,1.);
#13250 = DIRECTION('',(1.,0.));
#13251 = ( GEOMETRIC_REPRESENTATION_CONTEXT(2) 
PARAMETRIC_REPRESENTATION_CONTEXT() REPRESENTATION_CONTEXT('2D SPACE',''
  ) );
#13252 = ORIENTED_EDGE('',*,*,#13253,.T.);
#13253 = EDGE_CURVE('',#13231,#12947,#13254,.T.);
#13254 = SURFACE_CURVE('',#13255,(#13259,#13266),.PCURVE_S1.);
#13255 = LINE('',#13256,#13257);
#13256 = CARTESIAN_POINT('',(-3.4,-5.888972745734,5.2));
#13257 = VECTOR('',#13258,1.);
#13258 = DIRECTION('',(1.,-6.530723674266E-16,0.));
#13259 = PCURVE('',#12875,#13260);
#13260 = DEFINITIONAL_REPRESENTATION('',(#13261),#13265);
#13261 = LINE('',#13262,#13263);
#13262 = CARTESIAN_POINT('',(-3.4,-5.888972745734));
#13263 = VECTOR('',#13264,1.);
#13264 = DIRECTION('',(1.,-6.530723674266E-16));
#13265 = ( GEOMETRIC_REPRESENTATION_CONTEXT(2) 
PARAMETRIC_REPRESENTATION_CONTEXT() REPRESENTATION_CONTEXT('2D SPACE',''
  ) );
#13266 = PCURVE('',#12962,#13267);
#13267 = DEFINITIONAL_REPRESENTATION('',(#13268),#13272);
#13268 = LINE('',#13269,#13270);
#13269 = CARTESIAN_POINT('',(0.,-5.2));
#13270 = VECTOR('',#13271,1.);
#13271 = DIRECTION('',(1.,0.));
#13272 = ( GEOMETRIC_REPRESENTATION_CONTEXT(2) 
PARAMETRIC_REPRESENTATION_CONTEXT() REPRESENTATION_CONTEXT('2D SPACE',''
  ) );
#13273 = ORIENTED_EDGE('',*,*,#12974,.T.);
#13274 = ADVANCED_FACE('',(#13275),#12962,.F.);
#13275 = FACE_BOUND('',#13276,.F.);
#13276 = EDGE_LOOP('',(#13277,#13298,#13299,#13300));
#13277 = ORIENTED_EDGE('',*,*,#13278,.T.);
#13278 = EDGE_CURVE('',#13122,#13231,#13279,.T.);
#13279 = SURFACE_CURVE('',#13280,(#13284,#13291),.PCURVE_S1.);
#13280 = LINE('',#13281,#13282);
#13281 = CARTESIAN_POINT('',(-3.4,-5.888972745734,0.));
#13282 = VECTOR('',#13283,1.);
#13283 = DIRECTION('',(0.,0.,1.));
#13284 = PCURVE('',#12962,#13285);
#13285 = DEFINITIONAL_REPRESENTATION('',(#13286),#13290);
#13286 = LINE('',#13287,#13288);
#13287 = CARTESIAN_POINT('',(0.,0.));
#13288 = VECTOR('',#13289,1.);
#13289 = DIRECTION('',(0.,-1.));
#13290 = ( GEOMETRIC_REPRESENTATION_CONTEXT(2) 
PARAMETRIC_REPRESENTATION_CONTEXT() REPRESENTATION_CONTEXT('2D SPACE',''
  ) );
#13291 = PCURVE('',#13137,#13292);
#13292 = DEFINITIONAL_REPRESENTATION('',(#13293),#13297);
#13293 = LINE('',#13294,#13295);
#13294 = CARTESIAN_POINT('',(6.8,0.));
#13295 = VECTOR('',#13296,1.);
#13296 = DIRECTION('',(0.,-1.));
#13297 = ( GEOMETRIC_REPRESENTATION_CONTEXT(2) 
PARAMETRIC_REPRESENTATION_CONTEXT() REPRESENTATION_CONTEXT('2D SPACE',''
  ) );
#13298 = ORIENTED_EDGE('',*,*,#13253,.T.);
#13299 = ORIENTED_EDGE('',*,*,#12944,.F.);
#13300 = ORIENTED_EDGE('',*,*,#13149,.F.);
#13301 = ADVANCED_FACE('',(#13302),#13060,.F.);
#13302 = FACE_BOUND('',#13303,.F.);
#13303 = EDGE_LOOP('',(#13304,#13305,#13306,#13327));
#13304 = ORIENTED_EDGE('',*,*,#13044,.T.);
#13305 = ORIENTED_EDGE('',*,*,#13207,.T.);
#13306 = ORIENTED_EDGE('',*,*,#13307,.F.);
#13307 = EDGE_CURVE('',#13099,#13208,#13308,.T.);
#13308 = SURFACE_CURVE('',#13309,(#13313,#13320),.PCURVE_S1.);
#13309 = LINE('',#13310,#13311);
#13310 = CARTESIAN_POINT('',(-6.8,8.327598234202E-16,0.));
#13311 = VECTOR('',#13312,1.);
#13312 = DIRECTION('',(0.,0.,1.));
#13313 = PCURVE('',#13060,#13314);
#13314 = DEFINITIONAL_REPRESENTATION('',(#13315),#13319);
#13315 = LINE('',#13316,#13317);
#13316 = CARTESIAN_POINT('',(6.8,0.));
#13317 = VECTOR('',#13318,1.);
#13318 = DIRECTION('',(0.,-1.));
#13319 = ( GEOMETRIC_REPRESENTATION_CONTEXT(2) 
PARAMETRIC_REPRESENTATION_CONTEXT() REPRESENTATION_CONTEXT('2D SPACE',''
  ) );
#13320 = PCURVE('',#13137,#13321);
#13321 = DEFINITIONAL_REPRESENTATION('',(#13322),#13326);
#13322 = LINE('',#13323,#13324);
#13323 = CARTESIAN_POINT('',(0.,0.));
#13324 = VECTOR('',#13325,1.);
#13325 = DIRECTION('',(0.,-1.));
#13326 = ( GEOMETRIC_REPRESENTATION_CONTEXT(2) 
PARAMETRIC_REPRESENTATION_CONTEXT() REPRESENTATION_CONTEXT('2D SPACE',''
  ) );
#13327 = ORIENTED_EDGE('',*,*,#13098,.F.);
#13328 = ADVANCED_FACE('',(#13329),#13137,.F.);
#13329 = FACE_BOUND('',#13330,.F.);
#13330 = EDGE_LOOP('',(#13331,#13332,#13333,#13334));
#13331 = ORIENTED_EDGE('',*,*,#13307,.T.);
#13332 = ORIENTED_EDGE('',*,*,#13230,.T.);
#13333 = ORIENTED_EDGE('',*,*,#13278,.F.);
#13334 = ORIENTED_EDGE('',*,*,#13121,.F.);
#13335 = ADVANCED_FACE('',(#13336),#13190,.T.);
#13336 = FACE_BOUND('',#13337,.T.);
#13337 = EDGE_LOOP('',(#13338,#13361,#13388,#13389));
#13338 = ORIENTED_EDGE('',*,*,#13339,.T.);
#13339 = EDGE_CURVE('',#13174,#13340,#13342,.T.);
#13340 = VERTEX_POINT('',#13341);
#13341 = CARTESIAN_POINT('',(4.,0.,-29.04));
#13342 = SEAM_CURVE('',#13343,(#13347,#13354),.PCURVE_S1.);
#13343 = LINE('',#13344,#13345);
#13344 = CARTESIAN_POINT('',(4.,0.,0.));
#13345 = VECTOR('',#13346,1.);
#13346 = DIRECTION('',(-0.,-0.,-1.));
#13347 = PCURVE('',#13190,#13348);
#13348 = DEFINITIONAL_REPRESENTATION('',(#13349),#13353);
#13349 = LINE('',#13350,#13351);
#13350 = CARTESIAN_POINT('',(0.,0.));
#13351 = VECTOR('',#13352,1.);
#13352 = DIRECTION('',(0.,-1.));
#13353 = ( GEOMETRIC_REPRESENTATION_CONTEXT(2) 
PARAMETRIC_REPRESENTATION_CONTEXT() REPRESENTATION_CONTEXT('2D SPACE',''
  ) );
#13354 = PCURVE('',#13190,#13355);
#13355 = DEFINITIONAL_REPRESENTATION('',(#13356),#13360);
#13356 = LINE('',#13357,#13358);
#13357 = CARTESIAN_POINT('',(6.28318530718,0.));
#13358 = VECTOR('',#13359,1.);
#13359 = DIRECTION('',(0.,-1.));
#13360 = ( GEOMETRIC_REPRESENTATION_CONTEXT(2) 
PARAMETRIC_REPRESENTATION_CONTEXT() REPRESENTATION_CONTEXT('2D SPACE',''
  ) );
#13361 = ORIENTED_EDGE('',*,*,#13362,.T.);
#13362 = EDGE_CURVE('',#13340,#13340,#13363,.T.);
#13363 = SURFACE_CURVE('',#13364,(#13369,#13376),.PCURVE_S1.);
#13364 = CIRCLE('',#13365,4.);
#13365 = AXIS2_PLACEMENT_3D('',#13366,#13367,#13368);
#13366 = CARTESIAN_POINT('',(0.,0.,-29.04));
#13367 = DIRECTION('',(0.,0.,1.));
#13368 = DIRECTION('',(1.,0.,-0.));
#13369 = PCURVE('',#13190,#13370);
#13370 = DEFINITIONAL_REPRESENTATION('',(#13371),#13375);
#13371 = LINE('',#13372,#13373);
#13372 = CARTESIAN_POINT('',(0.,-29.04));
#13373 = VECTOR('',#13374,1.);
#13374 = DIRECTION('',(1.,0.));
#13375 = ( GEOMETRIC_REPRESENTATION_CONTEXT(2) 
PARAMETRIC_REPRESENTATION_CONTEXT() REPRESENTATION_CONTEXT('2D SPACE',''
  ) );
#13376 = PCURVE('',#13377,#13382);
#13377 = CONICAL_SURFACE('',#13378,4.,0.785398163397);
#13378 = AXIS2_PLACEMENT_3D('',#13379,#13380,#13381);
#13379 = CARTESIAN_POINT('',(0.,0.,-29.04));
#13380 = DIRECTION('',(0.,0.,1.));
#13381 = DIRECTION('',(1.,0.,-0.));
#13382 = DEFINITIONAL_REPRESENTATION('',(#13383),#13387);
#13383 = LINE('',#13384,#13385);
#13384 = CARTESIAN_POINT('',(0.,-0.));
#13385 = VECTOR('',#13386,1.);
#13386 = DIRECTION('',(1.,-0.));
#13387 = ( GEOMETRIC_REPRESENTATION_CONTEXT(2) 
PARAMETRIC_REPRESENTATION_CONTEXT() REPRESENTATION_CONTEXT('2D SPACE',''
  ) );
#13388 = ORIENTED_EDGE('',*,*,#13339,.F.);
#13389 = ORIENTED_EDGE('',*,*,#13173,.F.);
#13390 = ADVANCED_FACE('',(#13391),#13377,.T.);
#13391 = FACE_BOUND('',#13392,.F.);
#13392 = EDGE_LOOP('',(#13393,#13414,#13415,#13416));
#13393 = ORIENTED_EDGE('',*,*,#13394,.F.);
#13394 = EDGE_CURVE('',#13340,#13395,#13397,.T.);
#13395 = VERTEX_POINT('',#13396);
#13396 = CARTESIAN_POINT('',(3.04,0.,-30.));
#13397 = SEAM_CURVE('',#13398,(#13402,#13408),.PCURVE_S1.);
#13398 = LINE('',#13399,#13400);
#13399 = CARTESIAN_POINT('',(4.,0.,-29.04));
#13400 = VECTOR('',#13401,1.);
#13401 = DIRECTION('',(-0.707106781187,-0.,-0.707106781187));
#13402 = PCURVE('',#13377,#13403);
#13403 = DEFINITIONAL_REPRESENTATION('',(#13404),#13407);
#13404 = B_SPLINE_CURVE_WITH_KNOTS('',1,(#13405,#13406),.UNSPECIFIED.,
  .F.,.F.,(2,2),(0.,1.357645019878),.PIECEWISE_BEZIER_KNOTS.);
#13405 = CARTESIAN_POINT('',(0.,0.));
#13406 = CARTESIAN_POINT('',(0.,-0.96));
#13407 = ( GEOMETRIC_REPRESENTATION_CONTEXT(2) 
PARAMETRIC_REPRESENTATION_CONTEXT() REPRESENTATION_CONTEXT('2D SPACE',''
  ) );
#13408 = PCURVE('',#13377,#13409);
#13409 = DEFINITIONAL_REPRESENTATION('',(#13410),#13413);
#13410 = B_SPLINE_CURVE_WITH_KNOTS('',1,(#13411,#13412),.UNSPECIFIED.,
  .F.,.F.,(2,2),(0.,1.357645019878),.PIECEWISE_BEZIER_KNOTS.);
#13411 = CARTESIAN_POINT('',(6.28318530718,0.));
#13412 = CARTESIAN_POINT('',(6.28318530718,-0.96));
#13413 = ( GEOMETRIC_REPRESENTATION_CONTEXT(2) 
PARAMETRIC_REPRESENTATION_CONTEXT() REPRESENTATION_CONTEXT('2D SPACE',''
  ) );
#13414 = ORIENTED_EDGE('',*,*,#13362,.T.);
#13415 = ORIENTED_EDGE('',*,*,#13394,.T.);
#13416 = ORIENTED_EDGE('',*,*,#13417,.F.);
#13417 = EDGE_CURVE('',#13395,#13395,#13418,.T.);
#13418 = SURFACE_CURVE('',#13419,(#13424,#13431),.PCURVE_S1.);
#13419 = CIRCLE('',#13420,3.04);
#13420 = AXIS2_PLACEMENT_3D('',#13421,#13422,#13423);
#13421 = CARTESIAN_POINT('',(0.,0.,-30.));
#13422 = DIRECTION('',(0.,0.,1.));
#13423 = DIRECTION('',(1.,0.,-0.));
#13424 = PCURVE('',#13377,#13425);
#13425 = DEFINITIONAL_REPRESENTATION('',(#13426),#13430);
#13426 = LINE('',#13427,#13428);
#13427 = CARTESIAN_POINT('',(0.,-0.96));
#13428 = VECTOR('',#13429,1.);
#13429 = DIRECTION('',(1.,-0.));
#13430 = ( GEOMETRIC_REPRESENTATION_CONTEXT(2) 
PARAMETRIC_REPRESENTATION_CONTEXT() REPRESENTATION_CONTEXT('2D SPACE',''
  ) );
#13431 = PCURVE('',#13432,#13437);
#13432 = PLANE('',#13433);
#13433 = AXIS2_PLACEMENT_3D('',#13434,#13435,#13436);
#13434 = CARTESIAN_POINT('',(-2.563950248511E-16,3.49503809816E-16,-30.)
  );
#13435 = DIRECTION('',(0.,0.,1.));
#13436 = DIRECTION('',(1.,0.,-0.));
#13437 = DEFINITIONAL_REPRESENTATION('',(#13438),#13442);
#13438 = CIRCLE('',#13439,3.04);
#13439 = AXIS2_PLACEMENT_2D('',#13440,#13441);
#13440 = CARTESIAN_POINT('',(2.563950248511E-16,-3.49503809816E-16));
#13441 = DIRECTION('',(1.,0.));
#13442 = ( GEOMETRIC_REPRESENTATION_CONTEXT(2) 
PARAMETRIC_REPRESENTATION_CONTEXT() REPRESENTATION_CONTEXT('2D SPACE',''
  ) );
#13443 = ADVANCED_FACE('',(#13444),#13432,.F.);
#13444 = FACE_BOUND('',#13445,.F.);
#13445 = EDGE_LOOP('',(#13446));
#13446 = ORIENTED_EDGE('',*,*,#13417,.T.);
#13447 = ( GEOMETRIC_REPRESENTATION_CONTEXT(3) 
GLOBAL_UNCERTAINTY_ASSIGNED_CONTEXT((#13451)) 
GLOBAL_UNIT_ASSIGNED_CONTEXT((#13448,#13449,#13450)) 
REPRESENTATION_CONTEXT('Context #1',
  '3D Context with UNIT and UNCERTAINTY') );
#13448 = ( LENGTH_UNIT() NAMED_UNIT(*) SI_UNIT(.MILLI.,.METRE.) );
#13449 = ( NAMED_UNIT(*) PLANE_ANGLE_UNIT() SI_UNIT($,.RADIAN.) );
#13450 = ( NAMED_UNIT(*) SI_UNIT($,.STERADIAN.) SOLID_ANGLE_UNIT() );
#13451 = UNCERTAINTY_MEASURE_WITH_UNIT(LENGTH_MEASURE(1.E-07),#13448,
  'distance_accuracy_value','confusion accuracy');
#13452 = CONTEXT_DEPENDENT_SHAPE_REPRESENTATION(#13453,#13455);
#13453 = ( REPRESENTATION_RELATIONSHIP('','',#12817,#10) 
REPRESENTATION_RELATIONSHIP_WITH_TRANSFORMATION(#13454) 
SHAPE_REPRESENTATION_RELATIONSHIP() );
#13454 = ITEM_DEFINED_TRANSFORMATION('','',#11,#59);
#13455 = PRODUCT_DEFINITION_SHAPE('Placement','Placement of an item',
  #13456);
#13456 = NEXT_ASSEMBLY_USAGE_OCCURRENCE('28','','',#5,#12812,$);
#13457 = PRODUCT_RELATED_PRODUCT_CATEGORY('part',$,(#12814));
#13458 = SHAPE_DEFINITION_REPRESENTATION(#13459,#13465);
#13459 = PRODUCT_DEFINITION_SHAPE('','',#13460);
#13460 = PRODUCT_DEFINITION('design','',#13461,#13464);
#13461 = PRODUCT_DEFINITION_FORMATION('','',#13462);
#13462 = PRODUCT('Open CASCADE STEP translator 7.9 12.13',
  'Open CASCADE STEP translator 7.9 12.13','',(#13463));
#13463 = PRODUCT_CONTEXT('',#2,'mechanical');
#13464 = PRODUCT_DEFINITION_CONTEXT('part definition',#2,'design');
#13465 = ADVANCED_BREP_SHAPE_REPRESENTATION('',(#11,#13466),#14095);
#13466 = MANIFOLD_SOLID_BREP('',#13467);
#13467 = CLOSED_SHELL('',(#13468,#13588,#13664,#13740,#13849,#13922,
    #13949,#13976,#13983,#14038,#14091));
#13468 = ADVANCED_FACE('',(#13469),#13483,.F.);
#13469 = FACE_BOUND('',#13470,.F.);
#13470 = EDGE_LOOP('',(#13471,#13506,#13534,#13562));
#13471 = ORIENTED_EDGE('',*,*,#13472,.T.);
#13472 = EDGE_CURVE('',#13473,#13475,#13477,.T.);
#13473 = VERTEX_POINT('',#13474);
#13474 = CARTESIAN_POINT('',(6.8,0.,0.));
#13475 = VERTEX_POINT('',#13476);
#13476 = CARTESIAN_POINT('',(6.8,0.,5.2));
#13477 = SURFACE_CURVE('',#13478,(#13482,#13494),.PCURVE_S1.);
#13478 = LINE('',#13479,#13480);
#13479 = CARTESIAN_POINT('',(6.8,0.,0.));
#13480 = VECTOR('',#13481,1.);
#13481 = DIRECTION('',(0.,0.,1.));
#13482 = PCURVE('',#13483,#13488);
#13483 = PLANE('',#13484);
#13484 = AXIS2_PLACEMENT_3D('',#13485,#13486,#13487);
#13485 = CARTESIAN_POINT('',(6.8,0.,0.));
#13486 = DIRECTION('',(-0.866025403784,-0.5,0.));
#13487 = DIRECTION('',(-0.5,0.866025403784,0.));
#13488 = DEFINITIONAL_REPRESENTATION('',(#13489),#13493);
#13489 = LINE('',#13490,#13491);
#13490 = CARTESIAN_POINT('',(0.,0.));
#13491 = VECTOR('',#13492,1.);
#13492 = DIRECTION('',(0.,-1.));
#13493 = ( GEOMETRIC_REPRESENTATION_CONTEXT(2) 
PARAMETRIC_REPRESENTATION_CONTEXT() REPRESENTATION_CONTEXT('2D SPACE',''
  ) );
#13494 = PCURVE('',#13495,#13500);
#13495 = PLANE('',#13496);
#13496 = AXIS2_PLACEMENT_3D('',#13497,#13498,#13499);
#13497 = CARTESIAN_POINT('',(3.4,-5.888972745734,0.));
#13498 = DIRECTION('',(-0.866025403784,0.5,0.));
#13499 = DIRECTION('',(0.5,0.866025403784,0.));
#13500 = DEFINITIONAL_REPRESENTATION('',(#13501),#13505);
#13501 = LINE('',#13502,#13503);
#13502 = CARTESIAN_POINT('',(6.8,0.));
#13503 = VECTOR('',#13504,1.);
#13504 = DIRECTION('',(0.,-1.));
#13505 = ( GEOMETRIC_REPRESENTATION_CONTEXT(2) 
PARAMETRIC_REPRESENTATION_CONTEXT() REPRESENTATION_CONTEXT('2D SPACE',''
  ) );
#13506 = ORIENTED_EDGE('',*,*,#13507,.T.);
#13507 = EDGE_CURVE('',#13475,#13508,#13510,.T.);
#13508 = VERTEX_POINT('',#13509);
#13509 = CARTESIAN_POINT('',(3.4,5.888972745734,5.2));
#13510 = SURFACE_CURVE('',#13511,(#13515,#13522),.PCURVE_S1.);
#13511 = LINE('',#13512,#13513);
#13512 = CARTESIAN_POINT('',(6.8,0.,5.2));
#13513 = VECTOR('',#13514,1.);
#13514 = DIRECTION('',(-0.5,0.866025403784,0.));
#13515 = PCURVE('',#13483,#13516);
#13516 = DEFINITIONAL_REPRESENTATION('',(#13517),#13521);
#13517 = LINE('',#13518,#13519);
#13518 = CARTESIAN_POINT('',(0.,-5.2));
#13519 = VECTOR('',#13520,1.);
#13520 = DIRECTION('',(1.,0.));
#13521 = ( GEOMETRIC_REPRESENTATION_CONTEXT(2) 
PARAMETRIC_REPRESENTATION_CONTEXT() REPRESENTATION_CONTEXT('2D SPACE',''
  ) );
#13522 = PCURVE('',#13523,#13528);
#13523 = PLANE('',#13524);
#13524 = AXIS2_PLACEMENT_3D('',#13525,#13526,#13527);
#13525 = CARTESIAN_POINT('',(0.,8.707631565688E-17,5.2));
#13526 = DIRECTION('',(0.,0.,1.));
#13527 = DIRECTION('',(1.,0.,-0.));
#13528 = DEFINITIONAL_REPRESENTATION('',(#13529),#13533);
#13529 = LINE('',#13530,#13531);
#13530 = CARTESIAN_POINT('',(6.8,-8.707631565688E-17));
#13531 = VECTOR('',#13532,1.);
#13532 = DIRECTION('',(-0.5,0.866025403784));
#13533 = ( GEOMETRIC_REPRESENTATION_CONTEXT(2) 
PARAMETRIC_REPRESENTATION_CONTEXT() REPRESENTATION_CONTEXT('2D SPACE',''
  ) );
#13534 = ORIENTED_EDGE('',*,*,#13535,.F.);
#13535 = EDGE_CURVE('',#13536,#13508,#13538,.T.);
#13536 = VERTEX_POINT('',#13537);
#13537 = CARTESIAN_POINT('',(3.4,5.888972745734,0.));
#13538 = SURFACE_CURVE('',#13539,(#13543,#13550),.PCURVE_S1.);
#13539 = LINE('',#13540,#13541);
#13540 = CARTESIAN_POINT('',(3.4,5.888972745734,0.));
#13541 = VECTOR('',#13542,1.);
#13542 = DIRECTION('',(0.,0.,1.));
#13543 = PCURVE('',#13483,#13544);
#13544 = DEFINITIONAL_REPRESENTATION('',(#13545),#13549);
#13545 = LINE('',#13546,#13547);
#13546 = CARTESIAN_POINT('',(6.8,0.));
#13547 = VECTOR('',#13548,1.);
#13548 = DIRECTION('',(0.,-1.));
#13549 = ( GEOMETRIC_REPRESENTATION_CONTEXT(2) 
PARAMETRIC_REPRESENTATION_CONTEXT() REPRESENTATION_CONTEXT('2D SPACE',''
  ) );
#13550 = PCURVE('',#13551,#13556);
#13551 = PLANE('',#13552);
#13552 = AXIS2_PLACEMENT_3D('',#13553,#13554,#13555);
#13553 = CARTESIAN_POINT('',(3.4,5.888972745734,0.));
#13554 = DIRECTION('',(0.,-1.,0.));
#13555 = DIRECTION('',(-1.,0.,0.));
#13556 = DEFINITIONAL_REPRESENTATION('',(#13557),#13561);
#13557 = LINE('',#13558,#13559);
#13558 = CARTESIAN_POINT('',(0.,-0.));
#13559 = VECTOR('',#13560,1.);
#13560 = DIRECTION('',(0.,-1.));
#13561 = ( GEOMETRIC_REPRESENTATION_CONTEXT(2) 
PARAMETRIC_REPRESENTATION_CONTEXT() REPRESENTATION_CONTEXT('2D SPACE',''
  ) );
#13562 = ORIENTED_EDGE('',*,*,#13563,.F.);
#13563 = EDGE_CURVE('',#13473,#13536,#13564,.T.);
#13564 = SURFACE_CURVE('',#13565,(#13569,#13576),.PCURVE_S1.);
#13565 = LINE('',#13566,#13567);
#13566 = CARTESIAN_POINT('',(6.8,0.,0.));
#13567 = VECTOR('',#13568,1.);
#13568 = DIRECTION('',(-0.5,0.866025403784,0.));
#13569 = PCURVE('',#13483,#13570);
#13570 = DEFINITIONAL_REPRESENTATION('',(#13571),#13575);
#13571 = LINE('',#13572,#13573);
#13572 = CARTESIAN_POINT('',(0.,0.));
#13573 = VECTOR('',#13574,1.);
#13574 = DIRECTION('',(1.,0.));
#13575 = ( GEOMETRIC_REPRESENTATION_CONTEXT(2) 
PARAMETRIC_REPRESENTATION_CONTEXT() REPRESENTATION_CONTEXT('2D SPACE',''
  ) );
#13576 = PCURVE('',#13577,#13582);
#13577 = PLANE('',#13578);
#13578 = AXIS2_PLACEMENT_3D('',#13579,#13580,#13581);
#13579 = CARTESIAN_POINT('',(0.,8.707631565688E-17,0.));
#13580 = DIRECTION('',(0.,0.,1.));
#13581 = DIRECTION('',(1.,0.,-0.));
#13582 = DEFINITIONAL_REPRESENTATION('',(#13583),#13587);
#13583 = LINE('',#13584,#13585);
#13584 = CARTESIAN_POINT('',(6.8,-8.707631565688E-17));
#13585 = VECTOR('',#13586,1.);
#13586 = DIRECTION('',(-0.5,0.866025403784));
#13587 = ( GEOMETRIC_REPRESENTATION_CONTEXT(2) 
PARAMETRIC_REPRESENTATION_CONTEXT() REPRESENTATION_CONTEXT('2D SPACE',''
  ) );
#13588 = ADVANCED_FACE('',(#13589),#13495,.F.);
#13589 = FACE_BOUND('',#13590,.F.);
#13590 = EDGE_LOOP('',(#13591,#13621,#13642,#13643));
#13591 = ORIENTED_EDGE('',*,*,#13592,.T.);
#13592 = EDGE_CURVE('',#13593,#13595,#13597,.T.);
#13593 = VERTEX_POINT('',#13594);
#13594 = CARTESIAN_POINT('',(3.4,-5.888972745734,0.));
#13595 = VERTEX_POINT('',#13596);
#13596 = CARTESIAN_POINT('',(3.4,-5.888972745734,5.2));
#13597 = SURFACE_CURVE('',#13598,(#13602,#13609),.PCURVE_S1.);
#13598 = LINE('',#13599,#13600);
#13599 = CARTESIAN_POINT('',(3.4,-5.888972745734,0.));
#13600 = VECTOR('',#13601,1.);
#13601 = DIRECTION('',(0.,0.,1.));
#13602 = PCURVE('',#13495,#13603);
#13603 = DEFINITIONAL_REPRESENTATION('',(#13604),#13608);
#13604 = LINE('',#13605,#13606);
#13605 = CARTESIAN_POINT('',(0.,0.));
#13606 = VECTOR('',#13607,1.);
#13607 = DIRECTION('',(0.,-1.));
#13608 = ( GEOMETRIC_REPRESENTATION_CONTEXT(2) 
PARAMETRIC_REPRESENTATION_CONTEXT() REPRESENTATION_CONTEXT('2D SPACE',''
  ) );
#13609 = PCURVE('',#13610,#13615);
#13610 = PLANE('',#13611);
#13611 = AXIS2_PLACEMENT_3D('',#13612,#13613,#13614);
#13612 = CARTESIAN_POINT('',(-3.4,-5.888972745734,0.));
#13613 = DIRECTION('',(6.530723674266E-16,1.,-0.));
#13614 = DIRECTION('',(1.,-6.530723674266E-16,0.));
#13615 = DEFINITIONAL_REPRESENTATION('',(#13616),#13620);
#13616 = LINE('',#13617,#13618);
#13617 = CARTESIAN_POINT('',(6.8,0.));
#13618 = VECTOR('',#13619,1.);
#13619 = DIRECTION('',(0.,-1.));
#13620 = ( GEOMETRIC_REPRESENTATION_CONTEXT(2) 
PARAMETRIC_REPRESENTATION_CONTEXT() REPRESENTATION_CONTEXT('2D SPACE',''
  ) );
#13621 = ORIENTED_EDGE('',*,*,#13622,.T.);
#13622 = EDGE_CURVE('',#13595,#13475,#13623,.T.);
#13623 = SURFACE_CURVE('',#13624,(#13628,#13635),.PCURVE_S1.);
#13624 = LINE('',#13625,#13626);
#13625 = CARTESIAN_POINT('',(3.4,-5.888972745734,5.2));
#13626 = VECTOR('',#13627,1.);
#13627 = DIRECTION('',(0.5,0.866025403784,0.));
#13628 = PCURVE('',#13495,#13629);
#13629 = DEFINITIONAL_REPRESENTATION('',(#13630),#13634);
#13630 = LINE('',#13631,#13632);
#13631 = CARTESIAN_POINT('',(0.,-5.2));
#13632 = VECTOR('',#13633,1.);
#13633 = DIRECTION('',(1.,0.));
#13634 = ( GEOMETRIC_REPRESENTATION_CONTEXT(2) 
PARAMETRIC_REPRESENTATION_CONTEXT() REPRESENTATION_CONTEXT('2D SPACE',''
  ) );
#13635 = PCURVE('',#13523,#13636);
#13636 = DEFINITIONAL_REPRESENTATION('',(#13637),#13641);
#13637 = LINE('',#13638,#13639);
#13638 = CARTESIAN_POINT('',(3.4,-5.888972745734));
#13639 = VECTOR('',#13640,1.);
#13640 = DIRECTION('',(0.5,0.866025403784));
#13641 = ( GEOMETRIC_REPRESENTATION_CONTEXT(2) 
PARAMETRIC_REPRESENTATION_CONTEXT() REPRESENTATION_CONTEXT('2D SPACE',''
  ) );
#13642 = ORIENTED_EDGE('',*,*,#13472,.F.);
#13643 = ORIENTED_EDGE('',*,*,#13644,.F.);
#13644 = EDGE_CURVE('',#13593,#13473,#13645,.T.);
#13645 = SURFACE_CURVE('',#13646,(#13650,#13657),.PCURVE_S1.);
#13646 = LINE('',#13647,#13648);
#13647 = CARTESIAN_POINT('',(3.4,-5.888972745734,0.));
#13648 = VECTOR('',#13649,1.);
#13649 = DIRECTION('',(0.5,0.866025403784,0.));
#13650 = PCURVE('',#13495,#13651);
#13651 = DEFINITIONAL_REPRESENTATION('',(#13652),#13656);
#13652 = LINE('',#13653,#13654);
#13653 = CARTESIAN_POINT('',(0.,0.));
#13654 = VECTOR('',#13655,1.);
#13655 = DIRECTION('',(1.,0.));
#13656 = ( GEOMETRIC_REPRESENTATION_CONTEXT(2) 
PARAMETRIC_REPRESENTATION_CONTEXT() REPRESENTATION_CONTEXT('2D SPACE',''
  ) );
#13657 = PCURVE('',#13577,#13658);
#13658 = DEFINITIONAL_REPRESENTATION('',(#13659),#13663);
#13659 = LINE('',#13660,#13661);
#13660 = CARTESIAN_POINT('',(3.4,-5.888972745734));
#13661 = VECTOR('',#13662,1.);
#13662 = DIRECTION('',(0.5,0.866025403784));
#13663 = ( GEOMETRIC_REPRESENTATION_CONTEXT(2) 
PARAMETRIC_REPRESENTATION_CONTEXT() REPRESENTATION_CONTEXT('2D SPACE',''
  ) );
#13664 = ADVANCED_FACE('',(#13665),#13551,.F.);
#13665 = FACE_BOUND('',#13666,.F.);
#13666 = EDGE_LOOP('',(#13667,#13668,#13691,#13719));
#13667 = ORIENTED_EDGE('',*,*,#13535,.T.);
#13668 = ORIENTED_EDGE('',*,*,#13669,.T.);
#13669 = EDGE_CURVE('',#13508,#13670,#13672,.T.);
#13670 = VERTEX_POINT('',#13671);
#13671 = CARTESIAN_POINT('',(-3.4,5.888972745734,5.2));
#13672 = SURFACE_CURVE('',#13673,(#13677,#13684),.PCURVE_S1.);
#13673 = LINE('',#13674,#13675);
#13674 = CARTESIAN_POINT('',(3.4,5.888972745734,5.2));
#13675 = VECTOR('',#13676,1.);
#13676 = DIRECTION('',(-1.,0.,0.));
#13677 = PCURVE('',#13551,#13678);
#13678 = DEFINITIONAL_REPRESENTATION('',(#13679),#13683);
#13679 = LINE('',#13680,#13681);
#13680 = CARTESIAN_POINT('',(0.,-5.2));
#13681 = VECTOR('',#13682,1.);
#13682 = DIRECTION('',(1.,0.));
#13683 = ( GEOMETRIC_REPRESENTATION_CONTEXT(2) 
PARAMETRIC_REPRESENTATION_CONTEXT() REPRESENTATION_CONTEXT('2D SPACE',''
  ) );
#13684 = PCURVE('',#13523,#13685);
#13685 = DEFINITIONAL_REPRESENTATION('',(#13686),#13690);
#13686 = LINE('',#13687,#13688);
#13687 = CARTESIAN_POINT('',(3.4,5.888972745734));
#13688 = VECTOR('',#13689,1.);
#13689 = DIRECTION('',(-1.,0.));
#13690 = ( GEOMETRIC_REPRESENTATION_CONTEXT(2) 
PARAMETRIC_REPRESENTATION_CONTEXT() REPRESENTATION_CONTEXT('2D SPACE',''
  ) );
#13691 = ORIENTED_EDGE('',*,*,#13692,.F.);
#13692 = EDGE_CURVE('',#13693,#13670,#13695,.T.);
#13693 = VERTEX_POINT('',#13694);
#13694 = CARTESIAN_POINT('',(-3.4,5.888972745734,0.));
#13695 = SURFACE_CURVE('',#13696,(#13700,#13707),.PCURVE_S1.);
#13696 = LINE('',#13697,#13698);
#13697 = CARTESIAN_POINT('',(-3.4,5.888972745734,0.));
#13698 = VECTOR('',#13699,1.);
#13699 = DIRECTION('',(0.,0.,1.));
#13700 = PCURVE('',#13551,#13701);
#13701 = DEFINITIONAL_REPRESENTATION('',(#13702),#13706);
#13702 = LINE('',#13703,#13704);
#13703 = CARTESIAN_POINT('',(6.8,0.));
#13704 = VECTOR('',#13705,1.);
#13705 = DIRECTION('',(0.,-1.));
#13706 = ( GEOMETRIC_REPRESENTATION_CONTEXT(2) 
PARAMETRIC_REPRESENTATION_CONTEXT() REPRESENTATION_CONTEXT('2D SPACE',''
  ) );
#13707 = PCURVE('',#13708,#13713);
#13708 = PLANE('',#13709);
#13709 = AXIS2_PLACEMENT_3D('',#13710,#13711,#13712);
#13710 = CARTESIAN_POINT('',(-3.4,5.888972745734,0.));
#13711 = DIRECTION('',(0.866025403784,-0.5,0.));
#13712 = DIRECTION('',(-0.5,-0.866025403784,0.));
#13713 = DEFINITIONAL_REPRESENTATION('',(#13714),#13718);
#13714 = LINE('',#13715,#13716);
#13715 = CARTESIAN_POINT('',(0.,0.));
#13716 = VECTOR('',#13717,1.);
#13717 = DIRECTION('',(0.,-1.));
#13718 = ( GEOMETRIC_REPRESENTATION_CONTEXT(2) 
PARAMETRIC_REPRESENTATION_CONTEXT() REPRESENTATION_CONTEXT('2D SPACE',''
  ) );
#13719 = ORIENTED_EDGE('',*,*,#13720,.F.);
#13720 = EDGE_CURVE('',#13536,#13693,#13721,.T.);
#13721 = SURFACE_CURVE('',#13722,(#13726,#13733),.PCURVE_S1.);
#13722 = LINE('',#13723,#13724);
#13723 = CARTESIAN_POINT('',(3.4,5.888972745734,0.));
#13724 = VECTOR('',#13725,1.);
#13725 = DIRECTION('',(-1.,0.,0.));
#13726 = PCURVE('',#13551,#13727);
#13727 = DEFINITIONAL_REPRESENTATION('',(#13728),#13732);
#13728 = LINE('',#13729,#13730);
#13729 = CARTESIAN_POINT('',(0.,-0.));
#13730 = VECTOR('',#13731,1.);
#13731 = DIRECTION('',(1.,0.));
#13732 = ( GEOMETRIC_REPRESENTATION_CONTEXT(2) 
PARAMETRIC_REPRESENTATION_CONTEXT() REPRESENTATION_CONTEXT('2D SPACE',''
  ) );
#13733 = PCURVE('',#13577,#13734);
#13734 = DEFINITIONAL_REPRESENTATION('',(#13735),#13739);
#13735 = LINE('',#13736,#13737);
#13736 = CARTESIAN_POINT('',(3.4,5.888972745734));
#13737 = VECTOR('',#13738,1.);
#13738 = DIRECTION('',(-1.,0.));
#13739 = ( GEOMETRIC_REPRESENTATION_CONTEXT(2) 
PARAMETRIC_REPRESENTATION_CONTEXT() REPRESENTATION_CONTEXT('2D SPACE',''
  ) );
#13740 = ADVANCED_FACE('',(#13741,#13818),#13577,.F.);
#13741 = FACE_BOUND('',#13742,.F.);
#13742 = EDGE_LOOP('',(#13743,#13744,#13745,#13768,#13796,#13817));
#13743 = ORIENTED_EDGE('',*,*,#13563,.T.);
#13744 = ORIENTED_EDGE('',*,*,#13720,.T.);
#13745 = ORIENTED_EDGE('',*,*,#13746,.T.);
#13746 = EDGE_CURVE('',#13693,#13747,#13749,.T.);
#13747 = VERTEX_POINT('',#13748);
#13748 = CARTESIAN_POINT('',(-6.8,8.327598234202E-16,0.));
#13749 = SURFACE_CURVE('',#13750,(#13754,#13761),.PCURVE_S1.);
#13750 = LINE('',#13751,#13752);
#13751 = CARTESIAN_POINT('',(-3.4,5.888972745734,0.));
#13752 = VECTOR('',#13753,1.);
#13753 = DIRECTION('',(-0.5,-0.866025403784,0.));
#13754 = PCURVE('',#13577,#13755);
#13755 = DEFINITIONAL_REPRESENTATION('',(#13756),#13760);
#13756 = LINE('',#13757,#13758);
#13757 = CARTESIAN_POINT('',(-3.4,5.888972745734));
#13758 = VECTOR('',#13759,1.);
#13759 = DIRECTION('',(-0.5,-0.866025403784));
#13760 = ( GEOMETRIC_REPRESENTATION_CONTEXT(2) 
PARAMETRIC_REPRESENTATION_CONTEXT() REPRESENTATION_CONTEXT('2D SPACE',''
  ) );
#13761 = PCURVE('',#13708,#13762);
#13762 = DEFINITIONAL_REPRESENTATION('',(#13763),#13767);
#13763 = LINE('',#13764,#13765);
#13764 = CARTESIAN_POINT('',(0.,0.));
#13765 = VECTOR('',#13766,1.);
#13766 = DIRECTION('',(1.,0.));
#13767 = ( GEOMETRIC_REPRESENTATION_CONTEXT(2) 
PARAMETRIC_REPRESENTATION_CONTEXT() REPRESENTATION_CONTEXT('2D SPACE',''
  ) );
#13768 = ORIENTED_EDGE('',*,*,#13769,.T.);
#13769 = EDGE_CURVE('',#13747,#13770,#13772,.T.);
#13770 = VERTEX_POINT('',#13771);
#13771 = CARTESIAN_POINT('',(-3.4,-5.888972745734,0.));
#13772 = SURFACE_CURVE('',#13773,(#13777,#13784),.PCURVE_S1.);
#13773 = LINE('',#13774,#13775);
#13774 = CARTESIAN_POINT('',(-6.8,8.327598234202E-16,0.));
#13775 = VECTOR('',#13776,1.);
#13776 = DIRECTION('',(0.5,-0.866025403784,0.));
#13777 = PCURVE('',#13577,#13778);
#13778 = DEFINITIONAL_REPRESENTATION('',(#13779),#13783);
#13779 = LINE('',#13780,#13781);
#13780 = CARTESIAN_POINT('',(-6.8,7.456835077633E-16));
#13781 = VECTOR('',#13782,1.);
#13782 = DIRECTION('',(0.5,-0.866025403784));
#13783 = ( GEOMETRIC_REPRESENTATION_CONTEXT(2) 
PARAMETRIC_REPRESENTATION_CONTEXT() REPRESENTATION_CONTEXT('2D SPACE',''
  ) );
#13784 = PCURVE('',#13785,#13790);
#13785 = PLANE('',#13786);
#13786 = AXIS2_PLACEMENT_3D('',#13787,#13788,#13789);
#13787 = CARTESIAN_POINT('',(-6.8,8.327598234202E-16,0.));
#13788 = DIRECTION('',(0.866025403784,0.5,-0.));
#13789 = DIRECTION('',(0.5,-0.866025403784,0.));
#13790 = DEFINITIONAL_REPRESENTATION('',(#13791),#13795);
#13791 = LINE('',#13792,#13793);
#13792 = CARTESIAN_POINT('',(0.,0.));
#13793 = VECTOR('',#13794,1.);
#13794 = DIRECTION('',(1.,0.));
#13795 = ( GEOMETRIC_REPRESENTATION_CONTEXT(2) 
PARAMETRIC_REPRESENTATION_CONTEXT() REPRESENTATION_CONTEXT('2D SPACE',''
  ) );
#13796 = ORIENTED_EDGE('',*,*,#13797,.T.);
#13797 = EDGE_CURVE('',#13770,#13593,#13798,.T.);
#13798 = SURFACE_CURVE('',#13799,(#13803,#13810),.PCURVE_S1.);
#13799 = LINE('',#13800,#13801);
#13800 = CARTESIAN_POINT('',(-3.4,-5.888972745734,0.));
#13801 = VECTOR('',#13802,1.);
#13802 = DIRECTION('',(1.,-6.530723674266E-16,0.));
#13803 = PCURVE('',#13577,#13804);
#13804 = DEFINITIONAL_REPRESENTATION('',(#13805),#13809);
#13805 = LINE('',#13806,#13807);
#13806 = CARTESIAN_POINT('',(-3.4,-5.888972745734));
#13807 = VECTOR('',#13808,1.);
#13808 = DIRECTION('',(1.,-6.530723674266E-16));
#13809 = ( GEOMETRIC_REPRESENTATION_CONTEXT(2) 
PARAMETRIC_REPRESENTATION_CONTEXT() REPRESENTATION_CONTEXT('2D SPACE',''
  ) );
#13810 = PCURVE('',#13610,#13811);
#13811 = DEFINITIONAL_REPRESENTATION('',(#13812),#13816);
#13812 = LINE('',#13813,#13814);
#13813 = CARTESIAN_POINT('',(0.,0.));
#13814 = VECTOR('',#13815,1.);
#13815 = DIRECTION('',(1.,0.));
#13816 = ( GEOMETRIC_REPRESENTATION_CONTEXT(2) 
PARAMETRIC_REPRESENTATION_CONTEXT() REPRESENTATION_CONTEXT('2D SPACE',''
  ) );
#13817 = ORIENTED_EDGE('',*,*,#13644,.T.);
#13818 = FACE_BOUND('',#13819,.F.);
#13819 = EDGE_LOOP('',(#13820));
#13820 = ORIENTED_EDGE('',*,*,#13821,.F.);
#13821 = EDGE_CURVE('',#13822,#13822,#13824,.T.);
#13822 = VERTEX_POINT('',#13823);
#13823 = CARTESIAN_POINT('',(4.,0.,0.));
#13824 = SURFACE_CURVE('',#13825,(#13830,#13837),.PCURVE_S1.);
#13825 = CIRCLE('',#13826,4.);
#13826 = AXIS2_PLACEMENT_3D('',#13827,#13828,#13829);
#13827 = CARTESIAN_POINT('',(0.,0.,0.));
#13828 = DIRECTION('',(0.,0.,1.));
#13829 = DIRECTION('',(1.,0.,0.));
#13830 = PCURVE('',#13577,#13831);
#13831 = DEFINITIONAL_REPRESENTATION('',(#13832),#13836);
#13832 = CIRCLE('',#13833,4.);
#13833 = AXIS2_PLACEMENT_2D('',#13834,#13835);
#13834 = CARTESIAN_POINT('',(0.,-8.707631565688E-17));
#13835 = DIRECTION('',(1.,0.));
#13836 = ( GEOMETRIC_REPRESENTATION_CONTEXT(2) 
PARAMETRIC_REPRESENTATION_CONTEXT() REPRESENTATION_CONTEXT('2D SPACE',''
  ) );
#13837 = PCURVE('',#13838,#13843);
#13838 = CYLINDRICAL_SURFACE('',#13839,4.);
#13839 = AXIS2_PLACEMENT_3D('',#13840,#13841,#13842);
#13840 = CARTESIAN_POINT('',(0.,0.,0.));
#13841 = DIRECTION('',(0.,0.,1.));
#13842 = DIRECTION('',(1.,0.,0.));
#13843 = DEFINITIONAL_REPRESENTATION('',(#13844),#13848);
#13844 = LINE('',#13845,#13846);
#13845 = CARTESIAN_POINT('',(0.,0.));
#13846 = VECTOR('',#13847,1.);
#13847 = DIRECTION('',(1.,0.));
#13848 = ( GEOMETRIC_REPRESENTATION_CONTEXT(2) 
PARAMETRIC_REPRESENTATION_CONTEXT() REPRESENTATION_CONTEXT('2D SPACE',''
  ) );
#13849 = ADVANCED_FACE('',(#13850),#13523,.T.);
#13850 = FACE_BOUND('',#13851,.T.);
#13851 = EDGE_LOOP('',(#13852,#13853,#13854,#13877,#13900,#13921));
#13852 = ORIENTED_EDGE('',*,*,#13507,.T.);
#13853 = ORIENTED_EDGE('',*,*,#13669,.T.);
#13854 = ORIENTED_EDGE('',*,*,#13855,.T.);
#13855 = EDGE_CURVE('',#13670,#13856,#13858,.T.);
#13856 = VERTEX_POINT('',#13857);
#13857 = CARTESIAN_POINT('',(-6.8,8.327598234202E-16,5.2));
#13858 = SURFACE_CURVE('',#13859,(#13863,#13870),.PCURVE_S1.);
#13859 = LINE('',#13860,#13861);
#13860 = CARTESIAN_POINT('',(-3.4,5.888972745734,5.2));
#13861 = VECTOR('',#13862,1.);
#13862 = DIRECTION('',(-0.5,-0.866025403784,0.));
#13863 = PCURVE('',#13523,#13864);
#13864 = DEFINITIONAL_REPRESENTATION('',(#13865),#13869);
#13865 = LINE('',#13866,#13867);
#13866 = CARTESIAN_POINT('',(-3.4,5.888972745734));
#13867 = VECTOR('',#13868,1.);
#13868 = DIRECTION('',(-0.5,-0.866025403784));
#13869 = ( GEOMETRIC_REPRESENTATION_CONTEXT(2) 
PARAMETRIC_REPRESENTATION_CONTEXT() REPRESENTATION_CONTEXT('2D SPACE',''
  ) );
#13870 = PCURVE('',#13708,#13871);
#13871 = DEFINITIONAL_REPRESENTATION('',(#13872),#13876);
#13872 = LINE('',#13873,#13874);
#13873 = CARTESIAN_POINT('',(0.,-5.2));
#13874 = VECTOR('',#13875,1.);
#13875 = DIRECTION('',(1.,0.));
#13876 = ( GEOMETRIC_REPRESENTATION_CONTEXT(2) 
PARAMETRIC_REPRESENTATION_CONTEXT() REPRESENTATION_CONTEXT('2D SPACE',''
  ) );
#13877 = ORIENTED_EDGE('',*,*,#13878,.T.);
#13878 = EDGE_CURVE('',#13856,#13879,#13881,.T.);
#13879 = VERTEX_POINT('',#13880);
#13880 = CARTESIAN_POINT('',(-3.4,-5.888972745734,5.2));
#13881 = SURFACE_CURVE('',#13882,(#13886,#13893),.PCURVE_S1.);
#13882 = LINE('',#13883,#13884);
#13883 = CARTESIAN_POINT('',(-6.8,8.327598234202E-16,5.2));
#13884 = VECTOR('',#13885,1.);
#13885 = DIRECTION('',(0.5,-0.866025403784,0.));
#13886 = PCURVE('',#13523,#13887);
#13887 = DEFINITIONAL_REPRESENTATION('',(#13888),#13892);
#13888 = LINE('',#13889,#13890);
#13889 = CARTESIAN_POINT('',(-6.8,7.456835077633E-16));
#13890 = VECTOR('',#13891,1.);
#13891 = DIRECTION('',(0.5,-0.866025403784));
#13892 = ( GEOMETRIC_REPRESENTATION_CONTEXT(2) 
PARAMETRIC_REPRESENTATION_CONTEXT() REPRESENTATION_CONTEXT('2D SPACE',''
  ) );
#13893 = PCURVE('',#13785,#13894);
#13894 = DEFINITIONAL_REPRESENTATION('',(#13895),#13899);
#13895 = LINE('',#13896,#13897);
#13896 = CARTESIAN_POINT('',(0.,-5.2));
#13897 = VECTOR('',#13898,1.);
#13898 = DIRECTION('',(1.,0.));
#13899 = ( GEOMETRIC_REPRESENTATION_CONTEXT(2) 
PARAMETRIC_REPRESENTATION_CONTEXT() REPRESENTATION_CONTEXT('2D SPACE',''
  ) );
#13900 = ORIENTED_EDGE('',*,*,#13901,.T.);
#13901 = EDGE_CURVE('',#13879,#13595,#13902,.T.);
#13902 = SURFACE_CURVE('',#13903,(#13907,#13914),.PCURVE_S1.);
#13903 = LINE('',#13904,#13905);
#13904 = CARTESIAN_POINT('',(-3.4,-5.888972745734,5.2));
#13905 = VECTOR('',#13906,1.);
#13906 = DIRECTION('',(1.,-6.530723674266E-16,0.));
#13907 = PCURVE('',#13523,#13908);
#13908 = DEFINITIONAL_REPRESENTATION('',(#13909),#13913);
#13909 = LINE('',#13910,#13911);
#13910 = CARTESIAN_POINT('',(-3.4,-5.888972745734));
#13911 = VECTOR('',#13912,1.);
#13912 = DIRECTION('',(1.,-6.530723674266E-16));
#13913 = ( GEOMETRIC_REPRESENTATION_CONTEXT(2) 
PARAMETRIC_REPRESENTATION_CONTEXT() REPRESENTATION_CONTEXT('2D SPACE',''
  ) );
#13914 = PCURVE('',#13610,#13915);
#13915 = DEFINITIONAL_REPRESENTATION('',(#13916),#13920);
#13916 = LINE('',#13917,#13918);
#13917 = CARTESIAN_POINT('',(0.,-5.2));
#13918 = VECTOR('',#13919,1.);
#13919 = DIRECTION('',(1.,0.));
#13920 = ( GEOMETRIC_REPRESENTATION_CONTEXT(2) 
PARAMETRIC_REPRESENTATION_CONTEXT() REPRESENTATION_CONTEXT('2D SPACE',''
  ) );
#13921 = ORIENTED_EDGE('',*,*,#13622,.T.);
#13922 = ADVANCED_FACE('',(#13923),#13610,.F.);
#13923 = FACE_BOUND('',#13924,.F.);
#13924 = EDGE_LOOP('',(#13925,#13946,#13947,#13948));
#13925 = ORIENTED_EDGE('',*,*,#13926,.T.);
#13926 = EDGE_CURVE('',#13770,#13879,#13927,.T.);
#13927 = SURFACE_CURVE('',#13928,(#13932,#13939),.PCURVE_S1.);
#13928 = LINE('',#13929,#13930);
#13929 = CARTESIAN_POINT('',(-3.4,-5.888972745734,0.));
#13930 = VECTOR('',#13931,1.);
#13931 = DIRECTION('',(0.,0.,1.));
#13932 = PCURVE('',#13610,#13933);
#13933 = DEFINITIONAL_REPRESENTATION('',(#13934),#13938);
#13934 = LINE('',#13935,#13936);
#13935 = CARTESIAN_POINT('',(0.,0.));
#13936 = VECTOR('',#13937,1.);
#13937 = DIRECTION('',(0.,-1.));
#13938 = ( GEOMETRIC_REPRESENTATION_CONTEXT(2) 
PARAMETRIC_REPRESENTATION_CONTEXT() REPRESENTATION_CONTEXT('2D SPACE',''
  ) );
#13939 = PCURVE('',#13785,#13940);
#13940 = DEFINITIONAL_REPRESENTATION('',(#13941),#13945);
#13941 = LINE('',#13942,#13943);
#13942 = CARTESIAN_POINT('',(6.8,0.));
#13943 = VECTOR('',#13944,1.);
#13944 = DIRECTION('',(0.,-1.));
#13945 = ( GEOMETRIC_REPRESENTATION_CONTEXT(2) 
PARAMETRIC_REPRESENTATION_CONTEXT() REPRESENTATION_CONTEXT('2D SPACE',''
  ) );
#13946 = ORIENTED_EDGE('',*,*,#13901,.T.);
#13947 = ORIENTED_EDGE('',*,*,#13592,.F.);
#13948 = ORIENTED_EDGE('',*,*,#13797,.F.);
#13949 = ADVANCED_FACE('',(#13950),#13708,.F.);
#13950 = FACE_BOUND('',#13951,.F.);
#13951 = EDGE_LOOP('',(#13952,#13953,#13954,#13975));
#13952 = ORIENTED_EDGE('',*,*,#13692,.T.);
#13953 = ORIENTED_EDGE('',*,*,#13855,.T.);
#13954 = ORIENTED_EDGE('',*,*,#13955,.F.);
#13955 = EDGE_CURVE('',#13747,#13856,#13956,.T.);
#13956 = SURFACE_CURVE('',#13957,(#13961,#13968),.PCURVE_S1.);
#13957 = LINE('',#13958,#13959);
#13958 = CARTESIAN_POINT('',(-6.8,8.327598234202E-16,0.));
#13959 = VECTOR('',#13960,1.);
#13960 = DIRECTION('',(0.,0.,1.));
#13961 = PCURVE('',#13708,#13962);
#13962 = DEFINITIONAL_REPRESENTATION('',(#13963),#13967);
#13963 = LINE('',#13964,#13965);
#13964 = CARTESIAN_POINT('',(6.8,0.));
#13965 = VECTOR('',#13966,1.);
#13966 = DIRECTION('',(0.,-1.));
#13967 = ( GEOMETRIC_REPRESENTATION_CONTEXT(2) 
PARAMETRIC_REPRESENTATION_CONTEXT() REPRESENTATION_CONTEXT('2D SPACE',''
  ) );
#13968 = PCURVE('',#13785,#13969);
#13969 = DEFINITIONAL_REPRESENTATION('',(#13970),#13974);
#13970 = LINE('',#13971,#13972);
#13971 = CARTESIAN_POINT('',(0.,0.));
#13972 = VECTOR('',#13973,1.);
#13973 = DIRECTION('',(0.,-1.));
#13974 = ( GEOMETRIC_REPRESENTATION_CONTEXT(2) 
PARAMETRIC_REPRESENTATION_CONTEXT() REPRESENTATION_CONTEXT('2D SPACE',''
  ) );
#13975 = ORIENTED_EDGE('',*,*,#13746,.F.);
#13976 = ADVANCED_FACE('',(#13977),#13785,.F.);
#13977 = FACE_BOUND('',#13978,.F.);
#13978 = EDGE_LOOP('',(#13979,#13980,#13981,#13982));
#13979 = ORIENTED_EDGE('',*,*,#13955,.T.);
#13980 = ORIENTED_EDGE('',*,*,#13878,.T.);
#13981 = ORIENTED_EDGE('',*,*,#13926,.F.);
#13982 = ORIENTED_EDGE('',*,*,#13769,.F.);
#13983 = ADVANCED_FACE('',(#13984),#13838,.T.);
#13984 = FACE_BOUND('',#13985,.T.);
#13985 = EDGE_LOOP('',(#13986,#14009,#14036,#14037));
#13986 = ORIENTED_EDGE('',*,*,#13987,.T.);
#13987 = EDGE_CURVE('',#13822,#13988,#13990,.T.);
#13988 = VERTEX_POINT('',#13989);
#13989 = CARTESIAN_POINT('',(4.,0.,-29.04));
#13990 = SEAM_CURVE('',#13991,(#13995,#14002),.PCURVE_S1.);
#13991 = LINE('',#13992,#13993);
#13992 = CARTESIAN_POINT('',(4.,0.,0.));
#13993 = VECTOR('',#13994,1.);
#13994 = DIRECTION('',(-0.,-0.,-1.));
#13995 = PCURVE('',#13838,#13996);
#13996 = DEFINITIONAL_REPRESENTATION('',(#13997),#14001);
#13997 = LINE('',#13998,#13999);
#13998 = CARTESIAN_POINT('',(0.,0.));
#13999 = VECTOR('',#14000,1.);
#14000 = DIRECTION('',(0.,-1.));
#14001 = ( GEOMETRIC_REPRESENTATION_CONTEXT(2) 
PARAMETRIC_REPRESENTATION_CONTEXT() REPRESENTATION_CONTEXT('2D SPACE',''
  ) );
#14002 = PCURVE('',#13838,#14003);
#14003 = DEFINITIONAL_REPRESENTATION('',(#14004),#14008);
#14004 = LINE('',#14005,#14006);
#14005 = CARTESIAN_POINT('',(6.28318530718,0.));
#14006 = VECTOR('',#14007,1.);
#14007 = DIRECTION('',(0.,-1.));
#14008 = ( GEOMETRIC_REPRESENTATION_CONTEXT(2) 
PARAMETRIC_REPRESENTATION_CONTEXT() REPRESENTATION_CONTEXT('2D SPACE',''
  ) );
#14009 = ORIENTED_EDGE('',*,*,#14010,.T.);
#14010 = EDGE_CURVE('',#13988,#13988,#14011,.T.);
#14011 = SURFACE_CURVE('',#14012,(#14017,#14024),.PCURVE_S1.);
#14012 = CIRCLE('',#14013,4.);
#14013 = AXIS2_PLACEMENT_3D('',#14014,#14015,#14016);
#14014 = CARTESIAN_POINT('',(0.,0.,-29.04));
#14015 = DIRECTION('',(0.,0.,1.));
#14016 = DIRECTION('',(1.,0.,-0.));
#14017 = PCURVE('',#13838,#14018);
#14018 = DEFINITIONAL_REPRESENTATION('',(#14019),#14023);
#14019 = LINE('',#14020,#14021);
#14020 = CARTESIAN_POINT('',(0.,-29.04));
#14021 = VECTOR('',#14022,1.);
#14022 = DIRECTION('',(1.,0.));
#14023 = ( GEOMETRIC_REPRESENTATION_CONTEXT(2) 
PARAMETRIC_REPRESENTATION_CONTEXT() REPRESENTATION_CONTEXT('2D SPACE',''
  ) );
#14024 = PCURVE('',#14025,#14030);
#14025 = CONICAL_SURFACE('',#14026,4.,0.785398163397);
#14026 = AXIS2_PLACEMENT_3D('',#14027,#14028,#14029);
#14027 = CARTESIAN_POINT('',(0.,0.,-29.04));
#14028 = DIRECTION('',(0.,0.,1.));
#14029 = DIRECTION('',(1.,0.,-0.));
#14030 = DEFINITIONAL_REPRESENTATION('',(#14031),#14035);
#14031 = LINE('',#14032,#14033);
#14032 = CARTESIAN_POINT('',(0.,-0.));
#14033 = VECTOR('',#14034,1.);
#14034 = DIRECTION('',(1.,-0.));
#14035 = ( GEOMETRIC_REPRESENTATION_CONTEXT(2) 
PARAMETRIC_REPRESENTATION_CONTEXT() REPRESENTATION_CONTEXT('2D SPACE',''
  ) );
#14036 = ORIENTED_EDGE('',*,*,#13987,.F.);
#14037 = ORIENTED_EDGE('',*,*,#13821,.F.);
#14038 = ADVANCED_FACE('',(#14039),#14025,.T.);
#14039 = FACE_BOUND('',#14040,.F.);
#14040 = EDGE_LOOP('',(#14041,#14062,#14063,#14064));
#14041 = ORIENTED_EDGE('',*,*,#14042,.F.);
#14042 = EDGE_CURVE('',#13988,#14043,#14045,.T.);
#14043 = VERTEX_POINT('',#14044);
#14044 = CARTESIAN_POINT('',(3.04,0.,-30.));
#14045 = SEAM_CURVE('',#14046,(#14050,#14056),.PCURVE_S1.);
#14046 = LINE('',#14047,#14048);
#14047 = CARTESIAN_POINT('',(4.,0.,-29.04));
#14048 = VECTOR('',#14049,1.);
#14049 = DIRECTION('',(-0.707106781187,-0.,-0.707106781187));
#14050 = PCURVE('',#14025,#14051);
#14051 = DEFINITIONAL_REPRESENTATION('',(#14052),#14055);
#14052 = B_SPLINE_CURVE_WITH_KNOTS('',1,(#14053,#14054),.UNSPECIFIED.,
  .F.,.F.,(2,2),(0.,1.357645019878),.PIECEWISE_BEZIER_KNOTS.);
#14053 = CARTESIAN_POINT('',(0.,0.));
#14054 = CARTESIAN_POINT('',(0.,-0.96));
#14055 = ( GEOMETRIC_REPRESENTATION_CONTEXT(2) 
PARAMETRIC_REPRESENTATION_CONTEXT() REPRESENTATION_CONTEXT('2D SPACE',''
  ) );
#14056 = PCURVE('',#14025,#14057);
#14057 = DEFINITIONAL_REPRESENTATION('',(#14058),#14061);
#14058 = B_SPLINE_CURVE_WITH_KNOTS('',1,(#14059,#14060),.UNSPECIFIED.,
  .F.,.F.,(2,2),(0.,1.357645019878),.PIECEWISE_BEZIER_KNOTS.);
#14059 = CARTESIAN_POINT('',(6.28318530718,0.));
#14060 = CARTESIAN_POINT('',(6.28318530718,-0.96));
#14061 = ( GEOMETRIC_REPRESENTATION_CONTEXT(2) 
PARAMETRIC_REPRESENTATION_CONTEXT() REPRESENTATION_CONTEXT('2D SPACE',''
  ) );
#14062 = ORIENTED_EDGE('',*,*,#14010,.T.);
#14063 = ORIENTED_EDGE('',*,*,#14042,.T.);
#14064 = ORIENTED_EDGE('',*,*,#14065,.F.);
#14065 = EDGE_CURVE('',#14043,#14043,#14066,.T.);
#14066 = SURFACE_CURVE('',#14067,(#14072,#14079),.PCURVE_S1.);
#14067 = CIRCLE('',#14068,3.04);
#14068 = AXIS2_PLACEMENT_3D('',#14069,#14070,#14071);
#14069 = CARTESIAN_POINT('',(0.,0.,-30.));
#14070 = DIRECTION('',(0.,0.,1.));
#14071 = DIRECTION('',(1.,0.,-0.));
#14072 = PCURVE('',#14025,#14073);
#14073 = DEFINITIONAL_REPRESENTATION('',(#14074),#14078);
#14074 = LINE('',#14075,#14076);
#14075 = CARTESIAN_POINT('',(0.,-0.96));
#14076 = VECTOR('',#14077,1.);
#14077 = DIRECTION('',(1.,-0.));
#14078 = ( GEOMETRIC_REPRESENTATION_CONTEXT(2) 
PARAMETRIC_REPRESENTATION_CONTEXT() REPRESENTATION_CONTEXT('2D SPACE',''
  ) );
#14079 = PCURVE('',#14080,#14085);
#14080 = PLANE('',#14081);
#14081 = AXIS2_PLACEMENT_3D('',#14082,#14083,#14084);
#14082 = CARTESIAN_POINT('',(-2.563950248511E-16,3.49503809816E-16,-30.)
  );
#14083 = DIRECTION('',(0.,0.,1.));
#14084 = DIRECTION('',(1.,0.,-0.));
#14085 = DEFINITIONAL_REPRESENTATION('',(#14086),#14090);
#14086 = CIRCLE('',#14087,3.04);
#14087 = AXIS2_PLACEMENT_2D('',#14088,#14089);
#14088 = CARTESIAN_POINT('',(2.563950248511E-16,-3.49503809816E-16));
#14089 = DIRECTION('',(1.,0.));
#14090 = ( GEOMETRIC_REPRESENTATION_CONTEXT(2) 
PARAMETRIC_REPRESENTATION_CONTEXT() REPRESENTATION_CONTEXT('2D SPACE',''
  ) );
#14091 = ADVANCED_FACE('',(#14092),#14080,.F.);
#14092 = FACE_BOUND('',#14093,.F.);
#14093 = EDGE_LOOP('',(#14094));
#14094 = ORIENTED_EDGE('',*,*,#14065,.T.);
#14095 = ( GEOMETRIC_REPRESENTATION_CONTEXT(3) 
GLOBAL_UNCERTAINTY_ASSIGNED_CONTEXT((#14099)) 
GLOBAL_UNIT_ASSIGNED_CONTEXT((#14096,#14097,#14098)) 
REPRESENTATION_CONTEXT('Context #1',
  '3D Context with UNIT and UNCERTAINTY') );
#14096 = ( LENGTH_UNIT() NAMED_UNIT(*) SI_UNIT(.MILLI.,.METRE.) );
#14097 = ( NAMED_UNIT(*) PLANE_ANGLE_UNIT() SI_UNIT($,.RADIAN.) );
#14098 = ( NAMED_UNIT(*) SI_UNIT($,.STERADIAN.) SOLID_ANGLE_UNIT() );
#14099 = UNCERTAINTY_MEASURE_WITH_UNIT(LENGTH_MEASURE(1.E-07),#14096,
  'distance_accuracy_value','confusion accuracy');
#14100 = CONTEXT_DEPENDENT_SHAPE_REPRESENTATION(#14101,#14103);
#14101 = ( REPRESENTATION_RELATIONSHIP('','',#13465,#10) 
REPRESENTATION_RELATIONSHIP_WITH_TRANSFORMATION(#14102) 
SHAPE_REPRESENTATION_RELATIONSHIP() );
#14102 = ITEM_DEFINED_TRANSFORMATION('','',#11,#63);
#14103 = PRODUCT_DEFINITION_SHAPE('Placement','Placement of an item',
  #14104);
#14104 = NEXT_ASSEMBLY_USAGE_OCCURRENCE('29','','',#5,#13460,$);
#14105 = PRODUCT_RELATED_PRODUCT_CATEGORY('part',$,(#13462));
#14106 = SHAPE_DEFINITION_REPRESENTATION(#14107,#14113);
#14107 = PRODUCT_DEFINITION_SHAPE('','',#14108);
#14108 = PRODUCT_DEFINITION('design','',#14109,#14112);
#14109 = PRODUCT_DEFINITION_FORMATION('','',#14110);
#14110 = PRODUCT('Open CASCADE STEP translator 7.9 12.14',
  'Open CASCADE STEP translator 7.9 12.14','',(#14111));
#14111 = PRODUCT_CONTEXT('',#2,'mechanical');
#14112 = PRODUCT_DEFINITION_CONTEXT('part definition',#2,'design');
#14113 = ADVANCED_BREP_SHAPE_REPRESENTATION('',(#11,#14114),#14743);
#14114 = MANIFOLD_SOLID_BREP('',#14115);
#14115 = CLOSED_SHELL('',(#14116,#14236,#14312,#14388,#14497,#14570,
    #14597,#14624,#14631,#14686,#14739));
#14116 = ADVANCED_FACE('',(#14117),#14131,.F.);
#14117 = FACE_BOUND('',#14118,.F.);
#14118 = EDGE_LOOP('',(#14119,#14154,#14182,#14210));
#14119 = ORIENTED_EDGE('',*,*,#14120,.T.);
#14120 = EDGE_CURVE('',#14121,#14123,#14125,.T.);
#14121 = VERTEX_POINT('',#14122);
#14122 = CARTESIAN_POINT('',(6.8,0.,0.));
#14123 = VERTEX_POINT('',#14124);
#14124 = CARTESIAN_POINT('',(6.8,0.,5.2));
#14125 = SURFACE_CURVE('',#14126,(#14130,#14142),.PCURVE_S1.);
#14126 = LINE('',#14127,#14128);
#14127 = CARTESIAN_POINT('',(6.8,0.,0.));
#14128 = VECTOR('',#14129,1.);
#14129 = DIRECTION('',(0.,0.,1.));
#14130 = PCURVE('',#14131,#14136);
#14131 = PLANE('',#14132);
#14132 = AXIS2_PLACEMENT_3D('',#14133,#14134,#14135);
#14133 = CARTESIAN_POINT('',(6.8,0.,0.));
#14134 = DIRECTION('',(-0.866025403784,-0.5,0.));
#14135 = DIRECTION('',(-0.5,0.866025403784,0.));
#14136 = DEFINITIONAL_REPRESENTATION('',(#14137),#14141);
#14137 = LINE('',#14138,#14139);
#14138 = CARTESIAN_POINT('',(0.,0.));
#14139 = VECTOR('',#14140,1.);
#14140 = DIRECTION('',(0.,-1.));
#14141 = ( GEOMETRIC_REPRESENTATION_CONTEXT(2) 
PARAMETRIC_REPRESENTATION_CONTEXT() REPRESENTATION_CONTEXT('2D SPACE',''
  ) );
#14142 = PCURVE('',#14143,#14148);
#14143 = PLANE('',#14144);
#14144 = AXIS2_PLACEMENT_3D('',#14145,#14146,#14147);
#14145 = CARTESIAN_POINT('',(3.4,-5.888972745734,0.));
#14146 = DIRECTION('',(-0.866025403784,0.5,0.));
#14147 = DIRECTION('',(0.5,0.866025403784,0.));
#14148 = DEFINITIONAL_REPRESENTATION('',(#14149),#14153);
#14149 = LINE('',#14150,#14151);
#14150 = CARTESIAN_POINT('',(6.8,0.));
#14151 = VECTOR('',#14152,1.);
#14152 = DIRECTION('',(0.,-1.));
#14153 = ( GEOMETRIC_REPRESENTATION_CONTEXT(2) 
PARAMETRIC_REPRESENTATION_CONTEXT() REPRESENTATION_CONTEXT('2D SPACE',''
  ) );
#14154 = ORIENTED_EDGE('',*,*,#14155,.T.);
#14155 = EDGE_CURVE('',#14123,#14156,#14158,.T.);
#14156 = VERTEX_POINT('',#14157);
#14157 = CARTESIAN_POINT('',(3.4,5.888972745734,5.2));
#14158 = SURFACE_CURVE('',#14159,(#14163,#14170),.PCURVE_S1.);
#14159 = LINE('',#14160,#14161);
#14160 = CARTESIAN_POINT('',(6.8,0.,5.2));
#14161 = VECTOR('',#14162,1.);
#14162 = DIRECTION('',(-0.5,0.866025403784,0.));
#14163 = PCURVE('',#14131,#14164);
#14164 = DEFINITIONAL_REPRESENTATION('',(#14165),#14169);
#14165 = LINE('',#14166,#14167);
#14166 = CARTESIAN_POINT('',(0.,-5.2));
#14167 = VECTOR('',#14168,1.);
#14168 = DIRECTION('',(1.,0.));
#14169 = ( GEOMETRIC_REPRESENTATION_CONTEXT(2) 
PARAMETRIC_REPRESENTATION_CONTEXT() REPRESENTATION_CONTEXT('2D SPACE',''
  ) );
#14170 = PCURVE('',#14171,#14176);
#14171 = PLANE('',#14172);
#14172 = AXIS2_PLACEMENT_3D('',#14173,#14174,#14175);
#14173 = CARTESIAN_POINT('',(0.,8.707631565688E-17,5.2));
#14174 = DIRECTION('',(0.,0.,1.));
#14175 = DIRECTION('',(1.,0.,-0.));
#14176 = DEFINITIONAL_REPRESENTATION('',(#14177),#14181);
#14177 = LINE('',#14178,#14179);
#14178 = CARTESIAN_POINT('',(6.8,-8.707631565688E-17));
#14179 = VECTOR('',#14180,1.);
#14180 = DIRECTION('',(-0.5,0.866025403784));
#14181 = ( GEOMETRIC_REPRESENTATION_CONTEXT(2) 
PARAMETRIC_REPRESENTATION_CONTEXT() REPRESENTATION_CONTEXT('2D SPACE',''
  ) );
#14182 = ORIENTED_EDGE('',*,*,#14183,.F.);
#14183 = EDGE_CURVE('',#14184,#14156,#14186,.T.);
#14184 = VERTEX_POINT('',#14185);
#14185 = CARTESIAN_POINT('',(3.4,5.888972745734,0.));
#14186 = SURFACE_CURVE('',#14187,(#14191,#14198),.PCURVE_S1.);
#14187 = LINE('',#14188,#14189);
#14188 = CARTESIAN_POINT('',(3.4,5.888972745734,0.));
#14189 = VECTOR('',#14190,1.);
#14190 = DIRECTION('',(0.,0.,1.));
#14191 = PCURVE('',#14131,#14192);
#14192 = DEFINITIONAL_REPRESENTATION('',(#14193),#14197);
#14193 = LINE('',#14194,#14195);
#14194 = CARTESIAN_POINT('',(6.8,0.));
#14195 = VECTOR('',#14196,1.);
#14196 = DIRECTION('',(0.,-1.));
#14197 = ( GEOMETRIC_REPRESENTATION_CONTEXT(2) 
PARAMETRIC_REPRESENTATION_CONTEXT() REPRESENTATION_CONTEXT('2D SPACE',''
  ) );
#14198 = PCURVE('',#14199,#14204);
#14199 = PLANE('',#14200);
#14200 = AXIS2_PLACEMENT_3D('',#14201,#14202,#14203);
#14201 = CARTESIAN_POINT('',(3.4,5.888972745734,0.));
#14202 = DIRECTION('',(0.,-1.,0.));
#14203 = DIRECTION('',(-1.,0.,0.));
#14204 = DEFINITIONAL_REPRESENTATION('',(#14205),#14209);
#14205 = LINE('',#14206,#14207);
#14206 = CARTESIAN_POINT('',(0.,-0.));
#14207 = VECTOR('',#14208,1.);
#14208 = DIRECTION('',(0.,-1.));
#14209 = ( GEOMETRIC_REPRESENTATION_CONTEXT(2) 
PARAMETRIC_REPRESENTATION_CONTEXT() REPRESENTATION_CONTEXT('2D SPACE',''
  ) );
#14210 = ORIENTED_EDGE('',*,*,#14211,.F.);
#14211 = EDGE_CURVE('',#14121,#14184,#14212,.T.);
#14212 = SURFACE_CURVE('',#14213,(#14217,#14224),.PCURVE_S1.);
#14213 = LINE('',#14214,#14215);
#14214 = CARTESIAN_POINT('',(6.8,0.,0.));
#14215 = VECTOR('',#14216,1.);
#14216 = DIRECTION('',(-0.5,0.866025403784,0.));
#14217 = PCURVE('',#14131,#14218);
#14218 = DEFINITIONAL_REPRESENTATION('',(#14219),#14223);
#14219 = LINE('',#14220,#14221);
#14220 = CARTESIAN_POINT('',(0.,0.));
#14221 = VECTOR('',#14222,1.);
#14222 = DIRECTION('',(1.,0.));
#14223 = ( GEOMETRIC_REPRESENTATION_CONTEXT(2) 
PARAMETRIC_REPRESENTATION_CONTEXT() REPRESENTATION_CONTEXT('2D SPACE',''
  ) );
#14224 = PCURVE('',#14225,#14230);
#14225 = PLANE('',#14226);
#14226 = AXIS2_PLACEMENT_3D('',#14227,#14228,#14229);
#14227 = CARTESIAN_POINT('',(0.,8.707631565688E-17,0.));
#14228 = DIRECTION('',(0.,0.,1.));
#14229 = DIRECTION('',(1.,0.,-0.));
#14230 = DEFINITIONAL_REPRESENTATION('',(#14231),#14235);
#14231 = LINE('',#14232,#14233);
#14232 = CARTESIAN_POINT('',(6.8,-8.707631565688E-17));
#14233 = VECTOR('',#14234,1.);
#14234 = DIRECTION('',(-0.5,0.866025403784));
#14235 = ( GEOMETRIC_REPRESENTATION_CONTEXT(2) 
PARAMETRIC_REPRESENTATION_CONTEXT() REPRESENTATION_CONTEXT('2D SPACE',''
  ) );
#14236 = ADVANCED_FACE('',(#14237),#14143,.F.);
#14237 = FACE_BOUND('',#14238,.F.);
#14238 = EDGE_LOOP('',(#14239,#14269,#14290,#14291));
#14239 = ORIENTED_EDGE('',*,*,#14240,.T.);
#14240 = EDGE_CURVE('',#14241,#14243,#14245,.T.);
#14241 = VERTEX_POINT('',#14242);
#14242 = CARTESIAN_POINT('',(3.4,-5.888972745734,0.));
#14243 = VERTEX_POINT('',#14244);
#14244 = CARTESIAN_POINT('',(3.4,-5.888972745734,5.2));
#14245 = SURFACE_CURVE('',#14246,(#14250,#14257),.PCURVE_S1.);
#14246 = LINE('',#14247,#14248);
#14247 = CARTESIAN_POINT('',(3.4,-5.888972745734,0.));
#14248 = VECTOR('',#14249,1.);
#14249 = DIRECTION('',(0.,0.,1.));
#14250 = PCURVE('',#14143,#14251);
#14251 = DEFINITIONAL_REPRESENTATION('',(#14252),#14256);
#14252 = LINE('',#14253,#14254);
#14253 = CARTESIAN_POINT('',(0.,0.));
#14254 = VECTOR('',#14255,1.);
#14255 = DIRECTION('',(0.,-1.));
#14256 = ( GEOMETRIC_REPRESENTATION_CONTEXT(2) 
PARAMETRIC_REPRESENTATION_CONTEXT() REPRESENTATION_CONTEXT('2D SPACE',''
  ) );
#14257 = PCURVE('',#14258,#14263);
#14258 = PLANE('',#14259);
#14259 = AXIS2_PLACEMENT_3D('',#14260,#14261,#14262);
#14260 = CARTESIAN_POINT('',(-3.4,-5.888972745734,0.));
#14261 = DIRECTION('',(6.530723674266E-16,1.,-0.));
#14262 = DIRECTION('',(1.,-6.530723674266E-16,0.));
#14263 = DEFINITIONAL_REPRESENTATION('',(#14264),#14268);
#14264 = LINE('',#14265,#14266);
#14265 = CARTESIAN_POINT('',(6.8,0.));
#14266 = VECTOR('',#14267,1.);
#14267 = DIRECTION('',(0.,-1.));
#14268 = ( GEOMETRIC_REPRESENTATION_CONTEXT(2) 
PARAMETRIC_REPRESENTATION_CONTEXT() REPRESENTATION_CONTEXT('2D SPACE',''
  ) );
#14269 = ORIENTED_EDGE('',*,*,#14270,.T.);
#14270 = EDGE_CURVE('',#14243,#14123,#14271,.T.);
#14271 = SURFACE_CURVE('',#14272,(#14276,#14283),.PCURVE_S1.);
#14272 = LINE('',#14273,#14274);
#14273 = CARTESIAN_POINT('',(3.4,-5.888972745734,5.2));
#14274 = VECTOR('',#14275,1.);
#14275 = DIRECTION('',(0.5,0.866025403784,0.));
#14276 = PCURVE('',#14143,#14277);
#14277 = DEFINITIONAL_REPRESENTATION('',(#14278),#14282);
#14278 = LINE('',#14279,#14280);
#14279 = CARTESIAN_POINT('',(0.,-5.2));
#14280 = VECTOR('',#14281,1.);
#14281 = DIRECTION('',(1.,0.));
#14282 = ( GEOMETRIC_REPRESENTATION_CONTEXT(2) 
PARAMETRIC_REPRESENTATION_CONTEXT() REPRESENTATION_CONTEXT('2D SPACE',''
  ) );
#14283 = PCURVE('',#14171,#14284);
#14284 = DEFINITIONAL_REPRESENTATION('',(#14285),#14289);
#14285 = LINE('',#14286,#14287);
#14286 = CARTESIAN_POINT('',(3.4,-5.888972745734));
#14287 = VECTOR('',#14288,1.);
#14288 = DIRECTION('',(0.5,0.866025403784));
#14289 = ( GEOMETRIC_REPRESENTATION_CONTEXT(2) 
PARAMETRIC_REPRESENTATION_CONTEXT() REPRESENTATION_CONTEXT('2D SPACE',''
  ) );
#14290 = ORIENTED_EDGE('',*,*,#14120,.F.);
#14291 = ORIENTED_EDGE('',*,*,#14292,.F.);
#14292 = EDGE_CURVE('',#14241,#14121,#14293,.T.);
#14293 = SURFACE_CURVE('',#14294,(#14298,#14305),.PCURVE_S1.);
#14294 = LINE('',#14295,#14296);
#14295 = CARTESIAN_POINT('',(3.4,-5.888972745734,0.));
#14296 = VECTOR('',#14297,1.);
#14297 = DIRECTION('',(0.5,0.866025403784,0.));
#14298 = PCURVE('',#14143,#14299);
#14299 = DEFINITIONAL_REPRESENTATION('',(#14300),#14304);
#14300 = LINE('',#14301,#14302);
#14301 = CARTESIAN_POINT('',(0.,0.));
#14302 = VECTOR('',#14303,1.);
#14303 = DIRECTION('',(1.,0.));
#14304 = ( GEOMETRIC_REPRESENTATION_CONTEXT(2) 
PARAMETRIC_REPRESENTATION_CONTEXT() REPRESENTATION_CONTEXT('2D SPACE',''
  ) );
#14305 = PCURVE('',#14225,#14306);
#14306 = DEFINITIONAL_REPRESENTATION('',(#14307),#14311);
#14307 = LINE('',#14308,#14309);
#14308 = CARTESIAN_POINT('',(3.4,-5.888972745734));
#14309 = VECTOR('',#14310,1.);
#14310 = DIRECTION('',(0.5,0.866025403784));
#14311 = ( GEOMETRIC_REPRESENTATION_CONTEXT(2) 
PARAMETRIC_REPRESENTATION_CONTEXT() REPRESENTATION_CONTEXT('2D SPACE',''
  ) );
#14312 = ADVANCED_FACE('',(#14313),#14199,.F.);
#14313 = FACE_BOUND('',#14314,.F.);
#14314 = EDGE_LOOP('',(#14315,#14316,#14339,#14367));
#14315 = ORIENTED_EDGE('',*,*,#14183,.T.);
#14316 = ORIENTED_EDGE('',*,*,#14317,.T.);
#14317 = EDGE_CURVE('',#14156,#14318,#14320,.T.);
#14318 = VERTEX_POINT('',#14319);
#14319 = CARTESIAN_POINT('',(-3.4,5.888972745734,5.2));
#14320 = SURFACE_CURVE('',#14321,(#14325,#14332),.PCURVE_S1.);
#14321 = LINE('',#14322,#14323);
#14322 = CARTESIAN_POINT('',(3.4,5.888972745734,5.2));
#14323 = VECTOR('',#14324,1.);
#14324 = DIRECTION('',(-1.,0.,0.));
#14325 = PCURVE('',#14199,#14326);
#14326 = DEFINITIONAL_REPRESENTATION('',(#14327),#14331);
#14327 = LINE('',#14328,#14329);
#14328 = CARTESIAN_POINT('',(0.,-5.2));
#14329 = VECTOR('',#14330,1.);
#14330 = DIRECTION('',(1.,0.));
#14331 = ( GEOMETRIC_REPRESENTATION_CONTEXT(2) 
PARAMETRIC_REPRESENTATION_CONTEXT() REPRESENTATION_CONTEXT('2D SPACE',''
  ) );
#14332 = PCURVE('',#14171,#14333);
#14333 = DEFINITIONAL_REPRESENTATION('',(#14334),#14338);
#14334 = LINE('',#14335,#14336);
#14335 = CARTESIAN_POINT('',(3.4,5.888972745734));
#14336 = VECTOR('',#14337,1.);
#14337 = DIRECTION('',(-1.,0.));
#14338 = ( GEOMETRIC_REPRESENTATION_CONTEXT(2) 
PARAMETRIC_REPRESENTATION_CONTEXT() REPRESENTATION_CONTEXT('2D SPACE',''
  ) );
#14339 = ORIENTED_EDGE('',*,*,#14340,.F.);
#14340 = EDGE_CURVE('',#14341,#14318,#14343,.T.);
#14341 = VERTEX_POINT('',#14342);
#14342 = CARTESIAN_POINT('',(-3.4,5.888972745734,0.));
#14343 = SURFACE_CURVE('',#14344,(#14348,#14355),.PCURVE_S1.);
#14344 = LINE('',#14345,#14346);
#14345 = CARTESIAN_POINT('',(-3.4,5.888972745734,0.));
#14346 = VECTOR('',#14347,1.);
#14347 = DIRECTION('',(0.,0.,1.));
#14348 = PCURVE('',#14199,#14349);
#14349 = DEFINITIONAL_REPRESENTATION('',(#14350),#14354);
#14350 = LINE('',#14351,#14352);
#14351 = CARTESIAN_POINT('',(6.8,0.));
#14352 = VECTOR('',#14353,1.);
#14353 = DIRECTION('',(0.,-1.));
#14354 = ( GEOMETRIC_REPRESENTATION_CONTEXT(2) 
PARAMETRIC_REPRESENTATION_CONTEXT() REPRESENTATION_CONTEXT('2D SPACE',''
  ) );
#14355 = PCURVE('',#14356,#14361);
#14356 = PLANE('',#14357);
#14357 = AXIS2_PLACEMENT_3D('',#14358,#14359,#14360);
#14358 = CARTESIAN_POINT('',(-3.4,5.888972745734,0.));
#14359 = DIRECTION('',(0.866025403784,-0.5,0.));
#14360 = DIRECTION('',(-0.5,-0.866025403784,0.));
#14361 = DEFINITIONAL_REPRESENTATION('',(#14362),#14366);
#14362 = LINE('',#14363,#14364);
#14363 = CARTESIAN_POINT('',(0.,0.));
#14364 = VECTOR('',#14365,1.);
#14365 = DIRECTION('',(0.,-1.));
#14366 = ( GEOMETRIC_REPRESENTATION_CONTEXT(2) 
PARAMETRIC_REPRESENTATION_CONTEXT() REPRESENTATION_CONTEXT('2D SPACE',''
  ) );
#14367 = ORIENTED_EDGE('',*,*,#14368,.F.);
#14368 = EDGE_CURVE('',#14184,#14341,#14369,.T.);
#14369 = SURFACE_CURVE('',#14370,(#14374,#14381),.PCURVE_S1.);
#14370 = LINE('',#14371,#14372);
#14371 = CARTESIAN_POINT('',(3.4,5.888972745734,0.));
#14372 = VECTOR('',#14373,1.);
#14373 = DIRECTION('',(-1.,0.,0.));
#14374 = PCURVE('',#14199,#14375);
#14375 = DEFINITIONAL_REPRESENTATION('',(#14376),#14380);
#14376 = LINE('',#14377,#14378);
#14377 = CARTESIAN_POINT('',(0.,-0.));
#14378 = VECTOR('',#14379,1.);
#14379 = DIRECTION('',(1.,0.));
#14380 = ( GEOMETRIC_REPRESENTATION_CONTEXT(2) 
PARAMETRIC_REPRESENTATION_CONTEXT() REPRESENTATION_CONTEXT('2D SPACE',''
  ) );
#14381 = PCURVE('',#14225,#14382);
#14382 = DEFINITIONAL_REPRESENTATION('',(#14383),#14387);
#14383 = LINE('',#14384,#14385);
#14384 = CARTESIAN_POINT('',(3.4,5.888972745734));
#14385 = VECTOR('',#14386,1.);
#14386 = DIRECTION('',(-1.,0.));
#14387 = ( GEOMETRIC_REPRESENTATION_CONTEXT(2) 
PARAMETRIC_REPRESENTATION_CONTEXT() REPRESENTATION_CONTEXT('2D SPACE',''
  ) );
#14388 = ADVANCED_FACE('',(#14389,#14466),#14225,.F.);
#14389 = FACE_BOUND('',#14390,.F.);
#14390 = EDGE_LOOP('',(#14391,#14392,#14393,#14416,#14444,#14465));
#14391 = ORIENTED_EDGE('',*,*,#14211,.T.);
#14392 = ORIENTED_EDGE('',*,*,#14368,.T.);
#14393 = ORIENTED_EDGE('',*,*,#14394,.T.);
#14394 = EDGE_CURVE('',#14341,#14395,#14397,.T.);
#14395 = VERTEX_POINT('',#14396);
#14396 = CARTESIAN_POINT('',(-6.8,8.327598234202E-16,0.));
#14397 = SURFACE_CURVE('',#14398,(#14402,#14409),.PCURVE_S1.);
#14398 = LINE('',#14399,#14400);
#14399 = CARTESIAN_POINT('',(-3.4,5.888972745734,0.));
#14400 = VECTOR('',#14401,1.);
#14401 = DIRECTION('',(-0.5,-0.866025403784,0.));
#14402 = PCURVE('',#14225,#14403);
#14403 = DEFINITIONAL_REPRESENTATION('',(#14404),#14408);
#14404 = LINE('',#14405,#14406);
#14405 = CARTESIAN_POINT('',(-3.4,5.888972745734));
#14406 = VECTOR('',#14407,1.);
#14407 = DIRECTION('',(-0.5,-0.866025403784));
#14408 = ( GEOMETRIC_REPRESENTATION_CONTEXT(2) 
PARAMETRIC_REPRESENTATION_CONTEXT() REPRESENTATION_CONTEXT('2D SPACE',''
  ) );
#14409 = PCURVE('',#14356,#14410);
#14410 = DEFINITIONAL_REPRESENTATION('',(#14411),#14415);
#14411 = LINE('',#14412,#14413);
#14412 = CARTESIAN_POINT('',(0.,0.));
#14413 = VECTOR('',#14414,1.);
#14414 = DIRECTION('',(1.,0.));
#14415 = ( GEOMETRIC_REPRESENTATION_CONTEXT(2) 
PARAMETRIC_REPRESENTATION_CONTEXT() REPRESENTATION_CONTEXT('2D SPACE',''
  ) );
#14416 = ORIENTED_EDGE('',*,*,#14417,.T.);
#14417 = EDGE_CURVE('',#14395,#14418,#14420,.T.);
#14418 = VERTEX_POINT('',#14419);
#14419 = CARTESIAN_POINT('',(-3.4,-5.888972745734,0.));
#14420 = SURFACE_CURVE('',#14421,(#14425,#14432),.PCURVE_S1.);
#14421 = LINE('',#14422,#14423);
#14422 = CARTESIAN_POINT('',(-6.8,8.327598234202E-16,0.));
#14423 = VECTOR('',#14424,1.);
#14424 = DIRECTION('',(0.5,-0.866025403784,0.));
#14425 = PCURVE('',#14225,#14426);
#14426 = DEFINITIONAL_REPRESENTATION('',(#14427),#14431);
#14427 = LINE('',#14428,#14429);
#14428 = CARTESIAN_POINT('',(-6.8,7.456835077633E-16));
#14429 = VECTOR('',#14430,1.);
#14430 = DIRECTION('',(0.5,-0.866025403784));
#14431 = ( GEOMETRIC_REPRESENTATION_CONTEXT(2) 
PARAMETRIC_REPRESENTATION_CONTEXT() REPRESENTATION_CONTEXT('2D SPACE',''
  ) );
#14432 = PCURVE('',#14433,#14438);
#14433 = PLANE('',#14434);
#14434 = AXIS2_PLACEMENT_3D('',#14435,#14436,#14437);
#14435 = CARTESIAN_POINT('',(-6.8,8.327598234202E-16,0.));
#14436 = DIRECTION('',(0.866025403784,0.5,-0.));
#14437 = DIRECTION('',(0.5,-0.866025403784,0.));
#14438 = DEFINITIONAL_REPRESENTATION('',(#14439),#14443);
#14439 = LINE('',#14440,#14441);
#14440 = CARTESIAN_POINT('',(0.,0.));
#14441 = VECTOR('',#14442,1.);
#14442 = DIRECTION('',(1.,0.));
#14443 = ( GEOMETRIC_REPRESENTATION_CONTEXT(2) 
PARAMETRIC_REPRESENTATION_CONTEXT() REPRESENTATION_CONTEXT('2D SPACE',''
  ) );
#14444 = ORIENTED_EDGE('',*,*,#14445,.T.);
#14445 = EDGE_CURVE('',#14418,#14241,#14446,.T.);
#14446 = SURFACE_CURVE('',#14447,(#14451,#14458),.PCURVE_S1.);
#14447 = LINE('',#14448,#14449);
#14448 = CARTESIAN_POINT('',(-3.4,-5.888972745734,0.));
#14449 = VECTOR('',#14450,1.);
#14450 = DIRECTION('',(1.,-6.530723674266E-16,0.));
#14451 = PCURVE('',#14225,#14452);
#14452 = DEFINITIONAL_REPRESENTATION('',(#14453),#14457);
#14453 = LINE('',#14454,#14455);
#14454 = CARTESIAN_POINT('',(-3.4,-5.888972745734));
#14455 = VECTOR('',#14456,1.);
#14456 = DIRECTION('',(1.,-6.530723674266E-16));
#14457 = ( GEOMETRIC_REPRESENTATION_CONTEXT(2) 
PARAMETRIC_REPRESENTATION_CONTEXT() REPRESENTATION_CONTEXT('2D SPACE',''
  ) );
#14458 = PCURVE('',#14258,#14459);
#14459 = DEFINITIONAL_REPRESENTATION('',(#14460),#14464);
#14460 = LINE('',#14461,#14462);
#14461 = CARTESIAN_POINT('',(0.,0.));
#14462 = VECTOR('',#14463,1.);
#14463 = DIRECTION('',(1.,0.));
#14464 = ( GEOMETRIC_REPRESENTATION_CONTEXT(2) 
PARAMETRIC_REPRESENTATION_CONTEXT() REPRESENTATION_CONTEXT('2D SPACE',''
  ) );
#14465 = ORIENTED_EDGE('',*,*,#14292,.T.);
#14466 = FACE_BOUND('',#14467,.F.);
#14467 = EDGE_LOOP('',(#14468));
#14468 = ORIENTED_EDGE('',*,*,#14469,.F.);
#14469 = EDGE_CURVE('',#14470,#14470,#14472,.T.);
#14470 = VERTEX_POINT('',#14471);
#14471 = CARTESIAN_POINT('',(4.,0.,0.));
#14472 = SURFACE_CURVE('',#14473,(#14478,#14485),.PCURVE_S1.);
#14473 = CIRCLE('',#14474,4.);
#14474 = AXIS2_PLACEMENT_3D('',#14475,#14476,#14477);
#14475 = CARTESIAN_POINT('',(0.,0.,0.));
#14476 = DIRECTION('',(0.,0.,1.));
#14477 = DIRECTION('',(1.,0.,0.));
#14478 = PCURVE('',#14225,#14479);
#14479 = DEFINITIONAL_REPRESENTATION('',(#14480),#14484);
#14480 = CIRCLE('',#14481,4.);
#14481 = AXIS2_PLACEMENT_2D('',#14482,#14483);
#14482 = CARTESIAN_POINT('',(0.,-8.707631565688E-17));
#14483 = DIRECTION('',(1.,0.));
#14484 = ( GEOMETRIC_REPRESENTATION_CONTEXT(2) 
PARAMETRIC_REPRESENTATION_CONTEXT() REPRESENTATION_CONTEXT('2D SPACE',''
  ) );
#14485 = PCURVE('',#14486,#14491);
#14486 = CYLINDRICAL_SURFACE('',#14487,4.);
#14487 = AXIS2_PLACEMENT_3D('',#14488,#14489,#14490);
#14488 = CARTESIAN_POINT('',(0.,0.,0.));
#14489 = DIRECTION('',(0.,0.,1.));
#14490 = DIRECTION('',(1.,0.,0.));
#14491 = DEFINITIONAL_REPRESENTATION('',(#14492),#14496);
#14492 = LINE('',#14493,#14494);
#14493 = CARTESIAN_POINT('',(0.,0.));
#14494 = VECTOR('',#14495,1.);
#14495 = DIRECTION('',(1.,0.));
#14496 = ( GEOMETRIC_REPRESENTATION_CONTEXT(2) 
PARAMETRIC_REPRESENTATION_CONTEXT() REPRESENTATION_CONTEXT('2D SPACE',''
  ) );
#14497 = ADVANCED_FACE('',(#14498),#14171,.T.);
#14498 = FACE_BOUND('',#14499,.T.);
#14499 = EDGE_LOOP('',(#14500,#14501,#14502,#14525,#14548,#14569));
#14500 = ORIENTED_EDGE('',*,*,#14155,.T.);
#14501 = ORIENTED_EDGE('',*,*,#14317,.T.);
#14502 = ORIENTED_EDGE('',*,*,#14503,.T.);
#14503 = EDGE_CURVE('',#14318,#14504,#14506,.T.);
#14504 = VERTEX_POINT('',#14505);
#14505 = CARTESIAN_POINT('',(-6.8,8.327598234202E-16,5.2));
#14506 = SURFACE_CURVE('',#14507,(#14511,#14518),.PCURVE_S1.);
#14507 = LINE('',#14508,#14509);
#14508 = CARTESIAN_POINT('',(-3.4,5.888972745734,5.2));
#14509 = VECTOR('',#14510,1.);
#14510 = DIRECTION('',(-0.5,-0.866025403784,0.));
#14511 = PCURVE('',#14171,#14512);
#14512 = DEFINITIONAL_REPRESENTATION('',(#14513),#14517);
#14513 = LINE('',#14514,#14515);
#14514 = CARTESIAN_POINT('',(-3.4,5.888972745734));
#14515 = VECTOR('',#14516,1.);
#14516 = DIRECTION('',(-0.5,-0.866025403784));
#14517 = ( GEOMETRIC_REPRESENTATION_CONTEXT(2) 
PARAMETRIC_REPRESENTATION_CONTEXT() REPRESENTATION_CONTEXT('2D SPACE',''
  ) );
#14518 = PCURVE('',#14356,#14519);
#14519 = DEFINITIONAL_REPRESENTATION('',(#14520),#14524);
#14520 = LINE('',#14521,#14522);
#14521 = CARTESIAN_POINT('',(0.,-5.2));
#14522 = VECTOR('',#14523,1.);
#14523 = DIRECTION('',(1.,0.));
#14524 = ( GEOMETRIC_REPRESENTATION_CONTEXT(2) 
PARAMETRIC_REPRESENTATION_CONTEXT() REPRESENTATION_CONTEXT('2D SPACE',''
  ) );
#14525 = ORIENTED_EDGE('',*,*,#14526,.T.);
#14526 = EDGE_CURVE('',#14504,#14527,#14529,.T.);
#14527 = VERTEX_POINT('',#14528);
#14528 = CARTESIAN_POINT('',(-3.4,-5.888972745734,5.2));
#14529 = SURFACE_CURVE('',#14530,(#14534,#14541),.PCURVE_S1.);
#14530 = LINE('',#14531,#14532);
#14531 = CARTESIAN_POINT('',(-6.8,8.327598234202E-16,5.2));
#14532 = VECTOR('',#14533,1.);
#14533 = DIRECTION('',(0.5,-0.866025403784,0.));
#14534 = PCURVE('',#14171,#14535);
#14535 = DEFINITIONAL_REPRESENTATION('',(#14536),#14540);
#14536 = LINE('',#14537,#14538);
#14537 = CARTESIAN_POINT('',(-6.8,7.456835077633E-16));
#14538 = VECTOR('',#14539,1.);
#14539 = DIRECTION('',(0.5,-0.866025403784));
#14540 = ( GEOMETRIC_REPRESENTATION_CONTEXT(2) 
PARAMETRIC_REPRESENTATION_CONTEXT() REPRESENTATION_CONTEXT('2D SPACE',''
  ) );
#14541 = PCURVE('',#14433,#14542);
#14542 = DEFINITIONAL_REPRESENTATION('',(#14543),#14547);
#14543 = LINE('',#14544,#14545);
#14544 = CARTESIAN_POINT('',(0.,-5.2));
#14545 = VECTOR('',#14546,1.);
#14546 = DIRECTION('',(1.,0.));
#14547 = ( GEOMETRIC_REPRESENTATION_CONTEXT(2) 
PARAMETRIC_REPRESENTATION_CONTEXT() REPRESENTATION_CONTEXT('2D SPACE',''
  ) );
#14548 = ORIENTED_EDGE('',*,*,#14549,.T.);
#14549 = EDGE_CURVE('',#14527,#14243,#14550,.T.);
#14550 = SURFACE_CURVE('',#14551,(#14555,#14562),.PCURVE_S1.);
#14551 = LINE('',#14552,#14553);
#14552 = CARTESIAN_POINT('',(-3.4,-5.888972745734,5.2));
#14553 = VECTOR('',#14554,1.);
#14554 = DIRECTION('',(1.,-6.530723674266E-16,0.));
#14555 = PCURVE('',#14171,#14556);
#14556 = DEFINITIONAL_REPRESENTATION('',(#14557),#14561);
#14557 = LINE('',#14558,#14559);
#14558 = CARTESIAN_POINT('',(-3.4,-5.888972745734));
#14559 = VECTOR('',#14560,1.);
#14560 = DIRECTION('',(1.,-6.530723674266E-16));
#14561 = ( GEOMETRIC_REPRESENTATION_CONTEXT(2) 
PARAMETRIC_REPRESENTATION_CONTEXT() REPRESENTATION_CONTEXT('2D SPACE',''
  ) );
#14562 = PCURVE('',#14258,#14563);
#14563 = DEFINITIONAL_REPRESENTATION('',(#14564),#14568);
#14564 = LINE('',#14565,#14566);
#14565 = CARTESIAN_POINT('',(0.,-5.2));
#14566 = VECTOR('',#14567,1.);
#14567 = DIRECTION('',(1.,0.));
#14568 = ( GEOMETRIC_REPRESENTATION_CONTEXT(2) 
PARAMETRIC_REPRESENTATION_CONTEXT() REPRESENTATION_CONTEXT('2D SPACE',''
  ) );
#14569 = ORIENTED_EDGE('',*,*,#14270,.T.);
#14570 = ADVANCED_FACE('',(#14571),#14258,.F.);
#14571 = FACE_BOUND('',#14572,.F.);
#14572 = EDGE_LOOP('',(#14573,#14594,#14595,#14596));
#14573 = ORIENTED_EDGE('',*,*,#14574,.T.);
#14574 = EDGE_CURVE('',#14418,#14527,#14575,.T.);
#14575 = SURFACE_CURVE('',#14576,(#14580,#14587),.PCURVE_S1.);
#14576 = LINE('',#14577,#14578);
#14577 = CARTESIAN_POINT('',(-3.4,-5.888972745734,0.));
#14578 = VECTOR('',#14579,1.);
#14579 = DIRECTION('',(0.,0.,1.));
#14580 = PCURVE('',#14258,#14581);
#14581 = DEFINITIONAL_REPRESENTATION('',(#14582),#14586);
#14582 = LINE('',#14583,#14584);
#14583 = CARTESIAN_POINT('',(0.,0.));
#14584 = VECTOR('',#14585,1.);
#14585 = DIRECTION('',(0.,-1.));
#14586 = ( GEOMETRIC_REPRESENTATION_CONTEXT(2) 
PARAMETRIC_REPRESENTATION_CONTEXT() REPRESENTATION_CONTEXT('2D SPACE',''
  ) );
#14587 = PCURVE('',#14433,#14588);
#14588 = DEFINITIONAL_REPRESENTATION('',(#14589),#14593);
#14589 = LINE('',#14590,#14591);
#14590 = CARTESIAN_POINT('',(6.8,0.));
#14591 = VECTOR('',#14592,1.);
#14592 = DIRECTION('',(0.,-1.));
#14593 = ( GEOMETRIC_REPRESENTATION_CONTEXT(2) 
PARAMETRIC_REPRESENTATION_CONTEXT() REPRESENTATION_CONTEXT('2D SPACE',''
  ) );
#14594 = ORIENTED_EDGE('',*,*,#14549,.T.);
#14595 = ORIENTED_EDGE('',*,*,#14240,.F.);
#14596 = ORIENTED_EDGE('',*,*,#14445,.F.);
#14597 = ADVANCED_FACE('',(#14598),#14356,.F.);
#14598 = FACE_BOUND('',#14599,.F.);
#14599 = EDGE_LOOP('',(#14600,#14601,#14602,#14623));
#14600 = ORIENTED_EDGE('',*,*,#14340,.T.);
#14601 = ORIENTED_EDGE('',*,*,#14503,.T.);
#14602 = ORIENTED_EDGE('',*,*,#14603,.F.);
#14603 = EDGE_CURVE('',#14395,#14504,#14604,.T.);
#14604 = SURFACE_CURVE('',#14605,(#14609,#14616),.PCURVE_S1.);
#14605 = LINE('',#14606,#14607);
#14606 = CARTESIAN_POINT('',(-6.8,8.327598234202E-16,0.));
#14607 = VECTOR('',#14608,1.);
#14608 = DIRECTION('',(0.,0.,1.));
#14609 = PCURVE('',#14356,#14610);
#14610 = DEFINITIONAL_REPRESENTATION('',(#14611),#14615);
#14611 = LINE('',#14612,#14613);
#14612 = CARTESIAN_POINT('',(6.8,0.));
#14613 = VECTOR('',#14614,1.);
#14614 = DIRECTION('',(0.,-1.));
#14615 = ( GEOMETRIC_REPRESENTATION_CONTEXT(2) 
PARAMETRIC_REPRESENTATION_CONTEXT() REPRESENTATION_CONTEXT('2D SPACE',''
  ) );
#14616 = PCURVE('',#14433,#14617);
#14617 = DEFINITIONAL_REPRESENTATION('',(#14618),#14622);
#14618 = LINE('',#14619,#14620);
#14619 = CARTESIAN_POINT('',(0.,0.));
#14620 = VECTOR('',#14621,1.);
#14621 = DIRECTION('',(0.,-1.));
#14622 = ( GEOMETRIC_REPRESENTATION_CONTEXT(2) 
PARAMETRIC_REPRESENTATION_CONTEXT() REPRESENTATION_CONTEXT('2D SPACE',''
  ) );
#14623 = ORIENTED_EDGE('',*,*,#14394,.F.);
#14624 = ADVANCED_FACE('',(#14625),#14433,.F.);
#14625 = FACE_BOUND('',#14626,.F.);
#14626 = EDGE_LOOP('',(#14627,#14628,#14629,#14630));
#14627 = ORIENTED_EDGE('',*,*,#14603,.T.);
#14628 = ORIENTED_EDGE('',*,*,#14526,.T.);
#14629 = ORIENTED_EDGE('',*,*,#14574,.F.);
#14630 = ORIENTED_EDGE('',*,*,#14417,.F.);
#14631 = ADVANCED_FACE('',(#14632),#14486,.T.);
#14632 = FACE_BOUND('',#14633,.T.);
#14633 = EDGE_LOOP('',(#14634,#14657,#14684,#14685));
#14634 = ORIENTED_EDGE('',*,*,#14635,.T.);
#14635 = EDGE_CURVE('',#14470,#14636,#14638,.T.);
#14636 = VERTEX_POINT('',#14637);
#14637 = CARTESIAN_POINT('',(4.,0.,-29.04));
#14638 = SEAM_CURVE('',#14639,(#14643,#14650),.PCURVE_S1.);
#14639 = LINE('',#14640,#14641);
#14640 = CARTESIAN_POINT('',(4.,0.,0.));
#14641 = VECTOR('',#14642,1.);
#14642 = DIRECTION('',(-0.,-0.,-1.));
#14643 = PCURVE('',#14486,#14644);
#14644 = DEFINITIONAL_REPRESENTATION('',(#14645),#14649);
#14645 = LINE('',#14646,#14647);
#14646 = CARTESIAN_POINT('',(0.,0.));
#14647 = VECTOR('',#14648,1.);
#14648 = DIRECTION('',(0.,-1.));
#14649 = ( GEOMETRIC_REPRESENTATION_CONTEXT(2) 
PARAMETRIC_REPRESENTATION_CONTEXT() REPRESENTATION_CONTEXT('2D SPACE',''
  ) );
#14650 = PCURVE('',#14486,#14651);
#14651 = DEFINITIONAL_REPRESENTATION('',(#14652),#14656);
#14652 = LINE('',#14653,#14654);
#14653 = CARTESIAN_POINT('',(6.28318530718,0.));
#14654 = VECTOR('',#14655,1.);
#14655 = DIRECTION('',(0.,-1.));
#14656 = ( GEOMETRIC_REPRESENTATION_CONTEXT(2) 
PARAMETRIC_REPRESENTATION_CONTEXT() REPRESENTATION_CONTEXT('2D SPACE',''
  ) );
#14657 = ORIENTED_EDGE('',*,*,#14658,.T.);
#14658 = EDGE_CURVE('',#14636,#14636,#14659,.T.);
#14659 = SURFACE_CURVE('',#14660,(#14665,#14672),.PCURVE_S1.);
#14660 = CIRCLE('',#14661,4.);
#14661 = AXIS2_PLACEMENT_3D('',#14662,#14663,#14664);
#14662 = CARTESIAN_POINT('',(0.,0.,-29.04));
#14663 = DIRECTION('',(0.,0.,1.));
#14664 = DIRECTION('',(1.,0.,-0.));
#14665 = PCURVE('',#14486,#14666);
#14666 = DEFINITIONAL_REPRESENTATION('',(#14667),#14671);
#14667 = LINE('',#14668,#14669);
#14668 = CARTESIAN_POINT('',(0.,-29.04));
#14669 = VECTOR('',#14670,1.);
#14670 = DIRECTION('',(1.,0.));
#14671 = ( GEOMETRIC_REPRESENTATION_CONTEXT(2) 
PARAMETRIC_REPRESENTATION_CONTEXT() REPRESENTATION_CONTEXT('2D SPACE',''
  ) );
#14672 = PCURVE('',#14673,#14678);
#14673 = CONICAL_SURFACE('',#14674,4.,0.785398163397);
#14674 = AXIS2_PLACEMENT_3D('',#14675,#14676,#14677);
#14675 = CARTESIAN_POINT('',(0.,0.,-29.04));
#14676 = DIRECTION('',(0.,0.,1.));
#14677 = DIRECTION('',(1.,0.,-0.));
#14678 = DEFINITIONAL_REPRESENTATION('',(#14679),#14683);
#14679 = LINE('',#14680,#14681);
#14680 = CARTESIAN_POINT('',(0.,-0.));
#14681 = VECTOR('',#14682,1.);
#14682 = DIRECTION('',(1.,-0.));
#14683 = ( GEOMETRIC_REPRESENTATION_CONTEXT(2) 
PARAMETRIC_REPRESENTATION_CONTEXT() REPRESENTATION_CONTEXT('2D SPACE',''
  ) );
#14684 = ORIENTED_EDGE('',*,*,#14635,.F.);
#14685 = ORIENTED_EDGE('',*,*,#14469,.F.);
#14686 = ADVANCED_FACE('',(#14687),#14673,.T.);
#14687 = FACE_BOUND('',#14688,.F.);
#14688 = EDGE_LOOP('',(#14689,#14710,#14711,#14712));
#14689 = ORIENTED_EDGE('',*,*,#14690,.F.);
#14690 = EDGE_CURVE('',#14636,#14691,#14693,.T.);
#14691 = VERTEX_POINT('',#14692);
#14692 = CARTESIAN_POINT('',(3.04,0.,-30.));
#14693 = SEAM_CURVE('',#14694,(#14698,#14704),.PCURVE_S1.);
#14694 = LINE('',#14695,#14696);
#14695 = CARTESIAN_POINT('',(4.,0.,-29.04));
#14696 = VECTOR('',#14697,1.);
#14697 = DIRECTION('',(-0.707106781187,-0.,-0.707106781187));
#14698 = PCURVE('',#14673,#14699);
#14699 = DEFINITIONAL_REPRESENTATION('',(#14700),#14703);
#14700 = B_SPLINE_CURVE_WITH_KNOTS('',1,(#14701,#14702),.UNSPECIFIED.,
  .F.,.F.,(2,2),(0.,1.357645019878),.PIECEWISE_BEZIER_KNOTS.);
#14701 = CARTESIAN_POINT('',(0.,0.));
#14702 = CARTESIAN_POINT('',(0.,-0.96));
#14703 = ( GEOMETRIC_REPRESENTATION_CONTEXT(2) 
PARAMETRIC_REPRESENTATION_CONTEXT() REPRESENTATION_CONTEXT('2D SPACE',''
  ) );
#14704 = PCURVE('',#14673,#14705);
#14705 = DEFINITIONAL_REPRESENTATION('',(#14706),#14709);
#14706 = B_SPLINE_CURVE_WITH_KNOTS('',1,(#14707,#14708),.UNSPECIFIED.,
  .F.,.F.,(2,2),(0.,1.357645019878),.PIECEWISE_BEZIER_KNOTS.);
#14707 = CARTESIAN_POINT('',(6.28318530718,0.));
#14708 = CARTESIAN_POINT('',(6.28318530718,-0.96));
#14709 = ( GEOMETRIC_REPRESENTATION_CONTEXT(2) 
PARAMETRIC_REPRESENTATION_CONTEXT() REPRESENTATION_CONTEXT('2D SPACE',''
  ) );
#14710 = ORIENTED_EDGE('',*,*,#14658,.T.);
#14711 = ORIENTED_EDGE('',*,*,#14690,.T.);
#14712 = ORIENTED_EDGE('',*,*,#14713,.F.);
#14713 = EDGE_CURVE('',#14691,#14691,#14714,.T.);
#14714 = SURFACE_CURVE('',#14715,(#14720,#14727),.PCURVE_S1.);
#14715 = CIRCLE('',#14716,3.04);
#14716 = AXIS2_PLACEMENT_3D('',#14717,#14718,#14719);
#14717 = CARTESIAN_POINT('',(0.,0.,-30.));
#14718 = DIRECTION('',(0.,0.,1.));
#14719 = DIRECTION('',(1.,0.,-0.));
#14720 = PCURVE('',#14673,#14721);
#14721 = DEFINITIONAL_REPRESENTATION('',(#14722),#14726);
#14722 = LINE('',#14723,#14724);
#14723 = CARTESIAN_POINT('',(0.,-0.96));
#14724 = VECTOR('',#14725,1.);
#14725 = DIRECTION('',(1.,-0.));
#14726 = ( GEOMETRIC_REPRESENTATION_CONTEXT(2) 
PARAMETRIC_REPRESENTATION_CONTEXT() REPRESENTATION_CONTEXT('2D SPACE',''
  ) );
#14727 = PCURVE('',#14728,#14733);
#14728 = PLANE('',#14729);
#14729 = AXIS2_PLACEMENT_3D('',#14730,#14731,#14732);
#14730 = CARTESIAN_POINT('',(-2.563950248511E-16,3.49503809816E-16,-30.)
  );
#14731 = DIRECTION('',(0.,0.,1.));
#14732 = DIRECTION('',(1.,0.,-0.));
#14733 = DEFINITIONAL_REPRESENTATION('',(#14734),#14738);
#14734 = CIRCLE('',#14735,3.04);
#14735 = AXIS2_PLACEMENT_2D('',#14736,#14737);
#14736 = CARTESIAN_POINT('',(2.563950248511E-16,-3.49503809816E-16));
#14737 = DIRECTION('',(1.,0.));
#14738 = ( GEOMETRIC_REPRESENTATION_CONTEXT(2) 
PARAMETRIC_REPRESENTATION_CONTEXT() REPRESENTATION_CONTEXT('2D SPACE',''
  ) );
#14739 = ADVANCED_FACE('',(#14740),#14728,.F.);
#14740 = FACE_BOUND('',#14741,.F.);
#14741 = EDGE_LOOP('',(#14742));
#14742 = ORIENTED_EDGE('',*,*,#14713,.T.);
#14743 = ( GEOMETRIC_REPRESENTATION_CONTEXT(3) 
GLOBAL_UNCERTAINTY_ASSIGNED_CONTEXT((#14747)) 
GLOBAL_UNIT_ASSIGNED_CONTEXT((#14744,#14745,#14746)) 
REPRESENTATION_CONTEXT('Context #1',
  '3D Context with UNIT and UNCERTAINTY') );
#14744 = ( LENGTH_UNIT() NAMED_UNIT(*) SI_UNIT(.MILLI.,.METRE.) );
#14745 = ( NAMED_UNIT(*) PLANE_ANGLE_UNIT() SI_UNIT($,.RADIAN.) );
#14746 = ( NAMED_UNIT(*) SI_UNIT($,.STERADIAN.) SOLID_ANGLE_UNIT() );
#14747 = UNCERTAINTY_MEASURE_WITH_UNIT(LENGTH_MEASURE(1.E-07),#14744,
  'distance_accuracy_value','confusion accuracy');
#14748 = CONTEXT_DEPENDENT_SHAPE_REPRESENTATION(#14749,#14751);
#14749 = ( REPRESENTATION_RELATIONSHIP('','',#14113,#10) 
REPRESENTATION_RELATIONSHIP_WITH_TRANSFORMATION(#14750) 
SHAPE_REPRESENTATION_RELATIONSHIP() );
#14750 = ITEM_DEFINED_TRANSFORMATION('','',#11,#67);
#14751 = PRODUCT_DEFINITION_SHAPE('Placement','Placement of an item',
  #14752);
#14752 = NEXT_ASSEMBLY_USAGE_OCCURRENCE('30','','',#5,#14108,$);
#14753 = PRODUCT_RELATED_PRODUCT_CATEGORY('part',$,(#14110));
ENDSEC;
END-ISO-10303-21;
